date,equity,cash,shares,daily_return,drawdown,exposure,close_signal_mean,close_signal_z,next_session_long
2002-01-02,100313.70629231182,0,868.29141653456134,0.0031370629231182168,0,1,117.02595012664796,-0.21236082008556151,1
2002-01-03,101451.16592812001,0,868.29141653456134,0.011339025122784951,0,1,117.02190010070801,-0.025822985034507993,1
2002-01-04,102128.43879762871,0,868.29141653456134,0.0066758510196773813,0,1,117.02160011291504,0.084949319932245845,1
2002-01-07,101407.75533201595,0,868.29141653456134,-0.0070566384260589698,-0.0070566384260589698,1,117.03050010681153,-0.034148195666745332,1
2002-01-08,101173.31293981046,0,868.29141653456134,-0.0023118783315724256,-0.0093522026681605031,1,117.02635009765625,-0.071895966017072307,1
2002-01-09,100348.43874391774,0,868.29141653456134,-0.0081530808068275284,-0.017429034210912686,1,117.03320011138916,-0.20781803562760234,1
2002-01-10,100791.26922122095,0,868.29141653456134,0.0044129284206730901,-0.013093018870653728,1,117.05230010986328,-0.13824841758228468,1
2002-01-11,99801.417536334571,0,868.29141653456134,-0.00982080781931427,-0.022785242667864747,1,117.0714001083374,-0.30353050395289044,1
2002-01-14,99176.246656503645,0,868.29141653456134,-0.0062641482983277763,-0.028906660827107578,1,117.07010009765625,-0.40585101224739351,1
2002-01-15,99983.757938862298,0,868.29141653456134,0.0081421843393152393,-0.020999839848880653,1,117.06615009307862,-0.27282421197203721,1
2002-01-16,97960.637348447694,0,868.29141653456134,-0.020234492402772974,-0.040809411151772057,1,117.03870010375977,-0.60016855486760901,1
2002-01-17,98698.683727594514,0,868.29141653456134,0.0075341116505966976,-0.033582762161187829,1,117.03185009002685,-0.47809237189911696,1
2002-01-18,98247.175105793169,0,868.29141653456134,-0.0045746164462283634,-0.038003750351323862,1,117.02020008087158,-0.55003364457942028,1
2002-01-22,97569.908860822266,0,868.29141653456134,-0.006893493316643684,-0.044635265068913244,1,116.99860008239746,-0.65710706337768598,1
2002-01-23,98316.640009005001,0,868.29141653456134,0.0076532934887527659,-0.037323578363681165,1,116.99375011444091,-0.53415571776099491,1
2002-01-24,98620.540679884551,0,868.29141653456134,0.0030910400401367166,-0.034347906998707711,1,117.00970012664794,-0.48753351355021646,1
2002-01-25,98594.492997314548,0,868.29141653456134,-0.00026412025720434773,-0.034602955277881042,1,117.02320014953614,-0.4943668627613329,1
2002-01-28,98863.661216588182,0,868.29141653456134,0.0027300532828031798,-0.031967369906728993,1,117.0172501373291,-0.44925671179346144,1
2002-01-29,95755.176355505377,0,868.29141653456134,-0.031442137817178417,-0.062404385273647334,1,117.0021501159668,-0.95499694870184759,1
2002-01-30,97135.76315255498,0,868.29141653456134,0.014417881618472128,-0.048886242694524129,1,116.98870014190673,-0.72645366668112676,1
2002-01-31,98273.222788363157,0,868.29141653456134,0.011709998448478309,-0.037748702072150642,1,116.97135013580322,-0.53768651428742564,1
2002-02-01,97813.029397525897,0,868.29141653456134,-0.004682795351367619,-0.042254727976934636,1,116.95095012664795,-0.6093898504571249,1
2002-02-04,95381.810781414009,0,868.29141653456134,-0.024855774645636153,-0.066060228626263373,1,116.90595012664795,-0.99741820065558406,1
2002-02-05,94791.372353188999,0,868.29141653456134,-0.0061902623087971564,-0.071841560791684911,1,116.86380012512207,-1.0843918725128436,1
2002-02-06,94383.274327491701,0,868.29141653456134,-0.004305223308475159,-0.075837490138122465,1,116.81100009918212,-1.139782799717086,1
2002-02-07,93792.835899266691,0,868.29141653456134,-0.0062557527531446055,-0.081618822303543892,1,116.73110008239746,-1.222643494274096,1
2002-02-08,95590.198866511724,0,868.29141653456134,0.019163115711474887,-0.064019777528106059,1,116.65330005645752,-0.92285727713394916,1
2002-02-11,96762.397578463613,0,868.29141653456134,0.012262750008385614,-0.052542086047140169,1,116.58800006866456,-0.72511729521511614,1
2002-02-12,96458.490283046282,0,868.29141653456134,-0.0031407582183037297,-0.05551782227688451,1,116.53225006103516,-0.76665344826796944,1
2002-02-13,97483.074419538578,0,868.29141653456134,0.010622021280716432,-0.045485512485852198,1,116.48570003509522,-0.59409694946214697,1
2002-02-14,97300.734017010851,0,868.29141653456134,-0.0018704826823884302,-0.047270915304836292,1,116.43015003204346,-0.61665030221177441,1
2002-02-15,96284.834649554483,0,868.29141653456134,-0.010440819154342251,-0.057218187381220531,1,116.36600002288819,-0.77358762293797323,1
2002-02-19,94435.376317169474,0,868.29141653456134,-0.019208199703685813,-0.075327328715004915,1,116.28090003967286,-1.0641797538456603,1
2002-02-20,96024.344574778996,0,868.29141653456134,0.016825985341264893,-0.059768799902495395,1,116.20055000305176,-0.7969355871908449,1
2002-02-21,94035.963060508104,0,868.29141653456134,-0.020707056351969566,-0.079238220346794397,1,116.10680000305176,-1.1120996804392205,1
2002-02-22,95199.470378886283,0,868.29141653456134,0.01237300369465566,-0.067845631445247467,1,116.02090000152587,-0.91242861875196846,1
2002-02-25,96771.075722961745,0,868.29141653456134,0.016508551337739652,-0.052457113197263094,1,115.95209999084473,-0.64590530815860958,1
2002-02-26,96571.372406899958,0,868.29141653456134,-0.0020636674189041804,-0.054412526580772336,1,115.87150001525879,-0.6710992301456139,1
2002-02-27,96944.737980991325,0,868.29141653456134,0.0038662138145681979,-0.050756683228156296,1,115.79855003356934,-0.60138237007309958,1
2002-02-28,96510.592272724054,0,868.29141653456134,-0.0044782802791462073,-0.05500766085376696,1,115.72340003967285,-0.66603101148916544,1
2002-03-01,98759.463861770433,0,868.29141653456134,0.023301811087133473,-0.032987627888193094,1,115.66385002136231,-0.28160024106275977,1
2002-03-04,100504.73146387548,0,868.29141653456134,0.017671902356090285,-0.015898679671101923,1,115.61250003814698,0.020243491860224172,1
2002-03-05,100183.46125492408,0,868.29141653456134,-0.0031965680050283218,-0.019044426465371411,1,115.56365001678466,-0.027173258170757331,1
2002-03-06,101373.02288041003,0,868.29141653456134,0.011873832372980342,-0.0073967244198803739,1,115.52040000915527,0.18289224568903639,1
2002-03-07,101155.95002627639,0,868.29141653456134,-0.0021413276231263545,-0.0095222132326857611,1,115.4729999923706,0.1536857022979759,1
2002-03-08,101581.41096550775,0,868.29141653456134,0.0042059902469488986,-0.0053562733217230596,1,115.41319999694824,0.2383753162252274,1
2002-03-11,101798.48381964139,0,868.29141653456134,0.0021369348197708415,-0.0032307845089175613,1,115.35365001678467,0.28825310365740259,1
2002-03-12,101737.70368546549,0,868.29141653456134,-0.00059706325571207142,-0.0038259187819122964,1,115.29079998016357,0.29065064364354121,1
2002-03-13,100756.53676961504,0,868.29141653456134,-0.0096440835630008381,-0.013433104864475132,1,115.21275001525879,0.13005236052569388,1
2002-03-14,100617.60696319137,0,868.29141653456134,-0.001378866432669601,-0.014793448839760637,1,115.13475002288818,0.11913033994668405,1
2002-03-15,101573.59952253709,287.40445887293981,868.29141653456134,0.0095012452412572834,-0.0054327597838939035,0.99717048071325687,115.07175003051758,0.25553756135690486,1
2002-03-18,101590.96243607115,287.40445887293981,868.29141653456134,0.00017093923633382246,-0.0052627492193687564,0.99717096430645791,115.00694999694824,0.27305560238321919,1
2002-03-19,102268.22868104206,287.40445887293981,868.29141653456134,0.00666659935815761,0,0.99718969945427227,114.95369995117187,0.4145312297869565,1
2002-03-20,100349.30544544521,287.40445887293981,868.29141653456134,-0.018763630311635304,-0.018763630311635304,0.99713595966013746,114.89449993133545,0.057965975470310252,1
2002-03-21,100392.72266608705,287.40445887293981,868.29141653456134,0.00043266089834026467,-0.018339087702441859,0.99713719828250025,114.8444499206543,0.075330413200166368,1
2002-03-22,100175.64981195341,287.40445887293981,868.29141653456134,-0.0021622369467519942,-0.020461671196193909,0.99713099481348555,114.78989994049073,0.042664617733695988,1
2002-03-25,98933.992821327483,287.40445887293981,868.29141653456134,-0.012394798466061618,-0.032602851371499875,0.99709498777238281,114.72429992675781,-0.19208305526003111,1
2002-03-26,99507.061711480637,287.40445887293981,868.29141653456134,0.0057924366924935189,-0.026999264631570541,0.99711171796323084,114.65894992828369,-0.067858225027131444,1
2002-03-27,99767.551786256125,287.40445887293981,868.29141653456134,0.0026178049104772505,-0.024452138528624934,0.99711925918069344,114.58779991149902,-0.0031541014053778097,1
2002-03-28,99724.13456561428,287.40445887293981,868.29141653456134,-0.00043518378334939101,-0.02487668113781849,0.99711800498319847,114.52174987792969,-0.00031498515523771704,1
2002-04-01,99767.551786256125,287.40445887293981,868.29141653456134,0.00043537325072784405,-0.024452138528624934,0.99711925918069344,114.45364986419678,0.021227410932518658,1
2002-04-02,99220.530578672959,287.40445887293981,868.29141653456134,-0.0054829571116981057,-0.029801025613481413,0.99710337712168295,114.38834987640381,-0.082895790878608044,1
2002-04-03,98525.894795630185,287.40445887293981,868.29141653456134,-0.0070009279227950527,-0.036593318703931121,0.99708295510059464,114.32354988098145,-0.22142610154638503,1
2002-04-04,98117.796769932902,287.40445887293981,868.29141653456134,-0.0041420382585084514,-0.040583786036362146,0.99707082233463873,114.25749988555908,-0.30048257594486683,1
2002-04-05,98135.166308004758,287.40445887293981,868.29141653456134,0.00017702739608571605,-0.040413943082241666,0.99707134078755311,114.19694988250733,-0.28807248272488545,1
2002-04-08,98343.554393102473,287.40445887293981,868.29141653456134,0.0021234802256682173,-0.0383762810655498,0.9970775465596442,114.1515998840332,-0.23480859260411369,1
2002-04-09,97657.603379095628,287.40445887293981,868.29141653456134,-0.0069750480165170492,-0.045083652678939212,0.9970570191267415,114.10304988861084,-0.37928188776074556,1
2002-04-10,98760.337187835685,287.40445887293981,868.29141653456134,0.011291837712414265,-0.034300892256058479,0.99708987973252539,114.06379989624024,-0.12692642772310342,1
2002-04-11,96311.74903365194,287.40445887293981,868.29141653456134,-0.024793234044216406,-0.058243696250645072,0.99701589409644586,114.00779987335206,-0.66656171047129797,1
2002-04-12,97032.432499264702,287.40445887293981,868.29141653456134,0.0074828198308489746,-0.051196703505122398,0.99703805777645405,113.9527498626709,-0.49702736189492552,1
2002-04-15,96294.386120117881,287.40445887293981,868.29141653456134,-0.0076061823880629875,-0.058413474428657852,0.9970153560300552,113.8864998626709,-0.6563379856969237,1
2002-04-16,98577.990160770176,287.40445887293981,868.29141653456134,0.023714820070650067,-0.036083919393784969,0.99708449666701238,113.83824985504151,-0.12731620330009932,1
2002-04-17,98369.602075672461,287.40445887293981,868.29141653456134,-0.0021139413043200772,-0.038121581410476835,0.9970783204078445,113.79444984436036,-0.16748471096580592,1
2002-04-18,97944.141136441103,287.40445887293981,868.29141653456134,-0.0043251261594416945,-0.042281826920920751,0.997065628882563,113.74904983520508,-0.25825517432724504,1
2002-04-19,98300.137172460629,287.40445887293981,868.29141653456134,0.0036346843403691764,-0.038800823674743246,0.99707625576993131,113.7060498046875,-0.16780858437324439,1
2002-04-22,96667.751694209248,287.40445887293981,868.29141653456134,-0.01660613632092367,-0.054762628228360088,0.9970268837969658,113.65029979705811,-0.54202011558459318,1
2002-04-23,96250.968899476036,287.40445887293981,868.29141653456134,-0.0043114977583386116,-0.058838017037851298,0.997014009706509,113.58989978790284,-0.6325498399854439,1
2002-04-24,95287.171521697441,287.40445887293981,868.29141653456134,-0.010013378450093091,-0.068262228156091398,0.99698380742881532,113.51629981994628,-0.85473282530575234,1
2002-04-25,95339.266886837417,287.40445887293981,868.29141653456134,0.00054671960882068937,-0.067752828845945356,0.99698545553938356,113.4431498336792,-0.83582005649499302,1
2002-04-26,93533.21915055647,287.40445887293981,868.29141653456134,-0.018943377637092862,-0.085412739060228171,0.99692724722314618,113.37169982910156,-1.2628640568043186,1
2002-04-29,93073.025759719196,287.40445887293981,868.29141653456134,-0.00492010640729168,-0.089912605702805348,0.99691205420123641,113.31074981689453,-1.3604635096587585,1
2002-04-30,93941.317176253753,287.40445887293981,868.29141653456134,0.009329141385992612,-0.081422271727797146,0.99694059581543115,113.25154983520508,-1.138574700850129,1
2002-05-01,95087.461581097858,287.40445887293981,868.29141653456134,0.012200642265784767,-0.070215033471830668,0.99697747259108582,113.20614982604981,-0.85107954524147889,1
2002-05-02,94722.780776042418,287.40445887293981,868.29141653456134,-0.0038352144330239257,-0.073780958195068247,0.99696583592121868,113.15804985046387,-0.93047043068388335,1
2002-05-03,93698.196639550122,287.40445887293981,868.29141653456134,-0.010816660238414766,-0.083799554876622273,0.99693265751977522,113.08999984741212,-1.170222801758783,1
2002-05-06,91866.101220699173,287.40445887293981,868.29141653456134,-0.019553155605532946,-0.10171416474597827,0.99687148518273916,113.00614986419677,-1.6054473001625151,1
2002-05-07,91544.831011747781,287.40445887293981,868.29141653456134,-0.003497157326613598,-0.10485561163613,0.99686050587786801,112.92809986114501,-1.667275968617054,1
2002-05-08,94939.853630176061,287.40445887293981,868.29141653456134,0.037085901857119685,-0.071658374701316196,0.99697277330980005,112.86394989013672,-0.82694528955299074,1
2002-05-09,93845.804590471933,287.40445887293981,868.29141653456134,-0.011523601500017411,-0.082356213647136634,0.99693748207362987,112.79764987945556,-1.0882375371446824,1
2002-05-10,92083.174074832816,287.40445887293981,868.29141653456134,-0.018782198344731049,-0.099591581252226113,0.99687886020697569,112.71589988708496,-1.5148320282564232,1
2002-05-13,93950.001945289681,287.40445887293981,868.29141653456134,0.020273278904784142,-0.081337350250736962,0.99694087862775871,112.64854991912841,-1.0410458984930502,1
2002-05-14,95990.485449238346,287.40445887293981,868.29141653456134,0.021718823434797807,-0.061385078364689094,0.99700590680911882,112.60489994049072,-0.52169066089294092,1
2002-05-15,95617.119875146964,287.40445887293981,868.29141653456134,-0.0038896102290140178,-0.06503592456498708,0.99699421547889933,112.56484992980957,-0.60840390813362777,1
2002-05-16,96112.045717590154,287.40445887293981,868.29141653456134,0.0051761216306185354,-0.060196436790276642,0.99700969366818559,112.52114994049072,-0.47603840474655473,1
2002-05-17,96580.923877463356,287.40445887293981,868.29141653456134,0.004878453646184111,-0.05561164867063928,0.99702421091728644,112.47389995574952,-0.34919682277424574,1
2002-05-20,95538.970202899203,287.40445887293981,868.29141653456134,-0.01078840036657891,-0.065800088306313786,0.99699175678508389,112.41834995269775,-0.6078004612897715,1
2002-05-21,94670.678786364646,287.40445887293981,868.29141653456134,-0.0090883480813174211,-0.074290422281321988,0.99696416606960736,112.35759994506836,-0.82380275499217548,1
2002-05-22,94879.073496000143,287.40445887293981,868.29141653456134,0.0022012592738007708,-0.072252695488522534,0.99697083404924836,112.29554996490478,-0.76256618621539685,1
2002-05-23,95886.288094420597,287.40445887293981,868.29141653456134,0.01061577185893281,-0.062403941761088877,0.99700265319906911,112.23549995422363,-0.49118813923150911,1
2002-05-24,94662.000641866514,287.40445887293981,868.29141653456134,-0.012768118120794369,-0.074375278982274473,0.99696388775935263,112.16589996337891,-0.80984551234862356,1
2002-05-28,94149.705261351468,287.40445887293981,868.29141653456134,-0.0054118376649697764,-0.079384609711105392,0.99694736740731016,112.09669994354248,-0.9414590785252348,1
2002-05-29,93455.076102846491,287.40445887293981,868.29141653456134,-0.0073779217531987351,-0.0861768380254474,0.99692467792165018,112.03169994354248,-1.1216380835148336,1
2002-05-30,93194.586028071004,287.40445887293981,868.29141653456134,-0.0027873293312481451,-0.088723964128392896,0.99691608202662785,111.96284996032715,-1.1851194128660765,1
2002-05-31,93385.611199634659,287.40445887293981,868.29141653456134,0.0020497453736862958,-0.086856080289713811,0.99692239034278474,111.90629997253419,-1.1224887587908063,1
2002-06-03,90910.981987418709,287.40445887293981,868.29141653456134,-0.026499041773425103,-0.11105351916326578,0.99683861671505514,111.83374999999999,-1.7859383930458042,1
2002-06-04,91136.732986050498,287.40445887293981,868.29141653456134,0.0024832093295727997,-0.10884607896856102,0.99684644764568275,111.76044998168945,-1.7073547547147088,1
2002-06-05,91987.661489050995,287.40445887293981,868.29141653456134,0.0093368335150958437,-0.1005255231715656,0.99687561946656122,111.69189998626709,-1.4605306050048301,1
2002-06-06,90120.83361859413,287.40445887293981,868.29141653456134,-0.0202943290462827,-0.11877975417305486,0.99681089879739371,111.61284999847412,-1.9552969233992525,1
2002-06-07,90016.636263776381,287.40445887293981,868.29141653456134,-0.0011561960829027385,-0.11979861756945454,0.99680720730298389,111.53834999084472,-1.9596240246840178,1
2002-06-10,90363.954155297761,287.40445887293981,868.29141653456134,0.0038583744731766068,-0.11640247102422974,0.99681947894423684,111.46379997253418,-1.8437914818407795,1
2002-06-11,88818.396493792286,287.40445887293981,868.29141653456134,-0.017103696667028379,-0.13151525513556717,0.99676413366803995,111.38984996795654,-2.2316520852540429,1
2002-06-12,89356.739556877321,287.40445887293981,868.29141653456134,0.0060611662035878755,-0.12625122475166328,0.99678362862948899,111.31359996795655,-2.056830099156612,1
2002-06-13,88462.400457772761,287.40445887293981,868.29141653456134,-0.010008636209642541,-0.13499625838174467,0.99675111168829134,111.24224998474121,-2.2595317868473779,1
2002-06-14,88332.155420385025,287.40445887293981,868.29141653456134,-0.001472320858508791,-0.13626982143321731,0.99674632122917017,111.16415000915528,-2.2572767212387173,1
2002-06-17,90693.90913328508,287.40445887293981,868.29141653456134,0.02673719102245542,-0.11317610265701772,0.99683105004934158,111.10175003051758,-1.6098964293376521,1
2002-06-18,91431.955512431887,287.40445887293981,868.29141653456134,0.008137772273793642,-0.10595933173348238,0.99685663007793957,111.03150005340576,-1.4025716979212637,1
2002-06-19,89304.637567199548,287.40445887293981,868.29141653456134,-0.023266678846687094,-0.12676068883791702,0.99678175213849696,110.95255004882813,-1.9464686363970591,1
2002-06-20,88167.177931391358,287.40445887293981,868.29141653456134,-0.012736848463802075,-0.13788300561682343,0.99674023297993508,110.87570003509522,-2.2128930199674572,1
2002-06-21,86797.882102534844,593.91132890963991,868.29141653456134,-0.015530675484725753,-0.15127226488645562,0.99315753662966044,110.79440002441406,-2.5984869359467289,1
2002-06-24,87249.397348873972,593.91132890963991,868.29141653456134,0.0052019154776812293,-0.14685725494483115,0.99319294634741329,110.72680004119873,-2.4309754656613141,1
2002-06-25,85304.419806169361,593.91132890963991,868.29141653456134,-0.022292160195989119,-0.16587564968764701,0.99303774258990163,110.64385002136231,-2.8548073269574696,1
2002-06-26,85443.349612593025,593.91132890963991,868.29141653456134,0.0016286355002395059,-0.16451716515911396,0.99304906313244412,110.5653500366211,-2.7514750358322755,1
2002-06-27,86928.127139922581,593.91132890963991,868.29141653456134,0.017377332865128325,-0.14999870183498298,0.99316778874168465,110.49400005340576,-2.3397370064316063,1
2002-06-28,86520.029114225297,593.91132890963991,868.29141653456134,-0.0046946602799849968,-0.15398916916741401,0.99313556253979585,110.4349500656128,-2.3915363468591768,1
2002-07-01,84844.226415332087,593.91132890963991,868.29141653456134,-0.019368956714991281,-0.17037551633022407,0.99299997944465535,110.37650005340576,-2.7298888331279514,1
2002-07-02,83055.548217122981,593.91132890963991,868.29141653456134,-0.021081908266251559,-0.18786558359038663,0.99284922751509574,110.30110004425049,-3.0611320030038045,1
2002-07-03,83524.426376996169,593.91132890963991,868.29141653456134,0.0056453562698479676,-0.18328079547074938,0.99288936955724827,110.25715003967285,-2.8924286041599538,1
2002-07-05,86823.929785104832,593.91132890963991,868.29141653456134,0.039503454872183319,-0.15101756523138266,0.99315958940836224,110.23345001220703,-2.1259316604856111,1
2002-07-08,85747.25028347256,593.91132890963991,868.29141653456134,-0.012400722983826329,-0.16154556122308272,0.99307369825917191,110.21405002593994,-2.3459441346528886,1
2002-07-09,83602.569424706147,593.91132890963991,868.29141653456134,-0.025011657536262666,-0.18251669650553026,0.99289601584022458,110.19850002288818,-2.798968151303296,1
2002-07-10,80580.919004907031,593.91132890963991,868.29141653456134,-0.036143032930590291,-0.2120630224639386,0.99262962825140433,110.17270004272461,-3.4114991695673802,1
2002-07-11,81232.13756730796,593.91132890963991,868.29141653456134,0.0080815479699514192,-0.20569527198268234,0.99268871475384313,110.13355007171631,-3.2030542351103377,1
2002-07-12,80346.476612701546,593.91132890963991,868.29141653456134,-0.010902839456521374,-0.21435544891181102,0.99260812229797579,110.08405006408691,-3.308911497479798,1
2002-07-15,80771.937551932904,593.91132890963991,868.29141653456134,0.0052953278994700703,-0.2101952034013671,0.99264705853406343,110.03880004882812,-3.1504271053250528,1
2002-07-16,79226.37989042743,593.91132890963991,868.29141653456134,-0.019134834552058999,-0.22530798751270453,0.99250361647558505,109.98025005340577,-3.3728330298960181,1
2002-07-17,79382.672610385154,593.91132890963991,868.29141653456134,0.0019727358510370774,-0.22377972480615882,0.99251837574397883,109.91175003051758,-3.2477910224689688,1
2002-07-18,76829.90035045924,593.91132890963991,868.29141653456134,-0.032157801897840788,-0.24874126264492979,0.99226978915499675,109.82940006256104,-3.6155435324276981,1
2002-07-19,74146.876428607793,593.91132890963991,868.29141653456134,-0.034921611372822903,-0.27497642831128111,0.991990069474046,109.72505004882812,-3.9464545052468756,1
2002-07-22,71967.463118235464,593.91132890963991,868.29141653456134,-0.029393191127488394,-0.29628718472586191,0.99174750222980756,109.59930004119873,-4.1342593800425442,1
2002-07-23,70013.807431032707,593.91132890963991,868.29141653456134,-0.02714637424405375,-0.31539043616963036,0.99151722566302836,109.46185001373291,-4.2475036554405916,1
2002-07-24,74155.561197643721,593.91132890963991,868.29141653456134,0.05915624244104789,-0.27489150683422092,0.99199100756143277,109.34930000305175,-3.4387405157923254,1
2002-07-25,73530.390317812795,593.91132890963991,868.29141653456134,-0.0084305326496644239,-0.281004557660404,0.99192291341929995,109.23665000915527,-3.4197674324915233,1
2002-07-26,74919.65525936053,593.91132890963991,868.29141653456134,0.018893751760912236,-0.26742003625561239,0.99207269004570819,109.13485000610352,-3.112125920796827,1
2002-07-29,78540.428876420585,593.91132890963991,868.29141653456134,0.048328754377279015,-0.23201535912609395,0.99243814507501438,109.04209999084473,-2.5079187252315163,1
2002-07-30,79556.334868414735,593.91132890963991,868.29141653456134,0.012934815948008493,-0.22208161914549263,0.99253470726257109,108.94680000305176,-2.3116756344612117,1
2002-07-31,79747.36003997839,593.91132890963991,868.29141653456134,0.0024011308700886413,-0.22021373530681354,0.99255258946989711,108.8551000213623,-2.2427943433836046,1
2002-08-01,77680.822228921956,593.91132890963991,868.29141653456134,-0.025913557640283691,-0.24042077162404196,0.99235446649677039,108.7525,-2.4916667585861223,1
2002-08-02,75952.924164888755,593.91132890963991,868.29141653456134,-0.022243560436849719,-0.25731651809699818,0.99218053372612358,108.63650001525879,-2.6761258913785348,1
2002-08-05,73330.680377213226,593.91132890963991,868.29141653456134,-0.034524592917355101,-0.28295736297614316,0.99190091615331322,108.51709999084473,-2.9638845432659262,1
2002-08-06,75779.261906859174,593.91132890963991,868.29141653456134,0.033390956105281422,-0.25901462375766438,0.9921626139663432,108.41294998168945,-2.5700378880663943,1
2002-08-07,77090.383800696945,593.91132890963991,868.29141653456134,0.017301856218252532,-0.24619420131809178,0.9922959090404182,108.31669998168945,-2.3477610564323141,1
2002-08-08,79565.013012912881,593.91132890963991,868.29141653456134,0.032100361811839395,-0.22199676244453992,0.99253552150097357,108.22409996032715,-1.98614492537261,1
2002-08-09,79860.235539294285,593.91132890963991,868.29141653456134,0.0037104565838943504,-0.21911001520946116,0.99256311573715039,108.13599994659424,-1.9189478959097777,1
2002-08-12,79278.481880105188,593.91132890963991,868.29141653456134,-0.0072846474250987114,-0.2247985234264509,0.99250854311504311,108.04599994659424,-1.9656659037055983,1
2002-08-13,77845.799717915608,593.91132890963991,868.29141653456134,-0.018071513583676646,-0.23880758744043595,0.99237066956647946,107.93799995422363,-2.1158324307842706,1
2002-08-14,80667.746821652938,593.91132890963991,868.29141653456134,0.036250473551084683,-0.21121400202165919,0.99263756145039339,107.84749996185303,-1.7303513580169398,1
2002-08-15,81779.158774891126,593.91132890963991,868.29141653456134,0.013777649643486267,-0.20034638489782597,0.99273761997791554,107.77774997711181,-1.571073524829492,1
2002-08-16,81536.038238187495,593.91132890963991,868.29141653456134,-0.0029728911417743475,-0.20272366804665098,0.99271596533578588,107.71304996490478,-1.5847947324977787,1
2002-08-19,83428.913791214349,593.91132890963991,868.29141653456134,0.023215201448680611,-0.18421473739008887,0.99288122903774179,107.6610499572754,-1.3348594254377573,1
2002-08-20,82551.937605643863,593.91132890963991,868.29141653456134,-0.010511657718152323,-0.19278999284215725,0.99280560400960183,107.59044994354248,-1.4297622549152214,1
2002-08-21,83732.814462093884,593.91132890963991,868.29141653456134,0.014304653418204971,-0.18124313345405751,0.99290706597258227,107.52294994354249,-1.2700718011587731,1
2002-08-22,84540.325744452537,593.91132890963991,868.29141653456134,0.0096439046931142691,-0.17334712026625554,0.99297481617583416,107.45294994354248,-1.1586025582794413,1
2002-08-23,82734.27800817159,593.91132890963991,868.29141653456134,-0.021363150903158878,-0.19100703048053835,0.99282145994129567,107.36394992828369,-1.3672396520404695,1
2002-08-26,83307.353522862541,593.91132890963991,868.29141653456134,0.0069266998937773661,-0.18540337896450132,0.99287084148283922,107.27899993896484,-1.2829898750396809,1
2002-08-27,82352.234289582077,593.91132890963991,868.29141653456134,-0.011465005103281078,-0.19474273338178882,0.99278815767376483,107.18679996490478,-1.3849742488467796,1
2002-08-28,80563.549466835189,593.91132890963991,868.29141653456134,-0.02171993071198508,-0.21223286541805897,0.99262803919588805,107.08369995117188,-1.5843266623364227,1
2002-08-29,80598.281918441106,593.91132890963991,868.29141653456134,0.00043111868625178573,-0.21189324428592571,0.9926312160163584,106.98424995422363,-1.5610153808885019,1
2002-08-30,80285.696478525642,593.91132890963991,868.29141653456134,-0.0038783139351751261,-0.21494976969901725,0.99260252629098766,106.87039993286133,-1.5794366019869011,1
2002-09-03,77246.67652065467,593.91132890963991,868.29141653456134,-0.037852570148455222,-0.24466593861154606,0.99231149667972007,106.73849990844727,-1.9172373385996144,1
2002-09-04,78340.725560358798,593.91132890963991,868.29141653456134,0.014163056444397304,-0.23396809966572563,0.9924188686706501,106.611849899292,-1.7624770523838604,1
2002-09-05,77680.822228921956,593.91132890963991,868.29141653456134,-0.0084235029317977217,-0.24042077162404196,0.99235446649677039,106.48394989013671,-1.8154566600476767,1
2002-09-06,78740.138817020168,593.91132890963991,868.29141653456134,0.013636783928167695,-0.23006255381035468,0.99245732433505351,106.35509990692138,-1.669163718106929,1
2002-09-09,79313.214331711104,593.91132890963991,868.29141653456134,0.0072780607616487192,-0.22445890229431764,0.9925118237368904,106.23439990997315,-1.5824110855641298,1
2002-09-10,80216.231575313795,593.91132890963991,868.29141653456134,0.011385457659375708,-0.21562901196328388,0.99259612029577793,106.12269989013672,-1.4598363137097357,1
2002-09-11,79721.30573287062,593.91132890963991,868.29141653456134,-0.0061698964501778475,-0.22046849973799409,0.99255015552680848,105.99994987487793,-1.5001031787412706,1
2002-09-12,78262.575888111038,593.91132890963991,868.29141653456134,-0.01829786694221347,-0.23473226340705233,0.99241129847605913,105.86754985809326,-1.6490355386254143,1
2002-09-13,78453.601059674693,593.91132890963991,868.29141653456134,0.0024408239748812122,-0.23286437956837325,0.99242977606014682,105.73874984741211,-1.6072208347670101,1
2002-09-16,78644.626231238333,593.91132890963991,868.29141653456134,0.0024348808593035454,-0.23099649572969427,0.9924481638813647,105.6214998626709,-1.566038662058538,1
2002-09-17,76855.948033029228,593.91132890963991,868.29141653456134,-0.022743806969720559,-0.24848656298985672,0.9922724090443279,105.48629985809326,-1.7478314008195213,1
2002-09-18,76091.847346774637,593.91132890963991,868.29141653456134,-0.0099419850487851846,-0.25595809834457284,0.99219480996166387,105.35079982757568,-1.8097503491516818,1
2002-09-19,74138.191659571879,593.91132890963991,868.29141653456134,-0.025674967231368861,-0.27506134978834129,0.99198913116687859,105.20744979858398,-1.9997032285001139,1
2002-09-20,74162.505144142386,922.12548435970416,868.29141653456134,0.0003279481738933665,-0.27482360748181967,0.98756614973338008,105.05274978637695,-2.0031611420422406,1
2002-09-23,73563.388571419229,922.12548435970416,868.29141653456134,-0.0080784295454786603,-0.28068189387682219,0.98746488569562763,104.88404979705811,-2.0393546162517318,1
2002-09-24,72391.189859467355,922.12548435970416,868.29141653456134,-0.015934539377748247,-0.29214389656396922,0.98726191010052722,104.70889980316161,-2.1351461103150444,1
2002-09-25,74162.505144142386,922.12548435970416,868.29141653456134,0.024468658245757169,-0.27482360748181967,0.98756614973338008,104.54784980773925,-1.9136818289713806,1
2002-09-26,75360.751538664263,922.12548435970416,868.29141653456134,0.016157037740202496,-0.26310690513959945,0.98776384967596031,104.40459983825684,-1.759383657840103,1
2002-09-27,72773.24020259465,922.12548435970416,868.29141653456134,-0.034334999097535235,-0.28840812888661127,0.98732878346776132,104.24759983062744,-2.0089626497403312,1
2002-09-30,71939.681237666009,922.12548435970416,868.29141653456134,-0.011454196111209014,-0.29655884172948621,0.98718196316003559,104.08514984130859,-2.0656039970073024,1
2002-10-01,75352.066769628334,922.12548435970416,868.29141653456134,0.047433981819976045,-0.26319182661665974,0.98776243938764297,103.95344985961914,-1.6795840057547156,1
2002-10-02,73120.55809411603,922.12548435970416,868.29141653456134,-0.029614432240254729,-0.28501198234138647,0.98738897092151845,103.80354988098145,-1.8887764948186623,1
2002-10-03,72391.189859467355,922.12548435970416,868.29141653456134,-0.0099748723705018749,-0.29214389656396922,0.98726191010052722,103.64359985351562,-1.9369782969084401,1
2002-10-04,71080.074590167365,922.12548435970416,868.29141653456134,-0.018111530862322534,-0.30496425422743423,0.98702694827380977,103.47269985198974,-2.0423166013855725,1
2002-10-07,69630.022889905929,922.12548435970416,868.29141653456134,-0.020400255748493912,-0.31914316119553976,0.9867567832654931,103.2893998336792,-2.1573210171979902,1
2002-10-08,70706.709016075998,922.12548435970416,868.29141653456134,0.015462958095999069,-0.3086151004277321,0.98695844429486823,103.11799983978271,-2.0156648394135828,1
2002-10-09,68735.683790801384,922.12548435970416,868.29141653456134,-0.027876070781720053,-0.32788819482562093,0.98658447208925415,102.93374984741212,-2.1800735887865761,1
2002-10-10,70932.460014707773,922.12548435970416,868.29141653456134,0.031959763877410952,-0.30640766023302746,0.98699995059852008,102.76324981689453,-1.9299432273803476,1
2002-10-11,73997.534279686515,922.12548435970416,868.29141653456134,0.043211165443059585,-0.27643672688931809,0.98753842957963489,102.60724983215331,-1.6029840130455792,1
2002-10-14,74405.625680846017,922.12548435970416,868.29141653456134,0.0055149324248704445,-0.27244632433299465,0.98760677736499325,102.45009983062744,-1.5444911233693845,1
2002-10-15,77939.571481160179,922.12548435970416,868.29141653456134,0.047495680171719679,-0.23789066764575539,0.98816871241609794,102.31359981536865,-1.1798698702257815,1
2002-10-16,76072.750235241096,922.12548435970416,868.29141653456134,-0.023952162046083858,-0.25614483387113696,0.98787837324786876,102.17484981536865,-1.3516210003547342,1
2002-10-17,77566.205907068797,922.12548435970416,868.29141653456134,0.019631940046987317,-0.24154151384605327,0.98811176241539411,102.03854980468751,-1.190792058427695,1
2002-10-18,77887.476116020189,922.12548435970416,868.29141653456134,0.0041418837649001006,-0.23840006695590155,0.98816079900976495,101.89754981994629,-1.1475319311203989,1
2002-10-21,79215.96092339202,922.12548435970416,868.29141653456134,0.017056462394454019,-0.22540986633831617,0.98835934736370279,101.76029979705811,-1.0053582921219208,1
2002-10-22,78651.570177736998,922.12548435970416,868.29141653456134,-0.0071247099583988671,-0.23092859637729302,0.98827581595286806,101.62394977569581,-1.0514923467966615,1
2002-10-23,79242.008605962023,922.12548435970416,868.29141653456134,0.0075070138700441547,-0.22515516668324298,0.98836317376878913,101.49234977722168,-0.98274735960504012,1
2002-10-24,77644.355579316558,922.12548435970416,868.29141653456134,-0.020161692702540313,-0.24077735010472656,0.98812372802273163,101.35629978179932,-1.131668523115698,1
2002-10-25,79242.008605962023,922.12548435970416,868.29141653456134,0.020576550796579163,-0.22515516668324298,0.98836317376878913,101.22689975738525,-0.96192703131904567,1
2002-10-28,78729.719849984758,922.12548435970416,868.29141653456134,-0.0064648633343542539,-0.23016443263596631,0.9882874537580375,101.10024974822998,-1.0034222692472317,1
2002-10-29,77826.695981844285,922.12548435970416,868.29141653456134,-0.011469923554423112,-0.23899438774310777,0.98815155297643864,100.97199974060058,-1.0834241459757297,1
2002-10-30,78573.427130027034,922.12548435970416,868.29141653456134,0.0095947944180612144,-0.23169269534251202,0.98826415598706518,100.84339973449707,-0.9984165469616314,1
2002-10-31,77783.27876120244,922.12548435970416,868.29141653456134,-0.010056177994082094,-0.23941893035230122,0.98814493938741443,100.72189971923828,-1.0672811570423959,1
2002-11-01,79302.788740137927,922.12548435970416,868.29141653456134,0.019535175209063116,-0.22456084589603675,0.98837209259586889,100.60489971160888,-0.90503675377622683,1
2002-11-04,80049.519888320676,922.12548435970416,868.29141653456134,0.0094162028857480706,-0.21725915349544112,0.98848056196156853,100.49479969024658,-0.82118743250987092,1
2002-11-05,80674.690768151602,922.12548435970416,868.29141653456134,0.0078098017415109133,-0.21114610266925793,0.98856982932838544,100.39219966888427,-0.75004135141423933,1
2002-11-06,81707.959673679812,922.12548435970416,868.29141653456134,0.012807844637392929,-0.20104258451064383,0.98871437387443739,100.29124965667725,-0.63807894068629811,1
2002-11-07,79728.256303907066,922.12548435970416,868.29141653456134,-0.024229014868063836,-0.22040053560948525,0.98843414459179002,100.17714965820312,-0.83008969986648495,1
2002-11-08,78764.452301590674,922.12548435970416,868.29141653456134,-0.012088612582251579,-0.22982481150383305,0.9882926185936155,100.05764965057374,-0.91866447174365906,1
2002-11-11,77557.527762570666,922.12548435970416,868.29141653456134,-0.015323213756361476,-0.24162637054700586,0.9881104322048192,99.929649658203118,-1.0311560713758761,1
2002-11-12,78165.329104329736,922.12548435970416,868.29141653456134,0.0078367807651082977,-0.23568316267494316,0.98820288361955322,99.823049659729008,-0.95967862604878651,1
2002-11-13,78243.478776577496,922.12548435970416,868.29141653456134,0.00099979969563546156,-0.23491899893361645,0.98821466659230728,99.708949661254877,-0.94222987854375662,1
2002-11-14,79702.208621337079,922.12548435970416,868.29141653456134,0.018643468664333751,-0.22065523526455832,0.98843036472501422,99.596699676513666,-0.78538605302562192,1
2002-11-15,80283.962280526161,922.12548435970416,868.29141653456134,0.0072990908188377279,-0.2149667270475687,0.98851420061783157,99.490449676513677,-0.71811527951712506,1
2002-11-18,79485.135767203436,922.12548435970416,868.29141653456134,-0.0099500135597628825,-0.22277781875831038,0.98839876820415296,99.393599700927737,-0.79161545399474054,1
2002-11-19,79380.938412385687,922.12548435970416,868.29141653456134,-0.0013109036527649831,-0.22379668215471005,0.98838354014449625,99.299549713134766,-0.79416685004350429,1
2002-11-20,81126.20601449073,922.12548435970416,868.29141653456134,0.021985978460450362,-0.20673109272763346,0.98863344497837125,99.217899742126463,-0.60885072219009184,1
2002-11-21,82619.661686318432,922.12548435970416,868.29141653456134,0.018409041235836199,-0.19212777270254977,0.98883890994542289,99.14824974060059,-0.45019665232757949,1
2002-11-22,82037.90802712935,922.12548435970416,868.29141653456134,-0.0070413464218459509,-0.1978162809195394,0.98875976354669159,99.064899749755853,-0.50329057973682856,1
2002-11-25,82090.010016807122,922.12548435970416,868.29141653456134,0.00063509651733850703,-0.19730681683328566,0.98876689765087244,98.975099754333499,-0.4911417230043838,1
2002-11-26,80544.445730763851,922.12548435970416,868.29141653456134,-0.018827678127056324,-0.21241966572073079,0.98855134607987638,98.878149757385259,-0.64280026726832495,1
2002-11-27,82784.639175312099,922.12548435970416,868.29141653456134,0.027813133782514932,-0.19051458851894365,0.98886115234002625,98.788199768066406,-0.40500703315730896,1
2002-11-29,82524.155725074394,922.12548435970416,868.29141653456134,-0.0031465191227817435,-0.19306164984578167,0.98882599311368036,98.69779979705811,-0.42516544696421837,1
2002-12-02,82654.394137924348,922.12548435970416,868.29141653456134,0.0015781853410756774,-0.19178815157041651,0.98884359998065008,98.613999786376951,-0.4051602050990516,1
2002-12-03,81560.351722758016,922.12548435970416,868.29141653456134,-0.013236349096464428,-0.20248592574012936,0.98869394914462594,98.534549789428709,-0.51257600557644312,1
2002-12-04,81195.66429316478,922.12548435970416,868.29141653456134,-0.0044713812764428651,-0.20605191523947464,0.98864316842054178,98.443849792480464,-0.54359932384784893,1
2002-12-05,80310.009963096149,922.12548435970416,868.29141653456134,-0.010907655449075349,-0.21471202739249562,0.98851792591255527,98.359499778747562,-0.62909475240651702,1
2002-12-06,80830.983488109327,922.12548435970416,868.29141653456134,0.0064870310096161177,-0.20961783996271233,0.98859193041372129,98.2714497756958,-0.5676691463463045,1
2002-12-09,78634.207264202938,922.12548435970416,868.29141653456134,-0.02717740313316297,-0.2310983745553058,0.98827322718137856,98.161699790954586,-0.78941457716047514,1
2002-12-10,79676.154314229294,922.12548435970416,868.29141653456134,0.01325055705750966,-0.22090999969573899,0.98842658142456286,98.059099769592279,-0.67233254184888813,1
2002-12-11,79745.619217441126,922.12548435970416,868.29141653456134,0.00087184056270928068,-0.22023075743147258,0.98843666281096454,97.954749755859382,-0.65732930916165222,1
2002-12-12,79736.934448405198,922.12548435970416,868.29141653456134,-0.00010890590757406393,-0.22031567890853276,0.98843540335807156,97.852849731445318,-0.65061283969311889,1
2002-12-13,78495.277457779273,922.12548435970416,868.29141653456134,-0.015571917822215231,-0.23245685908383873,0.98825247181455356,97.730849723815922,-0.77375363412138221,1
2002-12-16,80501.035134659804,922.12548435970416,868.29141653456134,0.025552590446723089,-0.21284414355381653,0.98854517233452721,97.610349731445311,-0.5530546224863202,1
2002-12-17,79806.399351617045,922.12548435970416,868.29141653456134,-0.0086289049809209484,-0.21963643664426613,0.98844546938777522,97.487699737548823,-0.61955781074885519,1
2002-12-18,78894.697338978425,922.12548435970416,868.29141653456134,-0.011423921139729343,-0.22855124845236019,0.98831194598037808,97.352949752807618,-0.70988215600491122,1
2002-12-19,78338.991362359317,922.12548435970416,868.29141653456134,-0.0070436416560604176,-0.23398505701427696,0.98822903552466768,97.216249771118157,-0.76230790416562688,1
2002-12-20,79438.243261043375,1300.700541968773,868.29141653456134,0.014031989429113656,-0.22323634343175813,0.983626267543524,97.081249771118166,-0.6762000427332352,1
2002-12-23,79464.290943613363,1300.700541968773,868.29141653456134,0.00032789852218151339,-0.22298164377668517,0.98363163470631443,96.945149765014648,-0.66583615689378095,1
2002-12-24,78882.537284424281,1300.700541968773,868.29141653456134,-0.0073209444428552484,-0.2286701519936748,0.98351091906084509,96.806049766540525,-0.72283948768398065,1
2002-12-26,78917.269736030197,1300.700541968773,868.29141653456134,0.00044030596379873721,-0.22833053086154154,0.98351817610619985,96.67279975891114,-0.71138722181892844,1
2002-12-27,77172.00213392514,1300.700541968773,868.29141653456134,-0.022115154362825629,-0.24539612028861835,0.98314543479497229,96.530299758911127,-0.89997999365889336,1
2002-12-30,77805.857782791994,1300.700541968773,868.29141653456134,0.0082135441784554342,-0.23919814798537498,0.98328274272613381,96.387599754333493,-0.8208823416862997,1
2002-12-31,77910.055137609743,1300.700541968773,868.29141653456134,0.0013391967878386701,-0.2381792845889753,0.98330510048194164,96.245399780273431,-0.80178700819291626,1
2003-01-02,80375.999580789765,1300.700541968773,868.29141653456134,0.031651170555899499,-0.21406676719248352,0.98381730182202731,96.113499794006344,-0.50997375366596676,1
2003-01-03,80619.120117493396,1300.700541968773,868.29141653456134,0.0030247902106554925,-0.21168948404365839,0.98386610347429804,95.994049797058111,-0.47379219904401326,1
2003-01-06,82017.069828077059,1300.700541968773,868.29141653456134,0.017340175736801688,-0.1980200411618066,0.98414109959432483,95.882399787902827,-0.30102478776270569,1
2003-01-07,81817.366512015273,1300.700541968773,868.29141653456134,-0.0024348994237468613,-0.19997278170143828,0.98410239051414883,95.770849800109858,-0.3162562789741204,1
2003-01-08,80653.852569099312,1300.700541968773,868.29141653456134,-0.014220867677830928,-0.21134986291152524,0.98387305131079239,95.659749794006345,-0.44773112062873871,1
2003-01-09,81886.824790689323,1300.700541968773,868.29141653456134,0.015287208016922404,-0.19929360421327935,0.98411587523031341,95.552449798583979,-0.29030717850026083,1
2003-01-10,82103.897644822966,1300.700541968773,868.29141653456134,0.0026508886464764458,-0.1971710207195273,0.98415787095034712,95.444899787902827,-0.25502705008922211,1
2003-01-13,82077.849962252978,1300.700541968773,868.29141653456134,-0.00031725269222504515,-0.19742572037460027,0.98415284339725073,95.337449798583989,-0.24932656677796691,1
2003-01-14,82338.340037028451,1300.700541968773,868.29141653456134,0.0031736951552125969,-0.19487859427165488,0.98420297832839676,95.231249809265137,-0.20767876966867729,1
2003-01-15,81530.828754669797,1300.700541968773,868.29141653456134,-0.0098072329609207864,-0.20277460745945675,0.98404651882194594,95.123549804687499,-0.30060450435625818,1
2003-01-16,81200.873776682492,1300.700541968773,868.29141653456134,-0.0040469964923348645,-0.20600097582666865,0.98398169278884917,95.017949790954589,-0.33413473763747709,1
2003-01-17,80020.003544770239,1300.700541968773,868.29141653456134,-0.014542580356461055,-0.21754777043866103,0.98374530761872492,94.907899818420404,-0.47784452674911526,1
2003-01-21,78795.709467678374,1300.700541968773,868.29141653456134,-0.015299850323136854,-0.22951917243595421,0.98349274915149643,94.790699806213382,-0.629007419631602,1
2003-01-22,77857.953147931985,1300.700541968773,868.29141653456134,-0.011901108906583913,-0.23868874867522882,0.98329392837367025,94.666899795532231,-0.74450743202807468,1
2003-01-23,78326.831307805172,1300.700541968773,868.29141653456134,0.0060222256162103527,-0.23410396055559157,0.98339393385061957,94.549749794006345,-0.67527157013813266,1
2003-01-24,76303.710717390582,1300.700541968773,868.29141653456134,-0.025829215310194553,-0.25388645426362644,0.98295363974124095,94.41459976196289,-0.93829356496089844,1
2003-01-27,75279.126580898286,1300.700541968773,868.29141653456134,-0.013427710485628852,-0.26390505094518046,0.98272163080198616,94.287649765014649,-1.0678425569350374,1
2003-01-28,75826.154413019249,1300.700541968773,868.29141653456134,0.007266660188108176,-0.2585560990842164,0.98284628104856853,94.159699783325195,-0.98647978608990128,1
2003-01-29,76390.545158674271,1300.700541968773,868.29141653456134,0.0074432199552258993,-0.25303736904523955,0.98297301663095826,94.039249801635748,-0.90200490376887033,1
2003-01-30,74610.545104963297,1300.700541968773,868.29141653456134,-0.023301313664062184,-0.27044257960444951,0.98256680017363585,93.895399818420415,-1.1408402323877918,1
2003-01-31,76025.857729081035,1300.700541968773,868.29141653456134,0.018969337673738318,-0.25660335854458483,0.98289134012004387,93.760899810791017,-0.93864887321163926,1
2003-02-03,76173.472304540628,1300.700541968773,868.29141653456134,0.0019416364361928284,-0.2551599525389916,0.98292449454360442,93.629699821472173,-0.91204416736059279,1
2003-02-04,75435.419300856025,1300.700541968773,868.29141653456134,-0.0096891080497666371,-0.26237678823863464,0.98275742941414235,93.49219982147217,-1.0117018615235858,1
2003-02-05,74975.225910018751,1300.700541968773,868.29141653456134,-0.0061004949014985543,-0.26687665488121182,0.98265159556131498,93.361449813842768,-1.0713389893322955,1
2003-02-06,74627.908018497372,1300.700541968773,868.29141653456134,-0.0046324354119080535,-0.27027280142643662,0.982570856178276,93.231099815368651,-1.1149671689561689,1
2003-02-07,73733.568919392812,1300.700541968773,868.29141653456134,-0.01198397654243355,-0.27901783505651789,0.98235945226806076,93.101149787902827,-1.2377030105137965,1
2003-02-10,74245.864299907858,1300.700541968773,868.29141653456134,0.0069479259992839548,-0.27400850432768709,0.98248117179005767,92.973849792480465,-1.1549299228464849,1
2003-02-11,73742.25368842874,1300.700541968773,868.29141653456134,-0.0067830123095454775,-0.27893291357945771,0.98236152982977143,92.85404979705811,-1.2202964246530716,1
2003-02-12,72587.424514548708,1300.700541968773,868.29141653456134,-0.015660345542995557,-0.29022507331248448,0.98208091069950998,92.730249786376959,-1.3813325537572896,1
2003-02-13,72804.49736868235,1300.700541968773,868.29141653456134,0.002990502219707869,-0.28810248981873232,0.9821343380013734,92.602699775695797,-1.3393249463254309,1
2003-02-14,74367.424568259667,1300.700541968773,868.29141653456134,0.021467454018158305,-0.27281986275327463,0.98250980789613196,92.477549781799311,-1.0975509918160913,1
2003-02-18,75652.492154989668,1300.700541968773,868.29141653456134,0.017279979697972125,-0.26025420474488259,0.9828069042417793,92.36189975738526,-0.8958846274946205,1
2003-02-19,75261.763667364226,1300.700541968773,868.29141653456134,-0.005164780121518775,-0.26407482912319324,0.98271764467655176,92.249899749755855,-0.94856220563864879,1
2003-02-20,74523.717288217405,1300.700541968773,868.29141653456134,-0.0098063922924896962,-0.2712916000467287,0.98254648869784134,92.144199752807623,-1.0538581051202067,1
2003-02-21,75261.763667364226,1300.700541968773,868.29141653456134,0.009903509996588733,-0.26407482912319324,0.98271764467655176,92.044599761962886,-0.93094150056633218,1
2003-02-24,74063.523897380132,1300.700541968773,868.29141653456134,-0.015920963203572724,-0.27579146668930588,0.98243804137957325,91.918549766540522,-1.1124622332576684,1
2003-02-25,74645.277556569214,1300.700541968773,868.29141653456134,0.0078547931367016766,-0.27010295847231625,0.98257491184243972,91.802149772644043,-1.0141679486265989,1
2003-02-26,73577.276199435088,1300.700541968773,868.29141653456134,-0.014307688203379687,-0.28054609776306361,0.98232198024777162,91.689749755859381,-1.1756852980054826,1
2003-02-27,74532.395432715537,1300.700541968773,868.29141653456134,0.012981171397151936,-0.27120674334577621,0.98254852088924216,91.572099723815924,-1.0166772242060509,1
2003-02-28,75018.643130660595,1300.700541968773,868.29141653456134,0.0065239778638810364,-0.26645211227201837,0.98266163599222478,91.44549972534179,-0.93441066656734018,1
2003-03-03,74315.322578581909,1300.700541968773,868.29141653456134,-0.0093752769008859094,-0.27332932683952815,0.98249754563611824,91.316999702453614,-1.0470542774736955,1
2003-03-04,73151.81526020373,1300.700541968773,868.29141653456134,-0.01565635831221579,-0.28470634327350752,0.98221916247269958,91.178949699401855,-1.2404178083238937,1
2003-03-05,73759.6166019628,1300.700541968773,868.29141653456134,0.0083087663593459649,-0.27876313540144493,0.98236568190168483,91.041699676513673,-1.1379078697042087,1
2003-03-06,73151.81526020373,1300.700541968773,868.29141653456134,-0.0082402996349482116,-0.28470634327350752,0.98221916247269958,90.906949691772468,-1.2425424122160715,1
2003-03-07,73646.74110264692,1300.700541968773,868.29141653456134,0.0067657356236849875,-0.2798668554987972,0.98233865446733215,90.780049705505377,-1.1540771746394403,1
2003-03-10,71910.158269577791,1300.700541968773,868.29141653456134,-0.023579900577660684,-0.29684752344881371,0.98191214463619048,90.641949691772467,-1.4636501199703493,1
2003-03-11,71215.522486535032,1300.700541968773,868.29141653456134,-0.0096597726907886594,-0.3036398165392632,0.98173571580248242,90.494049682617188,-1.5938371737890218,1
2003-03-12,71684.400646408234,1300.700541968773,868.29141653456134,0.0065839320347871322,-0.29905502841962583,0.9818551800637263,90.355899658203128,-1.509353313143931,1
2003-03-13,74115.619262520107,1300.700541968773,868.29141653456134,0.033915588247771522,-0.27528206737915994,0.98245038556094832,90.234699668884275,-1.0543732726296291,1
2003-03-14,74350.055030187825,1300.700541968773,868.29141653456134,0.0031631088021721876,-0.27298970570739489,0.9825057218661013,90.118849639892574,-1.0084125249716029,1
2003-03-17,76651.028608911962,1300.700541968773,868.29141653456134,0.030947839618812534,-0.25049030771840175,0.98303087948623369,90.017749633789066,-0.5561612259540496,1
2003-03-18,77093.859086215176,1300.700541968773,868.29141653456134,0.0057772281121315494,-0.24616021925383735,0.98312835085198957,89.918099632263178,-0.46143390143144541,1
2003-03-19,77675.612745404258,1300.700541968773,868.29141653456134,0.0075460440829469011,-0.24047171103684772,0.98325471153691368,89.836049613952639,-0.33475869358570765,1
2003-03-20,77840.590234397911,1300.700541968773,868.29141653456134,0.0021239290320682613,-0.23885852685324171,0.98329020196208639,89.753649635314943,-0.29123542609961878,1
2003-03-21,79467.765434187051,1608.0757034220078,868.29141653456134,0.020903942209190562,-0.22294766948556366,0.97976442782006046,89.673949623107916,-0.00073305158130961912,1
2003-03-24,76880.260722655221,1608.0757034220078,868.29141653456134,-0.032560431231386855,-0.2482488284564679,0.97908337343933938,89.590099639892571,-0.54666474701543966,1
2003-03-25,77600.9375637302,1608.0757034220078,868.29141653456134,0.0093740166110363177,-0.24120190048705281,0.97927762532377427,89.510999641418451,-0.38166138611301609,1
2003-03-26,77218.893845140672,1608.0757034220078,868.29141653456134,-0.0049231843143102694,-0.24493760338830339,0.97917510050523471,89.427699661254877,-0.45845101664479121,1
2003-03-27,77279.673979316576,1608.0757034220078,868.29141653456134,0.00078711479988036182,-0.24434328260109717,0.97919147919992011,89.353649673461916,-0.43673741943596078,1
2003-03-28,76897.623636189295,1608.0757034220078,868.29141653456134,-0.0049437364762892066,-0.248079050278455,0.97908809625860493,89.27429965972901,-0.51687524685878616,1
2003-03-31,75187.088485690154,1608.0757034220078,868.29141653456134,-0.022244317439403138,-0.26480501857339855,0.97861234241397632,89.190249633789065,-0.90924955318918488,1
2003-04-01,76315.869977000199,1608.0757034220078,868.29141653456134,0.015012969833575696,-0.25376755849544474,0.97892868542405875,89.113449630737307,-0.63735276669979923,1
2003-04-02,78121.917713281146,1608.0757034220078,868.29141653456134,0.02366542813212047,-0.23610764828116193,0.97941581888294305,89.033449630737309,-0.19419109496469014,1
2003-04-03,77757.23028368791,1608.0757034220078,868.29141653456134,-0.0046681832738885154,-0.23967363778050721,0.97931927747998315,88.947099609375002,-0.27306604917509253,1
2003-04-04,78208.745530027052,1608.0757034220078,868.29141653456134,0.0058067300583088954,-0.23525862783888252,0.97943867156385211,88.875599632263189,-0.14683787108760568,1
2003-04-07,78061.137579105241,1608.0757034220078,868.29141653456134,-0.001887358631332825,-0.23670196906836816,0.97939979158268842,88.809799652099613,-0.17352278687973136,1
2003-04-08,78182.69784745705,1608.0757034220078,868.29141653456134,0.0015572443871783026,-0.2355133274939557,0.97943182126358019,88.75434967041015,-0.13077282340004423,1
2003-04-09,77175.476624498842,1608.0757034220078,868.29141653456134,-0.012882917201493926,-0.24536214599749673,0.97916338487618049,88.690499649047851,-0.39112198230598877,1
2003-04-10,77592.259419232054,1608.0757034220078,868.29141653456134,0.0054004563750358336,-0.24128675718800541,0.97927530767297855,88.640249671936033,-0.26914309933046698,1
2003-04-11,77279.673979316576,1608.0757034220078,868.29141653456134,-0.004028564733842499,-0.24434328260109717,0.97919147919992011,88.587399673461917,-0.34627242675406628,1
2003-04-14,78842.594554356125,1608.0757034220078,868.29141653456134,0.020224212843571898,-0.22906072031174685,0.97960397279527167,88.534999656677243,0.10173026058021543,1
2003-04-15,79563.278019968886,1608.0757034220078,868.29141653456134,0.0091407882970657717,-0.22201372756622406,0.97978871982853177,88.489099655151364,0.32168446993507505,1
2003-04-16,78234.793212597055,1608.0757034220078,868.29141653456134,-0.016697210577955368,-0.23500392818380944,0.97944551730261253,88.44519966125489,-0.049205568932788067,1
2003-04-17,79372.252848405216,1608.0757034220078,868.29141653456134,0.014539050837869549,-0.22388161140490326,0.97974007734802115,88.418149642944343,0.28975037739943016,1
2003-04-21,79450.402520652977,1608.0757034220078,868.29141653456134,0.00098459687665686246,-0.22311744766357655,0.97976000558330734,88.388849639892584,0.32257634754259351,1
2003-04-22,80917.810509910691,1608.0757034220078,868.29141653456134,0.018469484643281353,-0.20876882729356594,0.98012704875121348,88.348999633789063,0.77929783395990238,1
2003-04-23,81647.17874455938,1608.0757034220078,868.29141653456134,0.0090136921655752378,-0.20163691307098297,0.98030457722914088,88.319549636840819,1.0197720663998582,1
2003-04-24,80935.180047982547,1608.0757034220078,868.29141653456134,-0.0087204323226450775,-0.20859898433944546,0.98013131369487716,88.298349647521974,0.81502078219120389,1
2003-04-25,79954.013132132095,1608.0757034220078,868.29141653456134,-0.012122873085211761,-0.21819303841180593,0.97988749231680849,88.288899650573725,0.51772765178801228,1
2003-04-28,81308.545622073929,1608.0757034220078,868.29141653456134,0.016941394645235919,-0.20494813813914747,0.98022254990396174,88.283499641418459,0.93670387428838453,1
2003-04-29,81586.398610383476,1608.0757034220078,868.29141653456134,0.0034172667360330422,-0.2022312338581892,0.98028990455748155,88.284799652099608,1.0214890601735456,1
2003-04-30,81412.742976891663,1608.0757034220078,868.29141653456134,-0.002128487547552016,-0.20392927474274791,0.9802478623785168,88.28264968872071,0.96922659588696269,1
2003-05-01,81404.058207855764,1608.0757034220078,868.29141653456134,-0.0001066757944560015,-0.20401419621980788,0.98024575507874578,88.289349708557125,0.96340801017223043,1
2003-05-02,82541.517843663925,1608.0757034220078,868.29141653456134,0.013973008973382939,-0.1928918794409018,0.98051797755321457,88.301699714660643,1.3054347799794854,1
2003-05-05,82385.225123706216,1608.0757034220078,868.29141653456134,-0.0018935043120207329,-0.19442014214744729,0.98048101827715595,88.327849693298333,1.2457756502535522,1
2003-05-06,83149.325809960807,1608.0757034220078,868.29141653456134,0.0092747296023922843,-0.18694860679273129,0.98066038794953914,88.373849716186527,1.4622134267003628,1
2003-05-07,82697.810563621664,1608.0757034220078,868.29141653456134,-0.0054301732688859516,-0.19136361673435587,0.98055479712869953,88.429799728393562,1.3132059143358654,1
2003-05-08,81881.614512227097,1608.0757034220078,868.29141653456134,-0.0098696210435540443,-0.19934455139921792,0.98036096731847067,88.492299728393562,1.0583300801208648,1
2003-05-09,82993.033090003068,1608.0757034220078,868.29141653456134,0.01357348147562476,-0.18847686949927711,0.9806239675361893,88.537349739074713,1.3854045597736144,1
2003-05-12,83991.562919387594,1608.0757034220078,868.29141653456134,0.012031489779408933,-0.17871303724890364,0.98085431860619865,88.591749725341799,1.6720512443835329,1
2003-05-13,83843.954968465783,1608.0757034220078,868.29141653456134,-0.0017574140281623185,-0.18015637847838928,0.98082061248152208,88.637299728393558,1.6067849409357264,1
2003-05-14,83670.29933497397,1608.0757034220078,868.29141653456134,-0.002071176551215026,-0.18185441936294799,0.98078080613786178,88.660999755859379,1.5387099951972121,1
2003-05-15,84191.272859987163,1608.0757034220078,868.29141653456134,0.0062265048548169055,-0.17676023193316448,0.9808997340366109,88.681849746704103,1.6805435477059776,1
2003-05-16,83982.884774889448,1608.0757034220078,868.29141653456134,-0.0024751744215136817,-0.17879789394985635,0.98085234023893852,88.700399742126464,1.6041798363887754,1
2003-05-19,82055.276770256663,1608.0757034220078,868.29141653456134,-0.022952390952032831,-0.19764644573855195,0.98040253147979273,88.719749755859368,1.0192485440081351,1
2003-05-20,81890.299281263025,1608.0757034220078,868.29141653456134,-0.0020105652614584857,-0.19925962992215773,0.98036305011050373,88.748099746704099,0.9609909850680658,1
2003-05-21,82055.276770256663,1608.0757034220078,868.29141653456134,0.0020146157779568075,-0.19764644573855195,0.98040253147979273,88.792499771118159,1.000356104242849,1
2003-05-22,82854.103283579403,1608.0757034220078,868.29141653456134,0.0097352241655261906,-0.18983535402781004,0.98059147779418776,88.827399787902834,1.2262365352020594,1
2003-05-23,83019.08077257307,1608.0757034220078,868.29141653456134,0.0019911806712700209,-0.18822216984420403,0.98063004687046262,88.85569980621338,1.26306519652662,1
2003-05-27,84443.078165726707,1608.0757034220078,868.29141653456134,0.017152651895226523,-0.17429802730727928,0.98095669013550146,88.877949829101567,1.6691252728078458,1
2003-05-28,84677.513933394424,1608.0757034220078,868.29141653456134,0.0027762579569590162,-0.17200566563551434,0.98100941290403387,88.899849815368654,1.7213200538980726,1
2003-05-29,84460.441079260781,1608.0757034220078,868.29141653456134,-0.0025635241760213479,-0.17412824912926639,0.98096060495453818,88.923849792480468,1.6412277746054109,1
2003-05-30,85788.925886632613,1608.0757034220078,868.29141653456134,0.0157290773099934,-0.16113804851168112,0.98125543959430117,88.96374977111816,1.9973689619962018,1
2003-06-02,86136.243778153992,1608.0757034220078,868.29141653456134,0.0040485166113437554,-0.15774190196645632,0.98133102126482741,88.989399757385257,2.0717766057982128,1
2003-06-03,86483.561669675371,1608.0757034220078,868.29141653456134,0.0040321922141846045,-0.15434575542123152,0.98140599586353694,89.010649757385252,2.1471500413315265,1
2003-06-04,87707.855746767251,1608.0757034220078,868.29141653456134,0.014156379009551801,-0.14237435342393812,0.98166554535246076,89.040349769592282,2.4549415689966003,1
2003-06-05,88133.316685998609,1608.0757034220078,868.29141653456134,0.0048508874787653866,-0.1382141079134942,0.98175405438159935,89.061599769592291,2.5418599013503629,1
2003-06-06,87794.683563513157,1608.0757034220078,868.29141653456134,-0.0038422827509366764,-0.14152533298165881,0.9816836778931074,89.085949783325191,2.4162505326807033,1
2003-06-09,86917.707377942657,1608.0757034220078,868.29141653456134,-0.0099889440906301141,-0.15010058843372731,0.98149887115142564,89.098449783325194,2.1613981530153517,1
2003-06-10,87785.998794477229,1608.0757034220078,868.29141653456134,0.0099898103933988569,-0.141610254458719,0.98168186583846007,89.111299781799318,2.3794779019597572,1
2003-06-11,88697.707431653631,1608.0757034220078,868.29141653456134,0.010385581410435218,-0.13269537787451735,0.98187015482151974,89.139799804687499,2.5856465452420818,1
2003-06-12,88966.87565092725,1608.0757034220078,868.29141653456134,0.0030346694076734959,-0.13006339507061926,0.98192500645148539,89.16654979705811,2.6184584010835903,1
2003-06-13,88055.167013750848,1608.0757034220078,868.29141653456134,-0.010247731310174424,-0.13897827165482091,0.98173786095742799,89.193549766540528,2.3466811169991426,1
2003-06-16,89878.584288103651,1608.0757034220078,868.29141653456134,0.020707669250891847,-0.12114851848641761,0.98210835521988904,89.241349792480463,2.7599198799521552,1
2003-06-17,89878.584288103651,1608.0757034220078,868.29141653456134,0,-0.12114851848641761,0.98210835521988904,89.288949813842777,2.7012821855905518,1
2003-06-18,89800.434615855891,1608.0757034220078,868.29141653456134,-0.00086950270597563328,-0.12191268222774432,0.98209278484785789,89.337899818420411,2.6262010573154733,1
2003-06-19,88454.580270412203,1608.0757034220078,868.29141653456134,-0.014987169618954743,-0.13507272579945018,0.98182032294420485,89.396599807739264,2.2518612793088471,1
2003-06-20,88263.561193423317,1920.6606133744499,868.29141653456134,-0.0021595159505016781,-0.13694055004411021,0.97823948425142904,89.446099815368655,2.0949407917987859,1
2003-06-23,87377.900238816903,1920.6606133744499,868.29141653456134,-0.010034276236209783,-0.14560072697323889,0.9780189200229692,89.494299812316896,1.854867972854515,1
2003-06-24,87464.728055562809,1920.6606133744499,868.29141653456134,0.00099370454667124797,-0.14475170653095948,0.97804074103844085,89.536899795532221,1.8507122957900113,1
2003-06-25,86605.121408064166,1920.6606133744499,868.29141653456134,-0.0098280377314220457,-0.15315711902890761,0.97782278250815302,89.571249771118161,1.6289255003903818,1
2003-06-26,87707.855216804222,1920.6606133744499,868.29141653456134,0.012732893745904583,-0.14237435860602687,0.97810161235129067,89.606749801635743,1.8659498484238533,1
2003-06-27,86718.003531917842,1920.6606133744499,868.29141653456134,-0.011285781443857834,-0.15205333415544764,0.97785165092427984,89.639399833679192,1.6175882963151937,1
2003-06-30,86691.949224810072,1920.6606133744499,868.29141653456134,-0.00030044865018341582,-0.15230809858662819,0.9778449944827774,89.680299835205076,1.5930379373890684,1
2003-07-01,87473.412824598738,1920.6606133744499,868.29141653456134,0.0090142580340668577,-0.14466678505389918,0.97804292125624792,89.724599838256836,1.7508681242703059,1
2003-07-02,88550.09232623101,1920.6606133744499,868.29141653456134,0.012308648615222406,-0.13413878906219923,0.97830989711113492,89.773999824523926,1.9681720219213203,1
2003-07-03,87655.75322712645,1920.6606133744499,868.29141653456134,-0.010099809899798751,-0.1428838226922805,0.97808859609707777,89.828549804687498,1.7418428142627684,1
2003-07-07,89357.603608589663,1920.6606133744499,868.29141653456134,0.019415158946310296,-0.12624277587439725,0.97850590732281206,89.897299804687506,2.0898718968271282,1
2003-07-08,89748.338720752887,1920.6606133744499,868.29141653456134,0.0043727125211945328,-0.12242208671997901,0.97859948562000143,89.979549827575681,2.1414194647740299,1
2003-07-09,89253.412878309697,1920.6606133744499,868.29141653456134,-0.0055145961418084921,-0.12726157449468944,0.9784808160110009,90.060699844360357,2.0020467375353674,1
2003-07-10,88142.000925071508,1920.6606133744499,868.29141653456134,-0.012452318823410358,-0.13812919161852266,0.97820947342678122,90.1388998413086,1.7367758896642751,1
2003-07-11,88958.190351928293,1920.6606133744499,868.29141653456134,0.0092599375812969509,-0.1301483217297682,0.97840940102562668,90.228549842834468,1.8913468183611366,1
2003-07-14,89383.657915697433,1920.6606133744499,868.29141653456134,0.0047827812378595791,-0.1259880114432167,0.97851217260334178,90.310449867248536,1.9555100401756911,1
2003-07-15,89192.632744133793,1920.6606133744499,868.29141653456134,-0.0021371375486087807,-0.12785589528189567,0.97846615180780416,90.384349861145026,1.8867835102102799,1
2003-07-16,88680.337363618746,1920.6606133744499,868.29141653456134,-0.0057436961411898579,-0.13286522601072648,0.97834175342050056,90.470199851989747,1.7561017098740996,1
2003-07-17,87447.365142028735,1920.6606133744499,868.29141653456134,-0.013903558085648915,-0.14492148470897237,0.97803638096751133,90.553749847412107,1.4782561733472726,1
2003-07-18,88324.341327599235,1920.6606133744499,868.29141653456134,0.010028617604957546,-0.13634622925690387,0.97825445868596261,90.622699851989751,1.645383455109827,1
2003-07-21,87256.339970465095,1920.6606133744499,868.29141653456134,-0.012091812303166471,-0.14678936854765134,0.97798829730854442,90.698349838256831,1.4034582814515342,1
2003-07-22,88029.118801217832,1920.6606133744499,868.29141653456134,0.0088564204161474258,-0.13923297649198263,0.97818153084422466,90.782649841308597,1.5526055915215471,1
2003-07-23,88089.898935393736,1920.6606133744499,868.29141653456134,0.00069045487451879772,-0.1386386557047764,0.97819658511831098,90.874849815368648,1.552467916555792,1
2003-07-24,87438.680372992822,1920.6606133744499,868.29141653456134,-0.0073926587528330145,-0.14500640618603244,0.97803419945061654,90.971649818420417,1.4052484188389949,1
2003-07-25,88949.512207430162,1920.6606133744499,868.29141653456134,0.017278758416669593,-0.13023317843072069,0.978407294590942,91.070949821472169,1.7162110846084939,1
2003-07-28,88628.24199847877,1920.6606133744499,868.29141653456134,-0.0036118265404557759,-0.13337462532087252,0.97832902278026213,91.17974983215332,1.6399894836897677,1
2003-07-29,88228.8287418174,1920.6606133744499,868.29141653456134,-0.0045066137797049599,-0.13728017117624347,0.97823091793505668,91.27359985351562,1.5416193390013426,1
2003-07-30,88020.440656719686,1920.6606133744499,868.29141653456134,-0.0023619046979249658,-0.13931783319293523,0.97817937970948088,91.348599853515623,1.4804691163907782,1
2003-07-31,88220.143972781472,1920.6606133744499,868.29141653456134,0.0022688288603396334,-0.13736509265330366,0.97822877489332782,91.422399864196777,1.5075786367544584,1
2003-08-01,87456.049911064663,1920.6606133744499,868.29141653456134,-0.0086612198451246902,-0.14483656323191219,0.97803856205113771,91.471449890136725,1.3267715623633136,1
2003-08-04,87456.049911064663,1920.6606133744499,868.29141653456134,0,-0.14483656323191219,0.97803856205113771,91.531249885559077,1.3126332982985314,1
2003-08-05,85641.317405747788,1920.6606133744499,868.29141653456134,-0.02075022262224635,-0.16258139492325518,0.97757320097874223,91.571999893188476,0.91081868224104279,1
2003-08-06,86127.565103692832,1920.6606133744499,868.29141653456134,0.0056777232377371867,-0.15782676384949745,0.9776998152558698,91.613699913024902,1.0063940179758928,1
2003-08-07,87013.219433761464,1920.6606133744499,868.29141653456134,0.010283053154960919,-0.14916665169647636,0.97792679519418835,91.652849922180181,1.1863432986281142,1
2003-08-08,87256.339970465095,1920.6606133744499,868.29141653456134,0.002794064376490546,-0.14678936854765134,0.97798829730854442,91.696649932861334,1.2263225855067517,1
2003-08-11,87577.610179416486,1920.6606133744499,868.29141653456134,0.0036819125012592657,-0.14364792165749951,0.97806904516531479,91.738899955749517,1.2822959791201411,1
2003-08-12,88359.073779205151,1920.6606133744499,868.29141653456134,0.0089230980177206209,-0.13600660812477061,0.97826300648902376,91.794849967956537,1.4328762374788655,1
2003-08-13,87916.243301901937,1920.6606133744499,868.29141653456134,-0.0050117147946772134,-0.14033669658933501,0.97815351815273821,91.839049987792976,1.324887585395742,1
2003-08-14,88150.67906956964,1920.6606133744499,868.29141653456134,0.0026665808144537007,-0.13804433491757018,0.97821161863247086,91.887549972534174,1.3598551750448788,1
2003-08-15,88419.853913381055,1920.6606133744499,868.29141653456134,0.0030535765198016485,-0.13541228733756439,0.97827794857865302,91.942799987792966,1.4008768940916008,1
2003-08-18,89166.585061563805,1920.6606133744499,868.29141653456134,0.0084452881918835043,-0.12811059493696864,0.9784598612580222,91.998050003051759,1.5392932310233238,1
2003-08-19,89496.533415013328,1920.6606133744499,868.29141653456134,0.0037003587523478654,-0.12488429134586432,0.97853927364462301,92.059750022888181,1.5884906978107216,1
2003-08-20,89140.53075445602,1920.6606133744499,868.29141653456134,-0.0039778374309366038,-0.1283653593681493,0.97845356543069006,92.110650024414056,1.4971859195570867,1
2003-08-21,89418.383742765567,1920.6606133744499,868.29141653456134,0.0031170219198595195,-0.12564845508719102,0.97852051744862989,92.158850021362298,1.5369000363862411,1
2003-08-22,88550.09232623101,1920.6606133744499,868.29141653456134,-0.0097104351498056296,-0.13413878906219923,0.97830989711113492,92.198450012207033,1.3452063895309414,1
2003-08-25,88689.022132654674,1920.6606133744499,868.29141653456134,0.0015689402774627936,-0.13278030453366629,0.97834387427903236,92.232900009155273,1.3612081240578591,1
2003-08-26,88845.314852612413,1920.6606133744499,868.29141653456134,0.0017622555328660194,-0.13125204182712047,0.97838197077065148,92.27965000152588,1.3783816659687147,1
2003-08-27,88871.362535182401,1920.6606133744499,868.29141653456134,0.00029318014813939364,-0.13099734217204739,0.97838830689003897,92.332099990844725,1.3686822261485994,1
2003-08-28,89409.705598267436,1920.6606133744499,868.29141653456134,0.0060575538365568171,-0.12573331178814351,0.97851843264081084,92.394599990844725,1.4604010292529435,1
2003-08-29,90000.144026492446,1920.6606133744499,868.29141653456134,0.0066037397648746055,-0.11995988209409369,0.97865936066936643,92.457000007629389,1.56001060888175,1
2003-09-02,91181.020882942466,1920.6606133744499,868.29141653456134,0.013120832963360751,-0.10841302270599396,0.97893574128940519,92.525750007629398,1.7716838226584035,1
2003-09-03,91667.261956349728,1920.6606133744499,868.29141653456134,0.0053327004753707108,-0.10365845640834381,0.97904747483033761,92.58889999389649,1.8419031709643541,1
2003-09-04,91710.679176991573,1920.6606133744499,868.29141653456134,0.00047363933115529555,-0.10323391379915037,0.97905739407220194,92.648950004577642,1.8249117413749107,1
2003-09-05,91207.068565512454,1920.6606133744499,868.29141653456134,-0.005491297371238546,-0.10815832305092099,0.97894175699776087,92.710699996948236,1.7040926492446655,1
2003-09-08,91945.114944659275,1920.6606133744499,868.29141653456134,0.0080919866272941565,-0.10094155212738554,0.9791107921880301,92.777299995422368,1.8213666566027653,1
2003-09-09,91354.676516434265,1920.6606133744499,868.29141653456134,-0.0064216400031734677,-0.10671498182143535,0.9789757822301639,92.830449981689455,1.6867208712967907,1
2003-09-10,90451.652648293792,1920.6606133744499,868.29141653456134,-0.009884812716489888,-0.11554493692857681,0.9787658869999577,92.869799995422369,1.4993242802320905,1
2003-09-11,90712.142723069279,1920.6606133744499,868.29141653456134,0.0028798818722346464,-0.11299781082563121,0.97882686313299927,92.914000015258793,1.5324253403220065,1
2003-09-12,90877.113587525149,1920.6606133744499,868.29141653456134,0.0018186194207703288,-0.1113846914181329,0.97886529911048914,92.95884998321533,1.5468731420786701,1
2003-09-15,90564.528147609686,1920.6606133744499,868.29141653456134,-0.0034396497377131574,-0.11444121683122443,0.97879235223040084,93.010799980163569,1.4718129192636169,1
2003-09-16,91858.287127913383,1920.6606133744499,868.29141653456134,0.014285493523413795,-0.10179057256966473,0.97909104694386562,93.057299995422369,1.6936584145635694,1
2003-09-17,91684.624869883803,1920.6606133744499,868.29141653456134,-0.001890545354800266,-0.10348867823033092,0.97905144274625988,93.104299964904783,1.6427409840272942,1
2003-09-18,92743.941457982015,1920.6606133744499,868.29141653456134,0.011553917460005669,-0.093130460416643635,0.97929071610306084,93.156649971008306,1.8143380331840895,1
2003-09-19,92283.746742237185,2267.9771799882747,868.29141653456134,-0.0049619922176082909,-0.097630340014442263,0.97542387191622071,93.210649948120121,1.6469925936511045,1
2003-09-22,91311.264595422646,2267.9771799882747,868.29141653456134,-0.010537956911641611,-0.10713947260974277,0.97516213152849085,93.26114997863769,1.4549314651558782,1
2003-09-23,91649.897717908112,2267.9771799882747,868.29141653456134,0.0037085580183986444,-0.10382824754157804,0.97525390386174848,93.318699989318844,1.4987836682294653,1
2003-09-24,90060.922835760794,2267.9771799882747,868.29141653456134,-0.017337443049179058,-0.11936557426210892,0.9748173002388143,93.364099998474117,1.2023688076027859,1
2003-09-25,89340.239370148032,2267.9771799882747,868.29141653456134,-0.0080021772253769941,-0.1264125670076317,0.97461415823398734,93.417999992370611,1.063096289467435,1
2003-09-26,89053.701612802572,2267.9771799882747,868.29141653456134,-0.0032072642670935014,-0.12921439276565005,0.97453247715800484,93.464249992370611,1.0027106767631513,1
2003-09-29,89904.630115803055,2267.9771799882747,868.29141653456134,0.0095552288966072041,-0.12089383696865486,0.97477352193021682,93.515000000000001,1.1431001386750321,1
2003-09-30,89053.701612802572,2267.9771799882747,868.29141653456134,-0.0094647906554360395,-0.12921439276565005,0.97453247715800484,93.56090000152588,0.98299455142691805,1
2003-10-01,90903.166569725363,2267.9771799882747,868.29141653456134,0.020767973968831788,-0.11112993994217379,0.97505062512592822,93.624600028991694,1.2967725019309331,1
2003-10-02,91224.430154138972,2267.9771799882747,868.29141653456134,0.0035341297397730731,-0.10798855782812955,0.97513848893157085,93.678600006103522,1.3394661445565068,1
2003-10-03,92040.626205533554,2267.9771799882747,868.29141653456134,0.0089471214017504686,-0.10000762316326739,0.97535895534952455,93.741300010681158,1.466145512523755,1
2003-10-06,92448.724231230837,2267.9771799882747,868.29141653456134,0.0044338901474438863,-0.096017155830836365,0.97546772874533505,93.811599998474122,1.519368960881609,1
2003-10-07,92796.042122752217,2267.9771799882747,868.29141653456134,0.003756870572412474,-0.092621009285611566,0.97555954835888203,93.887099990844732,1.5607473107184455,1
2003-10-08,92570.284499582645,2267.9771799882747,868.29141653456134,-0.0024328367676601514,-0.094828514256423913,0.97549994372115711,93.957150001525875,1.5037758901079246,1
2003-10-09,92813.405036286276,2267.9771799882747,868.29141653456134,0.0026263345523662718,-0.092451231107598786,0.97556412051576402,94.028450012207031,1.5273363083389535,1
2003-10-10,93065.210342025835,2267.9771799882747,868.29141653456134,0.0027130273438531471,-0.089989026481713474,0.97563023635090729,94.104550018310547,1.5516391333557826,1
2003-10-13,93351.748099371311,2267.9771799882747,868.29141653456134,0.0030788922766349369,-0.087187200723695013,0.97570503792201035,94.182100028991698,1.580999099367711,1
2003-10-14,93673.01168378492,2267.9771799882747,868.29141653456134,0.0034414308350352307,-0.084045818609650769,0.97578836060439311,94.271550025939945,1.6157971644954254,1
2003-10-15,93429.891147081289,2267.9771799882747,868.29141653456134,-0.0025954171039609397,-0.086423101758475784,0.97572535778279001,94.355950012207032,1.5559374931413639,1
2003-10-16,93794.578576674525,2267.9771799882747,868.29141653456134,0.003903327137769308,-0.082857112259130616,0.97581974124299453,94.441850013732903,1.5977247760796474,1
2003-10-17,92796.042122752217,2267.9771799882747,868.29141653456134,-0.010645993287405564,-0.092621009285611566,0.97555954835888203,94.507800025939943,1.4142977918019632,1
2003-10-20,93473.308367723133,2267.9771799882747,868.29141653456134,0.0072984389148302853,-0.085998559149282339,0.97573663306035907,94.576250038146966,1.5095710865284733,1
2003-10-21,93317.015647765395,2267.9771799882747,868.29141653456134,-0.0016720572181192495,-0.087526821855828163,0.97569599537399498,94.635750045776362,1.4672197101502862,1
2003-10-22,92170.87124292129,2267.9771799882747,868.29141653456134,-0.012282265960694039,-0.098734060111794641,0.97539377517642323,94.689800033569341,1.2651580224028709,1
2003-10-23,92005.893753927623,2267.9771799882747,868.29141653456134,-0.0017899091846366177,-0.10034724429540076,0.97534965329445045,94.749600028991694,1.2254854969902729,1
2003-10-24,92205.603694527206,2267.9771799882747,868.29141653456134,0.0021706211683971688,-0.098394438979661492,0.9754030439678919,94.803450050354002,1.2459376914170741,1
2003-10-27,92249.014290631269,2267.9771799882747,868.29141653456134,0.00047080214612416071,-0.097969961146575524,0.97541461881811553,94.856300048828132,1.2408952624176894,1
2003-10-28,93473.308367723133,2267.9771799882747,868.29141653456134,0.013271622320372156,-0.085998559149282339,0.97573663306035907,94.916350059509284,1.4247415370830427,1
2003-10-29,93594.868636074942,2267.9771799882747,868.29141653456134,0.0013004810728811655,-0.084809917574869886,0.97576814612768092,94.97560005187988,1.4288984180023145,1
2003-10-30,93785.893807638597,2267.9771799882747,868.29141653456134,0.0020409791086561935,-0.082942033736190801,0.97581750210068852,95.040600051879878,1.443460632906032,1
2003-10-31,93699.06599089269,2267.9771799882747,868.29141653456134,-0.0009258089166799266,-0.083791054178470215,0.97579509298194378,95.107000083923339,1.4137539226061124,1
2003-11-03,94298.182563615846,2267.9771799882747,868.29141653456134,0.0063940506384705387,-0.077932767783467694,0.9759488770798076,95.183650054931647,1.491845648094126,1
2003-11-04,94098.47924755406,2267.9771799882747,868.29141653456134,-0.002117785418897733,-0.079885508323099264,0.97589783386380047,95.266200065612793,1.4435288791268805,1
2003-11-05,94167.93752622811,2267.9771799882747,868.29141653456134,0.00073814453994858198,-0.079206330834940331,0.97591561162357854,95.354550056457526,1.438310309269456,1
2003-11-06,94654.185224173154,2267.9771799882747,868.29141653456134,0.0051636226800615415,-0.074451699761182599,0.9760393354544552,95.443000068664546,1.4976297415381989,1
2003-11-07,93968.234210166323,2267.9771799882747,868.29141653456134,-0.0072469168941897699,-0.081159071374571901,0.97586442696245856,95.539150085449222,1.3752641536104389,1
2003-11-10,93594.868636074942,2267.9771799882747,868.29141653456134,-0.0039733169110779398,-0.084809917574869886,0.97576814612768092,95.639050102233881,1.303871361210641,1
2003-11-11,93568.820953504954,2267.9771799882747,868.29141653456134,-0.00027830246411553183,-0.085064617229942852,0.97576140046570381,95.735650100708014,1.2870286178789618,1
2003-11-12,94593.40508999725,2267.9771799882747,868.29141653456134,0.010950059283117541,-0.075046020548388825,0.97602393974685131,95.834900093078616,1.4331306419731038,1
2003-11-13,94619.452772567238,2267.9771799882747,868.29141653456134,0.00027536467838551459,-0.07479132089331586,0.97603054008947066,95.944550094604494,1.4236948931809847,1
2003-11-14,93837.989172778573,2267.9771799882747,868.29141653456134,-0.0082590162687480317,-0.08243263442604476,0.97583092732504773,96.041550102233884,1.2879582080630356,1
2003-11-17,93377.795781941299,2267.9771799882747,868.29141653456134,-0.0049041267283546075,-0.086932501068621937,0.97571181498774584,96.135050086975099,1.2037660359223135,1
2003-11-18,92431.354693158981,2267.9771799882747,868.29141653456134,-0.010135611799966582,-0.096186998784956845,0.97546311868394453,96.227350082397464,1.0447862321271932,1
2003-11-19,93195.455379413586,2267.9771799882747,868.29141653456134,0.0082666827592343672,-0.088715463430240615,0.97566429424315837,96.326700096130367,1.1551558417504473,1
2003-11-20,92379.259328019005,2267.9771799882747,868.29141653456134,-0.008757895415304473,-0.096696398095102887,0.97544928161920885,96.42335010528565,1.0166983789762467,1
2003-11-21,92752.624902110372,2267.9771799882747,868.29141653456134,0.0040416601822452769,-0.093045551894805012,0.97554810785805945,96.527300109863276,1.0674117993585388,1
2003-11-24,93950.864672094467,2267.9771799882747,868.29141653456134,0.012918661560777478,-0.081328914328692381,0.97585996480283688,96.635200080871584,1.24879503830109,1
2003-11-25,94298.182563615846,2267.9771799882747,868.29141653456134,0.0036968035657105602,-0.077932767783467694,0.9759488770798076,96.748000068664552,1.2944863559698372,1
2003-11-26,94628.137541603166,2267.9771799882747,868.29141653456134,0.0034990597805502066,-0.074706399416255564,0.97603273995547934,96.869350090026856,1.3389441812020841,1
2003-11-28,94697.595820277216,2267.9771799882747,868.29141653456134,0.00073401295300268288,-0.074027221928096743,0.97605031933131037,96.989850082397467,1.3413813617330139,1
2003-12-01,95696.13227419951,2267.9771799882747,868.29141653456134,0.010544475234802952,-0.064263324901615793,0.97630022106337788,97.107100067138674,1.4919510373009151,1
2003-12-02,95461.696506531807,2267.9771799882747,868.29141653456134,-0.002449793550652335,-0.066555686573380624,0.97624201891453821,97.215600090026854,1.4402880637115183,1
2003-12-03,95314.088555609997,2267.9771799882747,868.29141653456134,-0.0015462531708905214,-0.067999027802866263,0.97620522617005312,97.325500106811518,1.4038780091594709,1
2003-12-04,95696.13227419951,2267.9771799882747,868.29141653456134,0.0040082607343678855,-0.064263324901615793,0.97630022106337788,97.441850090026861,1.4549806119259321,1
2003-12-05,95044.913711798596,2267.9771799882747,868.29141653456134,-0.0068050666931341874,-0.070631075382871944,0.97613783745582239,97.550200080871576,1.3364437012990711,1
2003-12-08,95670.084591629522,2267.9771799882747,868.29141653456134,0.0065776363554457262,-0.064518024556688869,0.97629376842647109,97.669050064086917,1.4296024882883573,1
2003-12-09,94949.401126016775,2267.9771799882747,868.29141653456134,-0.0075330075089721227,-0.071565017302211431,0.9761138337568005,97.780400047302251,1.3000937662027303,1
2003-12-10,94940.722981518629,2267.9771799882747,868.29141653456134,-9.1397569602635897e-05,-0.071649874003164027,0.97611165041970704,97.897850074768073,1.2907435651405244,1
2003-12-11,95982.670031544985,2267.9771799882747,868.29141653456134,0.010974711560066686,-0.061461499143597331,0.9763709721844277,98.015800094604487,1.4555709916323534,1
2003-12-12,96165.010434072712,2267.9771799882747,868.29141653456134,0.001899722131795345,-0.059678536781978431,0.97641577565737259,98.132000083923344,1.4750946586706257,1
2003-12-15,95696.13227419951,2267.9771799882747,868.29141653456134,-0.0048757667446481801,-0.064263324901615793,0.97630022106337788,98.249550094604487,1.3865079444519222,1
2003-12-16,96182.379972144568,2267.9771799882747,868.29141653456134,0.0050811635370153763,-0.05950869382785795,0.97642003472314676,98.376600112915042,1.4624308587957886,1
2003-12-17,96477.595873988175,2267.9771799882747,868.29141653456134,0.003069334548896574,-0.056622011368886893,0.97649218806249549,98.501850128173828,1.5049462182338353,1
2003-12-18,97536.912462086388,2267.9771799882747,868.29141653456134,0.01097992314694296,-0.046263793555199606,0.9767474987393121,98.636700134277348,1.6803127325982929,1
2003-12-19,97272.952136441396,2716.0155509201081,868.29141653456134,-0.0027062608296893886,-0.048844852492557767,0.97207840934949263,98.764600143432617,1.5484419589424727,1
2003-12-22,97932.855467878253,2716.0155509201081,868.29141653456134,0.0067840372574612395,-0.042392180534241319,0.97226655407989238,98.906300163269037,1.6613887223691144,1
2003-12-23,97993.635602054157,2716.0155509201081,868.29141653456134,0.00062063067481821221,-0.041797859747035093,0.9722837556313384,99.052350196838375,1.672261202850726,1
2003-12-24,97898.123016272337,2716.0155509201081,868.29141653456134,-0.00097468152084578819,-0.04273180166637458,0.97225671476389119,99.195150222778324,1.6547465767541809,1
2003-12-26,97967.581294946373,2716.0155509201081,868.29141653456134,0.00070949550955634599,-0.042052624178215758,0.97227638454456544,99.324350204467777,1.6603937216213667,1
2003-12-29,99235.292592680082,2716.0155509201081,868.29141653456134,0.012940110197444454,-0.029656679571729128,0.97263054826604645,99.459500236511232,1.8838325135614868,1
2003-12-30,99252.655506214156,2716.0155509201081,868.29141653456134,0.00017496712188225239,-0.029486901393716236,0.97263533618251585,99.581500244140628,1.8706097920361107,1
2003-12-31,99339.483322960048,2716.0155509201081,868.29141653456134,0.00087481605709238686,-0.028637880951436934,0.97265925430586198,99.701450233459468,1.8694724362234394,1
2004-01-02,99296.072726856,2716.0155509201081,868.29141653456134,-0.00043699236851191259,-0.029062358784522679,0.97264730138530919,99.817800254821776,1.8435350674076372,1
2004-01-05,100346.70454591828,2716.0155509201081,868.29141653456134,0.01058079932277245,-0.018789062447895688,0.97293368463657648,99.939250259399415,2.0167198458287237,1
2004-01-06,100442.2171317001,2716.0155509201081,868.29141653456134,0.00095182583438124801,-0.017855120528556201,0.97295942255676349,100.05365028381348,2.009358986923262,1
2004-01-07,100772.16548514964,2716.0155509201081,868.29141653456134,0.0032849568923485339,-0.014628816937451772,0.97304795885010176,100.18485027313233,2.0515177475959248,1
2004-01-08,101162.89397277507,2716.0155509201081,868.29141653456134,0.0038773453536931068,-0.010808192559141228,0.97315205759484258,100.31415027618408,2.1017273700686401,1
2004-01-09,100303.28732527644,2716.0155509201081,868.29141653456134,-0.0084972524385271697,-0.019213605057089134,0.97292196872758252,100.44070026397705,1.926179479380618,1
2004-01-12,101023.97079088919,2716.0155509201081,868.29141653456134,0.0071850433303908279,-0.012166612311566571,0.9731151376286522,100.57105026245117,2.0411801552115287,1
2004-01-13,100450.89527619825,2716.0155509201081,868.29141653456134,-0.0056726686765971035,-0.017770263827603605,0.97296175864384082,100.70030025482178,1.9202956848418244,1
2004-01-14,101267.09132759283,2716.0155509201081,868.29141653456134,0.0081253238126985927,-0.0097893291627414447,0.97317968240902697,100.84410026550293,2.0620998580130956,1
2004-01-15,101510.21186429646,2716.0155509201081,868.29141653456134,0.0024007852256480167,-0.007412046013916318,0.97324391801535193,100.98280025482178,2.0928698347430652,1
2004-01-16,101900.94697645969,2716.0155509201081,868.29141653456134,0.0038492197483104285,-0.0035913568594980738,0.97334651314332199,101.11335025787353,2.1441637772493318,1
2004-01-20,101874.8926693519,2716.0155509201081,868.29141653456134,-0.00025568267892350782,-0.003846121290678739,0.97333969656551889,101.24585025787354,2.1193226510750618,1
2004-01-21,102656.35626914057,2716.0155509201081,868.29141653456134,0.0076708164230907538,0,0.97354264607055241,101.38025024414063,2.2417803207236386,1
2004-01-22,102395.87281890286,2716.0155509201081,868.29141653456134,-0.0025374312873016613,-0.0025374312873016613,0.97347534157237314,101.51400024414062,2.1710786752868292,1
2004-01-23,102074.60260995149,2716.0155509201081,868.29141653456134,-0.0031375308409116176,-0.0056670008592927257,0.97339185770530423,101.64520023345948,2.0911527309952822,1
2004-01-26,103324.94436961334,2716.0155509201081,868.29141653456134,0.012249293435308894,0,0.97371384453685839,101.7894002532959,2.3054800149858425,1
2004-01-27,102291.67546408511,2716.0155509201081,868.29141653456134,-0.010000188355601902,-0.010000188355601902,0.97344832276333459,101.92525024414063,2.0942147042733876,1
2004-01-28,101154.21582827694,2716.0155509201081,868.29141653456134,-0.011119767377429812,-0.021008755964787018,0.97314975427686656,102.05635025024414,1.8690680213896114,1
2004-01-29,101249.72841405876,2716.0155509201081,868.29141653456134,0.00094422743530508946,-0.020084365573245666,0.97317508309935385,102.1790002822876,1.8726453254725601,1
2004-01-30,101249.72841405876,2716.0155509201081,868.29141653456134,0,-0.020084365573245666,0.97317508309935385,102.29750030517579,1.856687439586765,1
2004-02-02,101675.18935329012,2716.0155509201081,868.29141653456134,0.0042020946218388477,-0.015966667355965192,0.97328733225681252,102.4261003112793,1.9252552421301399,1
2004-02-03,101510.21186429646,2716.0155509201081,868.29141653456134,-0.0016225933784141944,-0.017563353325652176,0.97324391801535193,102.54720031738282,1.8785451147797434,1
2004-02-04,100702.70058193781,2716.0155509201081,868.29141653456134,-0.0079549758347285948,-0.025378613109098391,0.97302936728384759,102.66320030212403,1.7111547225401409,1
2004-02-05,100989.23833928327,2716.0155509201081,868.29141653456134,0.0028453830502024324,-0.022605441934474113,0.97310589132482228,102.77240032196045,1.7507158005852199,1
2004-02-06,102091.96552348555,2716.0155509201081,868.29141653456134,0.010919254391220878,-0.011933022114361758,0.97339638298671682,102.88375030517578,1.9426395937977237,1
2004-02-09,102118.01983059332,2716.0155509201081,868.29141653456134,0.0002552042854124803,-0.011680863187330859,0.97340317061155524,102.9993503189087,1.9283990068267118,1
2004-02-10,102439.28341500692,2716.0155509201081,868.29141653456134,0.0031460028792817951,-0.0085716083372687768,0.97348658190123349,103.12245029449463,1.9734433213541338,1
2004-02-11,103498.60000310514,2716.0155509201081,868.29141653456134,0.010340921497924427,0,0.9737579488916891,103.24385028839112,2.1527896090820011,1
2004-02-12,103133.91919804968,2716.0155509201081,868.29141653456134,-0.0035235337004028144,-0.0035235337004028144,0.97366515718553748,103.36155029296874,2.0586034747046762,1
2004-02-13,102682.40395171056,2716.0155509201081,868.29141653456134,-0.0043779510160190105,-0.007886058858478262,0.9735493575686307,103.47765026092529,1.951402857713461,1
2004-02-17,103585.42781985103,2716.0155509201081,868.29141653456134,0.0087943389849456377,0,0.97377994561509529,103.59900024414063,2.1016984666135463,1
2004-02-18,103142.60396708561,2716.0155509201081,868.29141653456134,-0.004274962821368522,-0.004274962821368522,0.97366737462060937,103.7112502670288,1.9927975210409967,1
2004-02-19,102769.23839299424,2716.0155509201081,868.29141653456134,-0.0036198967228955325,-0.0078793846203565332,0.97357170692913042,103.82225028991699,1.9004399852384859,1
2004-02-20,102465.33109757691,2716.0155509201081,868.29141653456134,-0.002957181547411869,-0.010813265396964145,0.97349332186968029,103.92710025787353,1.8219081741438885,1
2004-02-23,102213.52579183735,2716.0155509201081,868.29141653456134,-0.0024574683265286001,-0.013244160466273303,0.97342802207555768,104.03310024261475,1.7559862918292506,1
2004-02-24,102039.87015834557,2716.0155509201081,868.29141653456134,-0.001698949646306569,-0.01492060895084002,0.97338280079438166,104.14280025482178,1.7079387526000707,1
2004-02-25,102456.65295307878,2716.0155509201081,868.29141653456134,0.0040845092617860512,-0.010897043054505118,0.97349107673696944,104.24850025177003,1.7697830751819297,1
2004-02-26,102517.43308725469,2716.0155509201081,868.29141653456134,0.00059322779364801015,-0.010310279689665691,0.97350679324356026,104.34880027770996,1.7617377386086079,1
2004-02-27,102586.89136592874,2716.0155509201081,868.29141653456134,0.00067752651019792332,-0.0096397386672851804,0.97352473094021286,104.45035026550293,1.7558574602678121,1
2004-03-01,103576.7496753529,2716.0155509201081,868.29141653456134,0.0096489746033274759,-8.3777657540973216e-05,0.97377774877631229,104.55860027313233,1.9224917085079083,1
2004-03-02,102986.31124712789,2716.0155509201081,868.29141653456134,-0.0057004919547645194,-0.0057837920384428143,0.9736274120508821,104.66045028686523,1.7895022258693514,1
2004-03-03,103168.6516496556,2716.0155509201081,868.29141653456134,0.001770530474580978,-0.0040235019439245345,0.9736740229954417,104.76455028533935,1.8041041935797961,1
2004-03-04,103429.1350998933,2716.0155509201081,868.29141653456134,0.0025248313908594611,-0.0015088292170741813,0.9737403242490914,104.8812502670288,1.8373140883892489,1
2004-03-05,103767.76822237876,2716.0155509201081,868.29141653456134,0.0032740593079347846,0,0.97382601941385516,105.00085025787354,1.8852529193822185,1
2004-03-08,102534.79600078875,2716.0155509201081,868.29141653456134,-0.011882034688726284,-0.011882034688726284,0.9735112795182308,105.11240024566651,1.6378006391929874,1
2004-03-09,102135.38274412739,2716.0155509201081,868.29141653456134,-0.0038953923179237959,-0.015731141820002237,0.97340769204611144,105.21705024719239,1.5489649100891023,1
2004-03-10,100468.26481427009,2716.0155509201081,868.29141653456134,-0.016322628701884945,-0.031796996934902677,0.97296643317229514,105.31115024566651,1.219599734139567,1
2004-03-11,99200.560141074166,2716.0155509201081,868.29141653456134,-0.012617961259104638,-0.044013744918526831,0.97262096557662936,105.38975025177002,0.96592517787549659,1
2004-03-12,100468.26481427009,2716.0155509201081,868.29141653456134,0.012779208820929089,-0.031796996934902677,0.97296643317229514,105.47430027008056,1.2015578889421343,1
2004-03-15,99270.018419748216,2716.0155509201081,868.29141653456134,-0.011926615799894735,-0.04334438216876435,0.97264012242411546,105.55320026397705,0.95964350337978743,1
2004-03-16,99782.313800263262,2716.0155509201081,868.29141653456134,0.0051606254201432833,-0.03840744086906156,0.97278059159505126,105.62740028381347,1.0500512596874378,1
2004-03-17,100867.67807093146,2716.0155509201081,868.29141653456134,0.010877321133690998,-0.027947889803626502,0.97307348000010296,105.70585029602051,1.2510173126799615,1
2004-03-18,100893.72575350145,2716.0155509201081,868.29141653456134,0.00025823616710662911,-0.027696870792461414,0.97308043160626512,105.78245029449462,1.2439951276972177,1
2004-03-19,99491.433260927559,3058.9906604512598,868.29141653456134,-0.013898708587686603,-0.041210628644212766,0.9692537280830128,105.84195026397705,0.8918145548524663,1
2004-03-22,98267.145808373476,3058.9906604512598,868.29141653456134,-0.012305455981755253,-0.053008969049206267,0.968870667451597,105.89195026397705,0.64343179481753676,1
2004-03-23,98102.168319379809,3058.9906604512598,868.29141653456134,-0.0016788672107703739,-0.054598841239963058,0.96881831754735059,105.94295024871826,0.60357577932968187,1
2004-03-24,98180.317991627569,3058.9906604512598,868.29141653456134,0.00079661513691875463,-0.053845720366434424,0.96884313757557672,105.99945026397705,0.61143649003394918,1
2004-03-25,99439.337895787568,3058.9906604512598,868.29141653456134,0.012823546815843079,-0.041712666666543052,0.96923762039066386,106.05820026397706,0.85236477270313982,1
2004-03-26,99465.385578357571,3058.9906604512598,868.29141653456134,0.00026194545459756746,-0.041461647655377853,0.96924567634595427,106.11185024261475,0.84885464959501644,1
2004-03-29,100819.91806829939,3058.9906604512598,868.29141653456134,0.013618129383057953,-0.028408148354525653,0.96965886583661987,106.17175022125244,1.1068614607171297,1
2004-03-30,101149.87304628671,3058.9906604512598,868.29141653456134,0.0032727161885193201,-0.025228403973011959,0.96975783984373909,106.23880023956299,1.1606940021491281,1
2004-03-31,101262.74854560259,3058.9906604512598,868.29141653456134,0.0011159232920068263,-0.024140633644618825,0.96979155015653484,106.29600021362305,1.1710329635395984,1
2004-04-01,101853.18697382761,3058.9906604512598,868.29141653456134,0.0058307564894817254,-0.01845063531142066,0.9699666672066205,106.35660018920899,1.2744532213249566,1
2004-04-02,102599.91812201035,3058.9906604512598,868.29141653456134,0.0073314460781144231,-0.011254459071198819,0.97018525242082987,106.42195018768311,1.4062397008030461,1
2004-04-05,103146.93932959353,3058.9906604512598,868.29141653456134,0.0053315949719634492,-0.0059828683166314178,0.97034336956255551,106.49820018768311,1.4970394960268272,1
2004-04-06,102825.67574517992,3058.9906604512598,868.29141653456134,-0.0031146206227898876,-0.0090788545743789584,0.97025071181606448,106.57550018310548,1.4186808975786469,1
2004-04-07,102591.23335297444,3058.9906604512598,868.29141653456134,-0.0022799985558711322,-0.011338153354931491,0.97018272848005904,106.65655017852784,1.3591446786156816,1
2004-04-08,102365.48235434265,3058.9906604512598,868.29141653456134,-0.0022004901515811914,-0.013513694011718091,0.97011697116941786,106.73580020904541,1.302070756462689,1
2004-04-12,102756.21084196809,3058.9906604512598,868.29141653456134,0.0038169945438533137,-0.0097482811641748102,0.97023060080372392,106.82225021362305,1.3661532141659085,1
2004-04-13,101358.26113138442,3058.9906604512598,868.29141653456134,-0.013604527640023734,-0.023220188043657775,0.9698200163824231,106.89430019378662,1.0807705134967709,1
2004-04-14,101514.55385134215,3058.9906604512598,868.29141653456134,0.0015419830432483739,-0.021714010136633877,0.96986648175658785,106.97295017242432,1.1016940483729336,1
2004-04-15,101141.18827725078,3058.9906604512598,868.29141653456134,-0.0036779511895222994,-0.025312098256744853,0.96975524301666416,107.04960018157959,1.018668701990129,1
2004-04-16,101896.60419446944,3058.9906604512598,868.29141653456134,0.0074689246793095965,-0.018032227732790118,0.96997946413785108,107.12610019683838,1.1578215376719527,1
2004-04-19,101896.60419446944,3058.9906604512598,868.29141653456134,0,-0.018032227732790118,0.96997946413785108,107.19640022277832,1.1465489776292961,1
2004-04-20,100238.16440911031,3058.9906604512598,868.29141653456134,-0.016275712016801003,-0.034014452403990814,0.96948277456512122,107.2623002243042,0.8080617654976614,1
2004-04-21,100889.38297151122,3058.9906604512598,868.29141653456134,0.0064967127664372626,-0.027738721764729801,0.96967975647829019,107.32215023040771,0.92881210223596089,1
2004-04-22,102261.2849995249,3058.9906604512598,868.29141653456134,0.013598081260949524,-0.014517833896411814,0.97008652237779447,107.38765022277832,1.1910383542785108,1
2004-04-23,102356.79758530672,3058.9906604512598,868.29141653456134,0.00093400533527687735,-0.013597388295450874,0.97011443565434108,107.4565502166748,1.198052727404731,1
2004-04-26,102217.86777888305,3058.9906604512598,868.29141653456134,-0.001357309037612997,-0.014936241475042578,0.97007381657511726,107.53105018615723,1.1592923848630896,1
2004-04-27,102304.70222016674,3058.9906604512598,868.29141653456134,0.00084950354737900469,-0.01409942631778105,0.97009921739600879,107.60135021209717,1.1651897300208673,1
2004-04-28,101019.62800889896,3058.9906604512598,868.29141653456134,-0.012561242869386535,-0.026483562868870991,0.96971884849762269,107.66180019378662,0.898646276889148,1
2004-04-29,100160.02136140033,3058.9906604512598,868.29141653456134,-0.0085093032358316556,-0.034767509437486077,0.96945896557456068,107.71840019226075,0.71818900604716096,1
2004-04-30,99404.605444181652,3058.9906604512598,868.29141653456134,-0.0075420902167439019,-0.042047379961441034,0.96922687186592205,107.77360019683837,0.55875465121032664,1
2004-05-03,100437.87434970988,3058.9906604512598,868.29141653456134,0.010394577805637351,-0.032089866918336041,0.9695434547947489,107.84185020446778,0.75942814975607842,1
2004-05-04,100359.72467746212,3058.9906604512598,868.29141653456134,-0.00077808966740633423,-0.032842987791864786,0.96951973841815231,107.9046001815796,0.73550204856163948,1
2004-05-05,100984.89555729304,3058.9906604512598,868.29141653456134,0.0062293004672950847,-0.026818276163768862,0.96970843368634496,107.97710018157959,0.85480290637100631,1
2004-05-06,100142.65182332847,3058.9906604512598,868.29141653456134,-0.0083402941530669183,-0.034934898004951864,0.96945366829462498,108.04030017852783,0.67432610216748301,1
2004-05-07,98536.314027647095,3058.9906604512598,868.29141653456134,-0.016040495896945894,-0.050415020813789013,0.96895570236580009,108.09390018463135,0.33581194003830511,1
2004-05-10,97555.147111796643,3058.9906604512598,868.29141653456134,-0.0099574144368254069,-0.059870431994530349,0.96864347242544047,108.14560020446777,0.12409082699617856,1
2004-05-11,98353.973625119368,3058.9906604512598,868.29141653456134,0.0081884609574447431,-0.05217221773197811,0.96889814872034807,108.1932001876831,0.28368275284095673,1
2004-05-12,98961.774966878453,3058.9906604512598,868.29141653456134,0.0061797334602438081,-0.046314894671347751,0.96908916941440193,108.24615016937256,0.40377029324733738,1
2004-05-13,98562.361710217083,3058.9906604512598,868.29141653456134,-0.0040360356995925439,-0.050164001802623925,0.96896390663359921,108.29910015106201,0.3117809314670465,1
2004-05-14,98605.778930858927,3058.9906604512598,868.29141653456134,0.00044050507606030465,-0.049745594223993161,0.96897757217052982,108.35350013732911,0.31313578836253603,1
2004-05-17,97789.582879464346,3058.9906604512598,868.29141653456134,-0.0082773652847151213,-0.057611197054011076,0.96871864496833182,108.40205013275147,0.13049517871042043,1
2004-05-18,98267.145808373476,3058.9906604512598,868.29141653456134,0.0048835767046657708,-0.053008969049206267,0.968870667451597,108.4577501296997,0.22482725379559632,1
2004-05-19,97937.190830386156,3058.9906604512598,868.29141653456134,-0.0033577344215405258,-0.05618871343071985,0.96876579127382756,108.51155010223388,0.14429708710190689,1
2004-05-20,98241.098125803488,3058.9906604512598,868.29141653456134,0.003103083648209326,-0.053259988060371244,0.96886241380838345,108.57755012512207,0.20100076645712833,1
2004-05-21,98406.068990259359,3058.9906604512598,868.29141653456134,0.0016792449148381738,-0.051670179709647823,0.96891461378511057,108.64170009613036,0.22812048318290173,1
2004-05-24,98805.482246920714,3058.9906604512598,868.29141653456134,0.0040588274763915244,-0.04782107257837187,0.9690402739717755,108.7030500793457,0.30926007310481107,1
2004-05-25,100177.38427493439,3058.9906604512598,868.29141653456134,0.013884877608159485,-0.034600184710053883,0.96946425899825917,108.77090007781982,0.61369055780628301,1
2004-05-26,100516.01739741986,3058.9906604512598,868.29141653456134,0.0033803350420500422,-0.031336809884840777,0.96956713228741809,108.83885005950928,0.6841104084229358,1
2004-05-27,101063.0452295408,3058.9906604512598,868.29141653456134,0.0054421956448802433,-0.026065155290240227,0.96973185744103108,108.9054500579834,0.80321663038360247,1
2004-05-28,101054.36046050487,3058.9906604512598,868.29141653456134,-8.5934171251245139e-05,-0.02614884957397301,0.96972925614974514,108.97455005645752,0.7939525550258959,1
2004-06-01,100924.11542311714,3058.9906604512598,868.29141653456134,-0.001288861131713781,-0.02740400846983182,0.96969019101503473,109.04155006408692,0.75597788607111038,1
2004-06-02,101288.79622817259,3058.9906604512598,868.29141653456134,0.0036134159167662272,-0.023889614633453626,0.96979931863776625,109.1091000366211,0.83510307666781525,1
2004-06-03,100385.7723600321,3058.9906604512598,868.29141653456134,-0.0089153381397312215,-0.032591968780699698,0.96952764730961838,109.16715000152588,0.61143203149111414,1
2004-06-04,101158.55781532262,3058.9906604512598,868.29141653456134,0.0076981571902334789,-0.025144709689279288,0.96976043622492292,109.22775001525879,0.78972025239937782,1
2004-06-07,102652.01348715034,3058.9906604512598,868.29141653456134,0.014763512885921148,-0.010752421048868532,0.97020038325079538,109.29900001525878,1.1428301106483605,1
2004-06-08,102790.943293574,3058.9906604512598,868.29141653456134,0.0013534055660882061,-0.0094135678692768288,0.97024065970759021,109.36945003509521,1.1673869318196901,1
2004-06-09,101861.87174286353,3058.9906604512598,868.29141653456134,-0.0090384572895397808,-0.018366941027687989,0.96996922785619655,109.43955005645752,0.93277215091052879,1
2004-06-10,102348.11281627079,3058.9906604512598,868.29141653456134,0.0047735336597261036,-0.013681082579183768,0.97011189970896106,109.51165004730224,1.0455065686508838,1
2004-06-14,101366.94590042034,3058.9906604512598,868.29141653456134,-0.0095865657788120062,-0.023136493759925103,0.96982260209894933,109.57720005035401,0.7941943391742593,1
2004-06-15,102061.57505892533,3058.9906604512598,868.29141653456134,0.0068526199772001029,-0.016442419382066475,0.97002798890096342,109.64660003662109,0.96154150172125985,1
2004-06-16,102044.21214539126,3058.9906604512598,868.29141653456134,-0.00017012194377807877,-0.016609744109498892,0.97002288913659451,109.71280002593994,0.94960436079153665,1
2004-06-17,101896.60419446944,3058.9906604512598,868.29141653456134,-0.0014465097805987925,-0.018032227732790118,0.96997946413785108,109.77475002288818,0.90404134604575714,1
2004-06-18,102082.41458288516,3418.4633068965682,868.29141653456134,0.0018235189473154723,-0.016241590894407687,0.96651271111812342,109.82889999389648,0.85102442245728815,1
2004-06-21,101709.04900879379,3418.4633068965682,868.29141653456134,-0.0036574916024171289,-0.019839679014518663,0.96638978202813597,109.87809997558594,0.74663972777091769,1
2004-06-22,102203.97485123698,3418.4633068965682,868.29141653456134,0.0048660944848712973,-0.015070126282281548,0.96655254052621431,109.92989994049073,0.86609512905439512,1
2004-06-23,103054.90335423748,3418.4633068965682,868.29141653456134,0.0083257867831370014,-0.0068698101573657633,0.96682871755120614,109.98949993133544,1.0775107396876664,1
2004-06-24,102742.31791432202,3418.4633068965682,868.29141653456134,-0.0030331932760248037,-0.00988216597141367,0.96672779652735441,110.04304992675782,0.98656553149468351,1
2004-06-25,102264.75498541289,3418.4633068965682,868.29141653456134,-0.0046481619122840101,-0.01448439397621859,0.9665724197218859,110.09724990844727,0.85337862933555064,1
2004-06-28,101926.12186292744,3418.4633068965682,868.29141653456134,-0.0033113375427707981,-0.017747768801431585,0.9664613619706458,110.15469989776611,0.7568488061679427,1
2004-06-29,102334.21988862472,3418.4633068965682,868.29141653456134,0.0040038610146091447,-0.013814967386422738,0.9665951105053906,110.21299987792969,0.85694251820352718,1
2004-06-30,102863.87818267383,3418.4633068965682,868.29141653456134,0.005175769108569428,-0.0087107013592877536,0.96676711623855183,110.27339988708496,0.98960903156380309,1
2004-07-01,101483.29801016201,3418.4633068965682,868.29141653456134,-0.013421428366331645,-0.022015219671305153,0.96631501563386069,110.32764991760254,0.61236344850169599,1
2004-07-02,101431.19602048425,3418.4633068965682,868.29141653456134,-0.00051340457690429719,-0.022517321533668699,0.96629771272532172,110.37414989471435,0.5906067780307257,1
2004-07-06,100571.5893729856,3418.4633068965682,868.29141653456134,-0.008474775820695668,-0.030801268102284007,0.9660096521472018,110.4166999053955,0.34953217755640159,1
2004-07-07,100858.12713033108,3418.4633068965682,868.29141653456134,0.0028490924637056825,-0.028039931299401077,0.96610621866417223,110.45479991912842,0.42061547016845241,1
2004-07-08,100180.86088536018,3418.4633068965682,868.29141653456134,-0.0067150388792737159,-0.034566680949827178,0.96587708194274347,110.49364994049073,0.22696488347329688,1
2004-07-09,100432.66619109972,3418.4633068965682,868.29141653456134,0.0025135071061896941,-0.03214005744184234,0.96596263510129232,110.53954994201661,0.28808765121799024,1
2004-07-12,100476.07678720378,3418.4633068965682,868.29141653456134,0.00043223582276974426,-0.031721713703244947,0.96597734091333542,110.58374992370605,0.29191951150665413,1
2004-07-13,100545.54169041562,3418.4633068965682,868.29141653456134,0.0006913576388829501,-0.031052287113449095,0.96600084648783169,110.63749992370606,0.30234502234115518,1
2004-07-14,100250.31916403421,3418.4633068965682,868.29141653456134,-0.0029362070303465826,-0.033897318200064808,0.96590072395377502,110.6936999130249,0.20778941787798696,1
2004-07-15,99625.154908741068,3418.4633068965682,868.29141653456134,-0.0062360325683374906,-0.039921965988127361,0.96568674538044175,110.74794994354248,0.013336706201947563,1
2004-07-16,99547.005236493307,3418.4633068965682,868.29141653456134,-0.00078443714661569075,-0.040675086861656107,0.96565980765794679,110.79684993743896,-0.022614778408204021,1
2004-07-19,99138.907210796024,3418.4633068965682,868.29141653456134,-0.0040995510083680076,-0.044607888276664953,0.96551844877987214,110.8482999420166,-0.16165637308640163,1
2004-07-20,100354.51651885197,3418.4633068965682,868.29141653456134,0.012261677501359092,-0.032893178315370863,0.96593612898075798,110.89609992980957,0.20042465222434686,1
2004-07-21,98565.83832064287,3418.4633068965682,868.29141653456134,-0.017823594395705133,-0.05013049804239722,0.96531797055511248,110.93174995422363,-0.36890067676135391,1
2004-07-22,98826.321770880561,3418.4633068965682,868.29141653456134,0.0026427356036917704,-0.04762024409071286,0.96540938440649504,110.96419994354248,-0.299019103964072,1
2004-07-23,98027.495257557835,3418.4633068965682,868.29141653456134,-0.008083135130484087,-0.055318458353265099,0.96512750531965674,110.98969993591308,-0.56480953814308388,1
2004-07-26,97845.154855030109,3418.4633068965682,868.29141653456134,-0.0018600944770510441,-0.057075655271454195,0.9650625183029099,111.01214992523194,-0.63447213603315933,1
2004-07-27,98730.80918509874,3418.4633068965682,868.29141653456134,0.0090515910714314973,-0.0485406896916738,0.96537592130448668,111.04099990844726,-0.35988085020452359,1
2004-07-28,99017.346942444216,3418.4633068965682,868.29141653456134,0.0029022121839219484,-0.04577935288879087,0.96547611693854396,111.07009990692139,-0.2771925811827502,1
2004-07-29,99425.444968141499,3418.4633068965682,868.29141653456134,0.00412148010726332,-0.041846551473782023,0.96561782239956861,111.10009990692139,-0.15278972380969336,1
2004-07-30,99659.880735809202,3418.4633068965682,868.29141653456134,0.0023579051393012307,-0.039587316533262751,0.96569870160733329,111.12979988098145,-0.084206405301866419,1
2004-08-02,99859.590676408785,3418.4633068965682,868.29141653456134,0.0020039151073139028,-0.037662731047607978,0.96576730102996355,111.15879989624024,-0.025992095281539392,1
2004-08-03,99112.859528226036,3418.4633068965682,868.29141653456134,-0.0074778110257081032,-0.044858907287830041,0.96550938674185838,111.18489990234374,-0.28766334618364087,1
2004-08-04,99104.174759190108,3418.4633068965682,868.29141653456134,-8.7625047620165653e-05,-0.044942601571562824,0.96550636423538194,111.20884986877441,-0.2998096242188778,1
2004-08-05,97541.254184150574,3418.4633068965682,868.29141653456134,-0.015770481706116057,-0.06000431680176932,0.96495366667684257,111.22954986572266,-0.84849970861341051,1
2004-08-06,96195.399838706886,3418.4633068965682,868.29141653456134,-0.013797796190961553,-0.072974185658922108,0.9644633390720514,111.23859985351562,-1.3217159072327609,1
2004-08-09,96325.644876094622,3418.4633068965682,868.29141653456134,0.0013539632623402742,-0.071719026763063298,0.96451138934710701,111.24929985046387,-1.2864141001964402,1
2004-08-10,97523.884646078717,3418.4633068965682,868.29141653456134,0.012439467927003456,-0.060171705369234996,0.96494742473290096,111.27349983215332,-0.88645095061026902,1
2004-08-11,97332.866099052859,3418.4633068965682,868.29141653456134,-0.0019586847644459393,-0.062012532731123504,0.96487863304654264,111.29754985809326,-0.97344495590867763,1
2004-08-12,96308.281962560563,3418.4633068965682,868.29141653456134,-0.01052659987891047,-0.071886351490495493,0.96450499129217693,111.31454986572265,-1.3582832397963536,1
2004-08-13,96490.622365088289,3418.4633068965682,868.29141653456134,0.0018932992969244999,-0.070129154572306396,0.96457206697286868,111.3323498916626,-1.3116837492732025,1
2004-08-16,97454.426367404667,3418.4633068965682,868.29141653456134,0.0099885769071905717,-0.060841068118997477,0.96492244186006593,111.34864990234375,-0.97281538495653874,1
2004-08-17,97984.084661453773,3418.4633068965682,868.29141653456134,0.0054349331661169842,-0.055736802091862492,0.96511205550669021,111.36729991912841,-0.79061911499035287,1
2004-08-18,98956.566808268297,3418.4633068965682,868.29141653456134,0.0099248990300266904,-0.04636508519485405,0.96545491201690581,111.39044990539551,-0.44161098115170611,1
2004-08-19,98678.71381995875,3418.4633068965682,868.29141653456134,-0.002807827689170872,-0.049042727714004086,0.96535764224558485,111.41249988555909,-0.55771452239848796,1
2004-08-20,99347.301920431521,3418.4633068965682,868.29141653456134,0.0067754034744780256,-0.042599608507277398,0.96559077860378684,111.43494991302491,-0.31525784947173807,1
2004-08-23,99104.174759190108,3418.4633068965682,868.29141653456134,-0.0024472447317808177,-0.044942601571562824,0.96550636423538194,111.45714988708497,-0.41855052451657099,1
2004-08-24,99234.419796577844,3418.4633068965682,868.29141653456134,0.0013142235198893015,-0.043687442675704014,0.9655516370841476,111.47969989776611,-0.37932958227472374,1
2004-08-25,99885.638358978773,3418.4633068965682,868.29141653456134,0.0065624262603225514,-0.03741171203644289,0.96577622806382879,111.50319988250732,-0.13638065481255046,1
2004-08-26,99885.638358978773,3418.4633068965682,868.29141653456134,0,-0.03741171203644289,0.96577622806382879,111.53064987182617,-0.14713384897407111,1
2004-08-27,100189.53902985831,3418.4633068965682,868.29141653456134,0.0030424861458795416,-0.034483050506127766,0.9658800375767993,111.56199985504151,-0.038726936906433557,1
2004-08-30,99390.712516535583,3418.4633068965682,868.29141653456134,-0.0079731528965779619,-0.042181264768680005,0.96560580742060953,111.58889984130859,-0.37061266066924459,1
2004-08-31,99894.323128014701,3418.4633068965682,868.29141653456134,0.0050669785810755208,-0.037328017752709997,0.96577920346368629,111.61279983520508,-0.17748173848969717,1
2004-09-01,100076.66353054241,3418.4633068965682,868.29141653456134,0.0018253329800737017,-0.035570820834521011,0.96584155400171512,111.63759983062744,-0.11308631389821394,1
2004-09-02,101170.71257024654,3418.4633068965682,868.29141653456134,0.010932109455969563,-0.025027575485353171,0.96621093970724981,111.67319984436035,0.32679100559926749,1
2004-09-03,100771.29931358519,3418.4633068965682,868.29141653456134,-0.003947913842991202,-0.028876682616629124,0.96607701468392482,111.70914985656738,0.1503006189647135,1
2004-09-07,101413.83310695017,3418.4633068965682,868.29141653456134,0.006376158665628795,-0.022684646261101005,0.96629194260617801,111.75424987792968,0.41303036486353928,1
2004-09-08,101170.71257024654,3418.4633068965682,868.29141653456134,-0.0023973113849985461,-0.025027575485353171,0.96621093970724981,111.79354988098144,0.29892793548661084,1
2004-09-09,101083.88475350065,3418.4633068965682,868.29141653456134,-0.00085823075216162614,-0.025864326802581217,0.96618191598757108,111.83704990386963,0.25024926025872574,1
2004-09-10,101587.48874044197,3418.4633068965682,868.29141653456134,0.0049820402942506448,-0.021011143626644802,0.96634956381655612,111.88129989624024,0.46901970388239861,1
2004-09-13,101908.75894939336,3418.4633068965682,868.29141653456134,0.0031624977931312692,-0.017915093528864001,0.96645564775649828,111.92049991607666,0.60976749897420779,1
2004-09-14,102108.46888999295,3418.4633068965682,868.29141653456134,0.0019596935794179426,-0.015990508043209117,0.96652125583648252,111.95884994506837,0.69646487042594774,1
2004-09-15,101361.7377418102,3418.4633068965682,868.29141653456134,-0.007313116691498367,-0.02318668428343118,0.96627461818379523,111.99099994659424,0.33556166526764297,1
2004-09-16,101656.9536436538,3418.4633068965682,868.29141653456134,0.0029124984281108102,-0.02034171703684895,0.96637255805559963,112.02444995880127,0.46871943921178399,1
2004-09-17,102072.86708704445,3825.6919812512774,868.29141653456134,0.0040913427806283931,-0.016333599193364745,0.962519990959117,112.05219997406006,0.4650675948172352,1
2004-09-20,101482.42865881944,3825.6919812512774,868.29141653456134,-0.0057844797062622799,-0.022023597526562799,0.96230192722216845,112.07789997100831,0.16779196444250058,1
2004-09-21,101907.8895980508,3825.6919812512774,868.29141653456134,0.004192459175979657,-0.017923471384121537,0.96245931501142135,112.10689994812012,0.36907210181543049,1
2004-09-22,100683.60214549671,3825.6919812512774,868.29141653456134,-0.012013667022082064,-0.029721811789114927,0.96200282965916517,112.12664997100831,-0.2518494507255078,1
2004-09-23,100162.62199594575,3825.6919812512774,868.29141653456134,-0.0051744289879308569,-0.034742447372550389,0.96180519334441816,112.14714996337891,-0.52960066369922321,1
2004-09-24,100605.45247324895,3825.6919812512774,868.29141653456134,0.0044211150674662303,-0.030474932662643672,0.96197331370018402,112.16659996032715,-0.31578016944539117,1
2004-09-27,99988.966362453953,3825.6919812512774,868.29141653456134,-0.0061277604308664912,-0.036415950007006703,0.96173885859182329,112.18664997100831,-0.65104809849055345,1
2004-09-28,100449.15975329121,3825.6919812512774,868.29141653456134,0.0046024417251107064,-0.031981110569667681,0.96191414651304807,112.20939994812012,-0.42760491948095092,1
2004-09-29,100935.40082669847,3825.6919812512774,868.29141653456134,0.0048406683998303279,-0.02729525212116346,0.96209761936924565,112.2289499282837,-0.18070635489640943,1
2004-09-30,100865.94254802444,3825.6919812512774,868.29141653456134,-0.00068814586463372684,-0.02796461487092583,0.96207151904192256,112.2470499420166,-0.22833079350814353,1
2004-10-01,102507.01279531173,3825.6919812512774,868.29141653456134,0.016269815220394612,-0.0121497787671907,0.96267872922128261,112.27729995727539,0.65065128487206825,1
2004-10-04,102671.9836597676,3825.6919812512774,868.29141653456134,0.0016093617398185156,-0.010559970416467279,0.96273869613809371,112.30569992065429,0.73331417523067788,1
2004-10-05,102724.08564944538,3825.6919812512774,868.29141653456134,0.00050746063162110389,-0.010057868554103622,0.96275759519236048,112.33269992828369,0.75431400753730593,1
2004-10-06,103401.35189441628,3825.6919812512774,868.29141653456134,0.0065930617993732454,-0.0035311189036776325,0.96300152840208786,112.35749992370606,1.1187104251411164,1
2004-10-07,102333.35053728215,3825.6919812512774,868.29141653456134,-0.010328698199465247,-0.013823345241680274,0.96261539409034103,112.38024990081787,0.51855785004886867,1
2004-10-08,101517.16111042535,3825.6919812512774,868.29141653456134,-0.0079757911039904927,-0.021688884231664818,0.96231482500687859,112.39449989318848,0.056235269744230952,1
2004-10-11,101916.57436708672,3825.6919812512774,868.29141653456134,0.0039344407614678722,-0.017839777100388643,0.96246251402179428,112.41069988250733,0.27341783896332977,1
2004-10-12,101534.52402395941,3825.6919812512774,868.29141653456134,-0.0037486576202142574,-0.021521559504232624,0.96232126936106466,112.4252498626709,0.051447952643528312,1
2004-10-13,100674.91737646078,3825.6919812512774,868.29141653456134,-0.0084661513486367079,-0.02980550607284782,0.96199955181541796,112.43444988250732,-0.44108835884897069,1
2004-10-14,99893.453776672119,3825.6919812512774,868.29141653456134,-0.0077622472424435651,-0.037336395607967754,0.96170227540831421,112.43184986114503,-0.8827773850384264,1
2004-10-15,100431.79683975715,3825.6919812512774,868.29141653456134,0.005389172590714475,-0.032148435297099875,0.96190756213039463,112.4322498703003,-0.57759037521811074,1
2004-10-18,100796.47764481261,3825.6919812512774,868.29141653456134,0.0036311289504988853,-0.028634041460721682,0.96204538024897779,112.43424987792969,-0.37180628314209546,1
2004-10-19,99980.281593418025,3825.6919812512774,868.29141653456134,-0.0080974660074005778,-0.036499644290739486,0.96173553504471088,112.43179985046386,-0.83325342227155019,1
2004-10-20,99789.25642185437,3825.6919812512774,868.29141653456134,-0.0019106284611247748,-0.038340535492661476,0.96166228591704961,112.42219982147216,-0.93482175894238018,1
2004-10-21,100414.4273016853,3825.6919812512774,868.29141653456134,0.0062649116973880759,-0.032315823864565552,0.96190097295722887,112.41564979553223,-0.57728599460068353,1
2004-10-22,99329.063031017096,3825.6919812512774,868.29141653456134,-0.010808847890028117,-0.042775374930000609,0.96148466657682408,112.40094978332519,-1.1799020707608696,1
2004-10-25,99216.187531701216,3825.6919812512774,868.29141653456134,-0.0011363793825441837,-0.043863145258393854,0.96144084875233782,112.38334980010987,-1.230908557315993,1
2004-10-26,100674.91737646078,3825.6919812512774,868.29141653456134,0.014702538779707508,-0.02980550607284782,0.96199955181541796,112.37909980773925,-0.40914651177917077,1
2004-10-27,101838.42469483896,3825.6919812512774,868.29141653456134,0.01155707249331428,-0.018592897973917388,0.96243370817336338,112.37739978790283,0.2451342238898199,1
2004-10-28,102133.64722122035,3825.6919812512774,868.29141653456134,0.002898930607636796,-0.015747866887301787,0.9625422954595475,112.38069980621339,0.4091923257556831,1
2004-10-29,102116.27768314851,3825.6919812512774,868.29141653456134,-0.00017006675610264921,-0.015915255454767352,0.962535924065683,112.37919979095459,0.40030925275428997,1
2004-11-01,102385.45252695991,3825.6919812512774,868.29141653456134,0.0026359641177542414,-0.013321243379316838,0.96263441839802477,112.37784980773925,0.55238431269671573,1
2004-11-02,102420.18497856583,3825.6919812512774,868.29141653456134,0.00033923229080579098,-0.012986530084418857,0.96264708971135027,112.37444980621338,0.57426396243097677,1
2004-11-03,103661.84196919177,3825.6919812512774,868.29141653456134,0.01212316684338921,-0.0010208011119597904,0.96309450123037299,112.37834983825684,1.268311201923735,1
2004-11-04,105025.05922816951,3825.6919812512774,868.29141653456134,0.013150617749807081,0,0.963573531789781,112.38559986114502,2.0182171166028664,1
2004-11-05,105658.90825249859,3825.6919812512774,868.29141653456134,0.0060352170137987216,0,0.96379205459790651,112.39799983978271,2.3412443925610669,1
2004-11-08,105511.30030157678,3825.6919812512774,868.29141653456134,-0.0013970232454897369,-0.0013970232454897369,0.96374140049154422,112.41139984130859,2.2302808701328352,1
2004-11-09,105311.59036097721,3825.6919812512774,868.29141653456134,-0.001892782479495092,-0.0032871614638623203,0.96367264070233927,112.41644981384277,2.1092234352688535,1
2004-11-10,105389.74003322497,3825.6919812512774,868.29141653456134,0.00074208044888401936,-0.0025475203532330237,0.96369957853539445,112.42789981842041,2.127910207977838,1
2004-11-11,106162.5188639777,3825.6919812512774,868.29141653456134,0.0073325812409168467,0,0.96396381677649334,112.45034980773926,2.4955933903925351,1
2004-11-12,106970.03014633636,3825.6919812512774,868.29141653456134,0.0076063689049550298,0,0.96423585207915075,112.47689979553223,2.8537768158725902,1
2004-11-15,107222.7050684,4130.4622684549086,868.29141653456134,0.002362109477934915,0,0.96147772744755888,112.50314979553222,2.7617470782527107,1
2004-11-16,106484.6520647154,4130.4622684549086,868.29141653456134,-0.0068833648919207624,-0.0068833648919207624,0.96121072672571961,112.5226997756958,2.3455017316157494,1
2004-11-17,107092.46003101226,4130.4622684549086,868.29141653456134,0.0057079396374182245,-0.0012147150858080602,0.96143087695194607,112.54669979095459,2.5982536842339958,1
2004-11-18,107231.38321289814,4130.4622684549086,868.29141653456134,0.0012972265446666853,0,0.96148084502226128,112.57614978790284,2.608798837742361,1
2004-11-19,106085.23880805404,4130.4622684549086,868.29141653456134,-0.01068851646321245,-0.01068851646321245,0.96106468425896285,112.59734977722168,2.0204346772624628,1
2004-11-22,106571.48650599908,4130.4622684549086,868.29141653456134,0.0045835566136098738,-0.006153951269927127,0.96124233222342825,112.61499980926514,2.2229384319173011,1
2004-11-23,106727.77922595681,4130.4622684549086,868.29141653456134,0.0014665528752750845,-0.004696423489581214,0.96129908915550299,112.63339981079102,2.2636216223102257,1
2004-11-24,106970.89976266044,4130.4622684549086,868.29141653456134,0.0022779499251914803,-0.0024291717819263647,0.96138704752769877,112.65134983062744,2.342882254147348,1
2004-11-26,106892.75009041269,4130.4622684549086,868.29141653456134,-0.00073056945787253191,-0.0031579665610871333,0.96135881745991891,112.66274982452393,2.2825151821613319,1
2004-11-29,106423.87193053949,4130.4622684549086,868.29141653456134,-0.0043864355578522307,-0.0075305499021253164,0.96118857363927923,112.6735498046875,2.047043716513945,1
2004-11-30,106493.33683375132,4130.4622684549086,868.29141653456134,0.00065271918745035684,-0.0068827460490880066,0.9612138900774323,112.68734981536865,2.0562396185814089,1
2004-12-01,107656.85077666728,4130.4622684549086,868.29141653456134,0.010925697114105404,0,0.96163307547400301,112.7026498413086,2.5494853923285548,1
2004-12-02,107743.67859341318,4130.4622684549086,868.29141653456134,0.00080652384051260739,0,0.96166399437648842,112.72099983215332,2.547490320995919,1
2004-12-03,107674.21369020134,4130.4622684549086,868.29141653456134,-0.00064472370090473685,-0.00064472370090473685,0.96163926229970886,112.74109981536866,2.475788897421709,1
2004-12-06,107639.48123859543,4130.4622684549086,868.29141653456134,-0.00032256981885980807,-0.00096708555135704977,0.9616268842907254,112.76274982452392,2.4200117920618198,1
2004-12-07,106675.67723627905,4130.4622684549086,868.29141653456134,-0.0089540008110964298,-0.0099124270776421719,0.96128018705420326,112.78029983520508,1.9793662207197003,1
2004-12-08,107274.80043353999,4130.4622684549086,868.29141653456134,0.0056163055420208607,-0.0043517927547523927,0.96149643484059555,112.80229984283447,2.2025799009143343,1
2004-12-09,107639.48123859543,4130.4622684549086,868.29141653456134,0.0033995011277729859,-0.00096708555135704977,0.9616268842907254,112.82399982452392,2.3204705006961239,1
2004-12-10,107743.67859341318,4130.4622684549086,868.29141653456134,0.00096802171116738833,0,0.96166399437648842,112.84594982147217,2.3272749586335104,1
2004-12-13,108646.70246155366,4130.4622684549086,868.29141653456134,0.0083812236590528055,0,0.96198262648683208,112.87269985198975,2.6472020584887126,1
2004-12-14,109011.3832666091,4130.4622684549086,868.29141653456134,0.003356574997611883,0,0.96210980775876365,112.89584983825684,2.7434092225406004,1
2004-12-15,109089.52631431908,4130.4622684549086,868.29141653456134,0.00071683383302145742,0,0.96213694927454507,112.92284980773925,2.7189661829482761,1
2004-12-16,109028.74618014318,4130.4622684549086,868.29141653456134,-0.00055715829217906077,-0.00055715829217906077,0.96211584180166265,112.9484497833252,2.6446188114222822,1
2004-12-17,108332.38070378664,4623.6517930465398,868.29141653456134,-0.0063869896770707424,-0.0069405894049890948,0.95731976198613233,112.96569980621338,2.1579995302268817,1
2004-12-20,108358.42838635662,4623.6517930465398,868.29141653456134,0.00024044226112973632,-0.0067018159548695166,0.95733002165220871,112.9811498260498,2.1446970331662465,1
2004-12-21,109157.25489967935,4623.6517930465398,868.29141653456134,0.0073720754833621616,0,0.95764228591772582,113.00829982757568,2.4066225673251953,1
2004-12-22,109409.06020541891,4623.6517930465398,868.29141653456134,0.0023068123687333131,0,0.95773977233361218,113.03919982910156,2.4545556492876384,1
2004-12-23,109487.20325312889,4623.6517930465398,868.29141653456134,0.00071422830580258889,0,0.95776993424193246,113.08014980316162,2.4334133106578171,1
2004-12-27,109270.13039899524,4623.6517930465398,868.29141653456134,-0.0019826321952144399,-0.0019826321952144399,0.95768604122495815,113.12714977264405,2.3100825971564567,1
2004-12-28,109843.20591368619,4623.6517930465398,868.29141653456134,0.0052445761032624549,0,0.95790680220422775,113.17014976501464,2.4645682094989239,1
2004-12-29,109999.49863364392,4623.6517930465398,868.29141653456134,0.0014228710702466341,0,0.95796661029841856,113.2209497833252,2.4679783817415939,1
2004-12-30,109799.78869304435,4623.6517930465398,868.29141653456134,-0.0018155531896077992,-0.0018155531896077992,0.95789015763980756,113.26764976501465,2.35182196627462,1
2004-12-31,109574.03769441256,4623.6517930465398,868.29141653456134,-0.0020560239807282388,-0.0038678443494398751,0.95780340041916423,113.30679977416992,2.2338221178648565,1
2005-01-03,109079.11185196937,4623.6517930465398,868.29141653456134,-0.0045168166917739505,-0.0083671906972950794,0.95761194132822358,113.34294979095459,2.0333604676978196,1
2005-01-04,107802.72240973753,4623.6517930465398,868.29141653456134,-0.011701501970093231,-0.019970783968959793,0.95711006466540871,113.3817998123169,1.5840654230785818,1
2005-01-05,107090.7237131607,4623.6517930465398,868.29141653456134,-0.0066046448611071229,-0.026443528894354085,0.95682490851933311,113.42359981536865,1.331488140541236,1
2005-01-06,107611.69723817387,4623.6517930465398,868.29141653456134,0.0048647866682514085,-0.021707384352929404,0.95703392928732334,113.46934982299804,1.4890180223891227,1
2005-01-07,107464.08928725206,4623.6517930465398,868.29141653456134,-0.0013716719902215901,-0.023049280932053162,0.9569749129805819,113.51379981994629,1.4242304783783135,1
2005-01-10,107950.33036065934,4623.6517930465398,868.29141653456134,0.0045246842608748228,-0.018628887389836035,0.95716871103961398,113.55379981994629,1.5669061450147816,1
2005-01-11,107238.33166408251,4623.6517930465398,868.29141653456134,-0.0065956138735107084,-0.025101632315230327,0.95688433677306883,113.58954982757568,1.3166815213702607,1
2005-01-12,107576.96478656796,4623.6517930465398,868.29141653456134,0.0031577619423079906,-0.022023135352137069,0.95702005720072292,113.61944984436035,1.4131184690957128,1
2005-01-13,106752.09059067525,4623.6517930465398,868.29141653456134,-0.007667758590598428,-0.029522025857447232,0.95668795086388303,113.64269985198975,1.1317464320818005,1
2005-01-14,107290.42702922248,4623.6517930465398,868.29141653456134,0.0050428655361083319,-0.024628035928091485,0.95690527178359353,113.66839984893799,1.2954348502961643,1
2005-01-18,108358.42838635662,4623.6517930465398,868.29141653456134,0.0099543024173371908,-0.014918888428327448,0.95733002165220871,113.69684986114503,1.6250276653262898,1
2005-01-19,107273.06411568842,4623.6517930465398,868.29141653456134,-0.010016426842204496,-0.024785881316022662,0.95689829659326064,113.7147498703003,1.2632676253912021,1
2005-01-20,106647.8932358575,4623.6517930465398,868.29141653456134,-0.0058278458342228001,-0.030469278855070336,0.95664563403215963,113.72589988708496,1.0557901578169882,1
2005-01-21,106022.72235602656,4623.6517930465398,868.29141653456134,-0.0058620087173062441,-0.036152676394118122,0.95638999178383466,113.73529987335205,0.85042434130044997,1
2005-01-24,105823.01903996477,4623.6517930465398,868.29141653456134,-0.001883589777964545,-0.03796816936038061,0.95630769340175048,113.74489990234375,0.78241881991450968,1
2005-01-25,106109.55017277246,4623.6517930465398,868.29141653456134,0.0027076446637710472,-0.035363329007771394,0.95642567718439964,113.75744987487793,0.86937342463848766,1
2005-01-26,106413.45746818978,4623.6517930465398,868.29141653456134,0.0028640899421634725,-0.032600522820540601,0.95655012154427288,113.76949989318848,0.96143764785399,1
2005-01-27,106587.11310168158,4623.6517930465398,868.29141653456134,0.001631895416458029,-0.031021828047847477,0.95662091167967289,113.79059989929199,1.0086143065522126,1
2005-01-28,106587.11310168158,4623.6517930465398,868.29141653456134,0,-0.031021828047847477,0.95662091167967289,113.81079990386962,1.0005211646270831,1
2005-01-31,107220.96875054843,4623.6517930465398,868.29141653456134,0.0059468319426398963,-0.025259477703161615,0.95687735480357816,113.83679992675781,1.1910397123331486,1
2005-02-01,107872.18731294936,4623.6517930465398,868.29141653456134,0.0060736119994961868,-0.019339281970544464,0.95713768388108422,113.86219993591308,1.3839578933266012,1
2005-02-02,108184.76612832704,4623.6517930465398,868.29141653456134,0.0028976775493654294,-0.016497643424365882,0.95726152619711691,113.88939990997315,1.467199488736967,1
2005-02-03,107915.59790905342,4623.6517930465398,868.29141653456134,-0.0024880417909702857,-0.0189446383890437,0.95715492586212469,113.92459991455078,1.367593499638692,1
2005-02-04,109018.33171779347,4623.6517930465398,868.29141653456134,0.01021848398291203,-0.0089197398900721092,0.95758830904681802,113.96239994049073,1.6904815191310421,1
2005-02-07,108879.4019113698,4623.6517930465398,868.29141653456134,-0.0012743710551662568,-0.010182743886902879,0.95753419185007749,113.99149993896485,1.6285400122051354,1
2005-02-08,109000.96217972162,4623.6517930465398,868.29141653456134,0.0011164670839280966,-0.0090776455013485968,0.95758155065252526,114.02074993133544,1.6469128295845921,1
2005-02-09,108219.49857993296,4623.6517930465398,868.29141653456134,-0.0071693275376797372,-0.016181892425158217,0.95727524287472632,114.04629993438721,1.3937852275609328,1
2005-02-10,108592.86415402433,4623.6517930465398,868.29141653456134,0.0034500767328504711,-0.012787644462857295,0.95742213975967605,114.07349990844726,1.492044196459748,1
2005-02-11,109487.20325312889,4623.6517930465398,868.29141653456134,0.0082357078070622869,-0.0046572519591315809,0.95776993424193246,114.11324989318848,1.7398799063244779,1
2005-02-14,109409.06020541891,4623.6517930465398,868.29141653456134,-0.00071371854781343558,-0.0053676465398400097,0.95773977233361218,114.15749988555908,1.6939722885844986,1
2005-02-15,109799.78869304435,4623.6517930465398,868.29141653456134,0.0035712626257078384,-0.0018155531896077992,0.95789015763980756,114.20834987640382,1.7862635713115407,1
2005-02-16,109869.25359625618,4623.6517930465398,868.29141653456134,0.00063265060924688754,-0.00118405119119247,0.95791678161355887,114.25364986419677,1.7821002003912667,1
2005-02-17,109018.33171779347,4623.6517930465398,868.29141653456134,-0.0077448590084142621,-0.0089197398900721092,0.95758830904681802,114.29449989318847,1.5130064327144055,1
2005-02-18,109157.25489967935,4623.6517930465398,868.29141653456134,0.0012743102898098435,-0.0076567961165866505,0.95764228591772582,114.33254989624024,1.5354921523352627,1
2005-02-22,107603.01246913795,4623.6517930465398,868.29141653456134,-0.014238562814444355,-0.021786337158567703,0.95703046144388693,114.36649990081787,1.0711449358734417,1
2005-02-23,108341.05884828477,4623.6517930465398,868.29141653456134,0.0068589750622316537,-0.015076794039604047,0.95732318068331546,114.41394989013672,1.2729863343977272,1
2005-02-24,109027.00986229161,4623.6517930465398,868.29141653456134,0.0063314040060049592,-0.0088408473077791205,0.95759168485968282,114.47099987030029,1.4577663567945907,1
2005-02-25,110060.27876781982,4623.6517930465398,868.29141653456134,0.0094771828268362945,0,0.95798982298781499,114.52939987182617,1.7366674071295776,1
2005-02-28,109365.64298477706,4623.6517930465398,868.29141653456134,-0.0063114121717622318,-0.0063114121717622318,0.95772299538631056,114.58029987335205,1.517708871592732,1
2005-03-01,109886.62313432802,4623.6517930465398,868.29141653456134,0.0047636546115628065,-0.0015778229478968786,0.95792343361580534,114.63649990081787,1.6483061824823579,1
2005-03-02,109834.52114465027,4623.6517930465398,868.29141653456134,-0.0004741431503820781,-0.0020512179843357181,0.95790347383626995,114.69214988708497,1.614121611322402,1
2005-03-03,109877.93836529211,4623.6517930465398,868.29141653456134,0.00039529667166005034,-0.0016567321523178746,0.95792010787756976,114.75274990081788,1.6088346450313169,1
2005-03-04,111189.06025912987,4623.6517930465398,868.29141653456134,0.011932530891496151,0,0.95841630658384058,114.81814990997314,1.9571091546754618,1
2005-03-07,111241.15562426986,4623.6517930465398,868.29141653456134,0.0004685295929165445,0,0.95843578065061219,114.88574993133545,1.9457701050993541,1
2005-03-08,110841.74236760849,4623.6517930465398,868.29141653456134,-0.0035905169666740067,-0.0035905169666740067,0.95828600584685764,114.94929992675782,1.8095351412565439,1
2005-03-09,109660.86551115847,4623.6517930465398,868.29141653456134,-0.010653719719901367,-0.014205984325162957,0.95783681104927942,115.00509994506837,1.4604010623450829,1
2005-03-10,109895.30127882617,4623.6517930465398,868.29141653456134,0.0021378252540222853,-0.012098528983189194,0.95792675629219659,115.05994995117187,1.5094945330499085,1
2005-03-11,109157.25489967935,4623.6517930465398,868.29141653456134,-0.0067159047798981408,-0.018733181194459436,0.95764228591772582,115.10264995574951,1.2880466235236792,1
2005-03-14,109808.47346208028,4623.6517930465398,868.29141653456134,0.0059658752228555212,-0.012879065793137134,0.95789348811370922,115.14714996337891,1.4539158745003831,1
2005-03-15,108940.18204554571,4623.6517930465398,868.29141653456134,-0.0079073261758293434,-0.02068455299490024,0.9575578844625624,115.18349994659424,1.1990567185033705,1
2005-03-16,108054.52771547709,4623.6517930465398,868.29141653456134,-0.0081297305864455049,-0.028646123738196194,0.95721001339970435,115.21479995727539,0.94336555986711634,1
2005-03-17,108262.9158005748,4623.6517930465398,868.29141653456134,0.0019285456102906551,-0.0267728234840926,0.95729237699856973,115.24804996490478,0.99176376781383269,1
2005-03-18,107956.40919551962,5029.1438845681796,868.29141653456134,-0.0028311319974032578,-0.029528158084269229,0.95341505037037766,115.27509998321533,0.78675376525613039,1
2005-03-21,107574.35885239232,5029.1438845681796,868.29141653456134,-0.0035389315555629519,-0.032962591509410166,0.9532496039184496,115.30514999389648,0.67371313140722699,1
2005-03-22,106532.41180236597,5029.1438845681796,868.29141653456134,-0.0096858309093532657,-0.042329152331069153,0.95279235868706302,115.32474998474122,0.37988504250684602,1
2005-03-23,106619.23961911186,5029.1438845681796,868.29141653456134,0.00081503661915549586,-0.041548615521121213,0.95283080330966186,115.33625000000001,0.40108785154964111,1
2005-03-24,106740.79988746368,5029.1438845681796,868.29141653456134,0.0011401344521504431,-0.04045585207696567,0.95288452129016843,115.34764999389648,0.43190163897168543,1
2005-03-28,106888.40783838548,5029.1438845681796,868.29141653456134,0.0013828634512522697,-0.039128933544939959,0.95294958558862419,115.36524997711182,0.46853229528476115,1
2005-03-29,106211.14159341458,5029.1438845681796,868.29141653456134,-0.0063361992068861062,-0.045217204034132319,0.95264956379227916,115.3761499786377,0.2779752659365905,1
2005-03-30,107643.82375560416,5029.1438845681796,868.29141653456134,0.013489000689532293,-0.032338138240995185,0.95327977296694311,115.40094997406005,0.66920482356054367,1
2005-03-31,107452.7985840405,5029.1438845681796,868.29141653456134,-0.0017746041054558237,-0.034055354953565709,0.95319671566641595,115.42064998626709,0.61107976857415092,1
2005-04-01,106992.60519320323,5029.1438845681796,868.29141653456134,-0.004282749234095995,-0.038192253642317486,0.95299540678080752,115.43779998779297,0.47927555092273505,1
2005-04-04,107166.26082669503,5029.1438845681796,868.29141653456134,0.0016230620160917475,-0.036631180022421495,0.95307157452566982,115.45679996490479,0.52265662079195552,1
2005-04-05,107652.50852464008,5029.1438845681796,868.29141653456134,0.0045373207406331773,-0.032260066694657974,0.95328354207912314,115.47959999084473,0.65147566189501138,1
2005-04-06,108008.5045606596,5029.1438845681796,868.29141653456134,0.0033068995873704043,-0.02905984790852878,0.95343751952658762,115.50659999847412,0.74306157498958758,1
2005-04-07,108564.2105372787,5029.1438845681796,868.29141653456134,0.0051450205599967713,-0.024064340863491629,0.95367585818863132,115.53395000457763,0.88884516841864003,1
2005-04-08,107487.53103564642,5029.1438845681796,868.29141653456134,-0.0099174442139251529,-0.033743128319358218,0.95321183921416563,115.55020000457763,0.58709429853535777,1
2005-04-11,107565.6740833564,5029.1438845681796,868.29141653456134,0.00072699639629880686,-0.033040663055747377,0.95324582932775637,115.56869998931884,0.60379196136014712,1
2005-04-12,108095.3323774055,5029.1438845681796,868.29141653456134,0.0049240456917385433,-0.028279311098580728,0.95347492094284547,115.59299999237061,0.74334011454182525,1
2005-04-13,106879.72969388735,5029.1438845681796,868.29141653456134,-0.011245653783402809,-0.039206945540135707,0.95294576531048425,115.61225002288819,0.40389138641331329,1
2005-04-14,105551.23826197772,5029.1438845681796,868.29141653456134,-0.012429779114473294,-0.051149390981791942,0.95235353021547819,115.62150001525879,0.035550845653591914,1
2005-04-15,104144.61040689592,5029.1438845681796,868.29141653456134,-0.013326493163353992,-0.063794242135917334,0.95170999377769838,115.6196000289917,-0.35178028149681728,1
2005-04-18,104448.51107777546,5029.1438845681796,868.29141653456134,0.0029180643116546445,-0.061062333525528589,0.95185049712366565,115.62740001678466,-0.27009752862203612,1
2005-04-19,105238.65944660004,5029.1438845681796,868.29141653456134,0.0075649557918180399,-0.053959311587376546,0.9522120111467206,115.64005004882813,-0.055173169446471965,1
2005-04-20,103840.70973601638,5029.1438845681796,868.29141653456134,-0.013283613815824102,-0.06652615074630619,0.95156866803632922,115.64960006713868,-0.44428189176492122,1
2005-04-21,105759.63297161323,5029.1438845681796,868.29141653456134,0.018479488829334256,-0.049276031176546886,0.9524474154905771,115.66855007171631,0.082157210209483453,1
2005-04-22,105377.58262848592,5029.1438845681796,868.29141653456134,-0.0036124401380047688,-0.052710464601687934,0.95227501182771779,115.6892000579834,-0.028755779278631918,1
2005-04-25,106037.48595992278,5029.1438845681796,868.29141653456134,0.0062622743374496359,-0.046778277654028422,0.95257201885690723,115.712200050354,0.14937230701566531,1
2005-04-26,105056.31241953453,5029.1438845681796,868.29141653456134,-0.0092530818842601059,-0.0555985163047511,0.95212906517711493,115.72930004119873,-0.12826139884481155,1
2005-04-27,105447.04753169775,5029.1438845681796,868.29141653456134,0.0037192920935855689,-0.052086011333272952,0.95230645141528114,115.74825004577637,-0.023860434544397475,1
2005-04-28,104188.02100299997,5029.1438845681796,868.29141653456134,-0.011939893606971896,-0.063404003506514095,0.95173011411337416,115.76165004730224,-0.38013060293280709,1
2005-04-29,105533.87534844366,5029.1438845681796,868.29141653456134,0.012917553596731857,-0.051305474523324901,0.95234569120139534,115.78640003204346,-0.0088929830753318277,1
2005-05-02,106098.26609409868,5029.1438845681796,868.29141653456134,0.0053479581204760596,-0.046231895931950651,0.9525991887548112,115.81485004425049,0.14350812497934759,1
2005-05-03,106271.92172759048,5029.1438845681796,868.29141653456134,0.0016367433689989941,-0.044670822312054659,0.95267664494240056,115.84665004730225,0.18561620700177495,1
2005-05-04,107053.38532737915,5029.1438845681796,868.29141653456134,0.0073534343510961442,-0.037645871920239604,0.95302209389092551,115.87595005035401,0.40106909982140165,1
2005-05-05,107018.65287577323,5029.1438845681796,868.29141653456134,-0.00032444047892277172,-0.037958098554447095,0.9530068474099932,115.91535003662109,0.38365693275064972,1
2005-05-06,106697.38266682184,5029.1438845681796,868.29141653456134,-0.0030020019904783979,-0.040846150257510372,0.95286534909415332,115.95140003204345,0.2843549358387189,1
2005-05-09,107331.23831568869,5029.1438845681796,868.29141653456134,0.005940686013321983,-0.03514811839772114,0.95314370761496126,115.99570003509521,0.45889117118065637,1
2005-05-10,106271.92172759048,5029.1438845681796,868.29141653456134,-0.0098696018486481574,-0.044670822312054659,0.95267664494240056,116.03495002746583,0.14332839242549938,1
2005-05-11,106827.62770420958,5029.1438845681796,868.29141653456134,0.0052290950195061914,-0.039675315267017619,0.95292281601073114,116.07230003356933,0.29802548253834171,1
2005-05-12,105707.53098193546,5029.1438845681796,868.29141653456134,-0.010485084676554846,-0.049744400903428798,0.95242397738503959,116.10155002593994,-0.038907762730198144,1
2005-05-13,105507.82766587367,5029.1438845681796,868.29141653456134,-0.0018892061351419853,-0.051539629611195181,0.9523339263462548,116.12730003356934,-0.1050955677117221,1
2005-05-16,106445.58398562006,5029.1438845681796,868.29141653456134,0.008888026040267949,-0.043109689141017205,0.95275385134579582,116.15710006713867,0.16665830365053813,1
2005-05-17,107122.85023059098,5029.1438845681796,868.29141653456134,0.0063625584041364647,-0.037021418651824733,0.95305255719258286,116.18965007781982,0.36188384442756227,1
2005-05-18,108173.48204965326,5029.1438845681796,868.29141653456134,0.0098077283866206955,-0.027576786283828425,0.95350853287444581,116.2325500869751,0.66899423353584686,1
2005-05-19,108607.62775792053,5029.1438845681796,868.29141653456134,0.0040134208499269519,-0.023674042682947039,0.95369437682795333,116.27800010681152,0.79162534306612053,1
2005-05-20,108460.01980699874,5029.1438845681796,868.29141653456134,-0.0013590937760910027,-0.02500096121497275,0.95363135749451833,116.33160011291504,0.73986264079777653,1
2005-05-23,109033.08869715189,5029.1438845681796,868.29141653456134,0.005283687861876718,-0.019849370628402752,0.95387506724186244,116.39625011444092,0.91055417037314679,1
2005-05-24,108789.96816044826,5029.1438845681796,868.29141653456134,-0.0022297867519732728,-0.022034897516713836,0.95377198863454959,116.45875011444092,0.83041816933030788,1
2005-05-25,108711.82511273828,5029.1438845681796,868.29141653456134,-0.00071829277121149282,-0.022737362780324677,0.95373875951992548,116.51390014648437,0.79934871670758545,1
2005-05-26,109267.53108935739,5029.1438845681796,868.29141653456134,0.0051117344046318625,-0.017741855735287526,0.95397403204383358,116.57335014343262,0.97036206492457466,1
2005-05-27,109441.18672284919,5029.1438845681796,868.29141653456134,0.0015892702229154398,-0.016180782115391534,0.95404706367718695,116.63970012664795,1.0236159198828105,1
2005-05-31,108772.6052469142,5029.1438845681796,868.29141653456134,-0.0061090481194079338,-0.022190981058246795,0.95376460945150654,116.70115013122559,0.8011899500119446,1
2005-06-01,109658.25957698282,5029.1438845681796,868.29141653456134,0.0081422553781642648,-0.014229410314950841,0.95413802932885694,116.76215011596679,1.0906568827355454,1
2005-06-02,109884.01720015239,5029.1438845681796,868.29141653456134,0.0020587379741430212,-0.012199966968172826,0.95423225312733462,116.8214001083374,1.1607486605810298,1
2005-06-03,109354.35890610328,5029.1438845681796,868.29141653456134,-0.0048201577221584913,-0.016961318925339586,0.95401057685422086,116.87200012207032,0.97360840324455633,1
2005-06-06,109258.84632032146,5029.1438845681796,868.29141653456134,-0.00087342275824442428,-0.017819927281624737,0.9539703735309093,116.92365013122559,0.93424689610628486,1
2005-06-07,109336.98936803144,5029.1438845681796,868.29141653456134,0.0007152102584067066,-0.017117462018013896,0.95400327086344094,116.97190010070801,0.95357937228085188,1
2005-06-08,109145.97082100557,5029.1438845681796,868.29141653456134,-0.0017470624363260523,-0.018834619179443068,0.95392277106760315,117.02045013427734,0.88008819300122898,1
2005-06-09,109640.89666344876,5029.1438845681796,868.29141653456134,0.0045345314968598949,-0.0143854938564838,0.9541307665514126,117.07110015869141,1.0463178064268837,1
2005-06-10,109397.76950220735,5029.1438845681796,868.29141653456134,-0.0022174860717137923,-0.016571080295936236,0.95402882611361917,117.11660015106202,0.95232033717094899,1
2005-06-13,109727.72448019467,5029.1438845681796,868.29141653456134,0.0030161033400288861,-0.013604957046535748,0.95416706298802434,117.16400016784668,1.0613050134839659,1
2005-06-14,109970.8450168983,5029.1438845681796,868.29141653456134,0.0022156709970551081,-0.011419430158224775,0.95426838919174084,117.21105018615722,1.1390328234985476,1
2005-06-15,110170.54833296008,5029.1438845681796,868.29141653456134,0.0018159660047269988,-0.0096242014504585027,0.95435128570505989,117.26385017395019,1.2032141830857599,1
2005-06-16,110439.72317677148,5029.1438845681796,868.29141653456134,0.0024432559144382804,-0.0072044599231358974,0.95446254536043651,117.31530017852783,1.2913379301959844,1
2005-06-17,110828.71693643443,5452.8700958370455,868.29141653456134,0.0035222268625241249,-0.0037076088028830112,0.95079912276739131,117.36550018310547,1.2692083114267778,1
2005-06-20,110863.44938804035,5452.8700958370455,868.29141653456134,0.00031338855637774721,-0.0033953821686756314,0.95081453692865803,117.40960018157959,1.2701560233287552,1
2005-06-21,110924.22952221625,5452.8700958370455,868.29141653456134,0.00054824321732183101,-0.0028490004465978602,0.950841487749573,117.4563501739502,1.2814345698729706,1
2005-06-22,111011.05733896216,5452.8700958370455,868.29141653456134,0.00078276691323342362,-0.0020684636366498088,0.95087993730942311,117.49990016937255,1.3009773259829029,1
2005-06-23,109526.27981163259,5452.8700958370455,868.29141653456134,-0.013375041756389483,-0.015415839605527504,0.95021404812420274,117.53630016326905,0.74636568230153266,1
2005-06-24,108762.18574991578,5452.8700958370455,868.29141653456134,-0.0069763536480096366,-0.022284646904668026,0.94986428363645437,117.56880016326905,0.4560698391957993,1
2005-06-27,108909.79370083759,5452.8700958370455,868.29141653456134,0.0013571624172874497,-0.020957728372642204,0.9499322337271574,117.59925018310547,0.50354288350017873,1
2005-06-28,109778.08511737215,5452.8700958370455,868.29141653456134,0.0079725742472678274,-0.01315224117087932,0.95032824547807548,117.63285018920898,0.81974405834154318,1
2005-06-29,109500.2321290626,5452.8700958370455,868.29141653456134,-0.002531042402611372,-0.015649994693397784,0.95020220514774789,117.66370018005371,0.70757941484893616,1
2005-06-30,108935.84138340758,5452.8700958370455,868.29141653456134,-0.0051542424584981594,-0.020723573284771923,0.94994420544616465,117.6956001663208,0.48766219822622003,1
2005-07-01,109239.74205428711,5452.8700958370455,868.29141653456134,0.0027897216106307354,-0.01799166467438329,0.95008345870015676,117.72755016326904,0.59498002516451576,1
2005-07-05,110073.30101921577,5452.8700958370455,868.29141653456134,0.007630546806989047,-0.010498404106827675,0.95046146481166105,117.7642501449585,0.90310690145554295,1
2005-07-06,109196.33145818306,5452.8700958370455,868.29141653456134,-0.0079671414676626418,-0.018381903303786529,0.95006361456451283,117.79930015563964,0.56077010711135133,1
2005-07-07,109604.42285934257,5452.8700958370455,868.29141653456134,0.0037372262942347856,-0.014713374341916663,0.95024954327951872,117.8342501449585,0.70969352684079767,1
2005-07-08,110793.98448482851,5452.8700958370455,868.29141653456134,0.01085322648897602,-0.0040198354370905021,0.95078369894185244,117.88310012817382,1.1619816179966984,1
2005-07-11,111332.32754791355,5452.8700958370455,868.29141653456134,0.0048589557058376087,0,0.95102168241753215,117.93805015563964,1.3656500369600926,1
2005-07-12,111610.1805362231,5452.8700958370455,868.29141653456134,0.0024957080699670176,0,0.9511436136951027,117.99205017089844,1.4666484765865413,1
2005-07-13,111757.78848714491,5452.8700958370455,868.29141653456134,0.0013225312441269566,0,0.95120814245117002,118.05045017242432,1.5200771055201261,1
2005-07-14,112174.57128187812,5452.8700958370455,868.29141653456134,0.0037293400341502636,0,0.95138942780414293,118.10860019683838,1.6781099587723785,1
2005-07-15,112113.78452316442,5452.8700958370455,868.29141653456134,-0.00054189428155648756,-0.00054189428155648756,0.95136307173084145,118.16360019683837,1.6432319473431822,1
2005-07-18,111688.32358393307,5452.8700958370455,868.29141653456134,-0.0037949030178661136,-0.0043347408631780882,0.95117779620231069,118.21655017852783,1.4633464711415822,1
2005-07-19,112270.07724312216,5452.8700958370455,868.29141653456134,0.0052087240682048286,0,0.95143077986818525,118.26340015411377,1.6830180644879269,1
2005-07-20,112634.76467271539,5452.8700958370455,868.29141653456134,0.0032483047892049033,0,0.95158803668049086,118.31140018463135,1.8108113545733564,1
2005-07-21,112009.59379288447,5452.8700958370455,868.29141653456134,-0.0055504255870512109,-0.0055504255870512109,0.95131782991803471,118.35550018310546,1.5412205313958369,1
2005-07-22,112721.59248946128,5452.8700958370455,868.29141653456134,0.0063565867214316896,0,0.95162532771751918,118.39980018615722,1.8078414988183287,1
2005-07-25,112417.69181858175,5452.8700958370455,868.29141653456134,-0.0026960288988815417,-0.0026960288988815417,0.95149455563776542,118.44850021362305,1.6686639480981544,1
2005-07-26,112547.9302314317,5452.8700958370455,868.29141653456134,0.0011585223886301232,-0.0015406299200910745,0.95155068525361297,118.50265018463135,1.7087151741285567,1
2005-07-27,112938.66534359493,5452.8700958370455,868.29141653456134,0.0034717218820439211,0,0.9517183058676344,118.55675018310546,1.8504329663528587,1
2005-07-28,113615.93158856584,5452.8700958370455,868.29141653456134,0.0059967615422977794,0,0.95200611375891042,118.6169501876831,2.1055317714460622,1
2005-07-29,112895.24812295308,5452.8700958370455,868.29141653456134,-0.0063431550094801281,-0.0063431550094801281,0.95169973770819494,118.67795017242432,1.8043185328508728,1
2005-08-01,112817.10507524312,5452.8700958370455,868.29141653456134,-0.000692173045448774,-0.0070309374940082936,0.95166628241169393,118.74300018310547,1.7721318690352053,1
2005-08-02,113459.6388686081,5452.8700958370455,868.29141653456134,0.0056953579241059149,-0.0013756232754726927,0.95194000130608791,118.80865016937256,2.0322816075540473,1
2005-08-03,113746.17662595358,5452.8700958370455,868.29141653456134,0.0025254598040569398,0,0.95206106914900157,118.87385017395019,2.1406002235229433,1
2005-08-04,112877.88520941902,5452.8700958370455,868.29141653456134,-0.0076335877151271214,-0.0076335877151271214,0.9516923081459181,118.93875019073486,1.7767887969562339,1
2005-08-05,112148.51697477035,5452.8700958370455,868.29141653456134,-0.0064615689184422953,-0.014045831680453147,0.95137813461176879,119.00055019378662,1.470428103982564,1
2005-08-08,111948.81365870855,5452.8700958370455,868.29141653456134,-0.0017807040293428278,-0.015801524240727116,0.95129139900972171,119.05760021209717,1.3855006565579335,1
2005-08-09,112591.34745207355,5452.8700958370455,868.29141653456134,0.0057395319554154334,-0.010152685638635695,0.95156936816873827,119.12460021972656,1.6858961702729014,1
2005-08-10,112539.25208693357,5452.8700958370455,868.29141653456134,-0.00046269421513189801,-0.01061068226485451,0.95154694922243799,119.19195022583008,1.6815412885538721,1
2005-08-11,112964.71302616491,5452.8700958370455,868.29141653456134,0.0037805559512931186,-0.0068702405915449516,0.95172943877993077,119.25335021972656,1.8854305349192901,1
2005-08-12,112304.80969472807,5452.8700958370455,868.29141653456134,-0.0058416766949516141,-0.012671783562144157,0.95144580084629249,119.30425022125245,1.5685481499315284,1
2005-08-15,112964.71302616491,5452.8700958370455,868.29141653456134,0.0058760024012383116,-0.0068702405915449516,0.95172943877993077,119.35725021362305,1.8779482887325856,1
2005-08-16,111566.76331558125,5452.8700958370455,868.29141653456134,-0.012375100800370076,-0.019160321472071806,0.95112460078802419,119.4023002243042,1.1976029395074683,1
2005-08-17,111558.07854654532,5452.8700958370455,868.29141653456134,-7.7843694464507784e-05,-0.019236673656325753,0.95112079585019071,119.44575019836425,1.1896518527599169,1
2005-08-18,111549.40040204719,5452.8700958370455,868.29141653456134,-7.7790372613018022e-05,-0.019312967600927267,0.95111699322287913,119.4889501953125,1.1819916815001372,1
2005-08-19,111792.52093875082,5452.8700958370455,868.29141653456134,0.0021794876155978304,-0.017175572359035995,0.95122330143333489,119.52640018463134,1.2954237720842969,1
2005-08-22,111792.52093875082,5452.8700958370455,868.29141653456134,0,-0.017175572359035995,0.95122330143333489,119.55600017547607,1.2826267857322358,1
2005-08-23,111592.81099815124,5452.8700958370455,868.29141653456134,-0.0017864338233234411,-0.018931323158962399,0.95113600914733309,119.58080017089844,1.1693965003135738,1
2005-08-24,110646.3765339067,5452.8700958370455,868.29141653456134,-0.008481141892377031,-0.027251905813417854,0.95071804186767872,119.60100017547607,0.68241143409812055,1
2005-08-25,111028.42025249622,5452.8700958370455,868.29141653456134,0.003452835335031823,-0.023893166821725487,0.95088761883276052,119.62455017089843,0.86737489101491461,1
2005-08-26,110307.74341142125,5452.8700958370455,868.29141653456134,-0.0064909222290655544,-0.030229000363145242,0.95056675146096359,119.64350017547608,0.49413009061687913,1
2005-08-29,111115.25469377991,5452.8700958370455,868.29141653456134,0.0073205312463588967,-0.023129761458490883,0.95092599921707877,119.66265018463135,0.89683490131352772,1
2005-08-30,110559.54871716081,5452.8700958370455,868.29141653456134,-0.0050011672848210287,-0.028015252937000024,0.95067933833750662,119.6739501953125,0.60838264239376072,1
2005-08-31,111888.03352453264,5452.8700958370455,868.29141653456134,0.012016011486899458,-0.016335873051199878,0.95126493938566314,119.6932001876831,1.2716773491424291,1
2005-09-01,111809.88385228488,5452.8700958370455,868.29141653456134,-0.00069846318490018877,-0.017022926230180535,0.95123087594795297,119.71625019073487,1.2192590325119863,1
2005-09-02,111618.85868072124,5452.8700958370455,868.29141653456134,-0.0017084819783553806,-0.01870232484585288,0.95114741218207011,119.73470016479492,1.1116739912113835,1
2005-09-06,112860.51567134717,5452.8700958370455,868.29141653456134,0.011124078899405365,-0.0077862920836350158,0.95168487346171671,119.75950016021729,1.7158165404348473,1
2005-09-07,113042.86269841267,5452.8700958370455,868.29141653456134,0.0016156848653474665,-0.0061831874125641839,0.95176280956025705,119.7919501876831,1.7833993388001206,1
2005-09-08,112686.86003785537,5452.8700958370455,868.29141653456134,-0.0031492714538474686,-0.0093129863307994665,0.95161041762983511,119.81955017089844,1.5862344115055438,1
2005-09-09,113641.97927113583,5452.8700958370455,868.29141653456134,0.0084758705048628702,-0.0009160514920900642,0.95201711435501168,119.8517501449585,2.0277989054028667,1
2005-09-12,113424.90641700219,5452.8700958370455,868.29141653456134,-0.0019101467215362211,-0.0028244484208719278,0.95192528459499204,119.88130012512207,1.8928845370356817,1
2005-09-13,112825.78984427903,5452.8700958370455,868.29141653456134,-0.0052820548118464039,-0.0080915843413460475,0.95167000290126003,119.90785015106201,1.5810238126595848,1
2005-09-14,112435.05473211581,5452.8700958370455,868.29141653456134,-0.0034631719636309954,-0.011526733756944685,0.95150204614718348,119.9348501586914,1.3761532278434434,1
2005-09-15,112382.95936697583,5452.8700958370455,868.29141653456134,-0.00046333739298742849,-0.0119847303831635,0.95147956481523843,119.96115016937256,1.3363480813410575,1
2005-09-16,113140.10815728641,5906.1182152680867,868.29141653456134,0.0067372206122298106,-0.0053282535435031919,0.94779819189268011,119.98250015258789,1.4664341668280696,1
2005-09-19,112784.1054967291,5906.1182152680867,868.29141653456134,-0.0031465646122804669,-0.0084580524617384745,0.94763341705592219,120.00130012512207,1.2825726545582725,1
2005-09-20,111881.08825312641,5906.1182152680867,868.29141653456134,-0.0080066002175180895,-0.016396932434576517,0.9472107546728028,120.01530014038086,0.84359902350726435,1
2005-09-21,110891.23656824003,5906.1182152680867,868.29141653456134,-0.0088473548152023795,-0.025099217770649385,0.94673954048989628,120.02380016326904,0.36740313256837009,1
2005-09-22,111264.59551779363,5906.1182152680867,868.29141653456134,0.0033668931928976242,-0.021816830963210854,0.94691826103548304,120.04000015258789,0.53942239173282891,1
2005-09-23,111351.4299590773,5906.1182152680867,868.29141653456134,0.00078043191438914583,-0.021053425599976361,0.94695965541314886,120.05325016021729,0.57533135896281196,1
2005-09-26,111472.99022742912,5906.1182152680867,868.29141653456134,0.0010916812509411677,-0.019984727979030614,0.94701749542002667,120.0651001739502,0.62806750371668396,1
2005-09-27,111446.94254485914,5906.1182152680867,868.29141653456134,-0.00023366810665836901,-0.020213726292140022,0.947005112204933,120.07620018005372,0.61059809779239782,1
2005-09-28,111551.13327513909,5906.1182152680867,868.29141653456134,0.00093489088081555316,-0.019297733039702392,0.94705461036688221,120.08270015716553,0.65693025777170155,1
2005-09-29,112410.74654717551,5906.1182152680867,868.29141653456134,0.0077060021426784697,-0.011740439269176783,0.94745948766749399,120.09205017089843,1.0600147278251759,1
2005-09-30,112740.69490062505,5906.1182152680867,868.29141653456134,0.0029352029373015398,-0.0088396969037033424,0.94761325339999003,120.10285018920898,1.2082797569137687,1
2005-10-03,112358.64455749774,5906.1182152680867,868.29141653456134,-0.0033887527787909155,-0.012198494135048144,0.94743512403048147,120.11180019378662,1.0211225008835256,1
2005-10-04,111160.40478751366,5906.1182152680867,868.29141653456134,-0.010664419944750203,-0.022732824215648595,0.94686850748197793,120.1207001876831,0.45099361745368421,1
2005-10-05,109779.81799046406,5906.1182152680867,868.29141653456134,-0.012419771227791365,-0.034870258967319989,0.94620032786189245,120.12150016784668,-0.20165697806104141,1
2005-10-06,109406.45241637269,5906.1182152680867,868.29141653456134,-0.0034010401996094064,-0.038152704014410732,0.94601672858570607,120.11555015563965,-0.37551739651117472,1
2005-10-07,109762.45507692998,5906.1182152680867,868.29141653456134,0.0032539457472073874,-0.035022905096175561,0.94619181749234182,120.11020015716552,-0.20516455091360392,1
2005-10-10,108885.4788913595,5906.1182152680867,868.29141653456134,-0.0079897646691287072,-0.042732844995556629,0.94575844019420707,120.0993501663208,-0.61451151263275205,1
2005-10-11,108737.8709404377,5906.1182152680867,868.29141653456134,-0.0013556256759367225,-0.044030540929611561,0.94568480912686603,120.08890018463134,-0.67916486049450331,1
2005-10-12,107930.35965807905,5906.1182152680867,868.29141653456134,-0.0074262193601434268,-0.05112977983426592,0.94527843477981044,120.07050018310547,-1.0499875897889879,1
2005-10-13,107869.57952390313,5906.1182152680867,868.29141653456134,-0.00056314214432773291,-0.051664128644738794,0.94524760139665387,120.05085018157959,-1.068225348529902,1
2005-10-14,108946.25902553542,5906.1182152680867,868.29141653456134,0.0099813080424004941,-0.042198496185083756,0.94578870107064639,120.03855018615722,-0.55763967972558703,1
2005-10-17,109328.30936866271,5906.1182152680867,868.29141653456134,0.0035067779889326189,-0.038839698953739066,0.94597814372714539,120.02975017547607,-0.37474335392548402,1
2005-10-18,108208.21264638859,5906.1182152680867,868.29141653456134,-0.010245257872753433,-0.048687034095011406,0.94541894676175298,120.0173501586914,-0.89351937436472684,1
2005-10-19,109910.06302785179,5906.1182152680867,868.29141653456134,0.015727552833948444,-0.033725209162120517,0.9462640812627735,120.02210014343262,-0.098502173269091997,1
2005-10-20,108077.96760900084,5906.1182152680867,868.29141653456134,-0.016669041654417849,-0.049832083900210988,0.94535317099378713,120.02040012359619,-0.9557059524508974,1
2005-10-21,108477.38086566221,5906.1182152680867,868.29141653456134,0.0036956029568055992,-0.046320640540010727,0.94555438038661543,120.01800010681153,-0.76718618781788117,1
2005-10-24,110066.35574780953,5906.1182152680867,868.29141653456134,0.014647983473302206,-0.032351161043811416,0.94634038553251887,120.02560009002686,-0.02668437069668466,1
2005-10-25,109857.96766271182,5906.1182152680867,868.29141653456134,-0.0018932950371790547,-0.034183205788339333,0.94623859933945642,120.02920009613037,-0.12582214741295722,1
2005-10-26,109554.06699183227,5906.1182152680867,868.29141653456134,-0.0027663052334319094,-0.036854949840703477,0.946089466348078,120.0351501083374,-0.27100398061760733,1
2005-10-27,108451.33318309223,5906.1182152680867,868.29141653456134,-0.010065658345867257,-0.046549638853120134,0.94554130371733536,120.03280010223389,-0.78696864144537226,1
2005-10-28,109927.43256592365,5906.1182152680867,868.29141653456134,0.013610707581984238,-0.033572504793612623,0.94627257202858639,120.04370010375976,-0.099463862350218285,1
2005-10-31,110213.96369873134,5906.1182152680867,868.29141653456134,0.0026065480300911936,-0.031053465109756373,0.94641225106999693,120.05315010070801,0.031407540442903746,1
2005-11-01,110526.54913864681,5906.1182152680867,868.29141653456134,0.0028361691152847257,-0.028305368873138392,0.94656380515545335,120.05825008392334,0.17646731116800177,1
2005-11-02,111620.59817835093,5906.1182152680867,868.29141653456134,0.0098985180323665212,-0.018687032044975571,0.94708755989794013,120.07590007781982,0.68441679415115853,1
2005-11-03,112072.10680015228,5906.1182152680867,868.29141653456134,0.0040450295838758699,-0.014717592058556495,0.94730073000412218,120.09975006103515,0.88797304614942585,1
2005-11-04,111933.1836182664,5906.1182152680867,868.29141653456134,-0.0012395874928416983,-0.01593893580835759,0.94723532357115714,120.12640007019043,0.81403532900274878,1
2005-11-07,112037.38097308415,5906.1182152680867,868.29141653456134,0.00093088887003434095,-0.015022884316267526,0.94728439594025349,120.15480007171631,0.85470147792244977,1
2005-11-08,112037.38097308415,5906.1182152680867,868.29141653456134,0,-0.015022884316267526,0.94728439594025349,120.18155010223389,0.84604139524023392,1
2005-11-09,112176.30415497003,5906.1182152680867,868.29141653456134,0.0012399717012241407,-0.01380154056646643,0.94734968084606475,120.20735008239745,0.90299546615938853,1
2005-11-10,113001.17835086274,5906.1182152680867,868.29141653456134,0.0073533729079999777,-0.0065496555329566108,0.94773401214516628,120.23690006256103,1.2827422222429177,1
2005-11-11,113365.86578045598,5906.1182152680867,868.29141653456134,0.0032272887319890753,-0.0033435044304673811,0.94790214695924557,120.26855007171631,1.440614459256917,1
2005-11-14,113305.08564628007,5906.1182152680867,868.29141653456134,-0.00053614140162450141,-0.0038778532409401434,0.94787420015985846,120.29620006561279,1.3961060662893594,1
2005-11-15,112914.35053411685,5906.1182152680867,868.29141653456134,-0.0034485222788942504,-0.0073130026565387807,0.94769382113672462,120.3178500366211,1.1987138527906516,1
2005-11-16,113131.42338825048,5906.1182152680867,868.29141653456134,0.0019224558535457792,-0.0054046057277571391,0.94779418451229813,120.3389500427246,1.2878128775419866,1
2005-11-17,114129.95984217279,5906.1182152680867,868.29141653456134,0.0088263404102630894,0,0.94825093933761573,120.36735004425049,1.7343413222870903,1
2005-11-18,114555.42078140414,5906.1182152680867,868.29141653456134,0.0037278637425239847,0,0.94844313630047938,120.39185001373291,1.9056795323280664,1
2005-11-21,115102.44861352509,5906.1182152680867,868.29141653456134,0.0047752243271383943,0,0.94868816183833915,120.42030002593994,2.1232481820400517,1
2005-11-22,115571.32677339829,5906.1182152680867,868.29141653456134,0.004073572417625515,0,0.94889633631317338,120.45075004577637,2.2949193075187706,1
2005-11-23,116205.17579772737,5906.1182152680867,868.29141653456134,0.0054844834097289574,0,0.94917508471783929,120.48935005187988,2.5259807182200027,1
2005-11-25,116292.00361447326,5906.1182152680867,868.29141653456134,0.00074719405697587504,0,0.94921303243817334,120.52630004882812,2.5101581056661435,1
2005-11-28,115510.54663922239,5906.1182152680867,868.29141653456134,-0.0067197825384582854,-0.0067197825384582854,0.94886944623580693,120.55360008239747,2.1329206149528455,1
2005-11-29,115388.97974633278,5906.1182152680867,868.29141653456134,-0.0010524311106352435,-0.0077651415408933611,0.94881557815788042,120.58065006256103,2.0482230535175932,1
2005-11-30,114798.54794264556,5906.1182152680867,868.29141653456134,-0.0051168820886120514,-0.012842290315839278,0.94855232647873877,120.60205009460449,1.7734687713705268,1
2005-12-01,115909.95989588375,5906.1182152680867,868.29141653456134,0.0096814112474092884,-0.003285210562336216,0.94904563662541797,120.62945011138916,2.2082241741939135,1
2005-12-02,116048.88307776963,5906.1182152680867,868.29141653456134,0.0011985439561075228,-0.0020906040754926636,0.949106634560971,120.6625500869751,2.2263254093250668,1
2005-12-05,115814.44731010192,5906.1182152680867,868.29141653456134,-0.0020201466955145353,-0.004106527444092456,0.94900361438107972,120.69350009918213,2.0946128342971178,1
2005-12-06,116022.83539519964,5906.1182152680867,868.29141653456134,0.0017993271991338933,-0.0023145892314827554,0.94909520875653031,120.73460010528565,2.1432401901555358,1
2005-12-07,115380.30160183465,5906.1182152680867,868.29141653456134,-0.0055379942334314869,-0.0078397652830975995,0.94881172840361017,120.76775012969971,1.8556393154523179,1
2005-12-08,115310.83669862281,5906.1182152680867,868.29141653456134,-0.00060205166954374612,-0.0084370970088638586,0.94878089185403836,120.79655014038086,1.8028820068675933,1
2005-12-09,115597.37445596828,5906.1182152680867,868.29141653456134,0.0024849161236628614,-0.0059731463635950277,0.94890785155749569,120.82105014801026,1.8917205315043639,1
2005-12-12,115701.56518624825,5906.1182152680867,868.29141653456134,0.00090132436632162083,-0.0050772057396345494,0.94895386068666543,120.85015014648438,1.9053331752170855,1
2005-12-13,116448.296334431,5906.1182152680867,868.29141653456134,0.006453941629749993,0,0.9492811968815229,120.88055011749267,2.1618523056504722,1
2005-12-14,116882.44204269828,5906.1182152680867,868.29141653456134,0.0037282272212935119,0,0.94946958574744256,120.91375011444092,2.2881575532399636,1
2005-12-15,116561.17845828467,5906.1182152680867,868.29141653456134,-0.0027486043138648109,-0.0027486043138648109,0.9493303148322082,120.94485012054443,2.1304129626188351,1
2005-12-16,116206.91397044952,6489.6100471793125,868.29141653456134,-0.0030393008420204204,-0.0057795513204796922,0.94415469935954432,120.96300010681152,1.7579347120073834,1
2005-12-19,115642.5232247945,6489.6100471793125,868.29141653456134,-0.0048567742346082854,-0.010608255579147019,0.94388214762000366,120.97760009765625,1.5336859312895856,1
2005-12-20,115746.72057961224,6489.6100471793125,868.29141653456134,0.00090102975888206593,-0.0097167841742316075,0.94393266595647807,120.99510009765625,1.5580708340074156,1
2005-12-21,115920.37621310404,6489.6100471793125,868.29141653456134,0.0015003071587877947,-0.0082310551763008499,0.94401665816500591,121.02040008544923,1.6038995588902758,1
2005-12-22,116493.45172779498,6489.6100471793125,868.29141653456134,0.0049436995756242386,-0.0033280474646585345,0.94429206147704081,121.04765010833741,1.7918747015613792,1
2005-12-23,116554.2318619709,6489.6100471793125,868.29141653456134,0.00052174721646958133,-0.0028080366476899155,0.94432111178198463,121.07950012207031,1.7896106735282749,1
2005-12-27,115434.13513969678,6489.6100471793125,868.29141653456134,-0.0096100905508140766,-0.012391141712049691,0.94378084056916367,121.10115013122558,1.3698785652461145,1
2005-12-28,115677.25567640041,6489.6100471793125,868.29141653456134,0.0021061407564531009,-0.010311098444175215,0.94389899717768566,121.12920013427734,1.4416219872957978,1
2005-12-29,115191.01460299315,6489.6100471793125,868.29141653456134,-0.0042034285008237804,-0.014471184979924057,0.94366218520128664,121.15955013275146,1.2537048071478747,1
2005-12-30,114600.57617476812,6489.6100471793125,868.29141653456134,-0.0051257333765135638,-0.01952274292058831,0.94337192478611509,121.18530014038086,1.0322161548733164,1
2006-01-03,116502.12987229312,6489.6100471793125,868.29141653456134,0.016592880777711816,-0.0032538006886118076,0.94429621111396789,121.22610012054443,1.6900995759116564,1
2006-01-04,117023.11002184408,6489.6100471793125,868.29141653456134,0.0044718508590533279,0,0.94454420117558036,121.27210014343262,1.8494226521002537,1
2006-01-05,117092.56830051813,6489.6100471793125,868.29141653456134,0.00059354326389970957,0,0.94457709706628235,121.32450012207032,1.8502231181997755,1
2006-01-06,118012.96170673046,6489.6100471793125,868.29141653456134,0.0078603913089525523,0,0.9450093451318814,121.38170013427734,2.1410530192894237,1
2006-01-09,118299.49946407594,6489.6100471793125,868.29141653456134,0.0024280193734780298,0,0.94514254010728072,121.4398501586914,2.2053687142714358,1
2006-01-10,118412.36833885405,6489.6100471793125,868.29141653456134,0.00095409427165327187,0,0.94519482940660082,121.49780014038086,2.2081715614651811,1
2006-01-11,118768.37099941136,6489.6100471793125,868.29141653456134,0.0030064651653496366,0,0.94535910535296064,121.56170013427734,2.293359427140687,1
2006-01-12,118325.54714664593,6489.6100471793125,868.29141653456134,-0.0037284661651848516,-0.0037284661651848516,0.94515461619512764,121.61480014801026,2.1081252501458572,1
2006-01-13,118221.3431672904,6489.6100471793125,868.29141653456134,-0.00088065495464295651,-0.0046058376276262303,0.94510627376313827,121.66840011596679,2.0414398287995481,1
2006-01-17,117917.44912094864,6489.6100471793125,868.29141653456134,-0.0025705514605067759,-0.0071645495454925046,0.94496480295700014,121.72290012359619,1.913231459419376,1
2006-01-18,117474.61864364543,6489.6100471793125,868.29141653456134,-0.0037554278913293215,-0.010893071487629857,0.94475734314264692,121.77385013580323,1.7435358501521168,1
2006-01-19,117900.07958287679,6489.6100471793125,868.29141653456134,0.0036217264984019781,-0.0073107967148835495,0.94495669493914547,121.82445011138915,1.8589314655011795,1
2006-01-20,115868.28084796405,6489.6100471793125,868.29141653456134,-0.017233226153036685,-0.024418034254773735,0.94399148757808338,121.86130012512207,1.1760905553748213,1
2006-01-23,116259.00933558949,6489.6100471793125,868.29141653456134,0.0033721781730595701,-0.021128198043857127,0.94417972349612389,121.89720012664795,1.2910178314191063,1
2006-01-24,116371.89145944317,6489.6100471793125,868.29141653456134,0.00097095377380895798,-0.020177758773672672,0.94423386983066249,121.93995014190673,1.3142937268209258,1
2006-01-25,116467.40404522499,6489.6100471793125,868.29141653456134,0.00082075305801065923,-0.019373566672879372,0.94427960251729004,121.98280017852784,1.33152112976332,1
2006-01-26,117075.20538698407,6489.6100471793125,868.29141653456134,0.0052186390410406958,-0.014256031283241821,0.94456887753706387,122.02610019683839,1.5130362162411757,1
2006-01-27,118099.78289893857,6489.6100471793125,868.29141653456134,0.0087514474868339853,-0.0056293447055537627,0.94504977157551029,122.08230014801025,1.8246857007632444,1
2006-01-30,118012.96170673046,6489.6100471793125,868.29141653456134,-0.00073515115842681666,-0.006360357444699094,0.9450093451318814,122.14565017700195,1.7786128518516824,1
2006-01-31,117196.76565533588,6489.6100471793125,868.29141653456134,-0.0069161559848220922,-0.0132325242053144,0.9446263724865529,122.21240016937256,1.5050328234211463,1
2006-02-01,117969.54448608862,6489.6100471793125,868.29141653456134,0.0065938579996771551,-0.0067259195912243719,0.94498910650668322,122.28185016632079,1.7464896215768455,1
2006-02-02,116675.7921303227,6489.6100471793125,868.29141653456134,-0.01096683352811012,-0.017618991078854007,0.94437912159250093,122.33930015563965,1.3111670515939191,1
2006-02-03,116128.76429820176,6489.6100471793125,868.29141653456134,-0.0046884432677339882,-0.022224828706480126,0.94411711786999697,122.4016501235962,1.1257518049625335,1
2006-02-06,116415.30205554723,6489.6100471793125,868.29141653456134,0.0024674141594211996,-0.019812252404100006,0.9442546646996387,122.45460010528565,1.2125006122969966,1
2006-02-07,115442.81990873269,6489.6100471793125,868.29141653456134,-0.0083535594517507583,-0.028000309027520043,0.94378506993930067,122.50415012359619,0.87771878775198076,1
2006-02-08,116432.67159361907,6489.6100471793125,868.29141653456134,0.0085743893441700969,-0.019666005234708961,0.94426298084244098,122.55560012817382,1.204483461448526,1
2006-02-09,116250.33119109135,6489.6100471793125,868.29141653456134,-0.0015660587361950862,-0.021201265851600315,0.94417555648498108,122.61165016174317,1.135626556045791,1
2006-02-10,116450.03450715315,6489.6100471793125,868.29141653456134,0.0017178730934841457,-0.019519813842270306,0.94427129133413279,122.66660015106201,1.1967770647669418,1
2006-02-13,116250.33119109135,6489.6100471793125,868.29141653456134,-0.0017149270664195138,-0.021201265851600315,0.94417555648498108,122.72765018463134,1.1241077746864854,1
2006-02-14,117413.83850946953,6489.6100471793125,868.29141653456134,0.01000863659016682,-0.011404825026593568,0.94472874637638282,122.78765018463135,1.5234584346503228,1
2006-02-15,117804.56699709497,6489.6100471793125,868.29141653456134,0.0033277890629044293,-0.0081149888156769601,0.94491206739600042,122.84665016174317,1.648242665689746,1
2006-02-16,118638.13258656139,6489.6100471793125,868.29141653456134,0.0070758342457724055,-0.0010965748856706092,0.94529912174364061,122.90945018768311,1.9244614033842218,1
2006-02-17,118334.22529114407,6489.6100471793125,868.29141653456134,-0.0025616324936299506,-0.0036553983574417748,0.94515863832959079,122.96600017547607,1.7971962373291166,1
2006-02-21,118056.37892737231,6489.6100471793125,868.29141653456134,-0.0023479797420244974,-0.0059947952981739272,0.94502956887088929,123.02115020751953,1.6819922646694743,1
2006-02-22,118733.64517234323,6489.6100471793125,868.29141653456134,0.0057368034758000785,-0.00029238278487719871,0.94534312462352543,123.08205024719238,1.9017509588830794,1
2006-02-23,118568.66768334956,6489.6100471793125,868.29141653456134,-0.0013894754831640377,-0.0016814520093298979,0.94526707456551229,123.13835025787354,1.8227638766947452,1
2006-02-24,118855.20544069503,6489.6100471793125,868.29141653456134,0.0024166397661709027,0,0.94539902545187704,123.20240028381347,1.9062530683800822,1
2006-02-27,118898.62266133688,6489.6100471793125,868.29141653456134,0.00036529507042515341,0,0.94541896363539968,123.26350032806397,1.9015633350213184,1
2006-02-28,117830.61467966496,6489.6100471793125,868.29141653456134,-0.0089825092819953989,-0.0089825092819953989,0.94492424515630324,123.32490032196046,1.5158512871535152,1
2006-03-01,118820.46636455134,6489.6100471793125,868.29141653456134,0.0084006324466472382,-0.00065733559427483268,0.94538306197798749,123.39315029144286,1.8569395163631988,1
2006-03-02,118811.78822005319,6489.6100471793125,868.29141653456134,-7.3035772065743743e-05,-0.0007303233573279222,0.94537907269639099,123.45595027923584,1.8381663391421366,1
2006-03-03,118290.80807050223,6489.6100471793125,868.29141653456134,-0.0043849196898378962,-0.0051120406378962757,0.94513850946633604,123.51185024261474,1.6367429059983134,1
2006-03-06,117778.51931452498,6489.6100471793125,868.29141653456134,-0.0043307570920635419,-0.0094206587237123385,0.94489988424927507,123.55875022888183,1.4384764646830721,1
2006-03-07,117604.86368103318,6489.6100471793125,868.29141653456134,-0.0014744253409066932,-0.010881194006668649,0.94481852328165294,123.60215023040772,1.3622638565225822,1
2006-03-08,117839.30607323867,6489.6100471793125,868.29141653456134,0.0019934753110324444,-0.0089094100872429971,0.94492830734130473,123.64775024414062,1.4319023835326476,1
2006-03-09,117092.56830051813,6489.6100471793125,868.29141653456134,-0.0063369159035646661,-0.015189867808334423,0.94457709706628235,123.68575023651123,1.1522655125159647,1
2006-03-10,118143.20011958042,6489.6100471793125,868.29141653456134,0.0089726601295978536,-0.006353501199994227,0.94506996559589751,123.73120021820068,1.5132477597731624,1
2006-03-13,118351.59482921593,6489.6100471793125,868.29141653456134,0.0017639162425309163,-0.0046007920014268233,0.94516668696738748,123.77830020904541,1.5707083651227876,1
2006-03-14,119523.78029209224,6489.6100471793125,868.29141653456134,0.0099042641932101105,0,0.94570444449363966,123.82895015716552,1.9621487107617834,1
2006-03-15,120027.39090357136,6489.6100471793125,868.29141653456134,0.0042134762659646885,0,0.94593225764281585,123.8815001296997,2.1077344555622499,1
2006-03-16,120261.83329577684,6489.6100471793125,868.29141653456134,0.0019532407598015222,0,0.94603765908658233,123.93925010681153,2.1571033019095456,1
2006-03-17,120356.47388040097,6940.2532923607496,868.29141653456134,0.00078695444789511626,0,0.9423358539129576,123.98985008239747,2.0020788645710299,1
2006-03-20,120174.14010241104,6940.2532923607496,868.29141653456134,-0.0015149478221763157,-0.0015149478221763157,0.94224836319655503,124.03810009002686,1.9109358370765315,1
2006-03-21,119462.13478129642,6940.2532923607496,868.29141653456134,-0.00592477982790518,-0.0074307519177843062,0.9419041581245261,124.08530006408691,1.6452243812220799,1
2006-03-22,120148.09241984104,6940.2532923607496,868.29141653456134,0.0057420507326477743,-0.0017313689396301069,0.94223584284543627,124.13700008392334,1.8564900329671696,1
2006-03-23,119913.65002763555,6940.2532923607496,868.29141653456134,-0.0019512785220614504,-0.0036792690786658921,0.94212290851991176,124.186900100708,1.7539603950842255,1
2006-03-24,120000.48446891924,6940.2532923607496,868.29141653456134,0.00072414142396359793,-0.0029577919658519969,0.94216478939167692,124.2384001159668,1.76159602327959,1
2006-03-27,119835.50697992557,6940.2532923607496,868.29141653456134,-0.0013748068578539607,-0.0043285324310272655,0.94208516768303607,124.28610012054443,1.6845820144099604,1
2006-03-28,119140.87119688281,6940.2532923607496,868.29141653456134,-0.0057965773296150269,-0.010100019087681988,0.94174750257708095,124.33120014190673,1.4340577101344587,1
2006-03-29,119844.18512442372,6940.2532923607496,868.29141653456134,0.0059032128981049148,-0.0042564287525265199,0.94208936140576793,124.37845012664795,1.6514311260778165,1
2006-03-30,119644.48180836193,6940.2532923607496,868.29141653456134,-0.0016663579952123087,-0.0059156940136559921,0.94199270047842942,124.42315013885498,1.5656199615233986,1
2006-03-31,119670.52949093192,6940.2532923607496,868.29141653456134,0.00021770901738449311,-0.005699272896202312,0.94200532644182333,124.4668501663208,1.5557906287181491,1
2006-04-03,119583.69504964823,6940.2532923607496,868.29141653456134,-0.00072561257690662018,-0.0064207500090162073,0.94196321422013818,124.50850013732911,1.5090105888035272,1
2006-04-04,120304.37851526099,6940.2532923607496,868.29141653456134,0.0060266030859270625,-0.0004328422349074712,0.94231088362689674,124.55450012207031,1.7261392805951339,1
2006-04-05,120695.10700288642,6940.2532923607496,868.29141653456134,0.0032478326428979631,0,0.94249764166334615,124.6025500869751,1.8298927962416007,1
2006-04-06,120573.54673453461,6940.2532923607496,868.29141653456134,-0.0010071681559460366,-0.0010071681559460366,0.942439668730646,124.64955005645751,1.7660662010373589,1
2006-04-07,119418.71756065458,6940.2532923607496,868.29141653456134,-0.0095777988220135946,-0.010575320523982135,0.94188303614267432,124.68940002441406,1.3732466608509977,1
2006-04-10,119592.38644322194,6940.2532923607496,868.29141653456134,0.0014542852754984015,-0.0091364147814053664,0.94196743205174083,124.73880004882812,1.4154049892523768,1
2006-04-11,118637.2605854037,6940.2532923607496,868.29141653456134,-0.0079865105649656876,-0.017049957273193472,0.94150022296439784,124.7871000289917,1.0944620395616664,1
2006-04-12,118845.65529503919,6940.2532923607496,868.29141653456134,0.0017565704788460312,-0.015323336245958941,0.94160280175887545,124.83575004577636,1.1524275091797509,1
2006-04-13,118698.0473441174,6940.2532923607496,868.29141653456134,-0.0012420138586921592,-0.016546318308672259,0.94153018143390121,124.8785500717163,1.09341410773378,1
2006-04-17,118654.63012347555,6940.2532923607496,868.29141653456134,-0.00036577872688992041,-0.016906044744316562,0.94150878659232673,124.92270008087158,1.069068035496852,1
2006-04-18,120425.9387836128,6940.2532923607496,868.29141653456134,0.014928272569675327,-0.0022301502186594657,0.94236911613509333,124.98030006408692,1.6362268886631386,1
2006-04-19,120643.01163774644,6940.2532923607496,868.29141653456134,0.0018025423453305045,-0.00043162781353456303,0.94247281132868121,125.03740005493164,1.6895856160077605,1
2006-04-20,120799.31098224196,6940.2532923607496,868.29141653456134,0.0012955524101541105,0,0.94254724438468862,125.09060009002685,1.7202562407008333,1
2006-04-21,120816.66727123824,6940.2532923607496,868.29141653456134,0.00014367870855513942,0,0.94255549793655868,125.14895004272461,1.707751967445605,1
2006-04-24,120608.28581067831,6940.2532923607496,868.29141653456134,-0.0017247741165721253,-0.0017247741165721253,0.94245624796247385,125.20375007629394,1.6220369295859678,1
2006-04-25,120139.40102626733,6940.2532923607496,868.29141653456134,-0.0038876664340209421,-0.00560573520415375,0.94223166394142976,125.24900005340577,1.4523922888957796,1
2006-04-26,120165.44870883733,6940.2532923607496,868.29141653456134,0.000216812156107693,-0.0053901384395822483,0.94224418610396832,125.29130001068116,1.4444875916797526,1
2006-04-27,120712.47654095828,6940.2532923607496,868.29141653456134,0.004552288848405972,-0.00086238705828600715,0.94250591578240139,125.33514999389648,1.6027577733941332,1
2006-04-28,121094.52688408557,6940.2532923607496,868.29141653456134,0.0031649615190991742,0,0.94268730824635771,125.38034999847412,1.704183586256278,1
2006-05-01,120165.44870883733,6940.2532923607496,868.29141653456134,-0.0076723382893891801,-0.0076723382893891801,0.94224418610396832,125.417799949646,1.3891550490435134,1
2006-05-02,121016.38383637561,6940.2532923607496,868.29141653456134,0.007081362710175565,-0.0006453061894760026,0.94265030013006701,125.4604999923706,1.6414206200877108,1
2006-05-03,120590.91627260647,6940.2532923607496,868.29141653456134,-0.00351578480765391,-0.0041588222394326468,0.94244795954057026,125.50319999694824,1.4881560715256859,1
2006-05-04,120999.01429830375,6940.2532923607496,868.29141653456134,0.0033841522919912936,-0.00078874403525475145,0.94264206751923896,125.54490001678467,1.5980281951790998,1
2006-05-05,122006.23552126197,6940.2532923607496,868.29141653456134,0.0083242101499692023,0,0.9431155853411175,125.59030002593994,1.8887706421203938,1
2006-05-08,121867.30571483831,6940.2532923607496,868.29141653456134,-0.0011387107046627598,-0.0011387107046627598,0.94305073660526717,125.63850002288818,1.8195194757803925,1
2006-05-09,122093.0567134701,6940.2532923607496,868.29141653456134,0.0018524328351037234,0,0.94315603623023181,125.68389999389649,1.8626812717410473,1
2006-05-10,122032.28320383198,6940.2532923607496,868.29141653456134,-0.00049776384729838252,-0.00049776384729838252,0.94312772726895255,125.73069999694825,1.8180938932493116,1
2006-05-11,120643.01163774644,6940.2532923607496,868.29141653456134,-0.011384459338231179,-0.011876556413249917,0.94247281132868121,125.76875,1.3761883288803234,1
2006-05-12,119158.24073495466,6940.2532923607496,868.29141653456134,-0.012307143883726113,-0.024037533808355049,0.9417559939660568,125.79600002288818,0.91347484847269667,1
2006-05-15,119383.99173358644,6940.2532923607496,868.29141653456134,0.0018945479325591652,-0.022188526135776376,0.94186613136668773,125.82065002441406,0.97382738146497383,1
2006-05-16,119219.01424459279,6940.2532923607496,868.29141653456134,-0.0013819062890928491,-0.023539769961056445,0.94178568463817403,125.84850002288819,0.91493598374595486,1
2006-05-17,117083.01815486229,6940.2532923607496,868.29141653456134,-0.017916572312435264,-0.041034590282766348,0.94072365572963723,125.86450000762939,0.2606617269992712,1
2006-05-18,116527.3121782432,6940.2532923607496,868.29141653456134,-0.0047462559931968906,-0.045586085605905269,0.94044097334241472,125.87360000610352,0.089008914080382348,1
2006-05-19,117300.09100899594,6940.2532923607496,868.29141653456134,0.0066317399441142566,-0.039256660726599502,0.94083335117081457,125.88549999237061,0.32133990768573151,1
2006-05-22,116457.84727503137,6940.2532923607496,868.29141653456134,-0.00718024791557903,-0.04615503608582372,0.94040544750951494,125.89754997253418,0.061552619839404035,1
2006-05-23,115624.28831010273,6940.2532923607496,868.29141653456134,-0.0071576023808861411,-0.052982279070532101,0.93997581828355048,125.90899997711182,-0.19598529688169675,1
2006-05-24,116492.57972663728,6940.2532923607496,868.29141653456134,0.0075095936089639714,-0.045870560845864494,0.94042321572200716,125.92659996032715,0.064670685607969028,1
2006-05-25,117847.1188411169,6940.2532923607496,868.29141653456134,0.011627685794736387,-0.034776243519872185,0.94110799346976237,125.94829998016357,0.47367095674638743,1
2006-05-26,118411.50958677192,6940.2532923607496,868.29141653456134,0.0047891772934725019,-0.030153615822217428,0.94138869340843145,125.97354999542236,0.63988390728147515,1
2006-05-30,116431.79959246138,6940.2532923607496,868.29141653456134,-0.0167188983673906,-0.046368378951266997,0.94039211524125488,125.98494998931885,0.030616916782473691,1
2006-05-31,117656.09366955324,6940.2532923607496,868.29141653456134,0.010515117703043142,-0.036340830210595754,0.94101237703970508,126.00720001220704,0.40037736617919589,1
2006-06-01,118715.40363311367,6940.2532923607496,868.29141653456134,0.0090034432601135972,-0.027664579553308699,0.94153872976914277,126.03174999237061,0.71854823740842433,1
2006-06-02,118949.84602531916,6940.2532923607496,868.29141653456134,0.0019748270656605449,-0.02574438524811018,0.94165395312169231,126.06569999694824,0.78224610045236098,1
2006-06-05,117317.46054706779,6940.2532923607496,868.29141653456134,-0.013723308880146834,-0.039114395977567717,0.94084211114017147,126.09030002593994,0.27518837237916299,1
2006-06-06,117048.28570325638,6940.2532923607496,868.29141653456134,-0.0022944141695210307,-0.041319065522725573,0.94070606629852016,126.11340000152587,0.18665987838613377,1
2006-06-07,116223.41150736366,6940.2532923607496,868.29141653456134,-0.0070472983943049572,-0.048075176132918118,0.94028523855608015,126.13034999847412,-0.072615814587430522,1
2006-06-08,116127.89892158184,6940.2532923607496,868.29141653456134,-0.000821801602130523,-0.048857469478279847,0.94023612450745087,126.1467499923706,-0.10682370521156215,1
2006-06-09,115780.58103006045,6940.2532923607496,868.29141653456134,-0.0029908221430573478,-0.051702167619767758,0.94005684519272859,126.16229999542236,-0.21929373163424873,1
2006-06-12,114599.70417361043,6940.2532923607496,868.29141653456134,-0.010199265247627598,-0.061374108745964051,0.93943916921594528,126.17649997711182,-0.59249227415350514,1
2006-06-13,113349.36903848636,6940.2532923607496,868.29141653456134,-0.010910456917322398,-0.071614946093974563,0.93877113431479031,126.18130001068116,-0.98542692434608581,1
2006-06-14,114174.24323437907,6940.2532923607496,868.29141653456134,0.0072772720562090942,-0.064858835483782018,0.939213494254447,126.19499999999999,-0.73435634980466724,1
2006-06-15,116449.16913053324,6940.2532923607496,868.29141653456134,0.019925035907478295,-0.046226114202235324,0.94040100634311008,126.21715000152588,-0.026572255882086507,1
2006-06-16,115654.68142447805,7422.1550285374315,868.29141653456134,-0.0068226137806496334,-0.052733345059102987,0.93582486297034106,126.23514999389648,-0.43556346723332967,1
2006-06-19,114803.75292147756,7422.1550285374315,868.29141653456134,-0.0073574929481444729,-0.059702852792843042,0.93534919512941395,126.24059997558594,-0.70725058727945755,1
2006-06-20,115168.43372653301,7422.1550285374315,868.29141653456134,0.003176558220225445,-0.056715944160427578,0.93555391188039161,126.24859996795654,-0.59496286105716356,1
2006-06-21,115967.26686439352,7422.1550285374315,868.29141653456134,0.0069362160447308252,-0.050173122157574301,0.93599784465717784,126.26229999542237,-0.3461067017628236,1
2006-06-22,115489.7039354844,7422.1550285374315,868.29141653456134,-0.0041180838509159434,-0.054084588884383056,0.93573318853874943,126.26610000610351,-0.49948206421750641,1
2006-06-23,115472.34102195033,7422.1550285374315,868.29141653456134,-0.00015034165767513485,-0.054226799375310719,0.93572352510696444,126.26875,-0.50595966647599655,1
2006-06-26,115949.89732632166,7422.1550285374315,868.29141653456134,0.004135676995416171,-0.050315386906605974,0.93598825699992638,126.27619998931885,-0.35626575337627192,1
2006-06-27,115012.14763111305,7422.1550285374315,868.29141653456134,-0.0080875422646513595,-0.0579960013530878,0.93546633828329984,126.27275001525879,-0.65410870670808052,1
2006-06-28,115741.50924122395,7422.1550285374315,868.29141653456134,0.0063416049968063604,-0.052022184088257095,0.93587300634668191,126.27475002288818,-0.42222724957338126,1
2006-06-29,117929.60069609442,7422.1550285374315,868.29141653456134,0.018904984643928646,-0.034100678035660414,0.9370628325312117,126.29279998779298,0.27090830315563891,1
2006-06-30,117938.28546513035,7422.1550285374315,868.29141653456134,7.3643673722756375e-05,-0.034029545661144578,0.93706746711413014,126.31314998626709,0.26848419516582411,1
2006-07-03,118389.80071146948,7422.1550285374315,868.29141653456134,0.0038284026646513425,-0.030331421799779212,0.93730747932732705,126.33639999389648,0.40704848007616723,1
2006-07-05,117755.94506260262,7422.1550285374315,868.29141653456134,-0.005353971753121245,-0.03552299997735231,0.93697001858724349,126.35424999237061,0.1993520557242022,1
2006-07-06,118077.21527155401,7422.1550285374315,868.29141653456134,0.0027282716705352428,-0.032891644701307787,0.93714151361490061,126.37600002288818,0.29689972022564604,1
2006-07-07,117356.53180594125,7422.1550285374315,868.29141653456134,-0.0061034930740476723,-0.038794383849726999,0.93675550125483797,126.39880001068116,0.059149951419003192,1
2006-07-10,117564.91989103897,7422.1550285374315,868.29141653456134,0.0017756837381859292,-0.037087586668075878,0.93686760442301664,126.42849998474121,0.11875006393667874,1
2006-07-11,118051.16758898403,7422.1550285374315,868.29141653456134,0.0041359931040290121,-0.033104987566751176,0.9371276440536449,126.45885002136231,0.26931691560300836,1
2006-07-12,116870.29073253399,7422.1550285374315,868.29141653456134,-0.010003093409134856,-0.042776928692947469,0.93649237131168295,126.48190002441406,-0.12291121206723163,1
2006-07-13,115090.29067882303,7422.1550285374315,868.29141653456134,-0.015230560671613436,-0.057355972756757745,0.93551015481184174,126.49400001525879,-0.71234000772503858,1
2006-07-14,114673.50788408982,7422.1550285374315,868.29141653456134,-0.0036213549577027715,-0.060769621378163996,0.93527576538393142,126.50384998321533,-0.85498031346456504,1
2006-07-17,114517.21516413208,7422.1550285374315,868.29141653456134,-0.0013629365913853109,-0.062049732828928339,0.93518742996064297,126.51219997406005,-0.91145413215102888,1
2006-07-18,115064.24299625304,7422.1550285374315,868.29141653456134,0.0047768174534887908,-0.057569315622201023,0.93549555591497591,126.51874996185303,-0.73359048045104835,1
2006-07-19,116557.70529261853,7422.1550285374315,868.29141653456134,0.012979377932500924,-0.045337151594476155,0.93632205601591012,126.53199996948243,-0.24292365092095328,1
2006-07-20,115810.97414443578,7422.1550285374315,868.29141653456134,-0.0064065361128041731,-0.051453233608338644,0.93591147053749202,126.5431499862671,-0.49555810660821947,1
2006-07-21,115046.87345818119,7422.1550285374315,868.29141653456134,-0.0065978262586896541,-0.057711580371232807,0.93548581716794477,126.55679996490478,-0.75750171374774378,1
2006-07-24,117009.21391441987,7422.1550285374315,868.29141653456134,0.017056877751240984,-0.041639081991214799,0.93656777291089266,126.58969997406005,-0.11147309392511749,1
2006-07-25,117399.9490265831,7422.1550285374315,868.29141653456134,0.0033393533645051932,-0.038438776235251937,0.93677889053549068,126.62700000762939,0.0098059104887343596,1
2006-07-26,117547.55697750491,7422.1550285374315,868.29141653456134,0.0012573084753928487,-0.03722979715900343,0.93685827915625841,126.66310001373292,0.050139478440090986,1
2006-07-27,117443.35962268716,7422.1550285374315,868.29141653456134,-0.00088642722568610388,-0.038083222878880996,0.93680225895799696,126.70365001678466,0.0019360982136751497,1
2006-07-28,118546.09343142722,7422.1550285374315,868.29141653456134,0.0093894947511961036,-0.029051310349014758,0.93739013396649162,126.75140003204346,0.38065399464992322,1
2006-07-31,118433.21130757354,7422.1550285374315,868.29141653456134,-0.00095222137302208854,-0.029975868443408271,0.93733045868981857,126.80315002441407,0.33116025442476349,1
2006-08-01,117886.19009999036,7422.1550285374315,868.29141653456134,-0.0046188159684580343,-0.034456231392031356,0.93703965644964859,126.8521000289917,0.11903703317523723,1
2006-08-02,118632.92124817311,7422.1550285374315,868.29141653456134,0.0063343394807260367,-0.028340149378168866,0.93743595832887983,126.89915004730224,0.3888363888254468,1
2006-08-03,118928.13715001673,7422.1550285374315,868.29141653456134,0.0024884821071382568,-0.025922191225671853,0.93759126135831872,126.94570003509521,0.49339041307869341,1
2006-08-04,118737.11197845307,7422.1550285374315,868.29141653456134,-0.0016062235240655864,-0.027486777916395422,0.93749085770349283,126.9976000213623,0.41199482598407167,1
2006-08-07,118476.62852821538,7422.1550285374315,868.29141653456134,-0.0021937829369217399,-0.029620260828933209,0.93735342471557737,127.03820003509522,0.29986897470745205,1
2006-08-08,118051.16758898403,7422.1550285374315,868.29141653456134,-0.0035910959361071804,-0.033104987566751176,0.9371276440536449,127.08690006256103,0.11554930350740382,1
2006-08-09,117677.80201489264,7422.1550285374315,868.29141653456134,-0.003162743594297357,-0.036163028573682476,0.93692816400838186,127.13115009307862,-0.055502946438395422,1
2006-08-10,118016.43513737811,7422.1550285374315,868.29141653456134,0.0028776295672365837,-0.033389462806710402,0.93710914060488615,127.16820011138915,0.075429233647689539,1
2006-08-11,117703.84969746265,7422.1550285374315,868.29141653456134,-0.0026486602442413743,-0.035949685708238976,0.93694212170957203,127.2046501159668,-0.074213533009748908,1
2006-08-14,117790.67751420854,7422.1550285374315,868.29141653456134,0.00073768034749144284,-0.035238524737393084,0.93698860397808537,127.24335010528564,-0.052021545647737553,1
2006-08-15,119110.48417708224,7422.1550285374315,868.29141653456134,0.011204678423846426,-0.024428682651360001,0.93768680330857468,127.2960001373291,0.53750295988457508,1
2006-08-16,120039.54910325492,7422.1550285374315,868.29141653456134,0.0078000264426045796,-0.016819200579394011,0.93816908607218208,127.34550010681153,0.96891206640534089,1
2006-08-17,120326.08686060039,7422.1550285374315,868.29141653456134,0.0023870279377591341,-0.014472320543308714,0.93831632672359644,127.39500011444092,1.105779724377417,1
2006-08-18,120899.16237529134,7422.1550285374315,868.29141653456134,0.0047626872080936966,-0.0097785604711380092,0.93860871421509273,127.44600013732911,1.384297533430304,1
2006-08-21,120412.92130188407,7422.1550285374315,868.29141653456134,-0.0040218729712775403,-0.013761105314358701,0.93836080921972209,127.48790016174317,1.1408218558670333,1
2006-08-22,120404.22990831036,7422.1550285374315,868.29141653456134,-7.2179907934621923e-05,-0.013832291946978659,0.9383563597874468,127.52715015411377,1.1304626325651042,1
2006-08-23,120091.64446839489,7422.1550285374315,868.29141653456134,-0.0025961333763232508,-0.016392514848507345,0.93819590812172826,127.56540012359619,0.96823874600359594,1
2006-08-24,119996.13188261307,7422.1550285374315,868.29141653456134,-0.00079533081759874946,-0.017174808193869073,0.93814671429743923,127.60250007629395,0.91425821944135988,1
2006-08-25,120135.06168903674,7422.1550285374315,868.29141653456134,0.0011577857072890829,-0.016036907234032283,0.93821824433112389,127.64040004730225,0.98072168163898432,1
2006-08-28,120673.39812758399,7422.1550285374315,868.29141653456134,0.0044810934541383851,-0.011627676659924924,0.93849385909651584,127.68060001373291,1.2557719867121488,1
2006-08-29,120803.64978950951,7422.1550285374315,868.29141653456134,0.0010793734488838691,-0.010560853816499849,0.93856017561166472,127.71680004119872,1.3151108252903225,1
2006-08-30,120873.11469272134,7422.1550285374315,868.29141653456134,0.00057502321604419038,-0.0099919033365815091,0.93859548463357034,127.75130004882813,1.3411357182213588,1
2006-08-31,120855.7451546495,7422.1550285374315,868.29141653456134,-0.0001437005914507461,-0.010134168085613071,0.93858665950021758,127.78605003356934,1.3217977998119654,1
2006-09-01,121533.0113996204,7422.1550285374315,868.29141653456134,0.0056039226277928567,-0.0045870365516691436,0.93892889723490713,127.82695003509521,1.6711098042416568,1
2006-09-05,121750.08425375404,7422.1550285374315,868.29141653456134,0.0017861225656614632,-0.0028091069955021863,0.93903778322594,127.86785003662109,1.7725596657691667,1
2006-09-06,120742.86303079582,7422.1550285374315,868.29141653456134,-0.0082728585292717316,-0.011058726180006584,0.93852924436084983,127.89720001220704,1.2204801495951492,1
2006-09-07,120221.89613032043,7422.1550285374315,868.29141653456134,-0.0043146806974629914,-0.015325692005082159,0.93826286835060546,127.92110004425049,0.93094141864438384,1
2006-09-08,120543.15971473404,7422.1550285374315,868.29141653456134,0.0026722551777536019,-0.012694390987141757,0.93842740603363983,127.94370002746582,1.0930718300008657,1
2006-09-11,120656.04183858771,7422.1550285374315,868.29141653456134,0.00093644570227646717,-0.011769832892748355,0.93848501148026475,127.96425003051758,1.1422232368026253,1
2006-09-12,121767.4537918259,7422.1550285374315,868.29141653456134,0.009211407371750413,-0.0026668422464705133,0.93904647919117723,127.98755004882813,1.7170946724961762,1
2006-09-13,122227.64718266318,7422.1550285374315,868.29141653456134,0.0037792807232712722,0,0.93927597233835824,128.01300006866455,1.9334464291043405,1
2006-09-14,122236.32532716131,7422.1550285374315,868.29141653456134,7.099984903713441e-05,0,0.93928028342906833,128.04300003051759,1.9097620096208692,1
2006-09-15,122504.63691420491,7924.8957587109426,868.29141653456134,0.0021950233396290653,0,0.93530942208937706,128.07235008239746,1.762846416622569,1
2006-09-18,122660.92300962486,7924.8957587109426,868.29141653456134,0.0012757565701730922,0,0.93539184636586259,128.10600006103516,1.8205864800929887,1
2006-09-19,122374.38525227939,7924.8957587109426,868.29141653456134,-0.0023360150104446697,-0.0023360150104446697,0.93524056735914562,128.13160003662108,1.6503935869079338,1
2006-09-20,122982.18659403846,7924.8957587109426,868.29141653456134,0.0049667366296146653,0,0.93556062078428592,128.15990001678466,1.9349260837361031,1
2006-09-21,122426.48061741937,7924.8957587109426,868.29141653456134,-0.0045185891714014659,-0.0045185891714014659,0.93526812403048565,128.18634998321534,1.6295434754030635,1
2006-09-22,122079.16935043577,7924.8957587109426,868.29141653456134,-0.002836896603022776,-0.0073426670041534248,0.93508396394832893,128.20959999084474,1.4361371711210871,1
2006-09-25,122956.13891146847,7924.8957587109426,868.29141653456134,0.0071836134346172642,-0.00021180045087321187,0.93554696960338779,128.24159996032714,1.8548199427877166,1
2006-09-26,123911.26476928672,7924.8957587109426,868.29141653456134,0.0077680209078943019,0,0.93604378283551137,128.27949996948243,2.2942922264355037,1
2006-09-27,124050.19457571038,7924.8957587109426,868.29141653456134,0.0011212040058048434,0,0.93611541049317559,128.31654998779297,2.3197094309478659,1
2006-09-28,124006.77735506854,7924.8957587109426,868.29141653456134,-0.00034999719903983095,-0.00034999719903983095,0.93609304323730957,128.35275001525878,2.2570472843662834,1
2006-09-29,123911.26476928672,7924.8957587109426,868.29141653456134,-0.00077022069131216231,-0.001119948315267405,0.93604378283551137,128.38410003662111,2.1721295066980684,1
2006-10-02,123477.11906101943,7924.8957587109426,868.29141653456134,-0.0035036823252158067,-0.0046197066973658885,0.93581891269430528,128.41045005798341,1.9339391658702989,1
2006-10-03,123720.23959772306,7924.8957587109426,868.29141653456134,0.0019689521309893543,-0.0026598505477227752,0.93594503385639416,128.44005004882811,2.0175164440338378,1
2006-10-04,125074.7720876649,7924.8957587109426,868.29141653456134,0.010948350038329169,0,0.93663873516270424,128.4828500366211,2.5992320002765763,1
2006-10-05,125300.52308629667,7924.8957587109426,868.29141653456134,0.0018049283229837343,0,0.93675289165989406,128.53020000457764,2.6457920987217602,1
2006-10-06,125152.91513537487,7924.8957587109426,868.29141653456134,-0.0011780314023120964,-0.0011780314023120964,0.93667829670496461,128.57609996795654,2.5258577223751573,1
2006-10-09,125222.38003858671,7924.8957587109426,868.29141653456134,0.00055504023327546115,-0.00062364502386114129,0.93671342330125873,128.62139995574952,2.5054062346744748,1
2006-10-10,125378.67938308221,7924.8957587109426,868.29141653456134,0.0012481742037433463,0,0.93679231750003356,128.66429996490479,2.5208747649968095,1
2006-10-11,125239.74957665855,7924.8957587109426,868.29141653456134,-0.0011080815901656216,-0.0011080815901656216,0.93672220053538069,128.70604995727538,2.4111210259144156,1
2006-10-12,126255.64894411492,7924.8957587109426,868.29141653456134,0.0081116368476490397,0,0.93723135697303506,128.76009994506836,2.7859298842908338,1
2006-10-13,126559.55623953225,7924.8957587109426,868.29141653456134,0.0024070787957524153,0,0.93738208323271976,128.81449996948243,2.8448581806629178,1
2006-10-16,126741.89001752218,7924.8957587109426,868.29141653456134,0.0014406954591783538,0,0.93747216679808609,128.87274993896483,2.852679475544158,1
2006-10-17,126368.53106796859,7924.8957587109426,868.29141653456134,-0.002945821223764078,-0.002945821223764078,0.9372874267688649,128.93224994659423,2.6461629729529057,1
2006-10-18,126524.81716338855,7924.8957587109426,868.29141653456134,0.0012367485330337935,-0.0017127159308072404,0.93736489064847184,128.98169994354248,2.6486321255806398,1
2006-10-19,126715.84233495219,7924.8957587109426,868.29141653456134,0.0015097842134557116,-0.0002055175488261396,0.93745931358951307,129.02924991607665,2.662285699383677,1
2006-10-20,126741.89001752218,7924.8957587109426,868.29141653456134,0.0002055597949712773,0,0.93747216679808609,129.07654991149903,2.6125063274280746,1
2006-10-23,127288.91784964314,7924.8957587109426,868.29141653456134,0.0043160775971176069,0,0.93774088198257732,129.1216999053955,2.7555194366355487,1
2006-10-24,127644.92051020045,7924.8957587109426,868.29141653456134,0.0027968079748923458,0,0.93791452313938617,129.16724990844727,2.8179479875646209,1
2006-10-25,128053.01853589773,7924.8957587109426,868.29141653456134,0.0031971348649526554,0,0.93811238618721571,129.21449996948243,2.8919760976293167,1
2006-10-26,128426.37748545132,7924.8957587109426,868.29141653456134,0.002915659106067281,0,0.93829230479066728,129.26184997558593,2.9466471585743763,1
2006-10-27,127670.96819277044,7924.8957587109426,868.29141653456134,-0.0058820415826682515,-0.0058820415826682515,0.93792718994074564,129.3073999786377,2.6171122073848583,1
2006-10-30,127584.13375148675,7924.8957587109426,868.29141653456134,-0.00068014242010427939,-0.0065581833767753839,0.93788494285545443,129.35305000305175,2.5312739046204622,1
2006-10-31,127566.76421341491,7924.8957587109426,868.29141653456134,-0.00013614183489052412,-0.0066934323685474695,0.93787648524616596,129.40034996032716,2.4728294320790698,1
2006-11-01,126759.25955559404,7924.8957587109426,868.29141653456134,-0.0063300551895315582,-0.012981117761778682,0.93748073484734074,129.44554996490479,2.1607825172235327,1
2006-11-02,126689.7946523822,7924.8957587109426,868.29141653456134,-0.00054800653976183611,-0.013522010564113618,0.93744645509564783,129.48789997100829,2.1019800775242077,1
2006-11-03,126481.39994274671,7924.8957587109426,868.29141653456134,-0.001644921046776493,-0.015144688971118425,0.9373433899190059,129.54074993133545,2.0023157786922758,1
2006-11-06,127818.57614369225,7924.8957587109426,868.29141653456134,0.010572117335440945,-0.0047326830644890405,0.93799887310744356,129.599049949646,2.395754980740707,1
2006-11-07,128278.76953452952,7924.8957587109426,868.29141653456134,0.0036003639276964705,-0.001149358518179211,0.93822129891433237,129.65934993743898,2.4932846542966876,1
2006-11-08,128539.25960930499,7924.8957587109426,868.29141653456134,0.0020306561695335734,0,0.93834649598263864,129.72059993743898,2.5229485438607102,1
2006-11-09,127905.39733590036,7924.8957587109426,868.29141653456134,-0.0049312737239288751,-0.0049312737239288751,0.93804095899175477,129.77469989776611,2.2797445039754125,1
2006-11-10,127957.50595011591,7924.8957587109426,868.29141653456134,0.00040739965084268803,-0.004525883072279413,0.93806619080399656,129.82319995880127,2.2541684655024006,1
2006-11-13,128252.72185195952,7924.8957587109426,868.29141653456134,0.0023071401685392789,-0.0022291847503743689,0.93820875187461084,129.87389995574952,2.3012079641154357,1
2006-11-14,129155.73909556222,7924.8957587109426,868.29141653456134,0.0070409206959758386,0,0.93864077729563899,129.93449993133544,2.5213540154807741,1
2006-11-15,129503.06361162139,7924.8957587109426,868.29141653456134,0.0026891915023781188,0,0.93880534145139882,129.9926499557495,2.567782049120638,1
2006-11-16,129815.64905153685,7924.8957587109426,868.29141653456134,0.0024137300786404303,0,0.93895269317210928,130.06004997253419,2.6014870891127635,1
2006-11-17,129850.37487860498,7924.8957587109426,868.29141653456134,0.00026750108574624676,0,0.93896901902578411,130.13079998016357,2.5566509395686934,1
2006-11-20,129919.83978181682,7924.8957587109426,868.29141653456134,0.00053496112950601749,0,0.93900165077158526,130.20029998779296,2.5228831612706291,1
2006-11-21,130041.40005016862,7924.8957587109426,868.29141653456134,0.00093565592873234849,0,0.9390586708874743,130.27609996795655,2.5066437561645429,1
2006-11-22,130284.52058687226,7924.8957587109426,868.29141653456134,0.0018695625901430368,0,0.93917239190801094,130.34759994506837,2.5208699642135817,1
2006-11-24,129789.60136896686,7924.8957587109426,868.29141653456134,-0.0037987568720827536,-0.0037987568720827536,0.9389404414905167,130.41729995727539,2.3407022121689405,1
2006-11-27,128113.79204553585,7924.8957587109426,868.29141653456134,-0.012911737964792724,-0.016661446283551262,0.93814174389675253,130.47619995117188,1.8593767926417786,1
2006-11-28,128634.77219508683,7924.8957587109426,868.29141653456134,0.0040665422608503476,-0.012662658498139745,0.93839227431683803,130.53924995422364,1.9700957250352296,1
2006-11-29,129893.79209924683,7924.8957587109426,868.29141653456134,0.0097875549719212973,-0.00299903999235962,0.93898941873483965,130.60284996032715,2.2648147956163447,1
2006-11-30,129945.8874643868,7924.8957587109426,868.29141653456134,0.00040106123855543352,-0.0025991815524980533,0.93901387790450197,130.66449996948242,2.2374811422356813,1
2006-12-01,129676.71924511319,7924.8957587109426,868.29141653456134,-0.0020713869790407458,-0.0046651846207147463,0.93888728983240688,130.7197999572754,2.1305401344447059,1
2006-12-04,130605.78417128586,7924.8957587109426,868.29141653456134,0.007164469702665599,0,0.93932201541458782,130.7821999359131,2.3253415065946639,1
2006-12-05,131135.44246533496,7924.8957587109426,868.29141653456134,0.0040553969137726575,0,0.93956709483169787,130.84924987792968,2.4110699712659542,1
2006-12-06,131031.251735055,7924.8957587109426,868.29141653456134,-0.00079452761451193066,-0.00079452761451193066,0.93951904103965156,130.91179985046386,2.3391142769143181,1
2006-12-07,130492.91529650777,7924.8957587109426,868.29141653456134,-0.004108458336609333,-0.0048997216675197297,0.93926953244393463,130.97219985961914,2.1674855515451523,1
2006-12-08,130718.66629513954,7924.8957587109426,868.29141653456134,0.0017299866289202104,-0.0031782114915698267,0.93937441389726284,131.03224983215333,2.183984161617464,1
2006-12-11,131074.66895569683,7924.8957587109426,868.29141653456134,0.0027234263525417468,-0.00046344076395810063,0.93953907477432164,131.09409980773927,2.2294276590868223,1
2006-12-12,130979.15636991503,7924.8957587109426,868.29141653456134,-0.0007286883617008133,-0.0011917914217679515,0.93949498547441213,131.16154983520508,2.168447234959376,1
2006-12-13,131109.39478276498,7924.8957587109426,868.29141653456134,0.00099434456946823069,-0.0001986319036278994,0.9395550885438706,131.22404983520508,2.1613370013561886,1
2006-12-14,132194.75905343317,7924.8957587109426,868.29141653456134,0.0082783104327994739,0,0.94005136197942851,131.29284980773926,2.3679268060080645,1
2006-12-15,132206.04790177417,8613.4508520228501,868.29141653456134,8.5395581654212904e-05,0,0.93484828425986655,131.36074981689453,2.173328737433375,1
2006-12-18,131867.41477928872,8613.4508520228501,868.29141653456134,-0.0025614041706855106,-0.0025614041706855106,0.93468097583895537,131.42964981079101,2.0621866835568712,1
2006-12-19,132101.85717149419,8613.4508520228501,868.29141653456134,0.0017778644754495865,-0.00078809352471831406,0.93479689811748157,131.50089981079103,2.0805733637736461,1
2006-12-20,132032.39226828236,8613.4508520228501,868.29141653456134,-0.00052584350212170339,-0.0013135226129808997,0.93476259345115253,131.57039978027345,2.0322021249031228,1
2006-12-21,131580.87702194325,8613.4508520228501,868.29141653456134,-0.0034197308598458154,-0.0047287615790119197,0.93453873353810812,131.64159976959229,1.9040831724258591,1
2006-12-22,130825.46772926237,8613.4508520228501,868.29141653456134,-0.0057410264301164249,-0.010442640063921593,0.93416074865600318,131.70239978790283,1.7151222100033332,1
2006-12-26,131546.1511948751,8613.4508520228501,868.29141653456134,0.0055087398357647199,-0.0049914260154676482,0.93452145293659938,131.76614978790283,1.8457600839000325,1
2006-12-27,132353.65585269599,8613.4508520228501,868.29141653456134,0.0061385654425163416,0,0.93492094497480849,131.82779979705811,1.9894408773634884,1
2006-12-28,132093.17902699608,8613.4508520228501,868.29141653456134,-0.0019680365005543266,-0.0019680365005543266,0.93479261445995998,131.88504985809325,1.9054757264090103,1
2006-12-29,131580.87702194325,8613.4508520228501,868.29141653456134,-0.0038783380703414361,-0.0058387418600118757,0.93453873353810812,131.93799983978272,1.7727625665877547,1
2007-01-03,131363.80416780961,8613.4508520228501,868.29141653456134,-0.0016497294975275079,-0.0074788390128645021,0.93443056170161098,131.99174983978273,1.7048102473311892,1
2007-01-04,131624.29424258508,8613.4508520228501,868.29141653456134,0.001982966894310545,-0.0055107024087241996,0.93456032640791864,132.04804981231689,1.7361744811294917,1
2007-01-05,130643.12070219686,8613.4508520228501,868.29141653456134,-0.0074543498678132369,-0.012923973572765424,0.93406885256777228,132.10279979705811,1.5143498054951581,1
2007-01-08,131207.51807238965,8613.4508520228501,868.29141653456134,0.0043201461137731823,-0.0086596609131971425,0.93435245953459278,132.15684978485106,1.6110942467192575,1
2007-01-09,131103.3273421097,8613.4508520228501,868.29141653456134,-0.00079409116040485284,-0.0094468755134187177,0.93430028797403175,132.2116498184204,1.5706218658463496,1
2007-01-10,131511.41211873142,8613.4508520228501,868.29141653456134,0.0031126958018146134,-0.0063635849613550288,0.93450415661078567,132.26829975128175,1.6333682655625519,1
2007-01-11,132049.76180635422,8613.4508520228501,868.29141653456134,0.0040935587182104882,-0.0022960759518421137,0.93477117463752701,132.32899974822999,1.719661758395753,1
2007-01-12,132987.51812610062,8613.4508520228501,868.29141653456134,0.0071015373819574013,0,0.93523113316653173,132.39909976959228,1.8807845550294213,1
2007-01-16,132744.39758939698,8613.4508520228501,868.29141653456134,-0.0018281455292150639,-0.0018281455292150639,0.93511250939067248,132.46374980926512,1.8067611299520492,1
2007-01-17,132796.49295453698,8613.4508520228501,868.29141653456134,0.00039244869151566775,-0.0014364142910202604,0.93513796441166797,132.52984981536866,1.7920284687612309,1
2007-01-18,132379.70353526596,8613.4508520228501,868.29141653456134,-0.0031385574272184691,-0.0045704634494969643,0.93493375025025482,132.59339977264403,1.6878679638897351,1
2007-01-19,132622.83732104517,8613.4508520228501,868.29141653456134,0.0018366394491466931,-0.0027422182938225959,0.93505303440936094,132.65884983062745,1.712541101293003,1
2007-01-22,132240.78697791789,8613.4508520228501,868.29141653456134,-0.0028807281675209406,-0.0056150468758630057,0.93486539933053203,132.71794986724854,1.6181830214268853,1
2007-01-23,132605.46778297331,8613.4508520228501,868.29141653456134,0.0027577029250160923,-0.0028728285820406319,0.93504452722779186,132.77689990997314,1.6672284752482187,1
2007-01-24,133603.99761235784,8613.4508520228501,868.29141653456134,0.0075300803660580673,0,0.93552999157245176,132.84229991912841,1.8324469919576523,1
2007-01-25,132136.58299856234,8613.4508520228501,868.29141653456134,-0.010983313673390893,-0.010983313673390893,0.93481403365700344,132.90589992523192,1.5351342343653889,1
2007-01-26,132023.71412378424,8613.4508520228501,868.29141653456134,-0.00085418339279541566,-0.011828115302048636,0.93475830528485992,132.96784992218016,1.4961684798708643,1
2007-01-29,131954.24922057241,8613.4508520228501,868.29141653456134,-0.00052615474176631594,-0.012348046624862552,0.93472395998688329,133.03489994049073,1.4660247188722573,1
2007-01-30,132596.7763893996,8613.4508520228501,868.29141653456134,0.0048693177568928103,-0.0075388554306632383,0.9350402695558182,133.10444988250731,1.5671006275868391,1
2007-01-31,133430.34197886605,8613.4508520228501,868.29141653456134,0.0062864694916753283,-0.001299778723654943,0.93544608576820454,133.179649848938,1.6999576354036159,1
2007-02-01,134177.07312704879,8613.4508520228501,868.29141653456134,0.0055964118588633927,0,0.93580534549395777,133.2593998336792,1.8127141887319227,1
2007-02-02,134350.72876054057,8613.4508520228501,868.29141653456134,0.0012942273180109876,0,0.93588832058086568,133.32994983673095,1.818847672783831,1
2007-02-05,134385.46783668429,8613.4508520228501,868.29141653456134,0.00025857006109464287,0,0.93590489365642882,133.39944988250733,1.7999892200622483,1
2007-02-06,134420.1936637524,8613.4508520228501,868.29141653456134,0.00025840462980952772,0,0.93592145184994224,133.46824985504151,1.7816532812000467,1
2007-02-07,134698.05327659976,8613.4508520228501,868.29141653456134,0.0020670972513432417,0,0.93605363520484364,133.53854991912843,1.8062129534491327,1
2007-02-08,134533.0757876061,8613.4508520228501,868.29141653456134,-0.0012247949022313742,-0.0012247949022313742,0.93597521797820682,133.60909992218018,1.752933496545301,1
2007-02-09,133595.31946785969,8613.4508520228501,868.29141653456134,-0.0069704517960095247,-0.0081867093244148981,0.93552580370081706,133.67694995880126,1.5678098288749431,1
2007-02-12,133169.85190409055,8613.4508520228501,868.29141653456134,-0.003184749027614675,-0.011345385737469238,0.93531981353988225,133.74219997406007,1.4757796030163035,1
2007-02-13,134220.49034769062,8613.4508520228501,868.29141653456134,0.0078894616805367246,-0.0035454330429592895,0.93582611097821067,133.81034999847412,1.6388959952078748,1
2007-02-14,135045.36454358336,8613.4508520228501,868.29141653456134,0.0061456651943079255,0,0.93621809322271832,133.88104999542236,1.7584518135329514,1
2007-02-15,135210.342032577,8613.4508520228501,868.29141653456134,0.0012216449602044932,0,0.9362959169946663,133.95805004119873,1.7626858386199695,1
2007-02-16,135149.55527386331,8613.4508520228501,868.29141653456134,-0.00044957181381166667,-0.00044957181381166667,0.9362672645531922,134.02979999542237,1.7290927796259132,1
2007-02-20,135418.72349313693,8613.4508520228501,868.29141653456134,0.0019916322974808942,0,0.93639394442778534,134.10554996490478,1.7510183397539296,1
2007-02-21,135366.62812799696,8613.4508520228501,868.29141653456134,-0.00038469839174504195,-0.00038469839174504195,0.93636946586363712,134.17864994049071,1.7192835714882895,1
2007-02-22,135271.11554221512,8613.4508520228501,868.29141653456134,-0.00070558443467705345,-0.0010900113892248209,0.93632453744838995,134.24539989471435,1.6817032886045191,1
2007-02-23,134776.19632430971,8613.4508520228501,868.29141653456134,-0.0036587206065507027,-0.0047447439486444365,0.93609071121656795,134.31009990692138,1.5801732550643228,1
2007-02-26,134663.31420045605,8613.4508520228501,868.29141653456134,-0.00083755237892335632,-0.0055783223559862094,0.93603713897014951,134.37284992218017,1.5433679276281507,1
2007-02-27,129740.10345859417,8613.4508520228501,868.29141653456134,-0.036559405737878414,-0.041933787943515544,0.93360995850622397,134.40759990692138,0.72707532587262702,1
2007-02-28,130981.75382468231,8613.4508520228501,868.29141653456134,0.0095702896250919878,-0.032764816814120135,0.93423930738053895,134.45749988555909,0.92270640708593465,1
2007-03-01,130617.07301962687,8613.4508520228501,868.29141653456134,-0.0027842107347528788,-0.035457803394176923,0.93405570456529385,134.51384983062744,0.85441825679206707,1
2007-03-02,129019.41999298141,8613.4508520228501,868.29141653456134,-0.012231578841193302,-0.047255677317618816,0.93323911351879107,134.55969982147218,0.58594182549738727,1
2007-03-05,127873.28221267508,8613.4508520228501,868.29141653456134,-0.0088834516568797595,-0.055719335449534446,0.93264073070637843,134.59989986419677,0.39244111024777689,1
2007-03-06,129913.75909208597,8613.4508520228501,868.29141653456134,0.015957022797125298,-0.040651427358418091,0.9336987020295715,134.66414985656738,0.71989640560273471,1
2007-03-07,129792.19882373414,8613.4508520228501,868.29141653456134,-0.00093569972265727941,-0.041549089551770502,0.93363660582004271,134.73089984893798,0.69205387663126883,1
2007-03-08,130816.78958476422,8613.4508520228501,868.29141653456134,0.0078940858565894612,-0.033982995775365898,0.9341563810015252,134.79909988403321,0.85239557288163603,1
2007-03-09,130851.51541183236,8613.4508520228501,868.29141653456134,0.0002654539006679002,-0.03372656279348285,0.93417385480853221,134.87234989166259,0.84939426138776364,1
2007-03-12,131033.86243889786,8613.4508520228501,868.29141653456134,0.0013935415764319004,-0.03238002058453382,0.93426545862494603,134.95144992828369,0.87082833005513338,1
2007-03-13,128654.73918792597,8613.4508520228501,868.29141653456134,-0.018156552868776932,-0.049948663897675605,0.93304987514341631,135.01184993743897,0.46861238937033556,1
2007-03-14,129549.07828703051,8613.4508520228501,868.29141653456134,0.006951466418956942,-0.04334441393847499,0.93351206379918206,135.06959991455079,0.61044730830611971,1
2007-03-15,129714.05577602416,8613.4508520228501,868.29141653456134,0.0012734748187719358,-0.042126137139388176,0.93359662682280475,135.12504989624023,0.63081806052622724,1
2007-03-16,129376.28829514014,9091.8794225333932,868.29141653456134,-0.002603938939872763,-0.044620382190377228,0.92972530328128977,135.18719989776611,0.48713789870113766,1
2007-03-19,130826.33337086378,9091.8794225333932,868.29141653456134,0.011207966272890113,-0.033912519656160378,0.93050420975446946,135.25064987182617,0.72258544665582825,1
2007-03-20,131494.92147133654,9091.8794225333932,868.29141653456134,0.0051105009461471784,-0.028975328673802259,0.93085756224801997,135.31184989929199,0.82653321395814716,1
2007-03-21,133509.35066817745,9091.8794225333932,868.29141653456134,0.015319444844719809,-0.014099769778558424,0.93190080412322396,135.38329986572265,1.1535947688790316,1
2007-03-22,133413.83808239561,9091.8794225333932,868.29141653456134,-0.00071539997239011832,-0.014805082776038203,0.93185205108244984,135.46359981536864,1.1263563317573213,1
2007-03-23,133596.1851094611,9091.8794225333932,868.29141653456134,0.0013667774624164242,-0.013458540567089283,0.93194506703103819,135.54649982452392,1.145730027987464,1
2007-03-26,133431.20762046747,9091.8794225333932,868.29141653456134,-0.001234896706507449,-0.014676817366176098,0.93186092230841233,135.63319980621338,1.1074846106945642,1
2007-03-27,133135.99171862385,9091.8794225333932,868.29141653456134,-0.0022124951659234782,-0.01685684014462574,0.93170983063882074,135.71874980926515,1.0478371615764401,1
2007-03-28,132232.97447502115,9091.8794225333932,868.29141653456134,-0.0067826680970775044,-0.02352517388983677,0.93124347797038431,135.80109985351564,0.88658084729991704,1
2007-03-29,132363.21288787111,9091.8794225333932,868.29141653456134,0.0009849163067459088,-0.022563427910474165,0.93131113075779304,135.89099987030031,0.90048085615880413,1
2007-03-30,132389.26057044111,9091.8794225333932,868.29141653456134,0.00019678944022061273,-0.022371078714601533,0.9313246453423929,135.98824985504152,0.89756552115514476,1
2007-04-02,132528.19037686478,9091.8794225333932,868.29141653456134,0.0010494039004753652,-0.021345151111387128,0.93139663797808447,136.08154987335206,0.91363467487965078,1
2007-04-03,133856.67518423661,9091.8794225333932,868.29141653456134,0.010024167715518395,-0.011534950770522467,0.93207750446498394,136.16939987182616,1.1331480164267105,1
2007-04-04,133995.60499066027,9091.8794225333932,868.29141653456134,0.0010378997254523181,-0.010509023167308063,0.93214792811176816,136.26539989471436,1.1477233708886854,1
2007-04-05,134334.23811314572,9091.8794225333932,868.29141653456134,0.0025271957427936975,-0.0080083857831237948,0.93231897131931796,136.36824993133544,1.1978571611517947,1
2007-04-09,134507.89374663754,9091.8794225333932,868.29141653456134,0.0012927131305537909,-0.0067260251980263419,0.93240635051754595,136.46999996185303,1.2190103225470756,1
2007-04-10,134655.50169755932,9091.8794225333932,868.29141653456134,0.0010973924786883416,-0.0056360138088016321,0.93248044596830482,136.56799995422364,1.2348701793971433,1
2007-04-11,134143.21294158208,9091.8794225333932,868.29141653456134,-0.0038044398447815153,-0.0094190117780832416,0.93222259089252013,136.66579998016357,1.1354981288457775,1
2007-04-12,134698.91891820118,9091.8794225333932,868.29141653456134,0.0041426320753261692,-0.0053153992030668951,0.93250220940485318,136.76689998626708,1.2251183798268843,1
2007-04-13,135271.99443289213,9091.8794225333932,868.29141653456134,0.0042544923099119281,-0.0010835212181884435,0.9327881616542304,136.86855003356933,1.3171567291575048,1
2007-04-16,136470.22757833844,9091.8794225333932,868.29141653456134,0.0088579543051001686,0,0.93337829368450087,136.98249999999999,1.5213073117025233,1
2007-04-17,136808.86070082389,9091.8794225333932,868.29141653456134,0.0024813699551504698,0,0.93354319759729831,137.09419998168946,1.5696892645503404,1
2007-04-18,136965.16004531941,9091.8794225333932,868.29141653456134,0.0011424650691107541,0,0.93361903553045855,137.19420001983642,1.5817626754664793,1
2007-04-19,136930.4209691757,9091.8794225333932,868.29141653456134,-0.00025363439966941126,-0.00025363439966941126,0.933602194762988,137.29395000457762,1.5597806287945442,1
2007-04-20,138137.34550819572,9091.8794225333932,868.29141653456134,0.0088141446617746588,0,0.93418232130431389,137.39804996490477,1.7577520184311244,1
2007-04-23,137651.10443478846,9091.8794225333932,868.29141653456134,-0.0035199827506343651,-0.0035199827506343651,0.93394982583056108,137.50299995422364,1.6531106055971059,1
2007-04-24,137703.19979992844,9091.8794225333932,868.29141653456134,0.0003784594780686934,-0.0031428554434002054,0.93397481368811208,137.60639991760254,1.6453746624058192,1
2007-04-25,138884.07665637846,9091.8794225333932,868.29141653456134,0.0085755222693861821,0,0.93453619996316672,137.72074989318847,1.8383558685523598,1
2007-04-26,139031.68460730027,9091.8794225333932,868.29141653456134,0.0010628140710977618,0,0.93460570194331094,137.8347498703003,1.8446846726427986,1
2007-04-27,138927.49387702032,9091.8794225333932,868.29141653456134,-0.00074940277516055698,-0.00074940277516055698,0.93455665852159109,137.94534984588623,1.80586112471504,1
2007-04-30,137850.80775085025,9091.8794225333932,868.29141653456134,-0.0077499859539909011,-0.0084935808681700919,0.93404551216728493,138.0565497970581,1.5988238011922269,1
2007-05-01,138180.76272883755,9091.8794225333932,868.29141653456134,0.0023935657931266618,-0.0061203450196707365,0.93420300161191716,138.17989978790283,1.6477934009434199,1
2007-05-02,138936.17202151843,9091.8794225333932,868.29141653456134,0.0054668195323488433,-0.00068698430902003338,0.9345607462027582,138.30999977111816,1.7738090203369465,1
2007-05-03,139639.49919813493,9091.8794225333932,868.29141653456134,0.0050622322925923946,0,0.93489034639380297,138.44504981994629,1.8902069792904848,1
2007-05-04,140134.41841604031,9091.8794225333932,868.29141653456134,0.0035442637702611801,0,0.93512029717395473,138.5797998046875,1.966455818175163,1
2007-05-07,140160.46609861031,9091.8794225333932,868.29141653456134,0.00018587640969602859,0,0.93513235453899834,138.70609977722168,1.9531339139500965,1
2007-05-08,139986.8104651185,9091.8794225333932,868.29141653456134,-0.0012389772831494783,-0.0012389772831494783,0.93505188530030214,138.83569976806641,1.9067349550583743,1
2007-05-09,140342.81312567581,9091.8794225333932,868.29141653456134,0.0025431157362214574,0,0.9352166368904713,138.97174980163575,1.959809977101121,1
2007-05-10,138970.91109766215,9091.8794225333932,868.29141653456134,-0.0097753636075766925,-0.0097753636075766925,0.93457710429671104,139.08859981536864,1.6927801789768786,1
2007-05-11,140082.32305090033,9091.8794225333932,868.29141653456134,0.0079974430940956687,-0.0018560984276566606,0.93509616899178805,139.20959980010986,1.8820920648963197,1
2007-05-14,139795.78529355486,9091.8794225333932,868.29141653456134,-0.0020454954708407636,-0.0038977972575702236,0.93496313638181938,139.32809978485108,1.8129422340964296,1
2007-05-15,139830.52436969857,9091.8794225333932,868.29141653456134,0.00024849873743160167,-0.0036502671178358925,0.93497929394518087,139.4473998260498,1.8043303976614096,1
2007-05-16,140724.86346880312,9091.8794225333932,868.29141653456134,0.0063958788907920727,0,0.93539251559090031,139.56549983978272,1.9505421521396074,1
2007-05-17,140464.37339402761,9091.8794225333932,868.29141653456134,-0.0018510593533689335,-0.0018510593533689335,0.93527270151962993,139.6827498626709,1.8831991065550866,1
2007-05-18,141610.51117433395,9091.8794225333932,868.29141653456134,0.0081596333120799169,0,0.93579657790133564,139.80974983215333,2.0753844290455636,1
2007-05-21,141541.04627112212,9091.8794225333932,868.29141653456134,-0.00049053493724282582,-0.00049053493724282582,0.93576506842320584,139.9320497894287,2.0397365540505539,1
2007-05-22,141436.85554084217,9091.8794225333932,868.29141653456134,-0.00073611671684536972,-0.0012262905631207355,0.93571774918378359,140.05204978942871,1.9982256806286791,1
2007-05-23,141454.22507891399,9091.8794225333932,868.29141653456134,0.00012280772225459202,-0.00110363343881692,0.93572564257121882,140.17324981689453,1.9805771819131421,1
2007-05-24,140255.97868439212,9091.8794225333932,868.29141653456134,-0.0084709127200223167,-0.0095651973763042353,0.93517652860280431,140.28904979705811,1.7430229852961827,1
2007-05-25,140803.00651651309,9091.8794225333932,868.29141653456134,0.0039002104384577851,-0.0057022932204994214,0.93542837154214387,140.4104497909546,1.8299874146637738,1
2007-05-29,141280.56944542221,9091.8794225333932,868.29141653456134,0.0033917097420295139,-0.0023299240019376555,0.93564663946201287,140.53674980163575,1.9042034749971906,1
2007-05-30,142357.24232251669,9091.8794225333932,868.29141653456134,0.007620813543722349,0,0.93613335525329067,140.66729976654054,2.0859939988398337,1
2007-05-31,142218.32576516861,9091.8794225333932,868.29141653456134,-0.00097583062920925112,-0.00097583062920925112,0.9360709713490375,140.79884979248047,2.0425794918171856,1
2007-06-01,142878.22247206766,9091.8794225333932,868.29141653456134,0.0046400258430032704,0,0.93636623366929961,140.93369979858397,2.1466502083080909,1
2007-06-04,142895.59201013952,9091.8794225333932,868.29141653456134,0.00012156882813441072,0,0.93637396861137434,141.06104980468751,2.126468940740986,1
2007-06-05,142365.9337160904,9091.8794225333932,868.29141653456134,-0.0037066104461188631,-0.0037066104461188631,0.93613725429101158,141.17999984741212,2.0045805875528875,1
2007-06-06,140933.24492936305,9091.8794225333932,868.29141653456134,-0.010063424228892059,-0.013732733481640391,0.93548804310089995,141.28904983520508,1.7196227382314395,1
2007-06-07,138554.13492746672,9091.8794225333932,868.29141653456134,-0.016881112778526886,-0.030382022437506317,0.93438030970859864,141.38109985351562,1.2625022881319108,1
2007-06-08,140238.60914632029,9091.8794225333932,868.29141653456134,0.012157516769423005,-0.018593875615356192,0.93516849975995398,141.48564979553223,1.5664271938042338,1
2007-06-11,140464.37339402761,9091.8794225333932,868.29141653456134,0.0016098580061627565,-0.017013951108718506,0.93527270151962993,141.59154983520509,1.5954609170140683,1
2007-06-12,139031.68460730027,9091.8794225333932,868.29141653456134,-0.010199659544334438,-0.027040074144240034,0.93460570194331094,141.69099983215332,1.3148151088204683,1
2007-06-13,140976.66215000488,9091.8794225333932,868.29141653456134,0.013989455340329471,-0.013428894713550577,0.93550791114021936,141.80219985961915,1.6714519723258652,1
2007-06-14,141818.90588396945,9091.8794225333932,868.29141653456134,0.0059743486696286485,-0.0075347749431883271,0.93589092113027583,141.91744987487792,1.8160942954150816,1
2007-06-15,142570.85208028165,9661.4785917800655,868.29141653456134,0.005302157646931871,-0.0022725678608394029,0.9322338440795761,142.03064994812013,1.8334422301568105,1
2007-06-18,142414.55273578613,9661.4785917800655,868.29141653456134,-0.0010962924203293811,-0.0033663688822483939,0.93215947102186625,142.14219993591308,1.7869528971309412,1
2007-06-19,142744.50771377343,9661.4785917800655,868.29141653456134,0.0023168627899947669,-0.0010573055070541848,0.93231628490286333,142.25524993896485,1.8326764650220928,1
2007-06-20,140895.04275685063,9661.4785917800655,868.29141653456134,-0.012956470175590207,-0.014000076735375733,0.93142783164874476,142.35774993896484,1.4671327741607028,1
2007-06-21,141624.40436696153,9661.4785917800655,868.29141653456134,0.0051766307446998727,-0.0088959192183323266,0.93178097634397594,142.46054992675781,1.5935316576783789,1
2007-06-22,140382.75400087339,9661.4785917800655,868.29141653456134,-0.0087672062709680532,-0.01758513313054344,0.93117759613321183,142.55494995117186,1.3433281664666012,1
2007-06-25,139757.58312104247,9661.4785917800655,868.29141653456134,-0.0044533310681954541,-0.021960151779030324,0.93086973618159685,142.65154998779298,1.2142068979402079,1
2007-06-26,138420.40692009692,9661.4785917800655,868.29141653456134,-0.0095678257385678478,-0.031317866612183831,0.93020192031831583,142.74344993591308,0.94717802246458449,1
2007-06-27,140252.50233894787,9661.4785917800655,868.29141653456134,0.013235732068816342,-0.018496649434813217,0.93111368117745807,142.84404991149901,1.2997114957467917,1
2007-06-28,140235.14604995158,9661.4785917800655,868.29141653456134,-0.00012375029826094952,-0.018618110767189777,0.93110515541989269,142.94389991760255,1.2886470770684226,1
2007-06-29,140278.55002151785,9661.4785917800655,868.29141653456134,0.0003095085132995834,-0.018314364717674225,0.93112647236303736,143.03759986877441,1.2880892912910649,1
2007-07-02,141459.42687796787,9661.4785917800655,868.29141653456134,0.0084180857035440759,-0.010050450905929598,0.93170141569911291,143.13544982910156,1.5128818689835788,1
2007-07-03,141936.98980687701,9661.4785917800655,868.29141653456134,0.0033759710430689704,-0.0067084098940888293,0.93193121394975542,143.23599983215331,1.5958725863031691,1
2007-07-05,141798.06000045332,9661.4785917800655,868.29141653456134,-0.0009788132509553904,-0.0076806568645471085,0.93186452204106895,143.33709976196289,1.5559945384863931,1
2007-07-06,142492.69578349611,9661.4785917800655,868.29141653456134,0.0048987678889300668,-0.0028195147308310853,0.932196674793354,143.44129974365234,1.6829361972399617,1
2007-07-09,142596.89976285162,9661.4785917800655,868.29141653456134,0.00073129347986955473,-0.002090283143700522,0.93224622268893809,143.54774978637695,1.691164111264623,1
2007-07-10,140704.01758528699,9661.4785917800655,868.29141653456134,-0.013274357161429329,-0.015336893140111885,0.93133473544261935,143.6397998046875,1.2959553934843013,1
2007-07-11,141633.09576053525,9661.4785917800655,868.29141653456134,0.0066030678525941244,-0.0088350958335697838,0.93178516264224631,143.74039985656739,1.476830211132617,1
2007-07-12,143716.98986058796,9661.4785917800655,868.29141653456134,0.014713327339649807,0,0.93277427671458935,143.8549998474121,1.8919964645257143,1
2007-07-13,144116.40974178712,9661.4785917800655,868.29141653456134,0.00277921129287928,0,0.9329605933905063,143.96684989929199,1.9562587565459086,1
2007-07-16,144099.04020371527,9661.4785917800655,868.29141653456134,-0.00012052436015419499,-0.00012052436015419499,0.93295251253497968,144.073099899292,1.9323373978905647,1
2007-07-17,144029.57530050343,9661.4785917800655,868.29141653456134,-0.00048206360787428348,-0.0006025298676206603,0.93292017579290676,144.17814987182618,1.8983271916172819,1
2007-07-18,143786.45476379979,9661.4785917800655,868.29141653456134,-0.0016879903741742197,-0.0022895031771781316,0.93280675424085591,144.28204986572266,1.83031325343856,1
2007-07-19,144307.43491335076,9661.4785917800655,868.29141653456134,0.0036232908753943693,0,0.93304933597093398,144.38949989318849,1.9188749378922381,1
2007-07-20,142944.21102983522,9661.4785917800655,868.29141653456134,-0.0094466642299759762,-0.0094466642299759762,0.93241084390774298,144.49159988403321,1.6246337317475863,1
2007-07-23,143352.3090555325,9661.4785917800655,868.29141653456134,0.0028549461552669353,-0.006618687792432576,0.93260325797725829,144.59464988708496,1.6958105841994302,1
2007-07-24,141033.97256327429,9661.4785917800655,868.29141653456134,-0.016172299612977392,-0.022683948003386134,0.93149538074987226,144.67654991149902,1.2029758906531367,1
2007-07-25,141303.14078254794,9661.4785917800655,868.29141653456134,0.0019085346202871722,-0.020818706483188176,0.93162587513431028,144.75869995117188,1.2488425279322075,1
2007-07-26,138185.97777696699,9661.4785917800655,868.29141653456134,-0.022060111249600389,-0.042419554751696564,0.93008350957740626,144.82374999999999,0.58677711839885249,1
2007-07-27,135659.24657507328,9661.4785917800655,868.29141653456134,-0.01828500432925162,-0.059928917338668453,0.92878127488026818,144.8738500213623,0.043705031382721804,1
2007-07-30,137630.27180034789,9661.4785917800655,868.29141653456134,0.014529236119440236,-0.046270402609624117,0.9298012096801247,144.93440002441406,0.45601234286921416,1
2007-07-31,136188.9048691224,9661.4785917800655,868.29141653456134,-0.01047274638326956,-0.056258570801311247,0.9290582547743903,144.98745002746583,0.13775285298361134,1
2007-08-01,136805.38435537962,9661.4785917800655,868.29141653456134,0.0045266498533758082,-0.0519865837992044,0.92937793612945496,145.03819999694824,0.26345525275321963,1
2007-08-02,137821.29697191156,9661.4785917800655,868.29141653456134,0.0074259695356209132,-0.044946665051137535,0.92989850767585569,145.09305000305176,0.47732287064038553,1
2007-08-03,134521.78693926509,9661.4785917800655,868.29141653456134,-0.023940494721355954,-0.067811114375094128,0.92817907930302701,145.12785003662108,-0.25436314568077634,1
2007-08-06,136614.37243289154,9661.4785917800655,868.29141653456134,0.015555736667185682,-0.053310229546235877,0.92927919354512978,145.17685005187988,0.19929377236260717,1
2007-08-07,137968.90492283335,9661.4785917800655,868.29141653456134,0.0099150072266898093,-0.043923793630753494,0.92997350673194246,145.23275009155273,0.49253975000693612,1
2007-08-08,139757.58312104247,9661.4785917800655,868.29141653456134,0.012964357434086526,-0.031528879957157141,0.93086973618159685,145.29785011291503,0.88402441802468368,1
2007-08-09,135902.36711177693,9661.4785917800655,868.29141653456134,-0.027585022030086059,-0.058244177139041065,0.92890868056894327,145.34060012817383,0.0097022076899816387,1
2007-08-10,135311.93530808968,9661.4785917800655,868.29141653456134,-0.0043445292104561384,-0.062335662820577564,0.92859847455598066,145.37680015563964,-0.131748514382482,1
2007-08-13,135763.43730535326,9661.4785917800655,868.29141653456134,0.0033367492397144982,-0.059206912056386618,0.9288359312084159,145.41355010986328,-0.036469114237655725,1
2007-08-14,133835.82930072048,9661.4785917800655,868.29141653456134,-0.014198285215019202,-0.072564560647328746,0.92781097078218611,145.43685005187987,-0.48429297000089172,1
2007-08-15,132125.29415022134,9661.4785917800655,868.29141653456134,-0.012780846201174367,-0.084417970359213834,0.92687638915834436,145.44815002441408,-0.88187124515203985,1
2007-08-16,133045.69418097148,9661.4785917800655,868.29141653456134,0.0069661152822386718,-0.078039920390390094,0.92738225275717423,145.46910003662109,-0.67710539657210878,1
2007-08-17,135311.93530808968,9661.4785917800655,868.29141653456134,0.017033554832940556,-0.062335662820577564,0.92859847455598066,145.50360008239747,-0.16044053572102274,1
2007-08-20,135251.148549376,9661.4785917800655,868.29141653456134,-0.0004492342717239417,-0.062756893776211853,0.92856638412757764,145.53785011291504,-0.18262231425104802,1
2007-08-21,135502.94723057776,9661.4785917800655,868.29141653456134,0.0018617119625408129,-0.061012017073546088,0.92869912581798186,145.57820007324219,-0.13288344794107793,1
2007-08-22,136996.40952694326,9661.4785917800655,868.29141653456134,0.01102162223692571,-0.050662846240717929,0.92947641018372873,145.62755004882811,0.21131326823581986,1
2007-08-23,136883.54065216516,9661.4785917800655,868.29141653456134,-0.00082388199200145174,-0.051444988026038141,0.92941825915848519,145.67745010375975,0.17568519755657475,1
2007-08-24,138455.14599624061,9661.4785917800655,868.29141653456134,0.011481331769968239,-0.040554313231498829,0.93021943299931664,145.72870010375976,0.54545519090092076,1
2007-08-27,137256.89960171873,9661.4785917800655,868.29141653456134,-0.0086544012929242742,-0.048857741223558682,0.92961025187210999,145.77040008544921,0.24870211151582208,1
2007-08-28,134452.32203605326,9661.4785917800655,868.29141653456134,-0.020433053447976524,-0.068292481833766905,0.92814197296503853,145.79445007324219,-0.439473560230495,1
2007-08-29,136900.89694116142,9661.4785917800655,868.29141653456134,0.018211473539680334,-0.051324715019961276,0.92942720750812569,145.83625007629394,0.15006446864672923,1
2007-08-30,136562.26381867597,9661.4785917800655,868.29141653456134,-0.002473563943346524,-0.053671323998831899,0.92925220832155841,145.87580001831054,0.058857214773606031,1
2007-08-31,137812.60557833785,9661.4785917800655,868.29141653456134,0.009155836500499559,-0.045006893365631018,0.92989408660234552,145.92084999084472,0.36040224856566211,1
2007-09-04,139106.36455864154,9661.4785917800655,868.29141653456134,0.0093878130732261145,-0.036041596594327929,0.93054610676920413,145.96815002441406,0.67428646121183711,1
2007-09-05,137986.26121182964,9661.4785917800655,868.29141653456134,-0.0080521358628397044,-0.043803520624676517,0.92998231485561988,146.00699996948242,0.38782100708862077,1
2007-09-06,138281.49036274882,9661.4785917800655,868.29141653456134,0.0021395546797660092,-0.041757685972453218,0.93013180168628884,146.04574996948242,0.45482822106505449,1
2007-09-07,136492.8121645397,9661.4785917800655,868.29141653456134,-0.01293505149182983,-0.054152599646049682,0.92921620971415464,146.07400001525878,-0.00087460733538794247,1
2007-09-10,136249.67837876052,9661.4785917800655,868.29141653456134,-0.001781293695422459,-0.055837431657131953,0.92908989799651398,146.10044998168945,-0.068261568768800768,1
2007-09-11,137725.78438612973,9661.4785917800655,868.29141653456134,0.010833831132179172,-0.045608533830380771,0.92984989241598337,146.13470001220702,0.29901535805339508,1
2007-09-12,138055.72611504147,9661.4785917800655,868.29141653456134,0.0023956424019100364,-0.043322153166003741,0.93001754535172865,146.16944999694823,0.37630419778253105,1
2007-09-13,138958.75660771973,9661.4785917800655,868.29141653456134,0.0065410578618503301,-0.037064468014712082,0.93047232986508077,146.21224998474122,0.59893338610721825,1
2007-09-14,138950.06521414602,9661.4785917800655,868.29141653456134,-6.2546569830401744e-05,-0.037124696329205564,0.93046798087579119,146.2646499633789,0.58901337636313711,1
2007-09-17,138255.44268017882,9661.4785917800655,868.29141653456134,-0.0049990803019535068,-0.041938187293023788,0.93011863833722919,146.31004997253419,0.40256249061940708,1
2007-09-18,142041.19378623253,9661.4785917800655,868.29141653456134,0.027382293475499253,-0.015704257569812641,0.93198115043780694,146.37,1.3691283617643977,1
2007-09-19,142822.65076148341,9661.4785917800655,868.29141653456134,0.005501622131020234,-0.01028903432978967,0.93235331692649426,146.43415000915527,1.5543054308389517,1
2007-09-20,141884.89444173701,9661.4785917800655,868.29141653456134,-0.0065658795348398913,-0.016787357304690276,0.9319062213789967,146.49444999694825,1.2992437612865095,1
2007-09-21,142240.02775095173,10285.780120268415,868.29141653456134,0.0025029677092267555,-0.014326407808720298,0.92768716174410626,146.5478500366211,1.2172798644870728,1
2007-09-24,141996.90721424812,10285.780120268415,868.29141653456134,-0.0017092272867753611,-0.016011148008347575,0.92756335104715348,146.59680007934571,1.1428027940178929,1
2007-09-25,141736.41713947261,10285.780120268415,868.29141653456134,-0.0018344771015502692,-0.017816253025507045,0.92743022345381487,146.64485008239745,1.064799616368393,1
2007-09-26,142431.05292251537,10285.780120268415,868.29141653456134,0.0049008984216047935,-0.013002670250233939,0.92778414601860715,146.70000007629395,1.2319339569141068,1
2007-09-27,143212.50989776626,10285.780120268415,868.29141653456134,0.0054865632122793606,-0.0075874470102108571,0.92817820085961056,146.75835006713868,1.4186054295219714,1
2007-09-28,142769.68604500085,10285.780120268415,868.29141653456134,-0.0030920752180205735,-0.010656061271363093,0.92795543364138,146.81210006713866,1.2908372556554837,1
2007-10-01,144263.14834136632,10285.780120268415,868.29141653456134,0.010460640054182901,-0.00030689043853515674,0.92870126405442488,146.87500007629396,1.655618197912863,1
2007-10-02,144080.80131430083,10285.780120268415,868.29141653456134,-0.0012639889615746469,-0.0015704914939831394,0.92861102918333449,146.93610008239747,1.5899858452888105,1
2007-10-03,143811.63309502721,10285.780120268415,868.29141653456134,-0.0018681754738887335,-0.0034357330141808751,0.92847741243942472,146.989400100708,1.5033660330249674,1
2007-10-04,144020.02780466271,10285.780120268415,868.29141653456134,0.0014490810315588298,-0.0019916306381624338,0.92858090449601061,147.04780014038087,1.5384655967793652,1
2007-10-05,145609.00268681001,10285.780120268415,868.29141653456134,0.01103301329938966,0,0.92936027353753625,147.11730018615722,1.9151899856420223,1
2007-10-08,144888.31922119725,10285.780120268415,868.29141653456134,-0.0049494430448292492,-0.0049494430448292492,0.92900890716686846,147.18130020141601,1.7113939807172895,1
2007-10-09,146156.01726985539,10285.780120268415,868.29141653456134,0.0087494841231665621,0,0.92962465512947556,147.25300018310546,2.0002380608378507,1
2007-10-10,145930.26627122363,10285.780120268415,868.29141653456134,-0.001544589151023068,-0.001544589151023068,0.92951578597717743,147.32600021362305,1.9173561820437459,1
2007-10-11,145279.04770882271,10285.780120268415,868.29141653456134,-0.0044625325440754704,-0.0060002289157448097,0.92919983794990313,147.39960021972655,1.7353760415431254,1
2007-10-12,146025.77885700544,10285.780120268415,868.29141653456134,0.0051399782691263773,-0.00089109169285506162,0.92956188831329112,147.47335021972657,1.8946575845346396,1
2007-10-15,144879.62782762354,10285.780120268415,868.29141653456134,-0.0078489636443183075,-0.0087330611908724709,0.92900464837950625,147.53585021972657,1.5931944628524506,1
2007-10-16,143811.63309502721,10285.780120268415,868.29141653456134,-0.0073716004700606907,-0.016040285022953404,0.92847741243942472,147.5937001800537,1.3171875275887641,1
2007-10-17,144219.73112072449,10285.780120268415,868.29141653456134,0.0028377261068137649,-0.013248076851710033,0.92867979963394665,147.65685020446779,1.4025712217235888,1
2007-10-18,143733.49004731723,10285.780120268415,868.29141653456134,-0.0033715294684625308,-0.016574940038666552,0.92843852802236759,147.71845024108887,1.2708964397936706,1
2007-10-19,140242.95484310715,10285.780120268415,868.29141653456134,-0.024284773180286656,-0.040457194559637255,0.92665742010516428,147.75845024108887,0.40835869418035042,1
2007-10-22,140998.36413578803,10285.780120268415,868.29141653456134,0.0053864330905317725,-0.035288681440631575,0.92705035846825334,147.80845024108888,0.58654232677525375,1
2007-10-23,142057.68072388624,10285.780120268415,868.29141653456134,0.0075129707680725577,-0.028040833504666351,0.92759434007471508,147.86130020141601,0.83995196373956138,1
2007-10-24,141814.56018718259,10285.780120268415,868.29141653456134,-0.0017114212724350653,-0.029704265098144722,0.92747021105102256,147.91335014343261,0.77142473777353726,1
2007-10-25,142127.14562709807,10285.780120268415,868.29141653456134,0.0022041843905371561,-0.027565554385069246,0.92762972847385949,147.96485015869141,0.84068363085413589,1
2007-10-26,143672.70328860354,10285.780120268415,868.29141653456134,0.010874471971459965,-0.016990843262147615,0.92840825094237445,148.02215011596681,1.214749205285748,1
2007-10-29,144115.54039044454,10285.780120268415,868.29141653456134,0.0030822633089282458,-0.013960950205993972,0.92862823750719947,148.07660011291503,1.3114713510025371,1
2007-10-30,143186.46221519628,10285.780120268415,868.29141653456134,-0.0064467591262619139,-0.020317706449104134,0.92816513543850387,148.12710006713868,1.0689459713110856,1
2007-10-31,144567.04238770809,10285.780120268415,868.29141653456134,0.0096418345083275625,-0.010871771903947614,0.92885114096279686,148.18525001525879,1.3983035883347354,1
2007-11-01,141423.83169955717,10285.780120268415,868.29141653456134,-0.021742235548551148,-0.032377630826933013,0.92726982435237881,148.22770004272462,0.60784673612417317,1
2007-11-02,141571.43965047898,10285.780120268415,868.29141653456134,0.0010437275609629371,-0.031367696691622871,0.92734565569395477,148.26959999084474,0.63719036020364506,1
2007-11-05,140572.90982109445,10285.780120268415,868.29141653456134,-0.0070531869411638581,-0.038199641404107032,0.92682957097950802,148.30794998168946,0.38022733126557295,1
2007-11-06,142326.86219223542,10285.780120268415,868.29141653456134,0.012477171976970514,-0.026199092922394085,0.92773128022469997,148.35430000305175,0.81261435792672176,1
2007-11-07,138714.76671967353,10285.780120268415,868.29141653456134,-0.025378873790410483,-0.050913063240103917,0.92584942206582233,148.37410003662109,-0.10173130568697158,1
2007-11-08,138063.5481572726,10285.780120268415,868.29141653456134,-0.0046946592479009119,-0.055368703004825659,0.92549966839508169,148.39860008239745,-0.27268674396892184,1
2007-11-09,136309.59578613163,10285.780120268415,868.29141653456134,-0.01270394969961941,-0.067369251486538606,0.92454104158296602,148.41365005493165,-0.72324148205061578,1
2007-11-12,135059.25402646977,10285.780120268415,868.29141653456134,-0.0091728080657185185,-0.075924094338839954,0.92384246311435614,148.42190002441407,-1.0455373439011786,1
2007-11-13,138862.37467059534,10285.780120268415,868.29141653456134,0.028158904560365849,-0.049903129104793775,0.92592824265991414,148.44835006713868,-0.081879904604621162,1
2007-11-14,138506.37201003803,10285.780120268415,868.29141653456134,-0.0025637085740597421,-0.052338900598895122,0.92573785616503645,148.46795005798339,-0.17785022655635629,1
2007-11-15,136656.90705311522,10285.780120268415,868.29141653456134,-0.013352923263261651,-0.064992946538776297,0.92473281927659468,148.4726000213623,-0.65414259025034227,1
2007-11-16,136873.97990724887,10285.780120268415,868.29141653456134,0.0015884513912587384,-0.063507733283868939,0.92485218792323809,148.47749999999999,-0.59993554412490002,1
2007-11-19,135111.34939160975,10285.780120268415,868.29141653456134,-0.012877761842196356,-0.075567657661697929,0.92387182744762697,148.47204994201661,-1.0506889391174494,1
2007-11-20,135875.45007786434,10285.780120268415,868.29141653456134,0.0056553405002262025,-0.0703396779963531,0.92429993707933211,148.47079994201661,-0.85399099819336888,1
2007-11-21,133305.3016553288,10285.780120268415,868.29141653456134,-0.018915473112049996,-0.087924642820552901,0.92284042725575088,148.45314987182618,-1.503322280400313,1
2007-11-23,135432.62622509891,10285.780120268415,868.29141653456134,0.0159582893054806,-0.073369480402283638,0.9240524206982984,148.44869987487792,-0.95773370816457948,1
2007-11-26,132671.45263099973,10285.780120268415,868.29141653456134,-0.020387802194058557,-0.092261440142819562,0.9224717909068475,148.43374984741212,-1.652362857016862,1
2007-11-27,134078.0937351571,10285.780120268415,868.29141653456134,0.010602439908980799,-0.082637196608868924,0.92328515543645928,148.42934989929199,-1.2922020327579158,1
2007-11-28,138037.5004747026,10285.780120268415,868.29141653456134,0.029530601377481203,-0.055546921343396782,0.92548561017914532,148.4416999053955,-0.28971977842874047,1
2007-11-29,138080.90444626889,10285.780120268415,868.29141653456134,0.0003144360874185459,-0.055249951212593684,0.92550903282741093,148.44954986572264,-0.28063308476994325,1
2007-11-30,139365.98528207443,10285.780120268415,868.29141653456134,0.0093067237715378504,-0.046457423475382287,0.92619590713293376,148.46384986877442,0.04339661727530994,1
2007-12-03,138515.05015453615,10285.780120268415,868.29141653456134,-0.0061057590617682456,-0.052279524702779301,0.92574250878303155,148.47359985351562,-0.1757238076940866,1
2007-12-04,137368.91237422984,10285.780120268415,868.29141653456134,-0.0082744638869755027,-0.060121403550573382,0.92512294126456218,148.47519989013671,-0.46843982429815478,1
2007-12-05,139496.22369492438,10285.780120268415,868.29141653456134,0.015486118976462349,-0.045566331782527225,0.92626481314101228,148.48934989929199,0.071065456274104571,1
2007-12-06,141345.68865184719,10285.780120268415,868.29141653456134,0.013258172213805208,-0.032912285842646161,0.92722961543168381,148.51469993591309,0.53758713460962737,1
2007-12-07,141319.64096927721,10285.780120268415,868.29141653456134,-0.00018428353081312299,-0.033090504181217062,0.9272162025765085,148.54274993896485,0.52502685284899786,1
2007-12-10,142335.54033673357,10285.780120268415,868.29141653456134,0.0071886636598319509,-0.026139717026278042,0.92773568642143356,148.57729995727539,0.77676908204591955,1
2007-12-11,138714.76671967353,10285.780120268415,868.29141653456134,-0.025438296074853262,-0.050913063240103917,0.92584942206582233,148.61934997558595,-0.15892304580591349,1
2007-12-12,139982.46476833164,10285.780120268415,868.29141653456134,0.0091388831819181338,-0.042239468595570706,0.92652093862405427,148.66154998779297,0.15990782982479762,1
2007-12-13,139713.29654905802,10285.780120268415,868.29141653456134,-0.0019228709804409716,-0.044081118527619978,0.92637937566195272,148.70430000305177,0.080977268593125457,1
2007-12-14,138072.22630177074,10285.780120268415,868.29141653456134,-0.011745984726021064,-0.055309327108709616,0.92550435090553396,148.74680000305176,-0.36365142910641168,1
2007-12-17,136248.82227649351,10285.780120268415,868.29141653456134,-0.013206160819714818,-0.067785064059796674,0.92450738326827364,148.78540000915527,-0.87047624939562618,1
2007-12-18,136952.13620403441,10285.780120268415,868.29141653456134,0.005161981702224594,-0.062972987617932907,0.92489507352448719,148.81630004882811,-0.69506502362055067,1
2007-12-19,136952.13620403441,10285.780120268415,868.29141653456134,0,-0.062972987617932907,0.92489507352448719,148.84790008544923,-0.71027425318102089,1
2007-12-20,137750.96271735712,10285.780120268415,868.29141653456134,0.0058328883029075129,-0.057507413717901135,0.92533061172593634,148.8782000732422,-0.501807375802234,1
2007-12-21,139578.71773905144,10958.705968082701,868.29141653456134,0.013268546263771608,-0.045001907233555349,0.92148727151534326,148.91495010375976,-0.19136506052045751,1
2007-12-24,140533.83034779414,10958.705968082701,868.29141653456134,0.0068428240652584904,-0.038467023302097281,0.922020868989609,148.95615005493164,0.06739631534732228,1
2007-12-26,140811.68996064147,10958.705968082701,868.29141653456134,0.0019771724157782167,-0.036565906823708971,0.92217474294111668,149.01265007019043,0.13461122223097016,1
2007-12-27,139179.2978578523,10958.705968082701,868.29141653456134,-0.011592731421982361,-0.047734739508682789,0.92126195392022225,149.05460006713867,-0.35204367540737425,1
2007-12-28,138858.03427343871,10958.705968082701,868.29141653456134,-0.0023082713403376198,-0.049932826117874085,0.92107978464895401,149.09375007629396,-0.46278355043871239,1
2007-12-31,137911.59980919416,10958.705968082701,868.29141653456134,-0.0068158423039522686,-0.056408334153216222,0.92053818545180777,149.13215011596679,-0.76724739537042919,1
2008-01-02,136800.17460688041,10958.705968082701,868.29141653456134,-0.0080589682365475035,-0.064012709416546354,0.91989260247967886,149.1558000946045,-1.1216380775565589,1
2008-01-03,136739.40109724228,10958.705968082701,868.29141653456134,-0.00044425023442229428,-0.064428521989804421,0.91985699893266737,149.17525009155273,-1.1553162083596076,1
2008-01-04,133656.96391872948,10958.705968082701,868.29141653456134,-0.022542421231761312,-0.085518568339531753,0.9180087168915031,149.16535011291504,-2.0929246076902279,1
2008-01-07,133552.7731884495,10958.705968082701,868.29141653456134,-0.00077953835868460608,-0.086231441693815913,0.91794475167790468,149.15540016174316,-2.1118650435533333,1
2008-01-08,131573.06981867674,10958.705968082701,868.29141653456134,-0.01482337897229058,-0.099776579326552151,0.91671011413517156,149.13300018310548,-2.676935457582136,1
2008-01-09,132840.76786733489,10958.705968082701,868.29141653456134,0.0096349355563807304,-0.091102984682018828,0.91750494863875742,149.11885017395019,-2.2747805619715629,1
2008-01-10,133639.59438065763,10958.705968082701,868.29141653456134,0.0060134138498846301,-0.085637410781986834,0.9179980602390333,149.11100013732911,-2.0259766009144609,1
2008-01-11,132649.74269577125,10958.705968082701,868.29141653456134,-0.0074068743584098096,-0.092409979598354952,0.91738614983056377,149.10265007019044,-2.3086400218839467,1
2008-01-14,133630.91623615948,10958.705968082701,868.29141653456134,0.0073967240376675569,-0.085696786678102876,0.91799273493930178,149.09920005798341,-2.0129042421840437,1
2008-01-15,130930.52940077396,10958.705968082701,868.29141653456134,-0.020207800046908697,-0.10417284319515785,0.91630136975511289,149.08005004882813,-2.7770292073795204,1
2008-01-16,129897.26049524575,10958.705968082701,868.29141653456134,-0.0078917339619501981,-0.11124247279255195,0.91563558826181879,149.05415000915528,-3.0254998729273375,1
2008-01-17,126814.82331673295,10958.705968082701,868.29141653456134,-0.023729808979502054,-0.13233251914227939,0.91358497625540025,149.00284996032715,-3.7769142425232527,1
2008-01-18,125625.26831578478,10958.705968082701,868.29141653456134,-0.0093802520071106787,-0.14047145877109957,0.91276670597402632,148.94389991760255,-3.9468635724677399,1
2008-01-22,124461.76099740661,10958.705968082701,868.29141653456134,-0.0092617300163965188,-0.14843218006134884,0.91195122196357925,148.87629989624023,-4.0757017309754673,1
2008-01-23,127188.19551536211,10958.705968082701,868.29141653456134,0.021905800593744695,-0.12977790520572285,0.91383865520162133,148.82339988708497,-3.2753422833291457,1
2008-01-24,128169.36905575034,10958.705968082701,868.29141653456134,0.0077143443730178785,-0.12306471228547078,0.91449824518277878,148.77529991149902,-2.9567663496888885,1
2008-01-25,126476.19019424749,10958.705968082701,868.29141653456134,-0.013210479804783626,-0.13464944819392566,0.91335360472787908,148.72039985656738,-3.2796702497576002,1
2008-01-28,128386.44190988399,10958.705968082701,868.29141653456134,0.01510364688169874,-0.12157949903056353,0.91464280959063604,148.67329986572267,-2.76036194853463,1
2008-01-29,128968.19556907308,10958.705968082701,868.29141653456134,0.0045312702068449617,-0.11759913838543878,0.91502784140130566,148.62624984741211,-2.572280771141032,1
2008-01-30,128099.90415253851,10958.705968082701,868.29141653456134,-0.0067326011091589644,-0.12353999140506788,0.91445188003393563,148.56729988098144,-2.7121352777689762,1
2008-01-31,130235.8936177312,10958.705968082701,868.29141653456134,0.016674403305167118,-0.10892554374090568,0.91585494855781679,148.51869987487794,-2.1876552373755298,1
2008-02-01,132154.82347786584,10958.705968082701,868.29141653456134,0.014734262627836614,-0.095796218681427514,0.91707676133426841,148.48024986267089,-1.7334771411207481,1
2008-02-04,130626.63535443222,10958.705968082701,868.29141653456134,-0.011563619724327068,-0.10625208736189407,0.91610665054375628,148.43319992065429,-2.0455598455922739,1
2008-02-05,127422.63790756761,10958.705968082701,868.29141653456134,-0.024527903043442323,-0.12817384950836053,0.91399718175641476,148.36074996948241,-2.6923873161406151,1
2008-02-06,126484.8815878212,10958.705968082701,868.29141653456134,-0.0073594169383516261,-0.13458998164758662,0.91335955862461049,148.28569999694824,-2.8241851157044771,1
2008-02-07,127248.96902500023,10958.705968082701,868.29141653456134,0.0060409388662667762,-0.12936209263246479,0.9138798054550078,148.21474998474122,-2.602468978540792,1
2008-02-08,126502.25112589306,10958.705968082701,868.29141653456134,-0.005868164628983874,-0.13447113920513154,0.91337145489073723,148.13270004272462,-2.6940490605666199,1
2008-02-11,127092.68292958027,10958.705968082701,868.29141653456134,0.0046673620305746066,-0.13043140266389097,0.91377390330051722,148.05320007324218,-2.517604985821845,1
2008-02-12,128169.36905575034,10958.705968082701,868.29141653456134,0.0084716610063746423,-0.12306471228547078,0.91449824518277878,147.98050010681152,-2.2574622734159209,1
2008-02-13,129367.60220119666,10958.705968082701,868.29141653456134,0.0093488261218257485,-0.11486639676053445,0.91529018253705141,147.92090011596679,-1.9872896844139634,1
2008-02-14,128325.6551511703,10958.705968082701,868.29141653456134,-0.0080541575502488527,-0.12199540225404459,0.91460237662396404,147.85340011596679,-2.1565716242367121,1
2008-02-15,128299.6074686003,10958.705968082701,868.29141653456134,-0.00020298109944827392,-0.12217362059261572,0.91458503900127119,147.78140014648437,-2.1253346304417993,1
2008-02-19,128629.5624465876,10958.705968082701,868.29141653456134,0.0025717536046869771,-0.11991606743708538,0.91480414175681268,147.70725013732911,-2.0286333474416094,1
2008-02-20,128976.8737135712,10958.705968082701,868.29141653456134,0.0027000890026958047,-0.11753976248932296,0.91503355871053649,147.63225013732909,-1.9325757273099913,1
2008-02-21,127995.70017318297,10958.705968082701,868.29141653456134,-0.0076073602355039016,-0.12425295540957504,0.91438223351835135,147.55145011901857,-2.0841611830069566,1
2008-02-22,128716.38363879573,10958.705968082701,868.29141653456134,0.005630528718055805,-0.11932203652525619,0.91486160768131075,147.47580009460449,-1.9195597900387928,1
2008-02-25,130201.16779066308,10958.705968082701,868.29141653456134,0.011535315939530832,-0.10916313797559252,0.91583250631283064,147.40665008544923,-1.6221272047708544,1
2008-02-26,131095.50688976762,10958.705968082701,868.29141653456134,0.0068689022862102878,-0.10304406661739263,0.9164067005187494,147.35055007934571,-1.4401692938737725,1
2008-02-27,130973.94662141582,10958.705968082701,868.29141653456134,-0.00092726494779127311,-0.10387578241413176,0.91632911544034645,147.28735008239747,-1.4459697210479459,1
2008-02-28,129801.74790946394,10958.705968082701,868.29141653456134,-0.0089498617258602087,-0.11189597025071996,0.91557351002910725,147.2190500640869,-1.6402712627810878,1
2008-02-29,127153.46968829396,10958.705968082701,868.29141653456134,-0.020402485049871188,-0.13001549944041002,0.91381512439301071,147.13530006408692,-2.0886256212071523,1
2008-03-03,126875.61007544663,10958.705968082701,868.29141653456134,-0.0021852302853274663,-0.13191661591879833,0.91362637813866598,147.04480003356935,-2.1034673954237491,1
2008-03-04,126432.78622268123,10958.705968082701,868.29141653456134,-0.0034902204805327131,-0.13494641832472865,0.91332385929721138,146.95325004577637,-2.1455776628774066,1
2008-03-05,127162.14783279211,10958.705968082701,868.29141653456134,0.0057687695723660504,-0.12995612354429398,0.91382100605525707,146.8593000793457,-1.9859170679825127,1
2008-03-06,124756.97689925021,10958.705968082701,868.29141653456134,-0.018914205009375129,-0.14641231179072867,0.91215957423421223,146.75190010070801,-2.3624262075904849,1
2008-03-07,123584.7914363739,10958.705968082701,868.29141653456134,-0.0093957507789157457,-0.15443240897709387,0.91132641936993808,146.6383501434326,-2.5124279684046615,1
2008-03-10,122100.00728450654,10958.705968082701,868.29141653456134,-0.012014295081217763,-0.16459130752675755,0.91024811372412373,146.51615013122557,-2.70223166481393,1
2008-03-11,126094.15310019575,10958.705968082701,868.29141653456134,0.032712084990973,-0.13726334737637513,0.91309108552103291,146.4238501739502,-1.9992864542845035,1
2008-03-12,125017.46697402571,10958.705968082701,868.29141653456134,-0.008538747433550653,-0.14463003775479522,0.91234260113141197,146.32220016479494,-2.1419560391934911,1
2008-03-13,125269.26565522747,10958.705968082701,868.29141653456134,0.0020141080066362615,-0.14290723026520102,0.91251879772135158,146.21925010681153,-2.0669241469930744,1
2008-03-14,123497.95699509021,10958.705968082701,868.29141653456134,-0.014140009928790942,-0.15502653053914595,0.91126407080144356,146.09990013122558,-2.3138951717474012,1
2008-03-17,122360.49735928205,10958.705968082701,868.29141653456134,-0.0092103518429327291,-0.1628090334908241,0.91043918417636771,145.97480010986328,-2.4488309658304037,1
2008-03-18,126988.49219930032,10958.705968082701,868.29141653456134,0.037822622005444284,-0.13114427601817502,0.91370315704761873,145.87255012512207,-1.6893507285298015,1
2008-03-19,124114.44973042302,10958.705968082701,868.29141653456134,-0.022632306432670113,-0.15080848500911115,0.91170483378941736,145.75365013122558,-2.1125276944999065,1
2008-03-20,126200.08094327181,11516.149057497889,868.29141653456134,0.016804096681561242,-0.13653858869004287,0.90874689642493567,145.64660011291505,-1.8462073272013442,1
2008-03-24,128492.36975296005,11516.149057497889,868.29141653456134,0.018163925035187933,-0.12085474034423127,0.91037484109259648,145.5610001373291,-1.4698899912244028,1
2008-03-25,128605.25187681371,11516.149057497889,868.29141653456134,0.00087851227330215664,-0.12008240044360818,0.91045350878416087,145.48975013732911,-1.435940375312889,1
2008-03-26,127172.56309008633,11516.149057497889,868.29141653456134,-0.011140204352616201,-0.12988486231612983,0.90944470428468061,145.40055015563965,-1.6377631698368993,1
2008-03-27,126807.88228503091,11516.149057497889,868.29141653456134,-0.0028676060008092641,-0.13238000970634711,0.90918428058271161,145.30795013427735,-1.6724883180590255,1
2008-03-28,125705.14847629084,11516.149057497889,868.29141653456134,-0.0086960982934910502,-0.13992491842333843,0.90838761023642611,145.2172501373291,-1.8162299658278982,1
2008-03-31,126104.56835749,11516.149057497889,868.29141653456134,0.0031774345445723107,-0.13719208614821088,0.90867778061099957,145.11765014648438,-1.732302136394237,1
2008-04-01,130133.44000024733,11516.149057497889,868.29141653456134,0.031948657334411434,-0.10962653176314152,0.91150507465662944,145.03640014648437,-1.1097066152491399,1
2008-04-02,130211.58304795731,11516.149057497889,868.29141653456134,0.00060048399327516933,-0.10909187674742848,0.91155818255234289,144.95455009460449,-1.0869050321798157,1
2008-04-03,130506.79894980093,11516.149057497889,868.29141653456134,0.0022672015417775082,-0.10707200847680809,0.91175824439669573,144.8753000640869,-1.0317724274153686,1
2008-04-04,130376.56053695097,11516.149057497889,868.29141653456134,-0.00099794350867532522,-0.10796310016966315,0.91167009614251926,144.79340003967286,-1.0411024651890661,1
2008-04-07,130437.34729566466,11516.149057497889,868.29141653456134,0.00046623993195815672,-0.10754719694618209,0.91171125987870616,144.72250007629395,-1.0216515252836778,1
2008-04-08,130315.78702731285,11516.149057497889,868.29141653456134,-0.000931943732926932,-0.10837891274292122,0.91162890298867449,144.64670013427735,-1.0297163440073751,1
2008-04-09,129456.17375527642,11516.149057497889,868.29141653456134,-0.0065963862985860544,-0.11426038986643416,0.91104210233134197,144.57310012817382,-1.148207826597111,1
2008-04-10,129621.15124427009,11516.149057497889,868.29141653456134,0.0012743887310120439,-0.11313161328866894,0.91115532498399276,144.50405014038085,-1.1120522937375135,1
2008-04-11,127328.86243458185,11516.149057497889,868.29141653456134,-0.017684527468579847,-0.12881546163448054,0.909555863161704,144.42950019836425,-1.4416298982431726,1
2008-04-14,126938.12069788086,11516.149057497889,868.29141653456134,-0.0030687601320693592,-0.13148891801349194,0.90927745744001587,144.34215019226073,-1.482959076502625,1
2008-04-15,127207.30216623005,11516.149057497889,868.29141653456134,0.0021205723455592906,-0.12964717743121967,0.90946943405458769,144.25645019531251,-1.4264088253967842,1
2008-04-16,130341.83470988282,11516.149057497889,868.29141653456134,0.024641136870874547,-0.10820069440435032,0.91164656318417847,144.18855026245117,-0.94956497186576394,1
2008-04-17,130515.49034337464,11516.149057497889,868.29141653456134,0.0013323092610928455,-0.10701254193046905,0.9117641206633792,144.1148503112793,-0.91445297746960497,1
2008-04-18,131757.14070946278,11516.149057497889,868.29141653456134,0.009513432948238254,-0.098517165624506742,0.91259563621760653,144.04555030822755,-0.72150379086574168,1
2008-04-21,131817.92746817647,11516.149057497889,868.29141653456134,0.00046135456785401097,-0.09810126240102568,0.91263594202481968,143.97740036010742,-0.70468670962695268,1
2008-04-22,131288.26917412737,11516.149057497889,868.29141653456134,-0.0040181051562729886,-0.10172518636900818,0.91228348785507984,143.90220039367676,-0.77562079920813409,1
2008-04-23,131097.24400256373,11516.149057497889,868.29141653456134,-0.0014550056358065833,-0.1030321812853443,0.91215567386548047,143.82530036926269,-0.79583988204860034,1
2008-04-24,131618.22415211468,11516.149057497889,868.29141653456134,0.0039739977259991566,-0.099467633213477846,0.91250338521367402,143.76230041503905,-0.71004377007185837,1
2008-04-25,132729.63610535287,11516.149057497889,868.29141653456134,0.0084442102178319267,-0.091863348600370709,0.91323603834521894,143.70035041809081,-0.53613070033925492,1
2008-04-28,132755.68378792287,11516.149057497889,868.29141653456134,0.00019624616878566314,-0.091685130261799586,0.9132530620994358,143.62655044555663,-0.52477924366008444,1
2008-04-29,132278.12085901375,11516.149057497889,868.29141653456134,-0.0035973068367605165,-0.094952617552640062,0.91293988013503624,143.54770042419435,-0.58935825379436091,1
2008-04-30,131566.11553789914,11516.149057497889,868.29141653456134,-0.0053826386139359528,-0.099824160540842977,0.91246873094630099,143.46485038757325,-0.68962857413319389,1
2008-05-01,134049.42951915099,11516.149057497889,868.29141653456134,0.018875026986234111,-0.082833317278695362,0.91409027924395136,143.39670036315917,-0.3032958120824597,1
2008-05-02,134388.06264163647,11516.149057497889,868.29141653456134,0.0025261810042771504,-0.080516388227048763,0.91430675588941834,143.33190032958984,-0.24401028963888369,1
2008-05-05,133797.63083794923,11516.149057497889,868.29141653456134,-0.0043934840050615653,-0.084556124768289553,0.91392860258156727,143.26070030212404,-0.32749901983383589,1
2008-05-06,134856.94742604744,11516.149057497889,868.29141653456134,0.0079173045252289853,-0.07730827683232433,0.91460470315173725,143.20345031738282,-0.15614816033997533,1
2008-05-07,132660.17120214103,11516.149057497889,868.29141653456134,-0.016289677809228631,-0.092338627719967814,0.91319060609419733,143.13120033264161,-0.49119882838873263,1
2008-05-08,132347.58576222559,11516.149057497889,868.29141653456134,-0.0023562870233232447,-0.094477338433043068,0.91298557513404366,143.07050033569337,-0.5331864848183695,1
2008-05-09,132121.82151451823,11516.149057497889,868.29141653456134,-0.0017058433397716399,-0.096022018234289352,0.9128368885208531,143.00695030212401,-0.5614452888730127,1
2008-05-12,133476.36725353563,11516.149057497889,868.29141653456134,0.010252248443823886,-0.086754211377480739,0.913721437776148,142.96915031433105,-0.34331857553726747,1
2008-05-13,133493.72354253189,11516.149057497889,868.29141653456134,0.00013003267434830157,-0.086635459585248875,0.91373265534968195,142.94600028991698,-0.33739221817956133,1
2008-05-14,133745.53547280925,11516.149057497889,868.29141653456134,0.0018863203721868338,-0.084912561445431467,0.91389507682042104,142.91295028686523,-0.29340020791945265,1
2008-05-15,135273.72359624287,11516.149057497889,868.29141653456134,0.011426086994464901,-0.074456692764964916,0.91486780469006224,142.89700027465821,-0.050266135708317249,1
2008-05-16,135386.60572009656,11516.149057497889,868.29141653456134,0.00083447191999108661,-0.073684352864341607,0.91493878588472166,142.87815032958986,-0.029895851676247056,1
2008-05-19,135725.23884258201,11516.149057497889,868.29141653456134,0.0025012306105491877,-0.071367423812695341,0.91515101276885835,142.85540031433106,0.026697336030067118,1
2008-05-20,134718.01761962377,11516.149057497889,868.29141653456134,-0.0074210311328053447,-0.07825883507151854,0.91451663807870365,142.8458502960205,-0.13113200453164484,1
2008-05-21,132634.12351957106,11516.149057497889,868.29141653456134,-0.015468562682807496,-0.092516846058538715,0.91317355781524345,142.81225028991699,-0.45578069782132652,1
2008-05-22,132651.47980856732,11516.149057497889,868.29141653456134,0.00013085839854554138,-0.092398094266306852,0.91318491829780468,142.77095024108885,-0.44766773945543015,1
2008-05-23,131027.7790993519,11516.149057497889,868.29141653456134,-0.012240351269044436,-0.10350746040494141,0.91210910284325453,142.71000022888182,-0.69681200507642649,1
2008-05-27,131913.4400539583,11516.149057497889,868.29141653456134,0.0067593373000305323,-0.097447764942857562,0.91269919840777958,142.67635025024413,-0.55176532772245457,1
2008-05-28,132469.14603057739,11516.149057497889,868.29141653456134,0.0042126562417883484,-0.093645622636303938,0.91306542389244627,142.64930023193358,-0.45997169392042936,1
2008-05-29,133076.94737233646,11516.149057497889,868.29141653456134,0.0045882483579895439,-0.0894870436526084,0.91346247952865345,142.6231502532959,-0.36024340886177264,1
2008-05-30,133380.8546677538,11516.149057497889,868.29141653456134,0.0022836960226253478,-0.087407708835648967,0.91365965463196253,142.6098503112793,-0.310276854192437,1
2008-06-02,132121.82151451823,11516.149057497889,868.29141653456134,-0.0094393843582106784,-0.096022018234289352,0.9128368885208531,142.59915031433104,-0.50762489413557044,1
2008-06-03,131418.50758697733,11516.149057497889,868.29141653456134,-0.0053232230639782552,-0.10083409467615312,0.91237041670195418,142.57910026550292,-0.61544788614064883,1
2008-06-04,131357.73407733921,11516.149057497889,868.29141653456134,-0.0004624425490290518,-0.10124990724941108,0.91232987430555434,142.54565025329589,-0.61999117175796503,1
2008-06-05,133754.2136173074,11516.149057497889,868.29141653456134,0.018243916559623541,-0.084853185549315535,0.91390066341799536,142.52635025024415,-0.23925661541097648,1
2008-06-06,129855.5803874,11516.149057497889,868.29141653456134,-0.02914774140171783,-0.11152764824152983,0.91131571686683321,142.48315025329589,-0.84718481845209248,1
2008-06-09,130142.11814474547,11516.149057497889,868.29141653456134,0.0022065879378510012,-0.10956715586702548,0.91151097568052875,142.43300025939942,-0.79456895330751576,1
2008-06-10,129551.68634105826,11516.149057497889,868.29141653456134,-0.004536823375123844,-0.11360689240826605,0.91110768695684563,142.38010025024414,-0.87926322884889541,1
2008-06-11,127815.10350798912,11516.149057497889,868.29141653456134,-0.013404555989317002,-0.12548859844752414,0.90989993559894067,142.30815025329591,-1.1406506739876949,1
2008-06-12,128257.92736075455,11516.149057497889,868.29141653456134,0.0034645659285308383,-0.1224587960415936,0.91021101545555061,142.24565025329591,-1.0606742248460561,1
2008-06-13,129734.02011904819,11516.149057497889,868.29141653456134,0.011508783812963053,-0.11235936403826896,0.91123262004114036,142.2078002166748,-0.82290294231199024,1
2008-06-16,129803.48502226002,11516.149057497889,868.29141653456134,0.00053544092095569873,-0.11188408491867186,0.91128012429309591,142.15625022888185,-0.80442305123088742,1
2008-06-17,129230.42275664464,11516.149057497889,868.29141653456134,-0.0044148449906188381,-0.11580497901745745,0.91088670289979567,142.10335029602049,-0.88573299812685069,1
2008-06-18,128084.27172726273,11516.149057497889,868.29141653456134,-0.008869049600961465,-0.12364694851547486,0.91008928026682401,142.03665031433104,-1.0541602356035167,1
2008-06-19,128231.87967818454,11516.149057497889,868.29141653456134,0.0011524283889916553,-0.12263701438016461,0.91019277666053688,141.96335029602051,-1.0208796034648295,1
2008-06-20,126346.82219266616,12097.03601515951,868.29141653456134,-0.014700380983646122,-0.13553458452972544,0.90425532035374223,141.88230033874513,-1.3896528423463717,1
2008-06-23,126233.94006881249,12097.03601515951,868.29141653456134,-0.00089343065298108648,-0.13630692443034864,0.90416970262858631,141.79890029907227,-1.3916157479942639,1
2008-06-24,126008.1890701807,12097.03601515951,868.29141653456134,-0.0017883542136823971,-0.13785151358137193,0.90399801707790572,141.7245002746582,-1.4106418953961402,1
2008-06-25,126546.52550872795,12097.03601515951,868.29141653456134,0.0042722337533747101,-0.13416821371727328,0.90440641521742005,141.6546002960205,-1.3135116084344367,1
2008-06-26,123438.04064764515,12097.03601515951,868.29141653456134,-0.024563968458133689,-0.15543647840557173,0.90199912481039302,141.55830024719239,-1.7670101538500693,1
2008-06-27,122830.23930588608,12097.03601515951,868.29141653456134,-0.004923938670527428,-0.15959505738926738,0.9015141867058154,141.45660026550294,-1.8338907925706118,1
2008-06-30,123220.9744180493,12097.03601515951,868.29141653456134,0.0031810986803515462,-0.15692164633536743,0.90182648634056295,141.35195026397705,-1.7514720226339711,1
2008-07-01,123568.29230957068,12097.03601515951,868.29141653456134,0.002818658861948542,-0.15454529606249345,0.90210242620450487,141.24935031890868,-1.677801403963419,1
2008-07-02,121658.04721847197,12097.03601515951,868.29141653456134,-0.015459023147402995,-0.16761519990074414,0.90056526229263067,141.139750289917,-1.9357653885502761,1
2008-07-03,121770.92271778786,12097.03601515951,868.29141653456134,0.00092780956045745988,-0.16684290532523249,0.90065743327579784,141.00900024414062,-1.8950293159025438,1
2008-07-07,120650.82599551375,12097.03601515951,868.29141653456134,-0.0091983923359931774,-0.17450661115956723,0.89973515792084735,140.86730022430419,-2.0347107179359103,1
2008-07-08,122578.43400014652,12097.03601515951,868.29141653456134,0.015976749340319119,-0.16131791020397312,0.90131187338267804,140.74210021972655,-1.7298732131926902,1
2008-07-09,120451.12267945195,12097.03601515951,868.29141653456134,-0.017354694877991572,-0.1758729819720195,0.89956892267951294,140.60620021820068,-2.016061405246822,1
2008-07-10,120893.95315675516,12097.03601515951,868.29141653456134,0.0036764329584679789,-0.17284313424097741,0.89993679833205487,140.47425022125245,-1.9258070528074429,1
2008-07-11,119626.24185902145,12097.03601515951,868.29141653456134,-0.010486143141418713,-0.18151681953573384,0.8988764018064217,140.33650020599364,-2.0807758275369981,1
2008-07-14,118653.75971220693,12097.03601515951,868.29141653456134,-0.0081293379420929179,-0.18817054590964688,0.89804759626243025,140.18915019989015,-2.1890973090556347,1
2008-07-15,117151.6126468055,12097.03601515951,868.29141653456134,-0.012659919660741203,-0.19844824157665408,0.89674033722753566,140.02865020751952,-2.3675332729215044,1
2008-07-16,119730.4392138392,12097.03601515951,868.29141653456134,0.022012727855556413,-0.18080390085633824,0.89896440625633944,139.88555019378663,-1.9730541396031551,1
2008-07-17,120807.11871547147,12097.03601515951,868.29141653456134,0.0089925294578541148,-0.1734372558030296,0.89986487432374906,139.74005016326905,-1.8011489339035602,1
2008-07-18,121484.39158498017,12097.03601515951,868.29141653456134,0.0056062331153168277,-0.16880335237462529,0.90042312549511805,139.59950019836427,-1.6884455274957806,1
2008-07-21,121545.17171915607,12097.03601515951,868.29141653456134,0.0005003122901874324,-0.16838749447625578,0.90047292011639024,139.46085021972655,-1.6639437311861343,1
2008-07-22,122786.82870978201,12097.03601515951,868.29141653456134,0.010215601105858285,-0.15989207284518192,0.90147936759770897,139.32815021514892,-1.4741402097983303,1
2008-07-23,123385.94528250517,12097.03601515951,868.29141653456134,0.0048793227988583876,-0.15579291508271376,0.90195774739609069,139.18975017547606,-1.3792250387852831,1
2008-07-24,121076.29355928289,12097.03601515951,868.29141653456134,-0.018718920683665319,-0.17159556054586877,0.900087493104202,139.04220016479493,-1.6981972479138703,1
2008-07-25,121050.24587671288,12097.03601515951,868.29141653456134,-0.00021513445617038496,-0.17177377888443979,0.90006599385613739,138.8872002029419,-1.690848960503518,1
2008-07-28,119452.58622552965,12097.03601515951,868.29141653456134,-0.013198318100158257,-0.182704972009615,0.89872939215966419,138.72430019378663,-1.9079225721493869,1
2008-07-29,121744.87503521786,12097.03601515951,868.29141653456134,0.019189947092148385,-0.16702112366380362,0.90063617863454104,138.57835018157959,-1.5636846316476909,1
2008-07-30,123698.53072242063,12097.03601515951,868.29141653456134,0.01604712877349157,-0.15365420436963839,0.90220549957618135,138.43935016632079,-1.2711835180972237,1
2008-07-31,122222.43796412699,12097.03601515951,868.29141653456134,-0.0119329853772151,-0.16375363637296303,0.90102442549288653,138.29845020294189,-1.4799665907078385,1
2008-08-01,121640.68430493791,12097.03601515951,868.29141653456134,-0.0047597942642890745,-0.16773399701808756,0.90055106904172155,138.16035022735596,-1.5548429204901639,1
2008-08-04,120624.77831294374,12097.03601515951,868.29141653456134,-0.0083516957981543127,-0.17468482949813835,0.89971350675749651,138.0140502166748,-1.6938696305210583,1
2008-08-05,123550.92277149882,12097.03601515951,868.29141653456134,0.024258236984806114,-0.15466413850494853,0.90208866316982217,137.88740020751953,-1.2473474911447293,1
2008-08-06,124045.84198940423,12097.03601515951,868.29141653456134,0.004005791351479715,-0.15127789942187608,0.9024793107035961,137.7837001800537,-1.1621754023213884,1
2008-08-07,122378.73068408473,12097.03601515951,868.29141653456134,-0.013439477523655374,-0.16268428101642529,0.90115082949840797,137.6660502243042,-1.4017454622912147,1
2008-08-08,124427.89233253153,12097.03601515951,868.29141653456134,0.016744426396582135,-0.14866390958920361,0.90277874366922184,137.55410022735595,-1.0827907058833159,1
2008-08-11,125591.41289998527,12097.03601515951,868.29141653456134,0.0093509625988379419,-0.14070309764873135,0.90367943368235704,137.45025028228758,-0.8976438057932945,1
2008-08-12,124410.53604353525,12097.03601515951,868.29141653456134,-0.0094025286377693584,-0.14878266138143559,0.90276518050749044,137.33780033111572,-1.0706456110903357,1
2008-08-13,123733.26979856433,12097.03601515951,868.29141653456134,-0.0054438013572574162,-0.15341651948472834,0.90223295614143817,137.21255039215089,-1.1684920307442062,1
2008-08-14,124575.50028345334,12097.03601515951,868.29141653456134,0.0068068231467586227,-0.14765397545389347,0.90289393991888878,137.08960033416747,-1.0316424563925055,1
2008-08-15,125122.52811557429,12097.03601515951,868.29141653456134,0.0043911349412706357,-0.14391120904345589,0.90331848151289262,136.97515033721925,-0.93915697037225421,1
2008-08-18,123576.97045406881,12097.03601515951,868.29141653456134,-0.012352353207552347,-0.15448592016637763,0.90210930102339948,136.84385036468507,-1.180377152986934,1
2008-08-19,122361.36114601287,12097.03601515951,868.29141653456134,-0.0098368595992386343,-0.16280312345888037,0.90113679758167931,136.72365036010743,-1.3662167543913331,1
2008-08-20,122873.65652652791,12097.03601515951,868.29141653456134,0.0041867414330551966,-0.1592979966082414,0.90154898651894677,136.60555038452148,-1.2749375469774868,1
2008-08-21,123064.68169809156,12097.03601515951,868.29141653456134,0.0015546470819187697,-0.15799100169190505,0.90170180552015267,136.49430038452149,-1.2346723593349618,1
2008-08-22,124671.01286923516,12097.03601515951,868.29141653456134,0.013052739006665925,-0.14700047799572535,0.90296833452498027,136.38220031738283,-0.96573936734059451,1
2008-08-25,122387.40882858286,12097.03601515951,868.29141653456134,-0.018317040891033143,-0.16262490512030936,0.90115783861309828,136.2777502822876,-1.3312825209274497,1
2008-08-26,122708.67903753425,12097.03601515951,868.29141653456134,0.002625026643070516,-0.16042677318600651,0.90141662260532318,136.1789002609253,-1.266573380973423,1
2008-08-27,123785.36516370432,12097.03601515951,868.29141653456134,0.008774327412005789,-0.15306008280758621,0.90227410163421695,136.09635028839111,-1.0773604780111172,1
2008-08-28,125139.89765364614,12097.03601515951,868.29141653456134,0.010942589926930868,-0.14379236660100081,0.90333190100058358,136.02880031585693,-0.84356019597663012,1
2008-08-29,123924.28172105241,12097.03601515951,868.29141653456134,-0.0097140556719826909,-0.15210961521861521,0.90238365034554446,135.93235027313233,-1.0370288138478072,1
2008-09-02,123229.65256254743,12097.03601515951,868.29141653456134,-0.0056052708061569145,-0.15686227043925149,0.90183339996824674,135.83395027160645,-1.1435239438529874,1
2008-09-03,123134.13997676561,12097.03601515951,868.29141653456134,-0.00077507794427433829,-0.1575157678974195,0.90175725418277886,135.74565029144287,-1.1486728828622921,1
2008-09-04,119791.2193480151,12097.03601515951,868.29141653456134,-0.027148609064726381,-0.18038804295796873,0.89901567008834393,135.6368503189087,-1.691960257067358,1
2008-09-05,120129.85247050055,12097.03601515951,868.29141653456134,0.0028268609696813218,-0.17807111390632235,0.8993003340436958,135.54015033721925,-1.6160443907408359,1
2008-09-08,122361.36114601287,12097.03601515951,868.29141653456134,0.018575804678194308,-0.16280312345888037,0.90113679758167931,135.45190032958985,-1.2304640065035448,1
2008-09-09,119087.9054204742,12097.03601515951,868.29141653456134,-0.026752364430079223,-0.1852001193998325,0.89841927295263579,135.35960037231445,-1.7551502897226634,1
2008-09-10,119522.05112874148,12097.03601515951,868.29141653456134,0.0036455902615333269,-0.182229692890018,0.89878824952452196,135.25755035400391,-1.663203914599251,1
2008-09-11,121076.29355928289,12097.03601515951,868.29141653456134,0.013003813236666106,-0.17159556054586877,0.900087493104202,135.18035037994386,-1.3896092221465386,1
2008-09-12,121579.89754622421,12097.03601515951,868.29141653456134,0.0041593938180370937,-0.16814990024156873,0.90050134718562114,135.09795032501222,-1.2926460906044803,1
2008-09-15,116370.14904701684,12097.03601515951,868.29141653456134,-0.04285041034210979,-0.20379501835934244,0.89604691482974763,134.9627502822876,-2.1258580326607426,1
2008-09-16,118115.41664912189,12097.03601515951,868.29141653456134,0.014997554066893182,-0.19185389109885698,0.8975829205166721,134.83735031127929,-1.8194195103211916,1
2008-09-17,113348.49862721773,12097.03601515951,868.29141653456134,-0.040358135772106229,-0.22446916148558871,0.89327572785110787,134.67710029602051,-2.5630040692893745,1
2008-09-18,116352.78613348278,12097.03601515951,868.29141653456134,0.026504872518387623,-0.20391381547668597,0.89603140227960254,134.53905033111573,-2.0484161792477171,1
2008-09-19,120469.35838908824,12697.025383984892,868.29141653456134,0.035380091808741243,-0.17574821318058054,0.89460369380422511,134.42785034179687,-1.4617721331256166,1
2008-09-22,118029.45500394043,12697.025383984892,868.29141653456134,-0.020253311030905441,-0.19244204098681372,0.89242494270975836,134.29035034179688,-1.8443423364063982,1
2008-09-23,115632.97546397225,12697.025383984892,868.29141653456134,-0.020304080366110089,-0.20883876268690926,0.89019546255695114,134.12840034484864,-2.2173779172106158,1
2008-09-24,115962.92381742178,12697.025383984892,868.29141653456134,0.0028534105615254379,-0.20658125485649048,0.89050788850429674,133.96850032806395,-2.1466000468632713,1
2008-09-25,117577.94638213908,12697.025383984892,868.29141653456134,0.013927059714879952,-0.19553126461397174,0.89201184597391769,133.81205032348632,-1.8740349738085404,1
2008-09-26,117630.04174727907,12697.025383984892,868.29141653456134,0.00044307088823170027,-0.19517482793682961,0.89205967119127894,133.67675029754639,-1.8492257444740243,1
2008-09-29,109407.32097277073,12697.025383984892,868.29141653456134,-0.069903237747499514,-0.25143471328473366,0.88394720507647817,133.48680030822754,-3.1475251309994285,1
2008-09-30,113410.14493295808,12697.025383984892,868.29141653456134,0.036586436123260624,-0.2240473772382352,0.88804330166855283,133.32145030975343,-2.4603802095483296,1
2008-10-01,113470.92506713398,12697.025383984892,868.29141653456134,0.00053593207390600917,-0.22363151933986569,0.88810327071474204,133.16590030670167,-2.4160571910592075,1
2008-10-02,109815.41899846801,12697.025383984892,868.29141653456134,-0.032215354431130439,-0.24864250511349018,0.88437848255023255,132.99980026245117,-2.9424891101808752,1
2008-10-03,108504.29710463026,12697.025383984892,868.29141653456134,-0.011939324238757876,-0.25761320586416103,0.88298135905399955,132.82210021972656,-3.0774414113991986,1
2008-10-06,103624.5035834102,12697.025383984892,868.29141653456134,-0.044973274344282332,-0.29100077082640441,0.87747082065619064,132.61630020141601,-3.7137871885774509,1
2008-10-07,99552.214720011019,12697.025383984892,868.29141653456134,-0.039298512635298488,-0.31886338599249986,0.87245863470044271,132.38245018005372,-4.1534836444773902,1
2008-10-08,97364.123265140544,12697.025383984892,868.29141653456134,-0.021979334774464343,-0.33383431565891575,0.86959236155797826,132.12935016632079,-4.2792602915098916,1
2008-10-09,91451.054213854484,12697.025383984892,868.29141653456134,-0.060731497937732914,-0.37429155554366478,0.86116042627246892,131.83670017242432,-4.8318355604264456,1
2008-10-10,89540.815747293571,12697.025383984892,868.29141653456134,-0.020888096730890648,-0.3873614140568038,0.85819846203077876,131.53145015716552,-4.8047268133671865,1
2008-10-13,100698.35912485512,12697.025383984892,868.29141653456134,0.12460846245862789,-0.31102146181959411,0.87391030505033407,131.29985015869141,-3.2793373622185245,1
2008-10-14,99395.92200005328,12697.025383984892,868.29141653456134,-0.012934045163406904,-0.3199327413490376,0.87225808535708249,131.06260013580322,-3.3459774026877058,1
2008-10-15,90860.615785629474,12697.025383984892,868.29141653456134,-0.085871794764570186,-0.3783313374100169,0.86025820676869047,130.78165008544923,-4.1994372021946518,1
2008-10-16,94116.708597634075,12697.025383984892,868.29141653456134,0.035836129700978603,-0.35605313858640841,0.86509276011481695,130.52585010528566,-3.6756167066740075,1
2008-10-17,93630.467524226813,12697.025383984892,868.29141653456134,-0.0051663629195325411,-0.35938000177336493,0.86439216080279058,130.26760009765624,-3.6016189881691076,1
2008-10-20,98492.898131912807,12697.025383984892,868.29141653456134,0.051932140640308599,-0.32611123392846508,0.87108689433648712,130.05510009765624,-2.9769434343602308,1
2008-10-21,95931.441102950965,12697.025383984892,868.29141653456134,-0.026006514962441774,-0.34363673220632585,0.86764479676315098,129.82845008850097,-3.1629717121479421,1
2008-10-22,91398.958848714508,12697.025383984892,868.29141653456134,-0.047247098575036728,-0.3746479922208068,0.86108129081643836,129.58710006713866,-3.5182842613421834,1
2008-10-23,92310.66748589091,12697.025383984892,868.29141653456134,0.0099750440121038064,-0.36841007842015183,0.86245332495374338,129.34370010375977,-3.3141530252931579,1
2008-10-24,88273.111074097644,12697.025383984892,868.29141653456134,-0.043738784712074374,-0.39603505402644867,0.85616202681100895,129.07245014190673,-3.5878783141795529,1
2008-10-27,85590.087152246197,12697.025383984892,868.29141653456134,-0.030394577569598513,-0.41439231342616023,0.85165308499570014,128.79145015716551,-3.7018385843901975,1
2008-10-28,94108.030453135943,12697.025383984892,868.29141653456134,0.09952020828928676,-0.35611251448252434,0.86508031968315635,128.5538501739502,-2.8218605053542398,1
2008-10-29,93517.592024910919,12697.025383984892,868.29141653456134,-0.006274049359890177,-0.36015229634887658,0.86422848248057227,128.32840019226074,-2.8058962099091884,1
2008-10-30,96313.49144607826,12697.025383984892,868.29141653456134,0.029897042477554203,-0.34102274237365338,0.86816981511781866,128.12500022888185,-2.4963749817925929,1
2008-10-31,96773.684836915534,12697.025383984892,868.29141653456134,0.004778078168777844,-0.33787409752526787,0.86879671467112052,127.9420002746582,-2.4057436486101311,1
2008-11-03,97016.805373619165,12697.025383984892,868.29141653456134,0.0025122587520909345,-0.33621066593178961,0.86912550526594157,127.76725028991699,-2.3383802213891771,1
2008-11-04,99882.169697998324,12697.025383984892,868.29141653456134,0.029534721467527447,-0.31660583283696953,0.87287996023338943,127.61570030212403,-2.0532759151523372,1
2008-11-05,96217.97886029644,12697.025383984892,868.29141653456134,-0.036685134581886381,-0.34167623983182149,0.8680389514061575,127.4273503112793,-2.3265679950159668,1
2008-11-06,91589.984020278149,12697.025383984892,868.29141653456134,-0.048099065214598835,-0.37334099730447068,0.8613710274130657,127.20670028686523,-2.6606497362738519,1
2008-11-07,94194.858269881835,12697.025383984892,868.29141653456134,0.028440601638569651,-0.35551843824558371,0.86520468720695898,127.01080032348632,-2.3926402076017896,1
2008-11-10,93126.856912747709,12697.025383984892,868.29141653456134,-0.011338212899839495,-0.36282570740277642,0.86365882190267662,126.79775028228759,-2.4312919121230347,1
2008-11-11,90643.542931495831,12697.025383984892,868.29141653456134,-0.026665927140422485,-0.37981655066492415,0.85992355358858041,126.56705024719238,-2.5770479783260387,1
2008-11-12,87213.794485999431,12697.025383984892,868.29141653456134,-0.037837758041832537,-0.4032829019624139,0.8544149413654607,126.32160022735596,-2.783129621925077,1
2008-11-13,91859.152239551782,12697.025383984892,868.29141653456134,0.053264025271805737,-0.3714993473724213,0.8617772418487667,126.09060024261474,-2.3689778593245308,1
2008-11-14,87908.43026904219,12697.025383984892,868.29141653456134,-0.043008474106171146,-0.39853020141666617,0.85556532695299115,125.82580024719238,-2.6189597753331597,1
2008-11-17,86909.893815119896,12697.025383984892,868.29141653456134,-0.011358824755103636,-0.40536219145426167,0.85390586932490353,125.5640502166748,-2.6353966410255452,1
2008-11-18,88307.84352570356,12697.025383984892,868.29141653456134,0.016085046813628212,-0.39579741446665018,0.85621859987681392,125.32880020141602,-2.4770201249566681,1
2008-11-19,83462.77583155164,12697.025383984892,868.29141653456134,-0.054865655197906316,-0.4289473851942065,0.84787199733674568,125.07105018615722,-2.7685574752889748,1
2008-11-20,78209.610111702437,12697.025383984892,868.29141653456134,-0.062940222961807346,-0.46488956409300619,0.83765389744495033,124.77865020751953,-3.0621069394624558,1
2008-11-21,81743.555912016585,12697.025383984892,868.29141653456134,0.045185569845787699,-0.44071029411612084,0.84467246081573533,124.51090015411377,-2.7414193696272937,1
2008-11-24,86527.843471992586,12697.025383984892,868.29141653456134,0.058528008802620324,-0.40797618128693414,0.85326081323066061,124.26730014801025,-2.3590484751833904,1
2008-11-25,87074.871304113549,12697.025383984892,868.29141653456134,0.0063219861974026514,-0.40423341487649656,0.85418266838845092,124.02065013885498,-2.2784407528975708,1
2008-11-26,89948.913772990854,12697.025383984892,868.29141653456134,0.033006565795998366,-0.38456920588556043,0.85884181529941439,123.78365016937256,-2.0486166978956866,1
2008-11-28,90921.395919805378,12697.025383984892,868.29141653456134,0.010811494058380999,-0.37791547951164739,0.86035162289870759,123.55825016021728,-1.9526911430762919,1
2008-12-01,83992.434125600746,12697.025383984892,868.29141653456134,-0.076208264557619865,-0.42532346122622389,0.84883132015202711,123.2931001663208,-2.3713406248256241,1
2008-12-02,86736.231557090301,12697.025383984892,868.29141653456134,0.032667197469078424,-0.40655038925325448,0.85361336138257715,123.04185012817383,-2.1521419119792888,1
2008-12-03,88516.231610801275,12697.025383984892,868.29141653456134,0.020521989735504897,-0.39437162243297041,0.85655709520246315,122.79885013580322,-2.0037091523859889,1
2008-12-04,86762.285864198086,12697.025383984892,868.29141653456134,-0.019814961783677698,-0.40637212558957181,0.85365732060288835,122.55140018463135,-2.0831525660796384,1
2008-12-05,89045.889904850381,12697.025383984892,868.29141653456134,0.026320238314451849,-0.3907476984649878,0.85741031509087906,122.31295021057129,-1.9076447492697846,1
2008-12-08,91711.544288629972,12697.025383984892,868.29141653456134,0.029935737479045432,-0.37250928150773144,0.86155477500165689,122.08130020141601,-1.7146687233225431,1
2008-12-09,90409.107163828128,12697.025383984892,868.29141653456134,-0.014201452335192211,-0.38142056103717492,0.85956032768936741,121.83700019836425,-1.7733869534822422,1
2008-12-10,90938.765457877234,12697.025383984892,868.29141653456134,0.005858461726530706,-0.37779663706919231,0.86037829609787109,121.5964501953125,-1.7173848935700788,1
2008-12-11,89054.574673886309,12697.025383984892,868.29141653456134,-0.02071933541767379,-0.39068827724376032,0.85742422070420521,121.35180023193359,-1.8104888080492361,1
2008-12-12,89966.276686524929,12697.025383984892,868.29141653456134,0.010237565178175645,-0.38445040876821679,0.85886905792238222,121.12765018463135,-1.7302827659743414,1
2008-12-15,88889.597184892642,12697.025383984892,868.29141653456134,-0.011967589871300643,-0.39181705382152554,0.85715960262959967,120.89890018463134,-1.7725599720048817,1
2008-12-16,92475.63835034678,12697.025383984892,868.29141653456134,0.040342641647875599,-0.36728134716749816,0.86269869978207858,120.69335014343261,-1.533210750935819,1
2008-12-17,91702.859519594043,12697.025383984892,868.29141653456134,-0.0083565666000059435,-0.37256870272895903,0.86154166347155259,120.47915012359618,-1.5614472250881615,1
2008-12-18,90226.766761300401,12697.025383984892,868.29141653456134,-0.016096474701295937,-0.38266813473228356,0.85927651139738248,120.27030014038085,-1.6306929541816841,1
2008-12-19,89895.949056508296,13321.326912473241,868.29141653456134,-0.0036665140142647656,-0.38493159066773985,0.85181393541883066,120.06270011901856,-1.6669458800415926,1
2008-12-22,88914.775516120062,13321.326912473241,868.29141653456134,-0.010914546769749012,-0.39164478358799193,0.8501787038751718,119.85800010681152,-1.7035239550017656,1
2008-12-23,88133.318540869193,13321.326912473241,868.29141653456134,-0.0087888314480329965,-0.39699151504556873,0.8488502744135763,119.62580009460449,-1.7270352617227707,1
2008-12-24,88567.464249136465,13321.326912473241,868.29141653456134,0.0049260111323954359,-0.39402108853575435,0.8495911898866052,119.40230010986328,-1.6792320237152172,1
2008-12-26,89001.609957403751,13321.326912473241,868.29141653456134,0.0049018644933318534,-0.39105066202593985,0.8503248770572932,119.17985015869141,-1.6327628031589403,1
2008-12-29,88784.537103270108,13321.326912473241,868.29141653456134,-0.0024389767133149443,-0.3925358752808471,0.84995893038245507,118.96635017395019,-1.624899135588687,1
2008-12-30,90573.215301479213,13321.326912473241,868.29141653456134,0.020146280608847489,-0.3802977325644471,0.85292200494227477,118.76970016479493,-1.502762406530038,1
2008-12-31,91675.942485681488,13321.326912473241,868.29141653456134,0.012174981097135218,-0.37275286917256734,0.85469113759529824,118.5527501296997,-1.42250836936647,1
2009-01-02,94037.696198581529,13321.326912473241,868.29141653456134,0.025761979084850006,-0.35659374170715885,0.85834056499701672,118.36595008850098,-1.2723779708849279,1
2009-01-05,93942.183612799708,13321.326912473241,868.29141653456134,-0.0010156840250544752,-0.35724723916532697,0.85819653748544333,118.16980007171631,-1.2644586644690379,1
2009-01-06,94480.526675884743,13321.326912473241,868.29141653456134,0.0057305785578065649,-0.35356389397611687,0.85900452314187414,117.96355007171631,-1.2207047135682427,1
2009-01-07,92049.308059772855,13321.326912473241,868.29141653456134,-0.025732483736592426,-0.37019830056112246,0.85528053177952246,117.74265003204346,-1.3454868958471116,1
2009-01-08,92370.578268724246,13321.326912473241,868.29141653456134,0.0034901968925478144,-0.36800016862681961,0.85578387445276272,117.53185005187989,-1.3128554714184373,1
2009-01-09,90677.406031759179,13321.326912473241,868.29141653456134,-0.018330211509982042,-0.37958485921016305,0.85309100143637173,117.31340003967286,-1.3938231980905202,1
2009-01-12,88819.262930338242,13321.326912473241,868.29141653456134,-0.020491798152785012,-0.39229828104616005,0.85001759220945927,117.09060005187989,-1.4820983290740619,1
2009-01-13,88958.192736761906,13321.326912473241,868.29141653456134,0.0015641855363359713,-0.39134772280696584,0.85025182613710837,116.86630004882812,-1.4573336122282941,1
2009-01-14,86579.076110327791,13321.326912473241,868.29141653456134,-0.026744210434605065,-0.40762564738971796,0.84613687843587204,116.60510005950928,-1.572592682930259,1
2009-01-15,86605.123792897779,13321.326912473241,868.29141653456134,0.00030085424493098145,-0.40744742905114695,0.84618315488666629,116.34360008239746,-1.5526575695450311,1
2009-01-16,87178.192683050947,13321.326912473241,868.29141653456134,0.0066170321691771949,-0.4035264896272498,0.84719427528275471,116.08370010375977,-1.5031863688677261,1
2009-01-20,83279.566077681346,13321.326912473241,868.29141653456134,-0.04472020450737757,-0.43020090699435254,0.84004087028926877,115.80210010528565,-1.6990126778518686,1
2009-01-21,86301.223122018244,13321.326912473241,868.29141653456134,0.036283294770272478,-0.40952671854299472,0.84564150506142077,115.5375500869751,-1.5136355860512773,1
2009-01-22,85172.441630708199,13321.326912473241,868.29141653456134,-0.013079553805559585,-0.41724984559855705,0.84359580801696366,115.26720005035401,-1.5576751189343769,1
2009-01-23,85485.027070623662,13321.326912473241,868.29141653456134,0.0036700302812824326,-0.41511113488548168,0.84416771721359107,115.00360004425049,-1.522593817693437,1
2009-01-26,85979.952913066852,13321.326912473241,868.29141653456134,0.0057896202341294334,-0.41172485047729768,0.8450647335671112,114.74190002441406,-1.4784661392675047,1
2009-01-27,86717.999292213673,13321.326912473241,868.29141653456134,0.008583935605233961,-0.4066751344756353,0.84638336883690812,114.49764999389649,-1.4219324951360104,1
2009-01-28,89201.313273465537,13321.326912473241,868.29141653456134,0.028636661379650041,-0.38968429121348758,0.85065996874245675,114.26995002746582,-1.2726717104786129,1
2009-01-29,86735.368830285515,13321.326912473241,868.29141653456134,-0.027644710068563061,-0.40655629203318033,0.84641413194957416,114.02650001525879,-1.3916251672595845,1
2009-01-30,85241.906533920032,13321.326912473241,868.29141653456134,-0.017218607777961137,-0.41677456647895994,0.84372326412980525,113.75639999389648,-1.4565286781673012,1
2009-02-02,85024.833679786389,13321.326912473241,868.29141653456134,-0.0025465509038944401,-0.41825977973386719,0.8433242814370806,113.48404998779297,-1.452141823011428,1
2009-02-03,86032.048278206828,13321.326912473241,868.29141653456134,0.011846122536548931,-0.41136841380015565,0.84515855220143898,113.21034999847411,-1.3829058875776985,1
2009-02-04,85676.052242187317,13321.326912473241,868.29141653456134,-0.0041379467668641867,-0.41380413996914545,0.84451516422795958,112.93424999237061,-1.3873915943687249,1
2009-02-05,86752.73174381959,13321.326912473241,868.29141653456134,0.012566866393292075,-0.40643749491583681,0.84644487101788257,112.66739997863769,-1.3155824053960494,1
2009-02-06,88845.317237446012,13321.326912473241,868.29141653456134,0.024121263406503557,-0.39212001738247748,0.85006157525589143,112.41369998931884,-1.1907357222477959,1
2009-02-09,88949.507967725978,13321.326912473241,868.29141653456134,0.0011727205610791991,-0.39140714402819343,0.8502372051646796,112.15759994506836,-1.1734075246280313,1
2009-02-10,85485.027070623662,13321.326912473241,868.29141653456134,-0.038948848355174204,-0.41511113488548168,0.84416771721359107,111.87514991760254,-1.3464746170074164,1
2009-02-11,85910.48800985502,13321.326912473241,868.29141653456134,0.0049770229221528517,-0.41220012959689467,0.84493945708997575,111.59499988555908,-1.3103280087877547,1
2009-02-12,85962.589999532778,13321.326912473241,868.29141653456134,0.00060646832400457207,-0.4118436475946412,0.84503343940025943,111.31789989471436,-1.2944816049430559,1
2009-02-13,85181.126399744127,13321.326912473241,868.29141653456134,-0.0090907405162280464,-0.41719042437732945,0.84361175444008618,111.04039993286133,-1.3230786807785138,1
2009-02-17,82107.373990267239,13321.326912473241,868.29141653456134,-0.036084899782284685,-0.43822104950582941,0.83775724073148028,110.7308999633789,-1.4735012333067687,1
2009-02-18,81942.396501273586,13321.326912473241,868.29141653456134,-0.0020092895555666734,-0.43934982608359452,0.83743059171736334,110.41849998474122,-1.4674723076090688,1
2009-02-19,81204.350122126765,13321.326912473241,868.29141653456134,-0.009006892776626918,-0.44439954208525689,0.835953038323209,110.10524997711181,-1.49179344687003,1
2009-02-20,80544.446790689923,13321.326912473241,868.29141653456134,-0.0081264529602710356,-0.44891460307120601,0.83460899611004524,109.78209995269775,-1.5119839345129846,1
2009-02-23,78139.282481685805,13321.326912473241,868.29141653456134,-0.029861330046184298,-0.46537074599252926,0.82951818228436536,109.45774993896484,-1.623335708934309,1
2009-02-24,80596.548780367681,13321.326912473241,868.29141653456134,0.031447259568294639,-0.44855812106895254,0.83471591384421462,109.14934993743897,-1.4759959990271672,1
2009-02-25,80066.890486318574,13321.326912473241,868.29141653456134,-0.0065717242495391126,-0.45218204503693515,0.83362252697012718,108.83919998168945,-1.4888587441324177,1
2009-02-26,78981.526215650374,13321.326912473241,868.29141653456134,-0.013555719025377444,-0.45960811131147128,0.8313361674462858,108.51499996185302,-1.5312889537949721,1
2009-02-27,77514.111601854878,13321.326912473241,868.29141653456134,-0.018579213192068234,-0.46964816741867987,0.82814320338344083,108.1822499847412,-1.5931569457961061,1
2009-03-02,74622.699594905716,13321.326912473241,868.29141653456134,-0.037301749929105399,-0.48943121885207108,0.8214842536548671,107.83139995574952,-1.7286808295890304,1
2009-03-03,74162.506204068442,13321.326912473241,868.29141653456134,-0.0061669357090464727,-0.49257986370045659,0.82037652724656096,107.46909996032714,-1.7346387940474963,1
2009-03-04,75603.87313529395,13321.326912473241,868.29141653456134,0.019435251112730478,-0.48271802593181901,0.82380099907534388,107.11444995880127,-1.6410743069456961,1
2009-03-05,73059.779019866182,13321.326912473241,868.29141653456134,-0.033650314592680752,-0.50012472709233624,0.81766538181218762,106.74319995880127,-1.7583361645771376,1
2009-03-06,73163.969750146149,13321.326912473241,868.29141653456134,0.0014261024557935542,-0.49941185373805219,0.81792503936069383,106.37834995269776,-1.7342979976788906,1
2009-03-09,72460.655822605244,13321.326912473241,868.29141653456134,-0.0096128453655905943,-0.50422393017991585,0.81615779264976718,106.02144992828369,-1.7520621656820894,1
2009-03-10,75985.916853883464,13321.326912473241,868.29141653456134,0.048650691761727982,-0.48010408142425809,0.82468689641411597,105.68474994659424,-1.5488559874308343,1
2009-03-11,76394.014879580762,13321.326912473241,868.29141653456134,0.0053707060807339779,-0.47731187325301461,0.82562342176318992,105.35974994659423,-1.511714630903759,1
2009-03-12,78877.328860832626,13321.326912473241,868.29141653456134,0.032506656250051558,-0.46032102999086688,0.83111336166090566,105.04394992828369,-1.3667180857597203,1
2009-03-13,79389.617616809875,13321.326912473241,868.29141653456134,0.0064947528443959346,-0.45681594846533946,0.83220316066048661,104.72789989471435,-1.3273281660023113,1
2009-03-16,79189.914300748089,13321.326912473241,868.29141653456134,-0.0025154840400629652,-0.45818231927779163,0.83178000595023494,104.40719989776612,-1.3261998307677854,1
2009-03-17,81204.350122126765,13321.326912473241,868.29141653456134,0.025438035123112268,-0.44439954208525689,0.835953038323209,104.09634986877441,-1.2080498801118904,1
2009-03-18,82723.860101062251,13321.326912473241,868.29141653456134,0.018712174614416988,-0.43400304930090616,0.83896632850306041,103.80149990081787,-1.1166496337055667,1
2009-03-19,81864.253453563608,13321.326912473241,868.29141653456134,-0.010391278241229096,-0.43988448109930767,0.83727541203280387,103.50574993133544,-1.1527571233974996,1
2009-03-20,80415.072164570796,13808.43839714913,868.29141653456134,-0.017702247658251014,-0.44979978473211746,0.8282854441902392,103.1991999053955,-1.2463964052794625,1
2009-03-23,85199.359724546812,13808.43839714913,868.29141653456134,0.05949491098117643,-0.41706567190293065,0.83792790882710377,102.90639991760254,-0.97873137540936439,1
2009-03-24,83792.72524492722,13808.43839714913,868.29141653456134,-0.016509918433275761,-0.42668987011176973,0.83520719302556534,102.62794994354248,-1.0459120924009131,1
2009-03-25,84530.771624074041,13808.43839714913,868.29141653456134,0.008808000658643067,-0.42164015411010747,0.83664601503274882,102.35209995269776,-0.99651992194852657,1
2009-03-26,85972.138555299549,13808.43839714913,868.29141653456134,0.01705138736501266,-0.41177831634146989,0.83938472824812682,102.08794994354248,-0.90877939618028025,1
2009-03-27,84669.701430497706,13808.43839714913,868.29141653456134,-0.015149525726454782,-0.42068959587091326,0.83691405350609416,101.82629993438721,-0.97147611108500975,1
2009-03-30,82221.119900851758,13808.43839714913,868.29141653456134,-0.028919217716338541,-0.43744279957326249,0.83205728146490388,101.54799995422363,-1.0970986429062182,1
2009-03-31,82854.96892518083,13808.43839714913,868.29141653456134,0.0077090779728299363,-0.43310600225099571,0.83334206051518356,101.26484996795654,-1.0527203662821263,1
2009-04-01,84192.13850158859,13808.43839714913,868.29141653456134,0.016138676940609775,-0.42395708316175373,0.83598898135971944,100.98899997711182,-0.96953473828618597,1
2009-04-02,86249.991543609096,13808.43839714913,868.29141653456134,0.024442341988755611,-0.40987724518819302,0.83990214781450256,100.7282999420166,-0.84607577645531473,1
2009-04-03,86970.675009221857,13808.43839714913,868.29141653456134,0.0083557511451857192,-0.40494632630387417,0.84122880044699011,100.47834995269776,-0.79739017735042583,1
2009-04-06,86397.599494530907,13808.43839714913,868.29141653456134,-0.0065892959279686414,-0.40886731105288288,0.84017567064437682,100.22424995422364,-0.82172882406606285,1
2009-04-07,84704.433882103622,13808.43839714913,868.29141653456134,-0.019597368703912488,-0.42045195631111476,0.83698092574033978,99.974599952697758,-0.9093975641799189,1
2009-04-08,85468.527943820431,13808.43839714913,868.29141653456134,0.0090207091494209912,-0.41522402197088149,0.83843832660572326,99.729999961853025,-0.85728114899623242,1
2009-04-09,88316.522730127748,13808.43839714913,868.29141653456134,0.033322146231175687,-0.39573803131851637,0.8436483007902823,99.503099937438961,-0.68593390270273391,1
2009-04-13,88333.892268199605,13808.43839714913,868.29141653456134,0.00019667370877973767,-0.39561918887606129,0.84367904501225965,99.273199958801271,-0.67710973631884408,1
2009-04-14,87048.818056931821,13808.43839714913,868.29141653456134,-0.014547917885991413,-0.40441167128816125,0.84137132811937654,99.053799972534179,-0.74355938795445375,1
2009-04-15,87830.281656720486,13808.43839714913,868.29141653456134,0.0089773028196382665,-0.39906489450547278,0.84278271529267546,98.842399978637701,-0.69013881418408274,1
2009-04-16,88915.645927388687,13808.43839714913,868.29141653456134,0.012357517819540753,-0.39163882823093665,0.84470181537650257,98.634999961853026,-0.61896083385907352,1
2009-04-17,89419.256538867805,13808.43839714913,868.29141653456134,0.0056639144463999092,-0.38819312260152505,0.84557645711193063,98.428499946594243,-0.58172615147187012,1
2009-04-20,86249.991543609096,13808.43839714913,868.29141653456134,-0.035442757163621996,-0.40987724518819302,0.83990214781450256,98.214749946594239,-0.76064391778692186,1
2009-04-21,87665.304167726834,13808.43839714913,868.29141653456134,0.016409423337764961,-0.400193671083238,0.84248684781005323,98.008499946594242,-0.66894436339337648,1
2009-04-22,87213.795545925488,13808.43839714913,868.29141653456134,-0.0051503685076765837,-0.40328289471039591,0.84167139716012229,97.806099967956541,-0.68791071264147208,1
2009-04-23,87934.479011538235,13808.43839714913,868.29141653456134,0.0082634113227333383,-0.39835197582607718,0.8429690088305718,97.596749992370604,-0.63710848033810064,1
2009-04-24,89054.575733812351,13808.43839714913,868.29141653456134,0.012737855899813244,-0.39068826999174244,0.84494408868531246,97.406100006103514,-0.5623541223349503,1
2009-04-27,88342.570412697736,13808.43839714913,868.29141653456134,-0.0079951570735997679,-0.39555981297994536,0.84369440086877523,97.20879997253418,-0.59761497916096806,1
2009-04-28,88108.134645030033,13808.43839714913,868.29141653456134,-0.0026537123220721215,-0.39716382335219602,0.84327850711196473,97.017449989318848,-0.60417927419902773,1
2009-04-29,89688.424758141424,13808.43839714913,868.29141653456134,0.017935802630234532,-0.38635147266947578,0.84603990498901394,96.840799980163581,-0.50080558903966255,1
2009-04-30,89714.472440711412,13808.43839714913,868.29141653456134,0.00029042412819979546,-0.38617325433090477,0.84608460573321032,96.672949981689456,-0.49205181369664025,1
2009-05-01,90122.57046640871,13808.43839714913,868.29141653456134,0.0045488538760229957,-0.38338104615966129,0.84678157396436071,96.492599983215328,-0.45966291085437649,1
2009-05-04,92718.759946976468,13808.43839714913,868.29141653456134,0.028807317269489374,-0.36561790832200192,0.85107179598771776,96.320999984741206,-0.29240050528102041,1
2009-05-05,92449.591727702849,13808.43839714913,868.29141653456134,-0.0029030610356258757,-0.36745955825405119,0.85063818953554793,96.143949966430668,-0.301406825181399,1
2009-05-06,93812.808986680597,13808.43839714913,868.29141653456134,0.014745519515033667,-0.35813242082623831,0.8528086031502411,95.974399948120123,-0.20869521868886648,1
2009-05-07,92701.397033442394,13808.43839714913,868.29141653456134,-0.011847123705633789,-0.36573670543934556,0.85104390182849476,95.791299934387212,-0.27035169134465337,1
2009-05-08,94542.177221329272,13808.43839714913,868.29141653456134,0.019857092199190962,-0.35314208072069198,0.85394414638005745,95.615349960327151,-0.14562912205169201,1
2009-05-11,93031.345386891931,13808.43839714913,868.29141653456134,-0.015980506043354437,-0.36347919760892666,0.85157219494436409,95.443999938964851,-0.233890300000275,1
2009-05-12,92796.909619224229,13808.43839714913,868.29141653456134,-0.0025199653589094151,-0.36508320798117733,0.85119721708611173,95.271449928283687,-0.24097352332016653,1
2009-05-13,90808.52148041554,13808.43839714913,868.29141653456134,-0.021427309885293511,-0.37868776683514105,0.84793895801808461,95.096649932861325,-0.36165444766754751,1
2009-05-14,91468.424811852397,13808.43839714913,868.29141653456134,0.0072669758374952487,-0.37417270584919182,0.84903600968801374,94.91244995117188,-0.31078409521843064,1
2009-05-15,90834.569162985528,13808.43839714913,868.29141653456134,-0.0069297754954312785,-0.37850954849657004,0.84798256297806085,94.713349952697754,-0.34399799562893718,1
2009-05-18,93022.667242393785,13808.43839714913,868.29141653456134,0.024088825428148608,-0.36353857350504271,0.85155834801889951,94.535349960327153,-0.19101470142363647,1
2009-05-19,92927.154656611965,13808.43839714913,868.29141653456134,-0.0010267667936562086,-0.36419207096321071,0.85140577640438242,94.360149955749506,-0.18882138289289968,1
2009-05-20,92397.496362562859,13808.43839714913,868.29141653456134,-0.0056997149649778978,-0.36781599493119332,0.85055397666874488,94.187749977111821,-0.21603407301468966,1
2009-05-21,91268.714871252814,13808.43839714913,868.29141653456134,-0.012216580922071341,-0.37553912198675554,0.84870567733283142,93.991999969482421,-0.28372913848029446,1
2009-05-22,91103.737382259162,13808.43839714913,868.29141653456134,-0.001807601752981558,-0.37666789856452076,0.84843170221205344,93.792449989318854,-0.28621144796017678,1
2009-05-26,93083.447376569704,13808.43839714913,868.29141653456134,0.021730282985032101,-0.36312271560667297,0.85165527506424421,93.613899993896482,-0.14016579181043082,1
2009-05-27,91668.128127914184,13808.43839714913,868.29141653456134,-0.015204843487691577,-0.37280633503673966,0.84936489182062536,93.415400009155277,-0.22957224242197374,1
2009-05-28,92753.492398582384,13808.43839714913,868.29141653456134,0.01184014872817829,-0.36538026876220342,0.85112756360902075,93.216449966430659,-0.1426377229314337,1
2009-05-29,94151.442109166048,13808.43839714913,868.29141653456134,0.015071666569452358,-0.35581549177459193,0.85333800430652329,93.03234992980957,-0.031604615629338251,1
2009-06-01,96096.413027332892,13808.43839714913,868.29141653456134,0.020657898324188295,-0.3425079937016543,0.85630641184055878,92.863349876403802,0.12148469087316739,1
2009-06-02,96165.877930544724,13808.43839714913,868.29141653456134,0.00072286676498611868,-0.3420327145820572,0.85641020812889368,92.689899902343754,0.13955521048943745,1
2009-06-03,95123.930880518354,13808.43839714913,868.29141653456134,-0.01083489354486955,-0.34916172007556734,0.8548373866667327,92.507299919128414,0.074936498603489499,1
2009-06-04,95888.024942235177,13808.43839714913,868.29141653456134,0.0080326165523645354,-0.34393378573533395,0.8559941305969373,92.337999916076654,0.14578253951778228,1
2009-06-05,95905.394480307019,13808.43839714913,868.29141653456134,0.00018114397582280617,-0.34381494329287898,0.85602021166823394,92.175799942016596,0.16004028325027178,1
2009-06-08,95566.761357821568,13808.43839714913,868.29141653456134,-0.0035309079778091945,-0.34613187234452536,0.85551003088356725,92.008699951171877,0.14712792564500979,1
2009-06-09,95983.537528016997,13808.43839714913,868.29141653456134,0.0043610996571803451,-0.34328028827716595,0.85613742988876051,91.842899932861329,0.19422205523766134,1
2009-06-10,95775.149442919283,13808.43839714913,868.29141653456134,-0.0021710815256927862,-0.3447060803108456,0.85582441293522826,91.666649971008297,0.19315186972180662,1
2009-06-11,96139.830247974722,13808.43839714913,868.29141653456134,0.0038076767008625723,-0.34221093292062832,0.85637130457238331,91.505649986267088,0.23793558424061048,1
2009-06-12,96365.587871144293,13808.43839714913,868.29141653456134,0.0023482215704695442,-0.34066629844449348,0.85670778643914725,91.344099998474121,0.27273471823698953,1
2009-06-15,94472.712318117439,13808.43839714913,868.29141653456134,-0.019642650398790873,-0.35361735984028908,0.85383675287471317,91.165449981689449,0.12904862282462795,1
2009-06-16,93378.663278413311,13808.43839714913,868.29141653456134,-0.011580582507466741,-0.3611028473360528,0.85212426573318401,90.972699966430667,0.050732112610733862,1
2009-06-17,93300.520230703332,13808.43839714913,868.29141653456134,-0.00083684050474130967,-0.36163750235176584,0.85200041368467039,90.786500015258795,0.059290051141370925,1
2009-06-18,93882.273889892429,13808.43839714913,868.29141653456134,0.0062352670462135773,-0.3576571417066412,0.85291751227346679,90.607650032043452,0.12791371310683455,1
2009-06-19,94175.756123699597,14258.213350914033,868.29141653456134,0.0031260665261620968,-0.35564913519901109,0.84859995886642081,90.428450050354002,0.13074939384452303,1
2009-06-22,91779.269959193625,14258.213350914033,868.29141653456134,-0.025446954323979032,-0.37204590222421818,0.84464669029015549,90.254700050354003,-0.080598182377882258,1
2009-06-23,91840.050093369529,14258.213350914033,868.29141653456134,0.00066224251078628171,-0.37163004432584867,0.84474950376858071,90.079350051879885,-0.061556680396069208,1
2009-06-24,92508.638193842315,14258.213350914033,868.29141653456134,0.0072799187260139675,-0.36705556211867185,0.84587154638426931,89.89500007629394,0.019470723439732898,1
2009-06-25,94210.488575305499,14258.213350914033,868.29141653456134,0.018396664513611549,-0.35541149563921259,0.84865577531192848,89.739300079345696,0.20690143886673984,1
2009-06-26,94002.093865670002,14258.213350914033,868.29141653456134,-0.0022120117705251019,-0.35683733299800391,0.84832025793713528,89.579900054931642,0.20444362021009288,1
2009-06-29,94748.825013852766,14258.213350914033,868.29141653456134,0.0079437714360899303,-0.35172819577511394,0.84951567105101922,89.415850028991699,0.30521903128835881,1
2009-06-30,94097.606451451837,14258.213350914033,868.29141653456134,-0.0068731043609850939,-0.35618383553983568,0.84847421854167626,89.245150032043455,0.25901211429164628,1
2009-07-01,94427.561429439142,14258.213350914033,868.29141653456134,0.0035065182891504953,-0.35392628238430535,0.84900368986475994,89.106350059509282,0.31561048192046531,1
2009-07-02,92239.463350030885,14258.213350914033,868.29141653456134,-0.023172239611877643,-0.36889725737583279,0.84542176598744001,88.944900054931637,0.08700724020716992,1
2009-07-06,92230.785205532768,14258.213350914033,868.29141653456134,-9.4082773066328507e-05,-0.36895663327194861,0.84540722147013969,88.810850067138674,0.10147501760533012,1
2009-07-07,90719.953371095413,14258.213350914033,868.29141653456134,-0.016380992865565713,-0.37929375016018341,0.84283266446809169,88.650800056457513,-0.062237980937736567,1
2009-07-08,90667.858005955437,14258.213350914033,868.29141653456134,-0.00057424373805481377,-0.37965018683732543,0.8427423602532057,88.470200042724613,-0.05136748907921234,1
2009-07-09,90815.465956877248,14258.213350914033,868.29141653456134,0.0016280074788148635,-0.37864025270201518,0.84299796074729827,88.304500045776365,-0.015193340875271093,1
2009-07-10,90633.125554349506,14258.213350914033,868.29141653456134,-0.0020078122223622374,-0.37988782639712404,0.84268209593672372,88.15155002593994,-0.022301531709280353,1
2009-07-13,92491.268655770458,14258.213350914033,868.29141653456134,0.020501809796978465,-0.36717440456112693,0.8458426015975673,88.007400016784672,0.25185549934358226,1
2009-07-14,92934.099133073672,14258.213350914033,868.29141653456134,0.0047878084465606818,-0.36414455683008484,0.84657716076316081,87.856500015258788,0.34507150184765972,1
2009-07-15,95235.072711797809,14258.213350914033,868.29141653456134,0.024759196034486175,-0.34840128726304587,0.85028400834992257,87.718550033569329,0.72540147782904563,1
2009-07-16,95104.827674410073,14258.213350914033,868.29141653456134,-0.0013676162959614935,-0.34929242428101248,0.85007897391153664,87.627200050354006,0.73467796134359264,1
2009-07-17,95990.48200447869,14258.213350914033,868.29141653456134,0.0093124013967056385,-0.34323277414404008,0.85146221736600103,87.517900047302248,0.91806742221368487,1
2009-07-20,96858.773421013262,14258.213350914033,868.29141653456134,0.0090455990886060267,-0.33729192112441109,0.85279378576333742,87.413250045776365,1.1129233921998949,1
2009-07-21,97240.823764140543,14258.213350914033,868.29141653456134,0.0039444061661471075,-0.33467793129173884,0.85337214557645469,87.331850051879883,1.2224155145981515,1
2009-07-22,97223.460850606469,14258.213350914033,868.29141653456134,-0.00017855580467096566,-0.33479672840908237,0.85334595964627102,87.257900085449222,1.2630267138659323,1
2009-07-23,99055.556269457418,14258.213350914033,868.29141653456134,0.018844169944393752,-0.32226152491165627,0.856058419255878,87.222600097656255,1.6082719233033147,1
2009-07-24,99402.867536441016,14258.213350914033,868.29141653456134,0.0035062270110202132,-0.31988521996389396,0.85656134773288128,87.212750091552735,1.6760661665068923,1
2009-07-27,99654.672842180589,14258.213350914033,868.29141653456134,0.0025331794945178121,-0.31816236714918811,0.8569237854656927,87.216950073242188,1.7183814604308407,1
2009-07-28,99255.259585519234,14258.213350914033,868.29141653456134,-0.0040079731865046986,-0.32089515409920399,0.85634803223068467,87.252900085449212,1.6319933843907453,1
2009-07-29,99046.87150042149,14258.213350914033,868.29141653456134,-0.0020995168011040954,-0.32232094613288387,0.85604579796492264,87.298650093078606,1.5783261225490213,1
2009-07-30,99932.525830490136,14258.213350914033,868.29141653456134,0.0089417698575655624,-0.31626129599591124,0.85732159542230091,87.28525009155274,1.7428125765673683,1
2009-07-31,100054.08609884194,14258.213350914033,868.29141653456134,0.0012164234551421682,-0.31542958019917222,0.85749494191742903,87.280050086975095,1.7676370907514369,1
2009-08-03,101469.40534749746,14258.213350914033,868.29141653456134,0.014145541714881471,-0.30574596076910565,0.85948263614944231,87.332150115966797,1.9903236389246846,1
2009-08-04,101695.15634612925,14258.213350914033,868.29141653456134,0.0022248183859820969,-0.30420137161808236,0.85979456777287566,87.366800117492673,2.008738647525266,1
2009-08-05,101443.35766492746,14258.213350914033,868.29141653456134,-0.0024760144951718743,-0.30592417910767666,0.85944655540671644,87.402800140380862,1.9447056991280622,1
2009-08-06,100991.84241858835,14258.213350914033,868.29141653456134,-0.0044509099139885544,-0.30901344805994613,0.85881816779005804,87.408200149536128,1.8634677604742031,1
2009-08-07,102129.30205439654,14258.213350914033,868.29141653456134,0.011262886274454598,-0.30123094510826787,0.86039057289043486,87.434900131225589,2.0416051039808649,1
2009-08-10,101946.9616518688,14258.213350914033,868.29141653456134,-0.0017853877277123065,-0.30247851880337662,0.86014087011633211,87.486650123596192,1.9840032357153801,1
2009-08-11,100852.91923670247,14258.213350914033,868.29141653456134,-0.010731486230087905,-0.30996396097402878,0.85862369221608825,87.526850128173834,1.7803405534690373,1
2009-08-12,101781.99078741294,14258.213350914033,868.29141653456134,0.0092121433642384787,-0.30360725005603018,0.85991418284699828,87.595650138854978,1.9087162846074701,1
2009-08-13,102450.57226334792,14258.213350914033,868.29141653456134,0.0065687600602291063,-0.29903281317396502,0.86082836790541817,87.683750152587891,1.9886288749351928,1
2009-08-14,101773.30601837701,14258.213350914033,868.29141653456134,-0.0066106633668184811,-0.30366667127725777,0.85990222870091826,87.718900146484373,1.859106056200712,1
2009-08-17,99619.940390574659,14258.213350914033,868.29141653456134,-0.021158452172257536,-0.31840000670898672,0.85687390200182212,87.745050125122077,1.496365093758862,1
2009-08-18,100297.20663554559,14258.213350914033,868.29141653456134,0.0067985008053168539,-0.31376614860569385,0.85784037433141336,87.759000091552736,1.6004173980464136,1
2009-08-19,101052.62255276425,14258.213350914033,868.29141653456134,0.0075317742393727904,-0.30859759016157662,0.85890308444524366,87.774650077819828,1.7154056022506832,1
2009-08-20,101946.9616518688,14258.213350914033,868.29141653456134,0.0088502314587388664,-0.30247851880337662,0.86014087011633211,87.794050064086917,1.8496795454206625,1
2009-08-21,103666.18157140387,14258.213350914033,868.29141653456134,0.016863866187654564,-0.29071560988146217,0.86246032086082791,87.806850051879877,2.1180373542273738,1
2009-08-24,103657.49680236794,14258.213350914033,868.29141653456134,-8.3776299119708852e-05,-0.29077503110268965,0.8624487973301288,87.84070003509521,2.095709325532586,1
2009-08-25,103831.15906039751,14258.213350914033,868.29141653456134,0.0016753468237871161,-0.28958683330369706,0.86267885786943621,87.902200050353997,2.0924338262625541,1
2009-08-26,103839.83720489565,14258.213350914033,868.29141653456134,8.3579385770971015e-05,-0.28952745740758112,0.86269033412697027,87.948750038146969,2.0683336976221969,1
2009-08-27,104039.54714549522,14258.213350914033,868.29141653456134,0.0019232497466796783,-0.2881610412700174,0.86295390798871441,88.002600059509277,2.071692156384783,1
2009-08-28,104022.17760742339,14258.213350914033,868.29141653456134,-0.00016695130407995418,-0.28827988371247226,0.86293102414444622,88.070650062561029,2.0385138621383767,1
2009-08-31,103223.35109410065,14258.213350914033,868.29141653456134,-0.0076793865663674632,-0.29374545761250426,0.86187027257121362,88.153850059509281,1.888217388587232,1
2009-09-01,101261.01063786197,14258.213350914033,868.29141653456134,-0.019010625361792211,-0.30717179812789686,0.85919345203944841,88.199000053405769,1.574696181959377,1
2009-09-02,100931.06228441244,14258.213350914033,868.29141653456134,-0.0032583948290769715,-0.30942930595831564,0.85873314886218088,88.265000038146979,1.5076539077546389,1
2009-09-03,101651.74575002518,14258.213350914033,868.29141653456134,0.0071403535175516009,-0.30449838707399701,0.85973469274224934,88.340900039672846,1.5962645325825437,1
2009-09-04,102876.03320257927,14258.213350914033,868.29141653456134,0.012043939270504733,-0.29612180788537812,0.8614039353282863,88.415800018310549,1.7557615918576031,1
2009-09-08,103640.13388883387,14258.213350914033,868.29141653456134,0.0074273925856953582,-0.29089382822003329,0.86242575326844306,88.523000030517579,1.8429780051161355,1
2009-09-09,104326.0849028407,14258.213350914033,868.29141653456134,0.0066185847920903207,-0.28620054889551305,0.86333031317917508,88.664400062561029,1.9214726200707748,1
2009-09-10,105246.47168451524,14258.213350914033,868.29141653456134,0.0088222114587326317,-0.27990325919874204,0.86452549788410804,88.790750083923342,2.0263262267715647,1
2009-09-11,105229.10214644339,14258.213350914033,868.29141653456134,-0.00016503677314638754,-0.28002210164119712,0.86450313591888861,88.889450073242188,1.9922690734450004,1
2009-09-14,105671.9326237466,14258.213350914033,868.29141653456134,0.0042082510281893359,-0.27699225391015503,0.86507095122711974,88.987550048828126,2.0236384484099315,1
2009-09-15,106053.98296687391,14258.213350914033,868.29141653456134,0.0036154382118440687,-0.27437826407748256,0.86555702150887048,89.071300048828121,2.0460217111587542,1
2009-09-16,107443.24790842165,14258.213350914033,868.29141653456134,0.013099601756415558,-0.26487290831109855,0.86729539893407814,89.157450065612792,2.2047222048982009,1
2009-09-17,107304.32472653576,14258.213350914033,868.29141653456134,-0.0012929912729768844,-0.26582342122518121,0.86712359089672308,89.282700080871578,2.1487292276297851,1
2009-09-18,107363.36642300802,14699.305390513589,868.29141653456134,0.00055022662528014799,-0.2654194577238822,0.8630882592429262,89.389950103759759,2.0617907856486717,1
2009-09-21,107128.92403080253,14699.305390513589,868.29141653456134,-0.0021836348841912656,-0.26702351342124442,0.86278863973013364,89.48560009002685,1.9982414297748763,1
2009-09-22,107667.26709388757,14699.305390513589,868.29141653456134,0.0050251887429602071,-0.26334016823203432,0.86347470510516844,89.594450073242186,2.0380984570006593,1
2009-09-23,106894.48826313483,14699.305390513589,868.29141653456134,-0.0071774723331545776,-0.26862752379349508,0.86248771448038264,89.685700073242188,1.9061968504592934,1
2009-09-24,105878.58889567846,14699.305390513589,868.29141653456134,-0.0095037581821393324,-0.27557831094843421,0.86116829149473528,89.755750083923346,1.7493817315718687,1
2009-09-25,105392.3411977334,14699.305390513589,868.29141653456134,-0.0045925026298202498,-0.2789052194605024,0.86052776488819738,89.830500068664549,1.6648733543090843,1
2009-09-28,107016.04853148664,14699.305390513589,868.29141653456134,0.015406312406580858,-0.26779580799675606,0.86264391563487131,89.91155006408691,1.8524238854839521,1
2009-09-29,106738.19554317709,14699.305390513589,868.29141653456134,-0.0025963674806007697,-0.26969687915003282,0.86228636041942908,90.001850051879885,1.7916994469935481,1
2009-09-30,106382.19288261978,14699.305390513589,868.29141653456134,-0.003335288354329502,-0.27213265064413428,0.86182550864755592,90.084850044250487,1.7235321390340255,1
2009-10-01,104107.27361100342,14699.305390513589,868.29141653456134,-0.021384399117683861,-0.28769765654749069,0.85880616329040071,90.160950050354003,1.4168773449953478,1
2009-10-02,103690.4908162702,14699.305390513589,868.29141653456134,-0.0040033974599174016,-0.29054928593996165,0.85823863620667606,90.214000053405755,1.3517873518119652,1
2009-10-05,105018.97562364204,14699.305390513589,868.29141653456134,0.012812021593433975,-0.28145978807194727,0.86003191039311133,90.279150047302252,1.50448887942493,1
2009-10-06,106312.73460394573,14699.305390513589,868.29141653456134,0.012319287753673747,-0.27260788443861983,0.8617352338337082,90.360250053405764,1.647448490062396,1
2009-10-07,106564.53990968529,14699.305390513589,868.29141653456134,0.0023685338043237802,-0.27088503162391397,0.86206194478039855,90.448300056457526,1.658069944789182,1
2009-10-08,107267.8538372262,14699.305390513589,868.29141653456134,0.006599887055646958,-0.26607295518205021,0.86296635138408684,90.546050071716309,1.7225923991356069,1
2009-10-09,107832.24458288122,14699.305390513589,868.29141653456134,0.0052615086949669987,-0.2622113916542691,0.86368358140578705,90.651550064086919,1.7679224106458369,1
2009-10-12,108196.92538793666,14699.305390513589,868.29141653456134,0.0033819272376838239,-0.25971624426405182,0.86414303976005147,90.756650047302244,1.7877292166147707,1
2009-10-13,108005.90021637302,14699.305390513589,868.29141653456134,-0.0017655323464943473,-0.26102323918038794,0.86390275567292329,90.858150024414059,1.7409909960475893,1
2009-10-14,109612.2380120544,14699.305390513589,868.29141653456134,0.014872685589058854,-0.25003267015909669,0.86589722409556991,90.970149993896484,1.9064277714226543,1
2009-10-15,109959.55590357578,14699.305390513589,868.29141653456134,0.003168605055606788,-0.24765631988622283,0.86632080068235717,91.073849983215325,1.9194206554296702,1
2009-10-16,109247.55720699896,14699.305390513589,868.29141653456134,-0.0064750961453606815,-0.25252781754931408,0.86544957373589793,91.167099990844733,1.8103018215090612,1
2009-10-19,110029.02080678761,14699.305390513589,868.29141653456134,0.0071531448369865913,-0.24718104076662573,0.86640519671327654,91.251249999999999,1.8769582425389304,1
2009-10-20,109525.4101953085,14699.305390513589,868.29141653456134,-0.0045770707381233011,-0.25062674639603721,0.86579091222483062,91.333050003051753,1.7953540435383246,1
2009-10-21,108674.48831684579,14699.305390513589,868.29141653456134,-0.0077691731712790091,-0.25644875697321123,0.86474005428342071,91.406850013732907,1.6777258291439721,1
2009-10-22,109629.60755012625,14699.305390513589,868.29141653456134,0.008788808192919717,-0.24991382771664161,0.86591847112293474,91.50015003204345,1.7641853162041767,1
2009-10-23,108544.24327945805,14699.305390513589,868.29141653456134,-0.0099002841925885932,-0.25733989399117785,0.86457775238555257,91.585350036621094,1.6212670876385717,1
2009-10-26,107528.34391200168,14699.305390513589,868.29141653456134,-0.0093593113440464393,-0.26429068114611687,0.86329831878985219,91.674450073242184,1.4893652713989098,1
2009-10-27,107102.87634823254,14699.305390513589,868.29141653456134,-0.0039567945370508895,-0.26720173175981543,0.86275526959032822,91.771800079345709,1.4253833253803561,1
2009-10-28,105357.61537066527,14699.305390513589,868.29141653456134,-0.016295183071393549,-0.27914281369518934,0.86048179489637233,91.858300094604488,1.2174507496512357,1
2009-10-29,107302.58628883211,14699.305390513589,868.29141653456134,0.018460658124466178,-0.26583531562225171,0.8630107073938863,91.969700088500971,1.4185775138414205,1
2009-10-30,104619.56236698067,14699.305390513589,868.29141653456134,-0.025004280089106268,-0.28419257502196316,0.85949754464703354,92.065500068664548,1.108784228814772,1
2009-11-02,105279.46569841752,14699.305390513589,868.29141653456134,0.0063076475996151071,-0.27967751403601393,0.86037822957212695,92.16180007934571,1.1701082011472206,1
2009-11-03,105566.00345576298,14699.305390513589,868.29141653456134,0.0027216870397714921,-0.27771702166150969,0.86075720488297847,92.282200088500971,1.1897656503922909,1
2009-11-04,105800.4392234307,14699.305390513589,868.29141653456134,0.0022207506204017236,-0.2761130112892588,0.86106574321991791,92.386550064086919,1.2032044068055503,1
2009-11-05,107476.24192232391,14699.305390513589,868.29141653456134,0.015839279224108216,-0.26464716314837056,0.86323204898495443,92.507050056457516,1.3733312813249519,1
2009-11-06,107719.36245902754,14699.305390513589,868.29141653456134,0.0022620863211735287,-0.2629837315548923,0.86354073162933298,92.627150039672856,1.3847545286439982,1
2009-11-09,109837.99563522397,14699.305390513589,868.29141653456134,0.019668081279280436,-0.24848803568296196,0.86617285479852957,92.756600036621094,1.5979694987609847,1
2009-11-10,109855.35854875803,14699.305390513589,868.29141653456134,0.00015807747977958364,-0.24836923856561843,0.86619400651275946,92.881900024414065,1.5803939275863843,1
2009-11-11,110341.60624670307,14699.305390513589,868.29141653456134,0.004426253797435109,-0.24504233005355047,0.86678365586188122,92.995700035095211,1.6130511673881174,1
2009-11-12,109369.11747535077,14699.305390513589,868.29141653456134,-0.008813436784470996,-0.25169610175257495,0.86559912222180568,93.118100013732914,1.4902170677332038,1
2009-11-13,109881.41285586581,14699.305390513589,868.29141653456134,0.0046840954040843208,-0.24819097490193587,0.86622573364800981,93.252050018310541,1.5274826369718806,1
2009-11-16,111261.99302837762,14699.305390513589,868.29141653456134,0.012564273944336124,-0.23874504035677946,0.86788565447713584,93.395200004577632,1.6551515695081904,1
2009-11-17,111374.86852769351,14699.305390513589,868.29141653456134,0.0010145018639662329,-0.23797274578126781,0.86801954889079325,93.533199996948241,1.6464336255177097,1
2009-11-18,111314.08839351761,14699.305390513589,868.29141653456134,-0.00054572575464628681,-0.23838860367963732,0.86794748443208192,93.672899971008306,1.6199079899297228,1
2009-11-19,110055.06848935761,14699.305390513589,868.29141653456134,-0.011310517135163622,-0.24700282242805471,0.86643681574797238,93.799149971008305,1.4693783039821606,1
2009-11-20,109716.43536687215,14699.305390513589,868.29141653456134,-0.0030769425446154353,-0.24931975147970109,0.86602458108156954,93.911399955749516,1.4175036404374342,1
2009-11-23,110923.35990589217,14699.305390513589,868.29141653456134,0.011000398755065977,-0.24106196940842572,0.86748232831222805,94.029999961853022,1.526120078594982,1
2009-11-24,111070.96785681398,14699.305390513589,868.29141653456134,0.0013307201571159943,-0.24005203527311558,0.86765843789654329,94.169399948120116,1.5237326315511817,1
2009-11-25,111409.60097929943,14699.305390513589,868.29141653456134,0.0030487996010082341,-0.23773510622146921,0.8680606943988175,94.308299942016603,1.5407798769918439,1
2009-11-27,109837.99563522397,14699.305390513589,868.29141653456134,-0.014106552130704442,-0.24848803568296196,0.86617285479852957,94.437849922180177,1.3625093027040809,1
2009-11-30,110159.26584417536,14699.305390513589,868.29141653456134,0.0029249460270410754,-0.246289903748659,0.86656315038168152,94.57374992370606,1.3807852819652335,1
2009-12-01,111340.14270062538,14699.305390513589,868.29141653456134,0.010719723369620349,-0.23821034001595476,0.86797838556721174,94.734149932861328,1.4874122927067499,1
2009-12-02,111296.72547998354,14699.305390513589,868.29141653456134,-0.00038995118551787833,-0.23850740079698085,0.86792688349885705,94.895249938964838,1.4678377911691975,1
2009-12-03,110541.30956276487,14699.305390513589,868.29141653456134,-0.006787404696416921,-0.24367595924109819,0.867024323769501,95.056249923706048,1.3765479726114866,1
2009-12-04,111088.33739488582,14699.305390513589,868.29141653456134,0.0049486281127359977,-0.23993319283066061,0.86767913054399259,95.224199943542487,1.4198363566463836,1
2009-12-07,110940.72281942623,14699.305390513589,868.29141653456134,-0.0013288035352879701,-0.24094317229108231,0.86750306815253886,95.405149917602543,1.3935218911053044,1
2009-12-08,109872.72808682988,14699.305390513589,868.29141653456134,-0.0096267151092450653,-0.24825039612316335,0.86621515960815076,95.565799903869632,1.2712029237863187,1
2009-12-09,110228.72412284939,14699.305390513589,868.29141653456134,0.0032400764249538305,-0.24581466995417356,0.86664723276546973,95.731549873352051,1.2971984339983467,1
2009-12-10,110767.06718593443,14699.305390513589,868.29141653456134,0.0048838727597451115,-0.24213132476496346,0.86729534541309805,95.906649856567384,1.3428111159114902,1
2009-12-11,111175.16521163173,14699.305390513589,868.29141653456134,0.0036842902503888553,-0.23933911659371998,0.86778247315817192,96.092549858093264,1.3761185396763973,1
2009-12-14,111835.06854306857,14699.305390513589,868.29141653456134,0.0059357081249276078,-0.23482405560777075,0.86856264692275154,96.298899879455561,1.4392771179579733,1
2009-12-15,111383.55329672944,14699.305390513589,868.29141653456134,-0.0040373315116737363,-0.23791332456004022,0.86802983963571212,96.505299873352044,1.3861176138554918,1
2009-12-16,111531.16124765124,14699.305390513589,868.29141653456134,0.0013252221405486431,-0.23690339042473019,0.86820449795304944,96.704249839782719,1.3955212197581255,1
2009-12-17,110367.65392927307,14699.305390513589,868.29141653456134,-0.010432127715362283,-0.24486411171497935,0.86681509602502427,96.911149826049808,1.2669506679514191,1
2009-12-18,110905.99354759845,15211.59732626898,868.29141653456134,0.0048776937731263015,-0.24118079009482729,0.86284242321186644,97.117599830627441,1.2680080780886227,1
2009-12-21,111878.48231895076,15211.59732626898,868.29141653456134,0.0087685862616155852,-0.2345270183958027,0.86403464713703637,97.333699836730958,1.3766582207503857,1
2009-12-22,112225.80021047214,15211.59732626898,868.29141653456134,0.0031044208351989067,-0.23215066812292884,0.86445543451024076,97.531499862670898,1.4114330861591229,1
2009-12-23,112416.81875749801,15211.59732626898,868.29141653456134,0.0017020912006653344,-0.23084371853170416,0.86468575170159412,97.728049850463862,1.4286440101039826,1
2009-12-24,112877.01877287307,15211.59732626898,868.29141653456134,0.0040936936346489539,-0.2276950283582071,0.86523742838321072,97.912949867248528,1.4738828613821846,1
2009-12-28,113085.40685797078,15211.59732626898,868.29141653456134,0.0018461515671053252,-0.22626923632452733,0.86548576205439198,98.096099891662604,1.4897228712281598,1
2009-12-29,112946.47705154712,15211.59732626898,868.29141653456134,-0.0012285387680317505,-0.22721979456372154,0.86532030282514583,98.279599876403807,1.46587652389135,1
2009-12-30,112911.7445999412,15211.59732626898,868.29141653456134,-0.00030751248301497114,-0.22745743412352004,0.86527887439729723,98.451299858093265,1.4520891604477342,1
2009-12-31,111973.99490473259,15211.59732626898,868.29141653456134,-0.008305156372626743,-0.23387352093763458,0.86415062408721777,98.608849868774413,1.3307267547636319,1
2010-01-04,113615.06515201989,15211.59732626898,868.29141653456134,0.014655815831912777,-0.22264531235654472,0.86611284950710132,98.780799865722656,1.5161015142021523,1
2010-01-05,113875.54860225758,15211.59732626898,868.29141653456134,0.0022926840722148345,-0.22086308364572305,0.86641910828987734,98.965399856567387,1.5395973719553546,1
2010-01-06,113945.01350546941,15211.59732626898,868.29141653456134,0.00061000718823711608,-0.22038780452612594,0.86650054391771325,99.122849845886236,1.534342486128814,1
2010-01-07,114361.79630020264,15211.59732626898,868.29141653456134,0.0036577536998863014,-0.21753617513365497,0.86698707244560802,99.290799865722661,1.572468587737937,1
2010-01-08,114691.74465365216,15211.59732626898,868.29141653456134,0.0028851274125092363,-0.21527866730323608,0.86736972768000709,99.45639987945556,1.59912347877349,1
2010-01-11,114830.67446007582,15211.59732626898,868.29141653456134,0.001211332226597639,-0.21432810906404198,0.86753019262672948,99.61449989318848,1.6010699098599521,1
2010-01-12,113901.60290936536,15211.59732626898,868.29141653456134,-0.0080907959051784717,-0.22068481998204048,0.8664496641160242,99.774749908447262,1.4762357014653642,1
2010-01-13,114735.161874294,15211.59732626898,868.29141653456134,0.0073182373525675359,-0.2149816065222101,0.8674199166343175,99.953899917602541,1.569325255166794,1
2010-01-14,115004.33009356762,15211.59732626898,868.29141653456134,0.0023459958993958807,-0.21313995659016083,0.86773022099348074,100.13094993591308,1.5926736900553768,1
2010-01-15,113884.23337129351,15211.59732626898,868.29141653456134,-0.0097396047728185442,-0.22080366242449556,0.86642929511871025,100.29384994506836,1.4441327813371305,1
2010-01-19,115117.20559288352,15211.59732626898,868.29141653456134,0.010826540119651007,-0.21236766201464918,0.86785991504983728,100.45199993133545,1.5839840094035413,1
2010-01-20,114101.30622542715,15211.59732626898,868.29141653456134,-0.0088249133761041376,-0.21931844916958831,0.86668340767093588,100.60014991760254,1.4447100030810101,1
2010-01-21,112199.74590336437,15211.59732626898,868.29141653456134,-0.01666554384842811,-0.2323289317866114,0.86442395921849535,100.74064990997314,1.1973861674647892,1
2010-01-22,110037.7021310639,15211.59732626898,868.29141653456134,-0.019269595977183474,-0.24712164311445617,0.8617601328301937,100.87844989776612,0.91844426325193895,1
2010-01-25,110523.94320447116,15211.59732626898,868.29141653456134,0.004418858845562923,-0.24379477992749965,0.86236830785047847,101.01464988708496,0.97291719686590117,1
2010-01-26,110124.52994780979,15211.59732626898,868.29141653456134,-0.0036138165639136854,-0.24652756687751565,0.86186912821804496,101.13214988708496,0.91341217020534493,1
2010-01-27,110576.04519414892,15211.59732626898,868.29141653456134,0.0041000424388017986,-0.24343829792524618,0.86243315810797427,101.25214988708495,0.96294911522750692,1
2010-01-28,109481.99615444479,15211.59732626898,868.29141653456134,-0.0098940872571740002,-0.2509237854210099,0.86105845837145512,101.37324989318847,0.81395724274047443,1
2010-01-29,108457.41201795251,15211.59732626898,868.29141653456134,-0.0093584714608867525,-0.25793399379717641,0.85974589432623505,101.48394989013671,0.67286341444962172,1
2010-02-01,109907.45709367614,15211.59732626898,868.29141653456134,0.013369718571964562,-0.24801278013242289,0.86159631267509118,101.59674987792968,0.85499181773766708,1
2010-02-02,111053.60149852026,15211.59732626898,868.29141653456134,0.010428267882380604,-0.24017085595951704,0.86302472750988024,101.71324985504151,0.99733538315873305,1
2010-02-03,110576.04519414892,15211.59732626898,868.29141653456134,-0.0043002324816787674,-0.24343829792524618,0.86243315810797427,101.8452498626709,0.92723793598451965,1
2010-02-04,107632.53782205978,15211.59732626898,868.29141653456134,-0.026619756267471373,-0.2635777860357793,0.85867101497302711,101.95214988708496,0.52583849567414953,1
2010-02-05,107823.56299362343,15211.59732626898,868.29141653456134,0.0017747901836102642,-0.26227079111944307,0.85892139988762406,102.06274990081788,0.54397528656896854,1
2010-02-08,107154.97489315066,15211.59732626898,868.29141653456134,-0.006200760593603416,-0.26684527332661989,0.85804114702619094,102.1653498840332,0.44488672853296174,1
2010-02-09,108309.80406703069,15211.59732626898,868.29141653456134,0.010777186733808453,-0.25894392793248655,0.85955475169307072,102.26814987182617,0.59609975857457453,1
2010-02-10,108127.46366450297,15211.59732626898,868.29141653456134,-0.0016835078236766554,-0.2601915016275953,0.85931791229777288,102.37399990081786,0.5631948366559073,1
2010-02-11,109099.94581131749,15211.59732626898,868.29141653456134,0.0089938496091237496,-0.25353777525368226,0.86057190759217583,102.48679988861085,0.69201054067658008,1
2010-02-12,109021.80276360753,15211.59732626898,868.29141653456134,-0.00071625193879665261,-0.2540724302693953,0.86047197037043721,102.59004989624023,0.67337514033666301,1
2010-02-16,110497.89552190116,15211.59732626898,868.29141653456134,0.013539427168474338,-0.24397299826607077,0.86233586391467543,102.70164989471435,0.87571865609040656,1
2010-02-17,110949.4107682403,15211.59732626898,868.29141653456134,0.004086188648268374,-0.2408837293138012,0.86289609632948716,102.81349990844727,0.93246649189433573,1
2010-02-18,111513.80151389532,15211.59732626898,868.29141653456134,0.0050869197208622818,-0.23702216578602009,0.86359000303318045,102.91364994049073,1.0044300171692517,1
2010-02-19,111713.50482995711,15211.59732626898,868.29141653456134,0.0017908394597856425,-0.23565579497356792,0.86383385473920038,103.01649993896484,1.0239130141177044,1
2010-02-22,111730.87436802895,15211.59732626898,868.29141653456134,0.00015548288542444055,-0.23553695253111284,0.86385502295306771,103.11159996032715,1.0166219418646258,1
2010-02-23,110558.67565607707,15211.59732626898,868.29141653456134,-0.010491269477501675,-0.24355714036770115,0.86241154539885401,103.20634994506835,0.83771373866949894,1
2010-02-24,111435.65184164756,15211.59732626898,868.29141653456134,0.0079322240463386429,-0.23755686612684468,0.8634943388864007,103.29554992675781,0.9563796464327281,1
2010-02-25,111305.40680425981,15211.59732626898,868.29141653456134,-0.0011687914526029575,-0.2384480031448114,0.863334605541491,103.39269992828369,0.92845391054675264,1
2010-02-26,111366.18693843573,15211.59732626898,868.29141653456134,0.00054606632257137022,-0.23803214524644178,0.86340919318106768,103.49154991149902,0.92864687826193282,1
2010-03-01,112364.72339235802,15211.59732626898,868.29141653456134,0.0089662444353446613,-0.23120015520884618,0.86462301630777183,103.60759990692139,1.0677739715104042,1
2010-03-02,112633.89161163165,15211.59732626898,868.29141653456134,0.0023954868676510088,-0.2293585052767968,0.86494653510934816,103.72139987945556,1.0989966905663997,1
2010-03-03,112720.72605291533,15211.59732626898,868.29141653456134,0.00077094416290868217,-0.22876438371474483,0.86505057358193305,103.83934989929199,1.1038592231636342,1
2010-03-04,113015.94195475895,15211.59732626898,868.29141653456134,0.0026190028416339661,-0.22674451544412444,0.86540308328927362,103.94639987945557,1.1383201527732414,1
2010-03-05,114413.89166534261,15211.59732626898,868.29141653456134,0.01236949129834497,-0.21717973845651295,0.86704763639399252,104.06204986572266,1.3374901315379915,1
2010-03-08,114431.25457887667,15211.59732626898,868.29141653456134,0.00015175529196098658,-0.21706094133916942,0.86706780955736418,104.18084983825683,1.3292398050380478,1
2010-03-09,114596.23206787034,15211.59732626898,868.29141653456134,0.0014417170343958841,-0.2159321647614042,0.86725918425258686,104.30709983825683,1.344757129448199,1
2010-03-10,115039.06254517354,15211.59732626898,868.29141653456134,0.0038642673438069597,-0.21290231703036222,0.86777015572170813,104.43684986114502,1.4027318985725619,1
2010-03-11,115455.83871536897,15211.59732626898,868.29141653456134,0.0036229100009552706,-0.21005073296300281,0.86824748323235656,104.55759983062744,1.4540724662085631,1
2010-03-12,115464.5234844049,15211.59732626898,868.29141653456134,7.5221566380401228e-05,-0.20999131174177532,0.8682573931176053,104.68654983520508,1.4450407161672867,1
2010-03-15,115490.57116697489,15211.59732626898,868.29141653456134,0.00022559035263758354,-0.20981309340320431,0.86828710627574757,104.80939983367919,1.4374972003103337,1
2010-03-16,116289.40430483541,15211.59732626898,868.29141653456134,0.0069168688819243318,-0.20434747417806087,0.86919188882940668,104.92879985809326,1.5465859726362945,1
2010-03-17,116888.52087755855,15211.59732626898,868.29141653456134,0.0051519446359244991,-0.20024831641559282,0.86986235079316965,105.04044986724854,1.6213736046722864,1
2010-03-18,116836.42551241857,15211.59732626898,868.29141653456134,-0.0004456841848016202,-0.20060475309273473,0.86980432463973201,105.15139987945557,1.5956752749594514,1
2010-03-19,116324.13384164468,15628.37720620557,868.29141653456134,-0.0043846914053309316,-0.20410985456131148,0.86564802427430132,105.26299987792969,1.4382311829941841,1
2010-03-22,116862.47028019193,15628.37720620557,868.29141653456134,0.0046278998241251479,-0.20042655469721282,0.86626692753683332,105.37329986572266,1.5059719222472485,1
2010-03-23,117574.47560130655,15628.37720620557,868.29141653456134,0.0060926773104101883,-0.19555501170901002,0.86707678578808911,105.48759986877441,1.5989119176755786,1
2010-03-24,117079.54313432558,15628.37720620557,868.29141653456134,-0.0042095230656973293,-0.19894134144230557,0.86651487708424779,105.60099983215332,1.5073964632770287,1
2010-03-25,116914.57226986971,15628.37720620557,868.29141653456134,-0.0014090494380097907,-0.20007007269495924,0.86632652454878645,105.71104984283447,1.4671858785404688,1
2010-03-26,116853.79213569379,15628.37720620557,868.29141653456134,-0.00051986790864377852,-0.20048593059332886,0.8662569958529247,105.82194984436035,1.4437193326981854,1
2010-03-29,117496.32592905879,15628.37720620557,868.29141653456134,0.0054986131097813917,-0.19608971204983461,0.86698837531616457,105.93444984436036,1.5273354879973697,1
2010-03-30,117565.79083227062,15628.37720620557,868.29141653456134,0.0005912091519675311,-0.19561443293023761,0.86706696654214366,106.04604984283448,1.5223333246328756,1
2010-03-31,117218.47294074924,15628.37720620557,868.29141653456134,-0.0029542428036476442,-0.19799078320311148,0.86667308646730723,106.16654983520507,1.4561968301129733,1
2010-04-01,117913.108723792,15628.37720620557,868.29141653456134,0.0059259924277794696,-0.19323808265736375,0.86745852623719233,106.29734985351563,1.5517033185293891,1
2010-04-05,118746.66768872066,15628.37720620557,868.29141653456134,0.0070692645961971667,-0.18753486919753326,0.86838891978700927,106.433399848938,1.6678592551413118,1
2010-04-06,118989.78822542429,15628.37720620557,868.29141653456134,0.0020473882883260686,-0.185871437604055,0.86865782821129278,106.56749984741211,1.6912181873995202,1
2010-04-07,118399.34979719926,15628.37720620557,868.29141653456134,-0.0049620932773360993,-0.18991121947040723,0.86800284602090561,106.69909984588622,1.5866808900549862,1
2010-04-08,118755.34583321879,15628.37720620557,868.29141653456134,0.0030067397889370628,-0.18747549330141733,0.86839853737486294,106.84654983520508,1.6347143091816874,1
2010-04-09,119432.61870272749,15628.37720620557,868.29141653456134,0.0057030937408062421,-0.18284158987301302,0.8691448167514001,106.99754985809327,1.73315506770006,1
2010-04-12,119597.58956718336,15628.37720620557,868.29141653456134,0.0013812881794585952,-0.18171285862035935,0.86932531614755992,107.1456498336792,1.7495506157342171,1
2010-04-13,119675.73923943112,15628.37720620557,868.29141653456134,0.00065343852272081726,-0.18117815827953476,0.86941064826064363,107.2843998336792,1.7486886613419004,1
2010-04-14,120856.61609588114,15628.37720620557,868.29141653456134,0.0098673036319205654,-0.17309859454683052,0.8706866226189317,107.43114986419678,1.9224244387171929,1
2010-04-15,120943.44391262704,15628.37720620557,868.29141653456134,0.00071843660323089864,-0.17250451830988989,0.87077945938519874,107.5740998840332,1.9191438124866889,1
2010-04-16,119267.64121373383,15628.37720620557,868.29141653456134,-0.013856085494835524,-0.18397036645077813,0.86896381074394946,107.71114990234375,1.6386825749842131,1
2010-04-19,119658.36970135926,15628.37720620557,868.29141653456134,0.0032760645188347759,-0.18129700072198984,0.86939169198769362,107.84854988098145,1.6905344374795594,1
2010-04-20,120587.44125206974,15628.37720620557,868.29141653456134,0.0077643674490068815,-0.17494028980399123,0.87039796977251704,108.00389987945556,1.8345572811520041,1
2010-04-21,120396.42270504388,15628.37720620557,868.29141653456134,-0.0015840666742945597,-0.17624723939521592,0.87019234579342009,108.15819988250732,1.7973519179895654,1
2010-04-22,120709.00152042156,15628.37720620557,868.29141653456134,0.0025962467019760016,-0.1741085740072521,0.87052848578520003,108.32299987792969,1.8488684738052352,1
2010-04-23,121394.95253442839,15628.37720620557,868.29141653456134,0.0056826831915330889,-0.16941529468273187,0.87126007399876648,108.49204986572266,1.9641035206439306,1
2010-04-26,120995.53927776702,15628.37720620557,868.29141653456134,-0.0032901965717898607,-0.17214808163274786,0.8708350960746758,108.65794986724853,1.8981081723358442,1
2010-04-27,118503.54715201701,15628.37720620557,868.29141653456134,-0.020595735517399461,-0.18919830079101163,0.86811890798376357,108.81054988861084,1.4740844819327148,1
2010-04-28,119285.00412726789,15628.37720620557,868.29141653456134,0.0065943762362523639,-0.18385156933343472,0.86898288413913882,108.95694988250733,1.6118554089734616,1
2010-04-29,120570.07833853568,15628.37720620557,868.29141653456134,0.010773141357288463,-0.17505908692133476,0.87037930619631565,109.10819988250732,1.8394104992895861,1
2010-04-30,118790.0782848247,15628.37720620557,868.29141653456134,-0.014763198948192668,-0.18723785374161872,0.86843701568465026,109.23594985961914,1.5134785277775311,1
2010-05-03,120127.24786123246,15628.37720620557,868.29141653456134,0.011256576270634477,-0.17808893465237674,0.86990147960220465,109.37214984893799,1.7507999021617671,1
2010-05-04,117669.98156255059,15628.37720620557,868.29141653456134,-0.020455528137300227,-0.19490155957595345,0.86718467192163284,109.48909984588623,1.2947682918198327,1
2010-05-05,117062.1802207915,15628.37720620557,868.29141653456134,-0.005165304979979024,-0.19906013855964921,0.86649507828464489,109.59754985809326,1.1763203414900181,1
2010-05-06,113693.21190947101,15628.37720620557,868.29141653456134,-0.028779306048856035,-0.22211063195876934,0.86253904746178012,109.68439987182617,0.53694444825140852,1
2010-05-07,112234.48206471144,15628.37720620557,868.29141653456134,-0.012830404034333109,-0.23209126684475034,0.86075244507125137,109.76294986724854,0.25031045612734693,1
2010-05-10,116489.11133063835,15628.37720620557,868.29141653456134,0.037908396667913458,-0.20298107798354625,0.86583830001203665,109.85544986724854,1.0621285076349583,1
2010-05-11,116202.57357329287,15628.37720620557,868.29141653456134,-0.0024597814686059261,-0.20494157035805061,0.86550747779825876,109.94429988861084,0.99903675305665396,1
2010-05-12,117609.20142837468,15628.37720620557,868.29141653456134,0.012104963012670389,-0.19531741747432307,0.86711603330013753,110.03979988098145,1.265107360118924,1
2010-05-13,116341.49675517876,15628.37720620557,868.29141653456134,-0.010778958260064142,-0.20399105744396795,0.86566807508852261,110.13029987335204,1.0088021810672219,1
2010-05-14,114518.08610536373,15628.37720620557,868.29141653456134,-0.01567291723650488,-0.21646683972016645,0.86352917920906846,110.21149986267091,0.64010430575804456,1
2010-05-17,114570.18147050371,15628.37720620557,868.29141653456134,0.00045490949867987851,-0.21611040304302442,0.86359123285294681,110.28789985656738,0.64313870940323847,1
2010-05-18,113224.33374959782,15628.37720620557,868.29141653456134,-0.011746928420920622,-0.22531869802838234,0.86196980199708106,110.35584987640381,0.36259689643398368,1
2010-05-19,112668.62777297873,15628.37720620557,868.29141653456134,-0.0049080083601822366,-0.22912084033493585,0.86128900728518754,110.41244987487794,0.24087716431429596,1
2010-05-20,109004.43693527683,15628.37720620557,868.29141653456134,-0.032521837801069542,-0.25419124732978793,0.85662622875172345,110.44664989471435,-0.52318807098878861,1
2010-05-21,110367.65419425457,15628.37720620557,868.29141653456134,0.012506071287604392,-0.24486410990197494,0.85839712440840177,110.49014987945557,-0.25044575900483523,1
2010-05-24,109152.04488619864,15628.37720620557,868.29141653456134,-0.011014180893220593,-0.25318131319447779,0.85682011525757829,110.52924987792969,-0.51606680015017081,1
2010-05-25,109247.55747198046,15628.37720620557,868.29141653456134,0.0008750416529659244,-0.25252781573630967,0.85694529408390763,110.56234989166259,-0.50538468149235727,1
2010-05-26,108683.16672632543,15628.37720620557,868.29141653456134,-0.0051661635162852937,-0.25638937926409078,0.85620241223225202,110.59324989318847,-0.63521368821540036,1
2010-05-27,111800.33635644415,15628.37720620557,868.29141653456134,0.028681255101519421,-0.23506169335456495,0.86021171567517607,110.64839988708496,0.020923447343177675,1
2010-05-28,110593.41181742414,15628.37720620557,868.29141653456134,-0.01079535695824807,-0.2433194754258402,0.85868618257291807,110.69124988555909,-0.24982078017110937,1
2010-06-01,108995.7521662409,15628.37720620557,868.29141653456134,-0.014446246163566934,-0.25425066855101541,0.85661480474606866,110.72104988098144,-0.60735902802683761,1
2010-06-02,111426.97078235279,15628.37720620557,868.29141653456134,0.022305627217506396,-0.23761626196600982,0.85974331800931714,110.76874988555909,-0.084266172243434925,1
2010-06-03,111756.91913580231,15628.37720620557,868.29141653456134,0.0029611175026376113,-0.23535875413559093,0.86015740835505117,110.83074989318848,-0.023532438953214246,1
2010-06-04,108379.2660554459,15628.37720620557,868.29141653456134,-0.030223212186549553,-0.25846866875593855,0.85579919688503681,110.86939990997314,-0.7984726460435444,1
2010-06-07,107224.43688156587,15628.37720620557,868.29141653456134,-0.010655443757011884,-0.26637001415007189,0.85424612466402783,110.89704990386963,-1.075654302314504,1
2010-06-08,108205.6104219541,15628.37720620557,868.29141653456134,0.0091506523039330823,-0.25965682122981981,0.85556777374794346,110.92519992828369,-0.86331808554227929,1
2010-06-09,107710.68457951091,15628.37720620557,868.29141653456134,-0.0045739388236265555,-0.26304310563800382,0.85490411404201172,110.94059993743896,-0.98463203601215432,1
2010-06-10,110402.38664586049,15628.37720620557,868.29141653456134,0.024990111954609207,-0.24462647034217644,0.85844167249448178,110.97154994964599,-0.36901130720060155,1
2010-06-11,110862.58003669776,15628.37720620557,868.29141653456134,0.0041683282836397773,-0.24147782549379093,0.85902928471417273,111.00414993286132,-0.26990220445186519,1
2010-06-14,110714.97208577595,15628.37720620557,868.29141653456134,-0.0013314497179566231,-0.24248775962910107,0.85884133905487015,111.03584995269776,-0.31294938536384292,1
2010-06-15,112877.01585807644,15628.37720620557,868.29141653456134,0.01952801623456546,-0.2276950483012562,0.86154508880837544,111.07884994506836,0.19008454419940363,1
2010-06-16,112842.28340647052,15628.37720620557,868.29141653456134,-0.00030770171714666894,-0.22793268786105469,0.86150247288146053,111.12174995422363,0.17407172123692941,1
2010-06-17,112998.57612642825,15628.37720620557,868.29141653456134,0.0013850545667775105,-0.22686333250451707,0.86169403419101687,111.17014995574951,0.20303637265287297,1
2010-06-18,113103.64283258858,16089.439948385423,868.29141653456134,0.00092980557598165703,-0.22614446572008395,0.85774605003483084,111.22779998779296,0.10655397975584993,1
2010-06-21,112825.78984427903,16089.439948385423,868.29141653456134,-0.0024566228049861527,-0.22804553687336082,0.85739572512107476,111.28575000762939,0.026760063691762238,1
2010-06-22,111228.1301930958,16089.439948385423,868.29141653456134,-0.014160411847223053,-0.23897672999853603,0.85534738451097214,111.33034999847412,-0.38407682920178721,1
2010-06-23,110932.91429125218,16089.439948385423,868.29141653456134,-0.002654147843096144,-0.24099659826915631,0.85496243336632338,111.36620002746582,-0.47068348857666875,1
2010-06-24,109361.30232263893,16089.439948385423,868.29141653456134,-0.014167228713445779,-0.25174957305576051,0.85287812410172137,111.38860000610352,-0.88038396751067693,1
2010-06-25,109752.03743480216,16089.439948385423,868.29141653456134,0.003572882764421248,-0.24907616200186056,0.8534019019196496,111.40930000305175,-0.78966501064130556,1
2010-06-28,109456.81490842075,16089.439948385423,868.29141653456134,-0.0026899047460214875,-0.25109607559759251,0.85300650341555273,111.42299999237061,-0.87171149002119142,1
2010-06-29,106574.08767050752,16089.439948385423,868.29141653456134,-0.026336662914274722,-0.27081970580975612,0.84903046978803376,111.42020000457764,-1.6129220853208586,1
2010-06-30,105714.48102300889,16089.439948385423,868.29141653456134,-0.0080658128658465111,-0.27670113760815751,0.84780287626930184,111.40990001678466,-1.8253517625086861,1
2010-07-01,105315.06776634752,16089.439948385423,868.29141653456134,-0.0037782265286289141,-0.27943392455817351,0.8472256602057977,111.39510002136231,-1.9145220002577026,1
2010-07-02,104828.82006840248,16089.439948385423,868.29141653456134,-0.0046170762480429728,-0.28276083307024147,0.84651701757315589,111.3695000076294,-2.0162736183740102,1
2010-07-06,105410.58035212934,16089.439948385423,868.29141653456134,0.0055496215959243145,-0.27878042710000539,0.84736408912048644,111.34805000305175,-1.8520843693596518,1
2010-07-07,108223.84268683074,16089.439948385423,868.29141653456134,0.026688614419003942,-0.25953207600743877,0.85133183641479337,111.345,-1.1427995225642089,1
2010-07-08,109135.55132400715,16089.439948385423,868.29141653456134,0.0084242863175227889,-0.2532941622067838,0.85257379695990831,111.34855003356934,-0.91506236529725471,1
2010-07-09,109830.18048251212,16089.439948385423,868.29141653456134,0.0063648293345102136,-0.24854150698614763,0.85350620496387797,111.35300003051758,-0.74186596464804577,1
2010-07-12,109890.96061668804,16089.439948385423,868.29141653456134,0.00055340102245926559,-0.2481256490877779,0.85358722994052993,111.36225002288819,-0.72995729081392413,1
2010-07-13,111306.27986534356,16089.439948385423,868.29141653456134,0.012879305456181322,-0.23844202965771133,0.85544894710478014,111.38550003051758,-0.37969914198425314,1
2010-07-14,111297.59509630763,16089.439948385423,868.29141653456134,-7.8025867421227524e-05,-0.23850145087893893,0.85543766750339068,111.41150005340576,-0.38976121274276465,1
2010-07-15,111323.64277887762,16089.439948385423,868.29141653456134,0.00023403634685403851,-0.23832323254036791,0.85547149242731924,111.42830005645752,-0.38793352140469944,1
2010-07-16,108701.40561573987,16089.439948385423,868.29141653456134,-0.023555078666858797,-0.25626458871659819,0.85198498715590032,111.43160007476807,-1.0596569425301161,1
2010-07-19,109248.42682332304,16089.439948385423,868.29141653456134,0.0050323287402269656,-0.25252186763127216,0.85272611774625073,111.44010009765626,-0.92357357946496699,1
2010-07-20,110281.69572885126,16089.439948385423,868.29141653456134,0.0094579751450263316,-0.24545223803387806,0.85410597976345592,111.46765010833741,-0.6701372907749974,1
2010-07-21,109057.4016517594,16089.439948385423,868.29141653456134,-0.011101516611623619,-0.25382886254760839,0.85246815250777752,111.49055011749267,-0.99928424642822822,1
2010-07-22,111132.61760731396,16089.439948385423,868.29141653456134,0.019028657607129906,-0.23963022745670415,0.85522306326629227,111.51775012969971,-0.46827457076259638,1
2010-07-23,111957.49842774447,16089.439948385423,868.29141653456134,0.0074224906979625249,-0.2339863898929897,0.85628975125083484,111.54225013732911,-0.25883608297897631,1
2010-07-26,112956.02825712899,16089.439948385423,868.29141653456134,0.0089188294076518737,-0.22715444518050565,0.85756014799174762,111.57105010986328,-0.0025376684775652593,1
2010-07-27,112947.35011263085,16089.439948385423,868.29141653456134,-7.6827634895026975e-05,-0.22721382107662158,0.85754920383398936,111.59575012207031,-0.010537944790582118,1
2010-07-28,112322.17923279993,16089.439948385423,868.29141653456134,-0.0055350646049465713,-0.23149124250277231,0.85675634092677011,111.61360012054443,-0.18094291604137935,1
2010-07-29,111853.30107292673,16089.439948385423,868.29141653456134,-0.004174404049812841,-0.2346993085723853,0.85615587743900967,111.62665012359619,-0.30921698651865137,1
2010-07-30,111835.93153485487,16089.439948385423,868.29141653456134,-0.00015528856015190051,-0.23481815101484038,0.85613353662305769,111.64070011138917,-0.31775721000627888,1
2010-08-02,113997.98193169314,16089.439948385423,868.29141653456134,0.01933234128929695,-0.22002539436188395,0.85886206338261228,111.65795013427734,0.25562390227165427,1
2010-08-03,113529.10377181994,16089.439948385423,868.29141653456134,-0.004113039125150042,-0.22323346043149705,0.85827916002293747,111.6705001449585,0.12751845991711711,1
2010-08-04,114180.32233422087,16089.439948385423,868.29141653456134,0.0057361376137505804,-0.2187778206667752,0.85908745377956186,111.69090015411376,0.2970761858996484,1
2010-08-05,114076.12497940312,16089.439948385423,868.29141653456134,-0.00091256840660114413,-0.2194907393461708,0.85895874398529548,111.70620014190673,0.26573463500434602,1
2010-08-06,113676.71172274175,16089.439948385423,868.29141653456134,-0.0035012870285827669,-0.2222235262961868,0.85846318296373958,111.72210014343261,0.15529255806048514,1
2010-08-09,114197.68524775493,16089.439948385423,868.29141653456134,0.0045829397870325028,-0.21865902354943179,0.85910887849014672,111.74590011596679,0.28968310841007472,1
2010-08-10,113668.02695370582,16089.439948385423,868.29141653456134,-0.0046380825749663401,-0.2222829475174144,0.85845236888876186,111.76115009307861,0.14420321822820723,1
2010-08-11,110993.69442542808,16089.439948385423,868.29141653456134,-0.023527570592625224,-0.24058074037078681,0.85504185592096649,111.76725009918214,-0.57550201696497083,1
2010-08-12,110411.93414170122,16089.439948385423,868.29141653456134,-0.0052413813842165924,-0.24456114634102288,0.85427807171880132,111.77585006713868,-0.73516919509860135,1
2010-08-13,110134.08115339167,16089.439948385423,868.29141653456134,-0.0025165122816610541,-0.24646221749429975,0.85391043553560408,111.78530006408691,-0.81401699516593129,1
2010-08-16,110090.67055728761,16089.439948385423,868.29141653456134,-0.00039416133180070201,-0.24675923295021429,0.85385282997242717,111.80455005645751,-0.83506550528728363,1
2010-08-17,111245.49310662986,16089.439948385423,868.29141653456134,0.010489740352170207,-0.2388579328811925,0.85536996152317346,111.81925003051758,-0.52678249123316423,1
2010-08-18,111419.15536465944,16089.439948385423,868.29141653456134,0.0015610723021661776,-0.2376697350821998,0.85559538756395237,111.85040004730224,-0.49131092177584323,1
2010-08-19,109760.71557930029,16089.439948385423,868.29141653456134,-0.01488469177433005,-0.24901678610574463,0.85341349258277144,111.86820003509521,-0.95659630660944461,1
2010-08-20,109456.81490842075,16089.439948385423,868.29141653456134,-0.0027687562829341594,-0.25109607559759251,0.85300650341555273,111.88260002136231,-1.049039690963147,1
2010-08-23,109100.81887240123,16089.439948385423,868.29141653456134,-0.0032523880428767526,-0.25353180176658241,0.85252686354991691,111.89360004425049,-1.1548440879290862,1
2010-08-24,107720.23207535164,16089.439948385423,868.29141653456134,-0.012654229467005673,-0.26297778163685026,0.8506367871809758,111.88700004577636,-1.5345311278937188,1
2010-08-25,108076.23473590895,16089.439948385423,868.29141653456134,0.0033048820421057723,-0.26054201014274891,0.85112878897288591,111.8810500717163,-1.4314708600160744,1
2010-08-26,107459.74862511393,16089.439948385423,868.29141653456134,-0.0057041782802800256,-0.26476001034767216,0.85027472933595505,111.85935009002685,-1.5883936684243327,1
2010-08-27,108875.06124923167,16089.439948385423,868.29141653456134,0.013170630326478916,-0.25507643624271703,0.85222107098011879,111.84570011138916,-1.1911939465931936,1
2010-08-30,107529.20690378798,16089.439948385423,868.29141653456134,-0.012361456609083499,-0.26428477655318661,0.85037144407861687,111.82150009155274,-1.5469971084265524,1
2010-08-31,107529.20690378798,16089.439948385423,868.29141653456134,0,-0.26428477655318661,0.85037144407861687,111.80290008544922,-1.5351146776673035,1
2010-09-01,110264.32619077941,16089.439948385423,868.29141653456134,0.025436059334452921,-0.24557108047633303,0.85408299760933137,111.79710006713867,-0.78828455226110217,1
2010-09-02,111141.30237634989,16089.439948385423,868.29141653456134,0.0079533990354518913,-0.23957080623547666,0.85523437638059252,111.78840007781983,-0.54726258193328259,1
2010-09-03,112374.2745979399,16089.439948385423,868.29141653456134,0.011093735589087217,-0.23113480582563029,0.85682274696810035,111.78615009307862,-0.21152029828113122,1
2010-09-07,111288.9103272717,16089.439948385423,868.29141653456134,-0.0096584763243321436,-0.23856087210016641,0.85542638614152511,111.77800010681152,-0.50433292190362311,1
2010-09-08,111957.49842774447,16089.439948385423,868.29141653456134,0.0060076794579677628,-0.2339863898929897,0.85628975125083484,111.78095012664795,-0.32348091360027453,1
2010-09-09,112400.32228050989,16089.439948385423,868.29141653456134,0.0039552853447435421,-0.23095658748705927,0.85685592690533308,111.78840011596679,-0.20504024169599105,1
2010-09-10,112886.56997845495,16089.439948385423,868.29141653456134,0.0043260347308575753,-0.22762967897499109,0.85747250579536449,111.79170013427735,-0.073604060476415781,1
2010-09-13,113963.24948008722,16089.439948385423,868.29141653456134,0.0095377111895398325,-0.22026303392168245,0.85881904893211447,111.80035015106201,0.21716017760211331,1
2010-09-14,113902.46934591132,16089.439948385423,868.29141653456134,-0.00053333100322416893,-0.22067889182005207,0.85874371257463022,111.80670017242431,0.19911656386647431,1
2010-09-15,114275.83492000269,16089.439948385423,868.29141653456134,0.003277940998429818,-0.2181243232086072,0.85920522952513434,111.82425018310546,0.29664488396766181,1
2010-09-16,114249.7872374327,16089.439948385423,868.29141653456134,-0.0002279369263695763,-0.21830254154717821,0.8591731298812092,111.83980018615722,0.28596858777021256,1
2010-09-17,114286.25097224145,16612.151381139229,868.29141653456134,0.00031915801062254445,-0.21805305654142959,0.85464435800616034,111.84575016021728,0.15223184036781873,1
2010-09-20,115779.71326860695,16612.151381139229,868.29141653456134,0.01306773372702752,-0.20783478209564987,0.85651932525865448,111.86055015563964,0.55475876191986728,1
2010-09-21,115580.00995254517,16612.151381139229,868.29141653456134,-0.0017248558527561686,-0.20920115290810204,0.8562714141661707,111.87855018615723,0.49604675306198726,1
2010-09-22,115093.76225460009,16612.151381139229,868.29141653456134,-0.0042070224612777984,-0.21252806142017033,0.85566419017225881,111.89060016632079,0.36093341054481548,1
2010-09-23,114294.93574127738,16612.151381139229,868.29141653456134,-0.0069406586219296074,-0.21799363532020211,0.85465540294153386,111.89890018463134,0.14187252133581663,1
2010-09-24,116309.37156265604,16612.151381139229,868.29141653456134,0.017624891324481862,-0.20421085812766737,0.85717271826036623,111.92495018005371,0.68299380906311358,1
2010-09-27,115831.80863374693,16612.151381139229,868.29141653456134,-0.0041059711912538877,-0.20747834541850796,0.85658385570352402,111.94620018005371,0.54808928947841806,1
2010-09-28,116179.12652526831,16612.151381139229,868.29141653456134,0.0029984673089200609,-0.2051019951456341,0.85701259875175451,111.96635017395019,0.63718199020593735,1
2010-09-29,116005.47089177652,16612.151381139229,868.29141653456134,-0.0014947231803642547,-0.20629014761951514,0.85679855222830836,111.98315017700196,0.58564304530808819,1
2010-09-30,115710.24836539512,16612.151381139229,868.29141653456134,-0.0025449017543045516,-0.20831006121524698,0.85643318879862207,111.99445014953614,0.50259404229582849,1
2010-10-01,116127.03116012833,16612.151381139229,868.29141653456134,0.003601952295678057,-0.20545843182277601,0.85694845364441785,112.01075016021728,0.6111860254721897,1
2010-10-04,115380.30001194557,16612.151381139229,868.29141653456134,-0.0064302956919056742,-0.21056756904566598,0.85602263662497557,112.02190017700195,0.40618935180564547,1
2010-10-05,117368.68815075426,16612.151381139229,868.29141653456134,0.01723334172820512,-0.19696301019170226,0.85846181257643661,112.05120018005371,0.93594147854458576,1
2010-10-06,117360.00338171833,16612.151381139229,868.29141653456134,-7.3995621598599293e-05,-0.19702243141292974,0.85845133859524947,112.08030017852784,0.92520504020424765,1
2010-10-07,117238.44311336652,16612.151381139229,868.29141653456134,-0.0010357895777868276,-0.19785414720966887,0.85830457194765275,112.1031001663208,0.88538956728292861,1
2010-10-08,117802.83385902154,16612.151381139229,868.29141653456134,0.0048140416288986465,-0.19399258368188776,0.85898343157839874,112.12715015411376,1.0290102224786812,1
2010-10-11,117898.34644480338,16612.151381139229,868.29141653456134,0.00081078343069518333,-0.19333908622371954,0.8590976728505979,112.15065017700195,1.0462954958243058,1
2010-10-12,118210.93188471883,16612.151381139229,868.29141653456134,0.0026513131807306412,-0.19120037551064428,0.85947026119936476,112.17330017089844,1.1212025901539442,1
2010-10-13,119001.07362900564,16612.151381139229,868.29141653456134,0.0066841681364746552,-0.18579422283183988,0.86040334868802271,112.19930015563965,1.3203547045545205,1
2010-10-14,118601.66037234428,16612.151381139229,868.29141653456134,-0.0033563836399204128,-0.18852700978185577,0.85993323087563722,112.22380016326905,1.204140938956209,1
2010-10-15,118810.048457442,16612.151381139229,868.29141653456134,0.0017570418866270643,-0.18710121774817612,0.86017890240075323,112.24970016479492,1.2484722133076731,1
2010-10-18,119313.65906892109,16612.151381139229,868.29141653456134,0.0042387880319691984,-0.18365551211876474,0.86076907278869663,112.28390014648437,1.3671490227013863,1
2010-10-19,117967.81134801521,16612.151381139229,868.29141653456134,-0.011279913225429206,-0.19286380710412243,0.85918064265741134,112.30090015411378,1.0074295270495892,1
2010-10-20,118957.66303290159,16612.151381139229,868.29141653456134,0.0083908625037234508,-0.18609123828775442,0.86035240641416599,112.32210018157959,1.2571756096007831,1
2010-10-21,119183.41403153335,16612.151381139229,868.29141653456134,0.0018977423805754956,-0.18454664913673136,0.86061691959298958,112.34420017242432,1.3057791056671806,1
2010-10-22,119374.43920309702,16612.151381139229,868.29141653456134,0.0016027831818370419,-0.1832396542203949,0.86083996295994114,112.3650001525879,1.3451678306292449,1
2010-10-25,119678.33987397654,16612.151381139229,868.29141653456134,0.0025457767417234045,-0.18116036472854724,0.86119333374249574,112.38565013885498,1.4129266834388976,1
2010-10-26,119695.7094120484,16612.151381139229,868.29141653456134,0.00014513518561631855,-0.18104152228609216,0.86121347655033753,112.40560012817383,1.4068677257906854,1
2010-10-27,119400.48688566699,16612.151381139229,868.29141653456134,-0.0024664420122622044,-0.183061435881824,0.86087032126555452,112.42920009613037,1.3202949960524628,1
2010-10-28,119417.85642373885,16612.151381139229,868.29141653456134,0.00014547292498479081,-0.18294259343936892,0.8608905579229863,112.44810009002686,1.3155662443925045,1
2010-10-29,119495.99947144883,16612.151381139229,868.29141653456134,0.00065436652482442348,-0.18240793842365588,0.86098152695807717,112.46590007781982,1.3266264898460398,1
2010-11-01,119530.73192305473,16612.151381139229,868.29141653456134,0.00029065786101223345,-0.18217029886385738,0.86102192202894789,112.49035007476806,1.3243989299102119,1
2010-11-02,120346.92797444933,16612.151381139229,868.29141653456134,0.0068283364308352468,-0.17658588252137042,0.86196447503283058,112.51240009307861,1.5180432239282067,1
2010-11-03,120763.70414464475,16612.151381139229,868.29141653456134,0.003463122633956317,-0.173734298454011,0.86244085920681901,112.54270008087158,1.6060167302232675,1
2010-11-04,122769.46182152527,16612.151381139229,868.29141653456134,0.01660894464182805,-0.16001089715759231,0.8646882446606392,112.59550010681153,2.0728428132797658,1
2010-11-05,123168.87507818665,16612.151381139229,868.29141653456134,0.0032533600028485932,-0.15727811020757632,0.86512703497053156,112.66305011749267,2.1349985433978937,1
2010-11-08,122969.16513758706,16612.151381139229,868.29141653456134,-0.0016214318793836835,-0.15864452634514015,0.86490799248289352,112.72665012359619,2.0525580398532992,1
2010-11-09,122205.07107587025,16612.151381139229,868.29141653456134,-0.0062137045564381044,-0.16387246068537353,0.86406332212821457,112.78815013885497,1.8411504057073862,1
2010-11-10,122630.53201510161,16612.151381139229,868.29141653456134,0.003481532603235582,-0.16096145539678652,0.86453494812292353,112.84950012207031,1.9145813301176795,1
2010-11-11,122231.11875844025,16612.151381139229,868.29141653456134,-0.0032570457788780871,-0.16369424234680241,0.86409229049135128,112.91485012054443,1.7947163336747431,1
2010-11-12,120980.7769987784,16612.151381139229,868.29141653456134,-0.010229324351786806,-0.17224908519910376,0.86268767821430858,112.9789001083374,1.4819386601895665,1
2010-11-15,120833.16904785659,16612.151381139229,868.29141653456134,-0.0012200942545054216,-0.1732590193344139,0.86251993958248407,113.03375011444092,1.43071806890177,1
2010-11-16,119209.46833864113,16612.151381139229,868.29141653456134,-0.013437541380482809,-0.18436838547304868,0.86064738302540944,113.07265014648438,1.0382998006722932,1
2010-11-17,119261.56370378111,16612.151381139229,868.29141653456134,0.00043700694136128426,-0.18401194879590665,0.86070825448507393,113.11460014343261,1.0402915143207274,1
2010-11-18,120772.38891368068,16612.151381139229,868.29141653456134,0.012668165358389327,-0.17367487723278341,0.86245075111487279,113.18220012664796,1.3808642440070102,1
2010-11-19,121058.92667102616,16612.151381139229,868.29141653456134,0.0023725435914849768,-0.17171438485827906,0.86277632027680007,113.25035011291504,1.4331637167725471,1
2010-11-22,120972.09885428025,16612.151381139229,868.29141653456134,-0.0007172359703953024,-0.17230846109521969,0.86267782787541958,113.32185012817382,1.3992701432664862,1
2010-11-23,119461.2670198429,16612.151381139229,868.29141653456134,-0.012489093342567092,-0.18264557798345449,0.86094110839808946,113.37800010681153,1.0345761151135358,1
2010-11-24,120980.7769987784,16612.151381139229,868.29141653456134,0.01271968745051999,-0.17224908519910376,0.86268767821430858,113.44395008087159,1.3773522780921594,1
2010-11-26,119765.17431526023,16612.151381139229,868.29141653456134,-0.010047899457038878,-0.18056624316649506,0.86129397401108665,113.49730010986327,1.0810731805544955,1
2010-11-29,120077.75975517571,16612.151381139229,868.29141653456134,0.002609986097399597,-0.17842753245341969,0.86165505240096552,113.55290012359619,1.1429341499659809,1
2010-11-30,119495.99947144883,16612.151381139229,868.29141653456134,-0.0048448629031139223,-0.18240793842365588,0.86098152695807717,113.59665012359619,0.99646637780708025,1
2010-12-01,121684.09755085708,16612.151381139229,868.29141653456134,0.01831105718255488,-0.16743696343212844,0.86348132816454271,113.65040012359619,1.4920125119750989,1
2010-12-02,123029.94527176296,16612.151381139229,868.29141653456134,0.011060177525197057,-0.15822866844677064,0.86497473160339655,113.70865009307862,1.7814502615307302,1
2010-12-03,123316.48302910844,16612.151381139229,868.29141653456134,0.0023290082484597185,-0.15626817607226628,0.86528847585429447,113.76740009307861,1.8218902768978797,1
2010-12-06,123203.60752979256,16612.151381139229,868.29141653456134,-0.00091533180758351929,-0.15704047064777782,0.86516505714232317,113.82540008544922,1.7714280634220987,1
2010-12-07,123264.38766396846,16612.151381139229,868.29141653456134,0.00049333079927227352,-0.15662461274940831,0.86523154257314228,113.89050010681153,1.7613369515149226,1
2010-12-08,123655.11615159392,16612.151381139229,868.29141653456134,0.0031698408196423333,-0.1539512470206198,0.86565738727078856,113.95280010223388,1.8239760796211244,1
2010-12-09,124071.89894632713,16612.151381139229,868.29141653456134,0.0033705260866219167,-0.15109961762814883,0.86610867148631643,114.01825012207031,1.8898294456985736,1
2010-12-10,124697.06982615805,16612.151381139229,868.29141653456134,0.0050387790074961636,-0.14682219620199821,0.86677993793840968,114.08695014953614,1.9978857288357958,1
2010-12-13,124766.5281048321,16612.151381139229,868.29141653456134,0.00055701612532588207,-0.14634696240751255,0.86685410235042148,114.15030014038086,1.9821218238843279,1
2010-12-14,124862.04069061391,16612.151381139229,868.29141653456134,0.00076553052515460074,-0.14569346494934465,0.86695595163063854,114.21265014648438,1.972320584604164,1
2010-12-15,124367.11484817072,16612.151381139229,868.29141653456134,-0.003963781463972138,-0.14907974935752866,0.86642649544922234,114.27165012359619,1.8384787557402269,1
2010-12-16,124992.28572800168,16612.151381139229,868.29141653456134,0.0050268182275852169,-0.14480232793137782,0.86709458680282647,114.33255012512207,1.9435168111614198,1
2010-12-17,125107.77140119739,17179.145676136297,868.29141653456134,0.00092394240590998322,-0.14401217453671811,0.86268522343791132,114.38280014038087,1.8224395235347657,1
2010-12-20,125368.25485143508,17179.145676136297,868.29141653456134,0.0020820724989367712,-0.14222994582589643,0.86297052873158309,114.43445014953613,1.8519116089670538,1
2010-12-21,126054.20586544192,17179.145676136297,868.29141653456134,0.0054714888934181971,-0.13753666650137608,0.86371620400770777,114.48910015106202,1.9664845913295059,1
2010-12-22,126392.83898792737,17179.145676136297,868.29141653456134,0.0026864087569353767,-0.13521973744972982,0.8640813370939695,114.54315013885498,2.0065161487639642,1
2010-12-23,126236.54626796964,17179.145676136297,868.29141653456134,-0.0012365630933621752,-0.13628909280626755,0.86391305700277066,114.59390014648437,1.9466384195382831,1
2010-12-27,126279.96348861148,17179.145676136297,868.29141653456134,0.00034393542856969717,-0.13599203202524146,0.8639598460314285,114.64485015869141,1.9283135873523614,1
2010-12-28,126436.25620856922,17179.145676136297,868.29141653456134,0.0012376683967907365,-0.13492267666870372,0.86412801049884314,114.69655017852783,1.9325089716968817,1
2010-12-29,126514.39925627918,17179.145676136297,868.29141653456134,0.00061804303649304337,-0.13438802165299069,0.86421193336786406,114.74410015106201,1.922210420532066,1
2010-12-30,126340.74362278738,17179.145676136297,868.29141653456134,-0.0013726155640199078,-0.13557617412687184,0.86402529236785508,114.78720016479492,1.8646682760482258,1
2010-12-31,126366.79130535739,17179.145676136297,868.29141653456134,0.0002061700906856867,-0.13539795578830083,0.86405332050709449,114.83075016021729,1.8470101236166643,1
2011-01-03,127495.57279666743,17179.145676136297,868.29141653456134,0.0089325801474409161,-0.1276748287327385,0.86525692383425779,114.88615016937256,2.0361803788618085,1
2011-01-04,127434.79266249151,17179.145676136297,868.29141653456134,-0.00047672348806060416,-0.12809068663110812,0.86519265800796719,114.93810020446777,1.9958965640887307,1
2011-01-05,128007.86155264468,17179.145676136297,868.29141653456134,0.0044969578415756661,-0.12416974720721108,0.86579616698720352,114.98925018310547,2.074880593760636,1
2011-01-06,127790.78869851104,17179.145676136297,868.29141653456134,-0.0016957775210107995,-0.12565496046211833,0.86556820056361028,115.04200019836426,2.0051271595971758,1
2011-01-07,127573.7158443774,17179.145676136297,868.29141653456134,-0.0016986580671770612,-0.12714017371702557,0.86533945834820303,115.09445018768311,1.9378032333026272,1
2011-01-10,127434.79266249151,17179.145676136297,868.29141653456134,-0.0010889639842062149,-0.12809068663110812,0.86519265800796719,115.1464501953125,1.8868634611340551,1
2011-01-11,127825.52115011695,17179.145676136297,868.29141653456134,0.0030661052563587532,-0.12541732090231972,0.86560472805769917,115.19700019836426,1.9327447393880823,1
2011-01-12,128824.05760403926,17179.145676136297,868.29141653456134,0.0078117143191587246,-0.11858533086472411,0.86664644791007073,115.25290019989014,2.0831560309363386,1
2011-01-13,128641.71057697375,17179.145676136297,868.29141653456134,-0.0014154734019167226,-0.11983294988494431,0.86645742194280739,115.30975017547607,2.0207685048780624,1
2011-01-14,129449.22848387019,17179.145676136297,868.29141653456134,0.0062772634418075679,-0.11430790943857339,0.86729047459501185,115.36725017547607,2.1318061316165795,1
2011-01-18,129640.25365543384,17179.145676136297,868.29141653456134,0.0014756764007091139,-0.11300091452223715,0.86748602234460193,115.42105018615723,2.1338584869115853,1
2011-01-19,128537.51984669379,17179.145676136297,868.29141653456134,-0.0085061065344023135,-0.12054582323922847,0.86634917418178137,115.4671001815796,1.9181532153473315,1
2011-01-20,128389.91189577198,17179.145676136297,868.29141653456134,-0.0011483647039235434,-0.12155575737453861,0.86619551783723892,115.51570018768311,1.8696052174177682,1
2011-01-21,128641.71057697375,17179.145676136297,868.29141653456134,0.0019612030064026786,-0.11983294988494431,0.86645742194280739,115.56370018005371,1.889555702819915,1
2011-01-24,129275.57285037839,17179.145676136297,868.29141653456134,0.0049273464303427605,-0.11549606191245465,0.867112206139522,115.6114501953125,1.9723880296832166,1
2011-01-25,129336.34636001651,17179.145676136297,868.29141653456134,0.00047010822151571929,-0.11508024933919658,0.86717464842932102,115.65860019683838,1.9583907508142251,1
2011-01-26,129770.4920682838,17179.145676136297,868.29141653456134,0.0033567185132847843,-0.11210982282938209,0.86761901413537978,115.70780017852783,2.0050280983874007,1
2011-01-27,130048.35168113113,17179.145676136297,868.29141653456134,0.0021411617419244688,-0.11020870635099378,0.86790185762401451,115.75180019378662,2.0266123820034885,1
2011-01-28,128077.32645585651,17179.145676136297,868.29141653456134,-0.015156095404480152,-0.12369446808761397,0.86586895470481806,115.7839501953125,1.689345749234779,1
2011-01-31,128910.87879624737,17179.145676136297,868.29141653456134,0.0065081959739232698,-0.11799129995289503,0.8667362612329319,115.83055015563964,1.8048369260969057,1
2011-02-01,130699.57024353204,17179.145676136297,868.29141653456134,0.013875411167678209,-0.10575306658627215,0.86856004465717485,115.88520019531251,2.0656427257495782,1
2011-02-02,130482.49738939841,17179.145676136297,868.29141653456134,-0.001660853618180691,-0.10723827984117928,0.86834137896005592,115.93325023651123,2.006058524158473,1
2011-02-03,130734.29607060018,17179.145676136297,868.29141653456134,0.001929750627398974,-0.10551547235158509,0.86859495792244845,115.98385021209717,2.020187020708994,1
2011-02-04,131055.55965501379,17179.145676136297,868.29141653456134,0.0024573780107410848,-0.10331738574239369,0.8689170782120339,116.03450019836426,2.0444304255416128,1
2011-02-07,131767.5649761284,17179.145676136297,868.29141653456134,0.0054328509449645956,-0.098445842754190882,0.86962538406740275,116.08530021667481,2.1271663601886801,1
2011-02-08,132288.54512567937,17179.145676136297,868.29141653456134,0.0039537814153685069,-0.094881294682324202,0.87013882676073395,116.14140026092529,2.1763819279241563,1
2011-02-09,132028.0550509039,17179.145676136297,868.29141653456134,-0.0019691052957608868,-0.096663568718257431,0.86988261192280059,116.21035026550292,2.1042109450503341,1
2011-02-10,132071.47227154573,17179.145676136297,868.29141653456134,0.00032884844531788637,-0.096366507937231449,0.86992538675714082,116.27505031585693,2.0802042452897638,1
2011-02-11,132757.41666101478,17179.145676136297,868.29141653456134,0.0051937362222986838,-0.091673273937822763,0.87059746936774285,116.33630031585693,2.151161859568107,1
2011-02-14,133035.26302478655,17179.145676136297,868.29141653456134,0.0020928876951653574,-0.08977224810965756,0.87086772870937568,116.40940029144286,2.1576857730292875,1
2011-02-15,132670.58221973109,17179.145676136297,868.29141653456134,-0.0027412341417140107,-0.092267395499874949,0.87051277390428627,116.47270027160644,2.0749182785609666,1
2011-02-16,133399.95707891756,17179.145676136297,868.29141653456134,0.0054976381876312708,-0.087277010069217065,0.87122075559609546,116.55435031890869,2.1449303750856625,1
2011-02-17,133747.26834590116,17179.145676136297,868.29141653456134,0.0026035335736886989,-0.084900705121454756,0.87155516603369354,116.64150032043457,2.158030169586731,1
2011-02-18,133990.38888260481,17179.145676136297,868.29141653456134,0.0018177607640919025,-0.083237273527976385,0.87178822436893022,116.74945030212402,2.1546613696713726,1
2011-02-22,131646.00470777659,17179.145676136297,868.29141653456134,-0.017496659233389056,-0.099277558550930012,0.86950499778348755,116.85230030059815,1.8021433056791756,1
2011-02-23,130942.69078023567,17179.145676136297,868.29141653456134,-0.005342463138946818,-0.10408963499279389,0.86880408846211599,116.92660030364991,1.6836514855284321,1
2011-02-24,130864.53448345013,17179.145676136297,868.29141653456134,-0.00059687407002129156,-0.10462438065873003,0.86872573425683286,117.00210025787354,1.6524945465948773,1
2011-02-25,132080.15041604388,17179.145676136297,868.29141653456134,0.0092891166991273533,-0.096307132041115517,0.86993393313057932,117.0765002822876,1.7950739594780452,1
2011-02-28,132792.14248808293,17179.145676136297,868.29141653456134,0.0053906061569155561,-0.091435679703135708,0.87063130879390693,117.16230026245117,1.8650364779477635,1
2011-03-01,130864.53448345013,17179.145676136297,868.29141653456134,-0.014515979398448065,-0.10462438065873003,0.86872573425683286,117.24750022888183,1.5865782293749575,1
2011-03-02,131107.66826922935,17179.145676136297,868.29141653456134,0.0018579043339659318,-0.10296085841502844,0.86896917699078469,117.33380027770995,1.59925487107676,1
2011-03-03,133070.00210093026,17179.145676136297,868.29141653456134,0.014967345980642754,-0.089534563224747399,0.87090143980679913,117.43915027618408,1.8334007225913014,1
2011-03-04,132201.71068439569,17179.145676136297,868.29141653456134,-0.0065250725394593312,-0.095475416244376388,0.87005352966159444,117.54270027160645,1.696598403490466,1
2011-03-07,131298.68019171743,17179.145676136297,868.29141653456134,-0.0068307020234712468,-0.10165395414891543,0.86915979923749453,117.66215023040772,1.5602914044314677,1
2011-03-08,132297.22327017752,17179.145676136297,868.29141653456134,0.0076051265481271724,-0.094821918786208159,0.87014734511053915,117.77950023651123,1.6694786986418459,1
2011-03-09,132132.24578118385,17179.145676136297,868.29141653456134,-0.0012470215543129992,-0.095950695363973493,0.8699852138698555,117.90290023803711,1.6284894243630859,1
2011-03-10,130004.93446048928,17179.145676136297,868.29141653456134,-0.016099865011130476,-0.11050576713201987,0.86785774134321547,118.01350025177003,1.3389299093319031,1
2011-03-11,130786.39143574017,17179.145676136297,868.29141653456134,0.0060109793408524848,-0.10515903567444296,0.86864729971101773,118.13185024261475,1.4247013254492513,1
2011-03-14,130100.4470462711,17179.145676136297,868.29141653456134,-0.005244768832131097,-0.10985226967385175,0.86795475291467361,118.22830024719238,1.3217626246667455,1
2011-03-15,128806.68806596741,17179.145676136297,868.29141653456134,-0.0099443084914502267,-0.11870417330717919,0.86662846522893189,118.32425022125244,1.1434956282241415,1
2011-03-16,126740.15687944875,17179.145676136297,868.29141653456134,-0.016043663706812317,-0.13284338717685595,0.86445380770297964,118.41750022888183,0.86872855409614369,1
2011-03-17,128190.20195517241,17179.145676136297,868.29141653456134,0.011441086325172378,-0.12292217351210233,0.86598706130329861,118.50510021209716,1.0450996304762017,1
2011-03-18,128592.22406080604,17659.310829479909,868.29141653456134,0.0031361375479712628,-0.12017153680796067,0.86267201645777947,118.59035022735596,1.0247500397222953,1
2011-03-21,130311.44398034111,17659.310829479909,868.29141653456134,0.01336954805853674,-0.10840862788604611,0.86448380671659186,118.70495025634766,1.2338667170217663,1
2011-03-22,129920.70224364009,17659.310829479909,868.29141653456134,-0.0029985220389390221,-0.11108208426505772,0.86407623631556862,118.82395023345947,1.1726439029240834,1
2011-03-23,130241.97907712928,17659.310829479909,868.29141653456134,0.002472868664816108,-0.10888390700564321,0.86441152879731598,118.93915023803712,1.2024837900691883,1
2011-03-24,131318.65195422375,17659.310829479909,868.29141653456134,0.0082667115834968996,-0.10151730727744623,0.86552320963791385,119.06340019226074,1.3287221515433649,1
2011-03-25,131665.97647028291,17659.310829479909,868.29141653456134,0.0026448985798319669,-0.099140911679460819,0.86587794886049685,119.17415019989014,1.3590964539305035,1
2011-03-28,131388.11685743558,17659.310829479909,868.29141653456134,-0.0021103372359072559,-0.10104202815784913,0.86559430752294464,119.28065017700196,1.3093623180587288,1
2011-03-29,132152.2175436902,17659.310829479909,868.29141653456134,0.0058155996488153949,-0.095814048492504078,0.86637143774267988,119.39240016937256,1.392717258278287,1
2011-03-30,132942.36591251477,17659.310829479909,868.29141653456134,0.0059790776387338429,-0.090407850488588348,0.86716566454744048,119.49625019073487,1.4771517813620856,1
2011-03-31,132786.06656801925,17659.310829479909,868.29141653456134,-0.0011756925147425878,-0.091477251170237639,0.86700930838678036,119.59940017700195,1.440630877452127,1
2011-04-01,133272.30764142654,17659.310829479909,868.29141653456134,0.003661838067612333,-0.088150387983280898,0.86749452199032329,119.70445014953613,1.4853510391171176,1
2011-04-04,133367.82022720834,17659.310829479909,868.29141653456134,0.00071667240908590557,-0.087496890525112891,0.86758941700182912,119.81210010528565,1.4802980011343818,1
2011-04-05,133350.46393821208,17659.310829479909,868.29141653456134,-0.00013013850692544793,-0.087615642317344755,0.86757218304345496,119.92125011444092,1.461339305356667,1
2011-04-06,133715.1447432675,17659.310829479909,868.29141653456134,0.0027347546779019627,-0.085120494927127477,0.86793335292434004,120.04170013427735,1.4906790690640577,1
2011-04-07,133419.92884142391,17659.310829479909,868.29141653456134,-0.002207797048048743,-0.08714036319774765,0.86764113140497268,120.16215015411377,1.4378457340548563,1
2011-04-08,133020.50896022475,17659.310829479909,868.29141653456134,-0.0029937047985829635,-0.089873195472875311,0.86724369822731384,120.2893501663208,1.373856743905713,1
2011-04-11,132673.19769324115,17659.310829479909,868.29141653456134,-0.0026109602925022957,-0.09224950042063762,0.86689616941086567,120.41230018615722,1.3170632364371651,1
2011-04-12,131813.58442120472,17659.310829479909,868.29141653456134,-0.0064791780629571694,-0.098130977544150677,0.8660281418867245,120.53200019836426,1.1974158979688261,1
2011-04-13,131804.90627670661,17659.310829479909,868.29141653456134,-6.5836495807491957e-05,-0.098190353440266498,0.86601932106831758,120.66825023651123,1.1867766061015956,1
2011-04-14,131891.7274689147,17659.310829479909,868.29141653456134,0.00065870986642813101,-0.097596322528437529,0.86610751736766822,120.80995021820068,1.1890336274864883,1
2011-04-15,132308.50363911013,17659.310829479909,868.29141653456134,0.0031599871970260374,-0.094744738461078115,0.86652928312417365,120.9563501739502,1.2336520618136411,1
2011-04-18,131023.43605238016,17659.310829479909,868.29141653456134,-0.0097126605727110293,-0.10353717554806641,0.86522021279902839,121.09815017700195,1.0618443375555551,1
2011-04-19,131674.65461478106,17659.310829479909,868.29141653456134,0.0049702448815382994,-0.099081535783344776,0.86588678830301202,121.24035015106202,1.1384011444500337,1
2011-04-20,133228.90366986024,17659.310829479909,868.29141653456134,0.011803707096298854,-0.088447358114083996,0.86745135369994875,121.37530017852784,1.3294202918657592,1
2011-04-21,133819.33547354749,17659.310829479909,868.29141653456134,0.0044317095421750885,-0.084407621572843317,0.8680361790245873,121.50840015411377,1.3937501622147741,1
2011-04-25,133697.77520519568,17659.310829479909,868.29141653456134,-0.00090839091317884701,-0.085239337369582446,0.86791619529661668,121.63680015563965,1.3650144743506849,1
2011-04-26,134696.30503458017,17659.310829479909,868.29141653456134,0.0074685598010286736,-0.078407392657098507,0.86889535815443286,121.77060012817383,1.48132997351113,1
2011-04-27,135460.40572083477,17659.310829479909,868.29141653456134,0.0056727664954019374,-0.073179412991753678,0.86963488898834906,121.90065010070801,1.5644759081697273,1
2011-04-28,135842.45606396208,17659.310829479909,868.29141653456134,0.002820383868587184,-0.070565423159081098,0.87000153456320795,122.03295009613038,1.5969483190515861,1
2011-04-29,136120.30242773384,17659.310829479909,868.29141653456134,0.002045357333946729,-0.068664397330915894,0.87026688514114026,122.16670005798341,1.6154224867046618,1
2011-05-02,135937.96864974391,17659.310829479909,868.29141653456134,-0.0013395046494752982,-0.06991192570091298,0.87009287394178536,122.31450004577637,1.5772958587868631,1
2011-05-03,135512.50108597477,17659.310829479909,868.29141653456134,-0.0031298655408438236,-0.072822976314611432,0.86968500553114203,122.45670001983643,1.5080027661985871,1
2011-05-04,134731.04411072389,17659.310829479909,868.29141653456134,-0.0057666781218589369,-0.078169707772188346,0.86892916219837768,122.58845001220703,1.3928409893969365,1
2011-05-05,133671.72752262568,17659.310829479909,868.29141653456134,-0.0078624536393234745,-0.085417555708153459,0.86789045704155465,122.72115001678466,1.243887297124662,1
2011-05-06,134184.01627860294,17659.310829479909,868.29141653456134,0.0038324391063964125,-0.081912474182625927,0.86839482585754235,122.84485000610351,1.2991547603196902,1
2011-05-09,134635.53152494205,17659.310829479909,868.29141653456134,0.003364895900877185,-0.078823205230356463,0.86883617846297578,122.96639999389649,1.3454717352187304,1
2011-05-10,135634.06135432658,17659.310829479909,868.29141653456134,0.0074165401812933407,-0.071991260517872413,0.86980179865478457,123.08794998168945,1.4616005461856079,1
2011-05-11,134392.41098823844,17659.310829479909,868.29141653456134,-0.0091544141175902149,-0.080486636823834612,0.86859889855666483,123.2023999786377,1.2852855815891602,1
2011-05-12,134948.11696485753,17659.310829479909,868.29141653456134,0.0041349505714851631,-0.076684494517281099,0.86913999819590915,123.32364997863769,1.3452742478751649,1
2011-05-13,134045.08647217925,17659.310829479909,868.29141653456134,-0.0066916865013644244,-0.082863032421820249,0.86825842487598337,123.44239994049072,1.2149813042514539,1
2011-05-16,133307.04671757022,17659.310829479909,868.29141653456134,-0.0055059068111549259,-0.087912703098370959,0.86752905218211274,123.55699996948242,1.1073497363276188,1
2011-05-17,133289.67717949837,17659.310829479909,868.29141653456134,-0.00013029722358681717,-0.088031545540826039,0.86751178933610529,123.65904994964599,1.0942684332269674,1
2011-05-18,134322.9460850266,17659.310829479909,868.29141653456134,0.0077520549782468251,-0.080961915943431717,0.86853094468087721,123.76974994659423,1.21920448157562,1
2011-05-19,134600.79244879837,17659.310829479909,868.29141653456134,0.0020684951593892276,-0.079060890115266513,0.86880232643357247,123.87829990386963,1.2435450526569922,1
2011-05-20,133671.72752262568,17659.310829479909,868.29141653456134,-0.0069023733758930561,-0.085417555708153459,0.86789045704155465,123.98209991455079,1.1094814939976119,1
2011-05-23,132325.87317718199,17659.310829479909,868.29141653456134,-0.010068354545772484,-0.094625896018623035,0.86654680293827047,124.08044990539551,0.9217086770755637,1
2011-05-24,132230.36059140015,17659.310829479909,868.29141653456134,-0.00072179826581564299,-0.095279393476791152,0.86645040707369581,124.17524990081787,0.89994148854953337,1
2011-05-25,132612.41093452746,17659.310829479909,868.29141653456134,0.0028892785395018272,-0.092665403644118682,0.86683515739564865,124.27529991149902,0.94161739061624494,1
2011-05-26,133142.06922857655,17659.310829479909,868.29141653456134,0.0039940326121556957,-0.089041479676136182,0.86736490628546092,124.39379989624024,1.0037637708268881,1
2011-05-27,133584.89308134199,17659.310829479909,868.29141653456134,0.0033259499069764331,-0.086011677270205644,0.86780458162490826,124.51819988250732,1.0547979898249977,1
2011-05-31,134791.81762036201,17659.310829479909,868.29141653456134,0.0090348879366555224,-0.077753895198930278,0.86898825803197532,124.65114986419678,1.2088663478125594,1
2011-06-01,132160.89568818832,17659.310829479909,868.29141653456134,-0.019518409786442814,-0.095754672596388257,0.86638021225927442,124.76919982910157,0.84401316678272109,1
2011-06-02,132039.33541983651,17659.310829479909,868.29141653456134,-0.00091978998567476822,-0.096586388393127387,0.86625719696838988,124.87989982604981,0.81957018983296182,1
2011-06-03,130901.87578402832,17659.310829479909,868.29141653456134,-0.0086145513546511676,-0.10436889134480565,0.86509505136033693,124.98304981231689,0.65518205199019652,1
2011-06-06,129703.62938950644,17659.310829479909,868.29141653456134,-0.0091537755845365609,-0.11256729751996497,0.86384875340343703,125.08884979248047,0.48101905067931477,1
2011-06-07,129634.17773537018,17659.310829479909,868.29141653456134,-0.00053546423074790628,-0.11304248598933897,0.86377581022244854,125.19599983215332,0.46334007644337827,1
2011-06-08,129165.29295095921,17659.310829479909,868.29141653456134,-0.0036169842907333161,-0.11625059738406351,0.8632813008353204,125.30249980926514,0.38847396848210936,1
2011-06-09,130016.21482942192,17659.310829479909,868.29141653456134,0.0065878523481210927,-0.11042858680688949,0.86417608870825458,125.42184978485108,0.50313805849513848,1
2011-06-10,128453.29425438237,17659.310829479909,868.29141653456134,-0.01202096659320584,-0.12112209504715477,0.86252348815197921,125.53014976501464,0.26582518924710297,1
2011-06-13,128540.12207112828,17659.310829479909,868.29141653456134,0.00067594854028385498,-0.12052801881021413,0.86261635242801427,125.64249973297119,0.26882168827052538,1
2011-06-14,129946.76317528565,17659.310829479909,868.29141653456134,0.01094320653732539,-0.11090377527626361,0.8641034959396473,125.75479976654053,0.47275783706931135,1
2011-06-15,127949.68364290326,17659.310829479909,868.29141653456134,-0.015368443842564417,-0.12456780067656636,0.8619823798957913,125.86334976196289,0.1562787475187295,1
2011-06-16,128192.81080414468,17659.310829479909,868.29141653456134,0.0019001779005562991,-0.12290432375797644,0.8622441405356176,125.97329978942871,0.18281804498034307,1
2011-06-17,128521.02495959475,18204.597839063616,868.29141653456134,0.0025603163967713449,-0.12065868131655666,0.85835315393114164,126.06624980926513,0.13758174575413565,1
2011-06-20,129085.40908071198,18204.597839063616,868.29141653456134,0.0043913758180396112,-0.11679716311388721,0.85897245886495965,126.15739978790283,0.21869283862999422,1
2011-06-21,130604.91905964747,18204.597839063616,868.29141653456134,0.011771353476405677,-0.10640067032953648,0.86061322980683796,126.2501997756958,0.45882580345252144,1
2011-06-22,129927.65281467655,18204.597839063616,868.29141653456134,-0.0051856105409139319,-0.11103452843282924,0.85988665657625707,126.34534976959229,0.33809441267256424,1
2011-06-23,129606.38923026295,18204.597839063616,868.29141653456134,-0.0024726344042543813,-0.11323261504202053,0.85953934873750137,126.43479976654052,0.27495784867312939,1
2011-06-24,128312.63024995924,18204.597839063616,868.29141653456134,-0.0099822160619348344,-0.12208451867534809,0.85812310289641658,126.51424976348876,0.044181815438873263,1
2011-06-27,129293.80379034749,18204.597839063616,868.29141653456134,0.0076467417001495619,-0.1153713257550959,0.85919976591776404,126.59654975891114,0.20327064911254961,1
2011-06-28,130743.84886607113,18204.597839063616,868.29141653456134,0.011215116526967606,-0.10545011209034238,0.86076134367352386,126.68099975585938,0.44793715051726091,1
2011-06-29,131707.65286838752,18204.597839063616,868.29141653456134,0.0073716967235963882,-0.098855761612545279,0.86178025769500988,126.7713497543335,0.61041154452100943,1
2011-06-30,132793.01713905571,18204.597839063616,868.29141653456134,0.0082407077115917993,-0.091429695338009154,0.86290997650877643,126.86579975128174,0.79680456904098362,1
2011-07-01,134486.18275148299,18204.597839063616,868.29141653456134,0.012750411496820435,-0.079845050079777269,0.86463592417740132,126.97014972686767,1.0945212348187012,1
2011-07-05,134390.67016570119,18204.597839063616,868.29141653456134,-0.00071020370886953899,-0.080498547537945275,0.86453971978398725,127.0767497253418,1.0714387754115851,1
2011-07-06,134529.59997212485,18204.597839063616,868.29141653456134,0.00103377567990659,-0.079547989298751176,0.86467961071142929,127.17554973602294,1.0894849333972518,1
2011-07-07,135736.52451114485,18204.597839063616,868.29141653456134,0.0089714422645281733,-0.071290207227475921,0.86588283511289632,127.28244972229004,1.3044363642288381,1
2011-07-08,134902.95892167842,18204.597839063616,868.29141653456134,-0.0061410559351545713,-0.076993466012417855,0.86505412494597111,127.38734970092773,1.1432275192045325,1
2011-07-11,132793.01713905571,18204.597839063616,868.29141653456134,-0.015640441095496671,-0.091429695338009154,0.86290997650877643,127.48469970703125,0.74125322609763955,1
2011-07-12,132298.08467207476,18204.597839063616,868.29141653456134,-0.0037270970841988271,-0.094816025071304599,0.86239711720553558,127.56759967803956,0.63978133468024401,1
2011-07-13,132680.13501520205,18204.597839063616,868.29141653456134,0.0028877995027234427,-0.092202035238632241,0.86279334252276885,127.65544967651367,0.70649574217918498,1
2011-07-14,131889.98664637745,18204.597839063616,868.29141653456134,-0.0059552876452383385,-0.097608233242548192,0.86197134216205773,127.73674964904785,0.54535288869015597,1
2011-07-15,132549.89660235209,18204.597839063616,868.29141653456134,0.0050034879277376376,-0.093093126931487302,0.86265852855640346,127.82284965515137,0.66838115817580823,1
2011-07-18,131612.14028260569,18204.597839063616,868.29141653456134,-0.0070747419936483258,-0.099509259070713396,0.86167994988932184,127.90524967193603,0.47392996633068663,1
2011-07-19,133452.91384595478,18204.597839063616,868.29141653456134,0.013986350798615321,-0.086914679677171369,0.86358785796106896,127.99584964752198,0.83958031504188413,1
2011-07-20,133383.44894274295,18204.597839063616,868.29141653456134,-0.00052051994377599886,-0.087389958796768474,0.86351681574167238,128.09034961700439,0.82053055542848863,1
2011-07-21,134981.11521846399,18204.597839063616,868.29141653456134,0.011977994934040614,-0.07645872034648149,0.86513226083811878,128.18259963989257,1.1449127360053697,1
2011-07-22,135059.25826617394,18204.597839063616,868.29141653456134,0.00057891837375523281,-0.075924065330768675,0.86521029307605035,128.27534965515136,1.1547782151768335,1
2011-07-25,134408.03970377304,18204.597839063616,868.29141653456134,-0.0048217247063321311,-0.080379705095490195,0.8645572253029995,128.36504966735839,1.011565013675416,1
2011-07-26,133973.89399550576,18204.597839063616,868.29141653456134,-0.0032300575860202407,-0.083350131605304689,0.86411831965058572,128.44899967193604,0.91263572461617182,1
2011-07-27,131603.46213810757,18204.597839063616,868.29141653456134,-0.01769323699345271,-0.099568634966829217,0.8616708288421826,128.51874969482421,0.39384166589440156,1
2011-07-28,131273.50716012024,18204.597839063616,868.29141653456134,-0.0025071907123619397,-0.10182618812235977,0.86132313950553141,128.58479969024657,0.3131111198843482,1
2011-07-29,130500.7283293675,18204.597839063616,868.29141653456134,-0.0058867843746274184,-0.10711354368382064,0.86050194453231332,128.64184970855712,0.13316533567832317,1
2011-08-01,130023.16540045838,18204.597839063616,868.29141653456134,-0.0036594656215542809,-0.11038103097466112,0.85998958121812163,128.69844970703124,0.015969658044153366,1
2011-08-02,127166.48584511514,18204.597839063616,868.29141653456134,-0.021970543068575155,-0.12992644284825372,0.856844374379927,128.73739971160887,-0.64281077839869949,1
2011-08-03,127756.92427334015,18204.597839063616,868.29141653456134,0.0046430348711856695,-0.1258866609819016,0.85750597908795712,128.77684970855714,-0.52130681622505903,1
2011-08-04,122625.32544638054,18204.597839063616,868.29141653456134,-0.040166893936647963,-0.16099707875885072,0.85154291927221992,128.79449970245361,-1.7192248237438608,1
2011-08-05,122469.03272642281,18204.597839063616,868.29141653456134,-0.001274554986001375,-0.16206643411538835,0.85135346108489385,128.80554969787599,-1.7655061175049089,1
2011-08-08,115678.99411410405,18204.597839063616,868.29141653456134,-0.055442902268091565,-0.2085239029158823,0.84262831831761198,128.77619972229004,-3.2885544628429044,1
2011-08-09,120211.4763683405,18204.597839063616,868.29141653456134,0.039181549675005645,-0.17751264290140134,0.84856189784007952,128.77184974670411,-2.2441307039841019,1
2011-08-10,115705.04179667404,18204.597839063616,868.29141653456134,-0.037487556993795579,-0.20834568457731129,0.84266374605305305,128.73979976654053,-3.2156822331762291,1
2011-08-11,120081.23133095277,18204.597839063616,868.29141653456134,0.037821943333886221,-0.17840377991936796,0.84839764185220257,128.73284976959229,-2.2227667147393153,1
2011-08-12,120767.1823449596,18204.597839063616,868.29141653456134,0.005712391573636566,-0.17371050059484772,0.84925873498427773,128.73154979705811,-2.0674475567730677,1
2011-08-15,122937.91088629601,18204.597839063616,868.29141653456134,0.017974490247987696,-0.15885836804577536,0.85192039048149393,128.74264980316161,-1.5887238446863723,1
2011-08-16,122043.56516265367,18204.597839063616,868.29141653456134,-0.0072747756749300674,-0.16497748472908691,0.85083525038947017,128.74814979553221,-1.7949296717479166,1
2011-08-17,122113.0300658655,18204.597839063616,868.29141653456134,0.00056918120278814932,-0.1645022056094898,0.85092010386406436,128.75384979248048,-1.7841411797864213,1
2011-08-18,117632.64980130682,18204.597839063616,868.29141653456134,-0.03669043559186147,-0.19515698362171707,0.84524196411614483,128.72904979705811,-2.761857324819025,1
2011-08-19,116008.94246755358,18204.597839063616,868.29141653456134,-0.013803202907490708,-0.20626639508546341,0.84307590904765606,128.69249980926514,-3.0659314662559969,1
2011-08-22,116087.09213980135,18204.597839063616,868.29141653456134,0.00067365213909797994,-0.20573169474463882,0.8431815501318598,128.64484981536864,-2.9822699810922368,1
2011-08-23,119308.45250020003,18204.597839063616,868.29141653456134,0.027749513757475031,-0.18369113548082883,0.84741569052676213,128.61344982147216,-2.2587467303665769,1
2011-08-24,120732.44989335368,18204.597839063616,868.29141653456134,0.011935427568732004,-0.17394814015464632,0.84921536956183497,128.5913998413086,-1.9381592859610974,1
2011-08-25,119169.52269377637,18204.597839063616,868.29141653456134,-0.012945377990406848,-0.18464169372002293,0.84723780520760317,128.56474983215332,-2.2456262660307003,1
2011-08-26,120636.93730757186,18204.597839063616,868.29141653456134,0.012313673669451797,-0.17460163761281444,0.84909598796718633,128.54409984588622,-1.9216590418714858,1
2011-08-29,123580.444679661,18204.597839063616,868.29141653456134,0.0243997190063312,-0.15446214950228121,0.85269030317658545,128.54269985198974,-1.3049061235235417,1
2011-08-30,123858.29766797055,18204.597839063616,868.29141653456134,0.0022483572464055968,-0.15256107834900434,0.8530207650046584,128.55009986877442,-1.2504402545528361,1
2011-08-31,124327.17582784375,18204.597839063616,868.29141653456134,0.0037856015196504611,-0.14935301227939135,0.85357507143674216,128.56104988098144,-1.1572702849029808,1
2011-09-01,123215.76387460556,18204.597839063616,868.29141653456134,-0.00893941285031008,-0.15695729689249849,0.85225431173246546,128.57494987487792,-1.3992671066604967,1
2011-09-02,120532.73995275411,18204.597839063616,868.29141653456134,-0.021775005384716106,-0.17531455629221004,0.84896553545369191,128.57309986114501,-1.9639515039917388,1
2011-09-06,119786.00880457136,18204.597839063616,868.29141653456134,-0.0061952557328029956,-0.1804236935150999,0.8480240053012863,128.55824985504151,-2.1081717847675625,1
2011-09-07,122651.37312895054,18204.597839063616,868.29141653456134,0.023920692850314174,-0.1608188604202796,0.85157444735719301,128.55824985504151,-1.5067867761585205,1
2011-09-08,121566.00885828234,18204.597839063616,868.29141653456134,-0.0088491815703285459,-0.16824492669481583,0.85024927601032019,128.55249984741212,-1.7305840037454427,1
2011-09-09,118856.9372538609,18204.597839063616,868.29141653456134,-0.022284778696482377,-0.18678040443309829,0.84683605130947237,128.53984985351562,-2.2850528651115831,1
2011-09-12,119508.15581626182,18204.597839063616,868.29141653456134,0.0054790118056804449,-0.18232476466837666,0.84767066553137738,128.52219985961915,-2.1336269703324131,1
2011-09-13,120437.22736697229,18204.597839063616,868.29141653456134,0.0077741267477917653,-0.17596805375037805,0.84884575776894799,128.51689983367919,-1.9366457367461303,1
2011-09-14,121852.5466156278,18204.597839063616,868.29141653456134,0.01175150972500405,-0.16628443432031159,0.85060141667380762,128.51794982910155,-1.6444330216233709,1
2011-09-15,123641.2248138369,18204.597839063616,868.29141653456134,0.014679038295779989,-0.1540462916039117,0.8527627183694293,128.5326498413086,-1.2819973633209925,1
2011-09-16,124262.04999688099,18747.279974397716,868.29141653456134,0.005021182732368068,-0.14979860345093043,0.84913109050697066,128.53519981384278,-1.2669789888020788,1
2011-09-19,123211.4181778187,18747.279974397716,868.29141653456134,-0.0084549693095249401,-0.15698703016566806,0.84784462145106021,128.52394981384276,-1.4796317223610975,1
2011-09-20,123089.8579094669,18747.279974397716,868.29141653456134,-0.00098659905185383145,-0.15781874596240708,0.84769435684793437,128.51034980773926,-1.4977895348935564,1
2011-09-21,120016.10549998999,18747.279974397716,868.29141653456134,-0.02497161392238878,-0.17884937109090715,0.84379363172720789,128.4796997833252,-2.1097384823714722,1
2011-09-22,116742.64977445133,18747.279974397716,868.29141653456134,-0.027275137048493381,-0.20124636703185916,0.83941361609816323,128.42984977722168,-2.726740909534465,1
2011-09-23,117333.08820267636,18747.279974397716,868.29141653456134,0.0050576068760281867,-0.19720658516550693,0.84022171186686534,128.38114978790284,-2.5611676252756137,1
2011-09-26,119677.47237750454,18747.279974397716,868.29141653456134,0.019980588687639411,-0.18116630014255353,0.84335163834959481,128.34354976654052,-2.0694466470834278,1
2011-09-27,120806.25386881459,18747.279974397716,868.29141653456134,0.0094318627297664825,-0.1734431730869912,0.84481531895893669,128.30884975433349,-1.8277264758660172,1
2011-09-28,118722.35314422409,18747.279974397716,868.29141653456134,-0.017249940775859507,-0.18770122939912293,0.84209140504801572,128.26174976348878,-2.2020102946706004,1
2011-09-29,119512.50151304869,18747.279974397716,868.29141653456134,0.0066554304888541971,-0.18229503139520697,0.84313540644657292,128.21864978790282,-2.0228105515830719,1
2011-09-30,116994.45508019088,18747.279974397716,868.29141653456134,-0.02106931409667534,-0.19952351421715342,0.83975924361929921,128.16389980316163,-2.4604253149957298,1
2011-10-03,114198.55565902355,18747.279974397716,868.29141653456134,-0.023897708820909025,-0.21865306819237651,0.83583610260033647,128.08944980621337,-2.9139263187282625,1
2011-10-04,116291.13452811219,18747.279974397716,868.29141653456134,0.018324039713222939,-0.20433563598412874,0.83879011886442856,128.02964977264404,-2.4806875636679999,1
2011-10-05,118097.18226439317,18747.279974397716,868.29141653456134,0.015530399145296636,-0.19197865082527366,0.84125548455147081,127.97874977111816,-2.1209696230023707,1
2011-10-06,119894.54523163819,18747.279974397716,868.29141653456134,0.015219355219001862,-0.17968108688764617,0.84363525514711568,127.93424976348876,-1.7766795781979781,1
2011-10-07,119217.27898666728,18747.279974397716,868.29141653456134,-0.0056488495257429605,-0.18431494499093892,0.84274695636616292,127.88389976501465,-1.8737355325459883,1
2011-10-10,122577.56915348963,18747.279974397716,868.29141653456134,0.028186267925123021,-0.16132382748793472,0.84705782547439257,127.85379978179931,-1.2686880190625227,1
2011-10-11,122681.75988376958,18747.279974397716,868.29141653456134,0.00084999833982246642,-0.16061095413365079,0.84718771566238416,127.82404975891113,-1.2412508620825176,1
2011-10-12,123593.46852094599,18747.279974397716,868.29141653456134,0.0074314929785825878,-0.1543730403329957,0.84831496195755263,127.79864974975585,-1.0740675105066806,1
2011-10-13,123385.08043584827,18747.279974397716,868.29141653456134,-0.001686076842016937,-0.15579883236667547,0.84805877738074664,127.77159976959229,-1.1033537732167766,1
2011-10-14,125173.75863405739,18747.279974397716,868.29141653456134,0.01449671379951889,-0.14356068965027546,0.85022995091802778,127.75584976196289,-0.78692229644675726,1
2011-10-17,123141.95989914465,18747.279974397716,868.29141653456134,-0.016231826519267911,-0.15746226396015361,0.84775879814035715,127.72824977874755,-1.1343941011745986,1
2011-10-18,125182.44340309332,18747.279974397716,868.29141653456134,0.016570172389816173,-0.14350126842904787,0.85024034149876271,127.70589977264405,-0.77433774533415278,1
2011-10-19,123923.41687439554,18747.279974397716,868.29141653456134,-0.010057532785517354,-0.1521155325025767,0.84871882613276139,127.67664974212647,-0.98657066416330075,1
2011-10-20,124383.61688977058,18747.279974397716,868.29141653456134,0.00371358397776822,-0.14896684232907986,0.84927854292087646,127.64674976348877,-0.90035424083818261,1
2011-10-21,126389.36794211334,18747.279974397716,868.29141653456134,0.016125524425939952,-0.1352434863577725,0.85167043494525563,127.62964977264404,-0.54996276917722131,1
2011-10-24,127709.16798044925,18747.279974397716,868.29141653456134,0.010442334349993532,-0.1262134097109856,0.85320333480468913,127.62139976501464,-0.32022353208856336,1
2011-10-25,125590.5414287906,18747.279974397716,868.29141653456134,-0.016589463271603044,-0.1407090602578045,0.8507269754464164,127.60174976348877,-0.68307183865160981,1
2011-10-26,126675.90569945882,18747.279974397716,868.29141653456134,0.0086420860864240279,-0.13328299398326815,0.85200595274308888,127.58609977722168,-0.4928379704817496,1
2011-10-27,130435.60912294252,18747.279974397716,868.29141653456134,0.02967970430307143,-0.10755908953024818,0.85627176427928209,127.58634979248046,0.15652305843941017,1
2011-10-28,130409.56144037252,18747.279974397716,868.29141653456134,-0.00019969763429750209,-0.1077373078688193,0.85624305635772291,127.5874998474121,0.15184795798420841,1
2011-10-31,127717.85274948517,18747.279974397716,868.29141653456134,-0.020640424376536903,-0.12615398848975812,0.85321331692625646,127.56849983215332,-0.31019421776537187,1
2011-11-01,124678.8327916142,18747.279974397716,868.29141653456134,-0.023794793699138728,-0.14694697405845947,0.84963542283290727,127.53089981079101,-0.82816672233144606,1
2011-11-02,126406.73085564739,18747.279974397716,868.29141653456134,0.01385879242967536,-0.1351246892404292,0.85169080912466177,127.50959980010987,-0.52665391190506339,1
2011-11-03,128369.07131188607,18747.279974397716,868.29141653456134,0.015524018720803889,-0.12169834872503649,0.85395796835789806,127.50044979095459,-0.18709740893915225,1
2011-11-04,127700.4898359511,18747.279974397716,868.29141653456134,-0.0052082753976663287,-0.12627278560710165,0.85319335894105663,127.48599983215333,-0.30009023491790171,1
2011-11-07,128377.756080922,18747.279974397716,868.29141653456134,0.0053035524440112614,-0.121638927503809,0.8539678481170796,127.47179981231689,-0.18129238809060222,1
2011-11-08,129784.38393600381,18747.279974397716,868.29141653456134,0.010956943772994165,-0.11201477462008147,0.85555057237362298,127.46534980773926,0.06204327195426057,1
2011-11-09,125686.05401457244,18747.279974397716,868.29141653456134,-0.031577989563461251,-0.14005556279963627,0.85084041247548348,127.43279983520507,-0.63885285820159432,1
2011-11-10,126693.26861299286,18747.279974397716,868.29141653456134,0.0080137339525643281,-0.13316419686592484,0.85202623486126472,127.40444980621338,-0.46109866895950535,1
2011-11-11,128725.07397244338,18747.279974397716,868.29141653456134,0.016037200568698173,-0.11926257723093514,0.85436186287676164,127.39914981842041,-0.11049319883159005,1
2011-11-14,127683.12029787924,18747.279974397716,868.29141653456134,-0.0080944111540164343,-0.12639162804955673,0.85317338791015518,127.38304985046386,-0.28743907491221488,1
2011-11-15,128221.46336096429,18747.279974397716,868.29141653456134,0.0042162430071344126,-0.12270828286034652,0.85378984545184078,127.35974983215333,-0.19138788606695284,1
2011-11-16,126484.88052789515,18747.279974397716,868.29141653456134,-0.013543620448164595,-0.1345899888996045,0.85178244311767237,127.32769981384277,-0.48567678113273249,1
2011-11-17,124774.34537739604,18747.279974397716,868.29141653456134,-0.013523633365190024,-0.14629347660029124,0.84975052429492481,127.28434982299805,-0.7731526046818592,1
2011-11-18,124661.46987808013,18747.279974397716,868.29141653456134,-0.00090463707883625677,-0.147065771175803,0.84961447997739248,127.23849987030029,-0.78516636488751879,1
2011-11-21,122647.03405670146,18747.279974397716,868.29141653456134,-0.016159249713233681,-0.16084854836833762,0.84714444895805152,127.17694988250733,-1.1202452831397738,1
2011-11-22,122238.93603100418,18747.279974397716,868.29141653456134,-0.0033274186272503892,-0.1636407565395811,0.84663413652714758,127.11004985809326,-1.1781095337914063,1
2011-11-23,119955.32536581409,18747.279974397716,868.29141653456134,-0.018681532573311066,-0.17926522898927666,0.84371448356105683,127.03149982452392,-1.5504987878924952,1
2011-11-25,119764.30019425045,18747.279974397716,868.29141653456134,-0.0015924692878876989,-0.18057222390561289,0.84346520671025693,126.95159976959229,-1.5639684741182442,1
2011-11-28,122690.44465280551,18747.279974397716,868.29141653456134,0.024432526669541987,-0.16055153291242319,0.84719853263675471,126.88459976196289,-1.0566321203851181,1
2011-11-29,122985.66717918692,18747.279974397716,868.29141653456134,0.0024062389472696566,-0.15853161931669135,0.84756532688412045,126.81769981384278,-0.99654503911648862,1
2011-11-30,127275.02227218196,18747.279974397716,868.29141653456134,0.034876869731052196,-0.1291838362208001,0.85270259914544722,126.77759983062744,-0.26373033302081483,1
2011-12-01,127257.65935864788,18747.279974397716,868.29141653456134,-0.00013642043210126964,-0.12930263333814374,0.85268250202871798,126.73319980621338,-0.26079995467800809,1
2011-12-02,127162.14677286608,18747.279974397716,868.29141653456134,-0.00075054488871761915,-0.12995613079631163,0.85257185058472107,126.68624980926514,-0.27091891238480209,1
2011-12-05,128343.0236293161,18747.279974397716,868.29141653456134,0.0092863866049641697,-0.12187656706360739,0.85392832859739898,126.64469982147217,-0.063217633464491371,1
2011-12-06,128377.756080922,18747.279974397716,868.29141653456134,0.00027062204570005299,-0.121638927503809,0.8539678481170796,126.61684982299805,-0.053197136149232653,1
2011-12-07,128785.85410661928,18747.279974397716,868.29141653456134,0.0031788842409743445,-0.11884671933256552,0.85443059640015118,126.5953998184204,0.020087785717771766,1
2011-12-08,126371.99840404149,18747.279974397716,868.29141653456134,-0.018743174235420379,-0.13536232880022758,0.85165004739057626,126.56049983978272,-0.38984409667120368,1
2011-12-09,128195.41567839429,18747.279974397716,868.29141653456134,0.014428966047707048,-0.12288650119891764,0.85376013740281242,126.52909984588624,-0.07167967140772652,1
2011-12-12,126597.75602721106,18747.279974397716,868.29141653456134,-0.012462689424022066,-0.13381769432409285,0.85191459499196687,126.48439987182617,-0.34102496735417703,1
2011-12-13,125590.5414287906,18747.279974397716,868.29141653456134,-0.007956022523842865,-0.1407090602578045,0.8507269754464164,126.44499992370605,-0.50928482036713651,1
2011-12-14,124453.07516844463,18747.279974397716,868.29141653456134,-0.0090569420866053463,-0.14849160853459431,0.84936266179824282,126.39764987945557,-0.69873618172836338,1
2011-12-15,124835.12551157194,18747.279974397716,868.29141653456134,0.0030698344947299727,-0.14587761870192173,0.84982367825103933,126.34119987487793,-0.6254165056775659,1
2011-12-16,124991.41452178849,19415.864365129328,868.29141653456134,0.0012519634163548066,-0.14480828872744667,0.8446624158994156,126.28679985046386,-0.70653818846129679,1
2011-12-19,123862.63965501625,19415.864365129328,868.29141653456134,-0.0090308192053901726,-0.15253137045789733,0.84324680614585135,126.23109989166259,-0.89326796294152866,1
2011-12-20,127023.21988123903,19415.864365129328,868.29141653456134,0.025516816329973713,-0.13090666909245685,0.84714712488565258,126.1878498840332,-0.34015768642480898,1
2011-12-21,127231.60796633674,19415.864365129328,868.29141653456134,0.0016405511157138175,-0.12948087705877709,0.84739747712481617,126.14674987792969,-0.29839739015686112,1
2011-12-22,128186.72719961719,19415.864365129328,868.29141653456134,0.0075069336035833434,-0.12294594780220769,0.84853451843813588,126.12339984893799,-0.1289249880408615,1
2011-12-23,129159.21597096951,19415.864365129328,868.29141653456134,0.0075865012907141427,-0.11629217610318299,0.84967495955152494,126.10114986419677,0.043692523813023403,1
2011-12-27,129246.0437877154,19415.864365129328,868.29141653456134,0.00067225413295646241,-0.11569809986624247,0.84977594829115566,126.08334983825684,0.061565821837164129,1
2011-12-28,127804.68348102768,19415.864365129328,868.29141653456134,-0.011152065196325389,-0.12555989230976861,0.84808174601823916,126.06469985961914,-0.18698083082398706,1
2011-12-29,128924.78020330181,19415.864365129328,868.29141653456134,0.0087641289173914227,-0.11789618647543376,0.84940160972535772,126.06439987182617,0.0084204215035926441,1
2011-12-30,128386.43714021677,19415.864365129328,868.29141653456134,-0.0041756368499222818,-0.12157953166464386,0.84877012870195656,126.05264987945557,-0.083706430571949778,1
2012-01-03,130123.01997328589,19415.864365129328,868.29141653456134,0.013526217190469314,-0.10969782562538599,0.85078839724811661,126.05134986877441,0.21942832770259116,1
2012-01-04,130296.67560677769,19415.864365129328,868.29141653456134,0.0013345496709764593,-0.10850967315150484,0.85098726214838771,126.0411498260498,0.25142442446632451,1
2012-01-05,130591.89150862131,19415.864365129328,868.29141653456134,0.0022657209055321204,-0.10648980488088444,0.85132412019740489,126.03489982604981,0.30401820190740042,1
2012-01-06,130305.36037581362,19415.864365129328,868.29141653456134,-0.0021940958929197452,-0.10845025193027735,0.85099719375218297,126.02514980316163,0.25561399556038544,1
2012-01-09,130574.53521962503,19415.864365129328,868.29141653456134,0.002065723490078053,-0.10660855667311642,0.85130435783307945,126.01074985504151,0.30517891935268698,1
2012-01-10,131538.33922194142,19415.864365129328,868.29141653456134,0.0073812554698762245,-0.10001420619531931,0.85239387634072661,125.99989986419678,0.47592290570741064,1
2012-01-11,131599.11273157955,19415.864365129328,868.29141653456134,0.0004620212631358811,-0.099598393622061354,0.85246204201443554,125.9909998703003,0.48832977559397406,1
2012-01-12,131868.28095085316,19415.864365129328,868.29141653456134,0.0020453650004665924,-0.097756743690012082,0.85276319502211795,125.97924983978271,0.53798020542840042,1
2012-01-13,131286.52729166407,19415.864365129328,868.29141653456134,-0.0044116269279791398,-0.10173710433513672,0.85211076288128673,125.95959980010986,0.43985795584981058,1
2012-01-17,131720.67299993135,19415.864365129328,868.29141653456134,0.0033068565162273078,-0.098766677825322224,0.85259819948582072,125.94334980010986,0.51968141736604345,1
2012-01-18,132962.33661509509,19415.864365129328,868.29141653456134,0.009426490063290105,-0.090271210869136698,0.85397470547366217,125.93144985198974,0.74153607449678094,1
2012-01-19,133561.45981235601,19415.864365129328,868.29141653456134,0.0045059617070004609,-0.086172007781557203,0.85462973830619116,125.92244991302491,0.8498185874361962,1
2012-01-20,133986.91412704959,19415.864365129328,868.29141653456134,0.003185457206676956,-0.083261047818081746,0.85509133864581166,125.9159998703003,0.92694505577066688,1
2012-01-23,133691.69822520597,19415.864365129328,868.29141653456134,-0.0022033189119027297,-0.08528091608870203,0.85477135362269863,125.90574985504151,0.87771807824105497,1
2012-01-24,133561.45981235601,19415.864365129328,868.29141653456134,-0.0009741697845034869,-0.086172007781557203,0.85462973830619116,125.89644985198974,0.85729515374497089,1
2012-01-25,134516.57242109868,19415.864365129328,868.29141653456134,0.0071511093850316065,-0.079637123850099245,0.85566191573519468,125.89494983673096,1.0272745536648529,1
2012-01-26,133926.14061741147,19415.864365129328,868.29141653456134,-0.0043892867106284372,-0.083676860391339702,0.85502558144645646,125.89204982757569,0.92331452669140224,1
2012-01-27,133874.04525227149,19415.864365129328,868.29141653456134,-0.00038898578649260163,-0.084033297068481727,0.85496916651362709,125.89379985809326,0.91357471111405619,1
2012-01-30,133483.30351557047,19415.864365129328,868.29141653456134,-0.0029187265983089405,-0.086706753447493345,0.85454462203308812,125.89334980010986,0.84432078826698498,1
2012-01-31,133439.89954400421,19415.864365129328,868.29141653456134,-0.00032516404990834413,-0.087003723578296221,0.85449730978906646,125.89214984893799,0.83693170743585688,1
2012-02-01,134438.42937338873,19415.864365129328,868.29141653456134,0.0074829929638491333,-0.08017177886581206,0.85557801846074977,125.89429988861085,1.013590379362509,1
2012-02-02,134620.76315137866,19415.864365129328,868.29141653456134,0.0013562623339158364,-0.078924250495814974,0.8557736272576576,125.90489986419678,1.0428236301841096,1
2012-02-03,136235.78571609597,19415.864365129328,868.29141653456134,0.011996831149302389,-0.067874260253296237,0.85748337514204687,125.92104984283448,1.3230845156247022,1
2012-02-06,136157.64266838599,19415.864365129328,868.29141653456134,-0.0005735867951230933,-0.068408915269009385,0.85740158257280519,125.9277997970581,1.3066025189648347,1
2012-02-07,136452.85857022961,19415.864365129328,868.29141653456134,0.0021681919285472251,-0.06638904699838899,0.85771009439764601,125.93284976959228,1.3566109278450349,1
2012-02-08,136800.18308628877,19415.864365129328,868.29141653456134,0.002545381018019599,-0.064012651400403575,0.85807135687177782,125.94059978485107,1.4145128460838929,1
2012-02-09,136947.79103721058,19415.864365129328,868.29141653456134,0.0010790040451094107,-0.063002717265093433,0.85822433338954851,125.94344982147217,1.439198974571281,1
2012-02-10,136079.49962067601,19415.864365129328,868.29141653456134,-0.0063403097630004845,-0.068943570284722422,0.85731969606552505,125.93689983367921,1.2891540830653403,1
2012-02-13,136947.79103721058,19415.864365129328,868.29141653456134,0.0063807657946637342,-0.063002717265093433,0.85822433338954851,125.9331498336792,1.4440214483911422,1
2012-02-14,136800.18308628877,19415.864365129328,868.29141653456134,-0.0010778410502562119,-0.064012651400403575,0.85807135687177782,125.92694988250733,1.4209744328356553,1
2012-02-15,136253.15525416782,19415.864365129328,868.29141653456134,-0.0039987361111637476,-0.067755417810841156,0.8575015431465729,125.91864986419678,1.32806143689595,1
2012-02-16,137546.91423447151,19415.864365129328,868.29141653456134,0.0094952588649437342,-0.058903514177513827,0.85884187607413887,125.92024990081786,1.5562234808859405,1
2012-02-17,137859.49967438699,19415.864365129328,868.29141653456134,0.0022725732645854091,-0.056764803464438462,0.85916194088192654,125.92814990997314,1.6074130240194946,1
2012-02-21,137911.59503952696,19415.864365129328,868.29141653456134,0.00037788737999933097,-0.056408366787296438,0.85921514170317204,125.9424499130249,1.6095003450008731,1
2012-02-22,137529.54469639965,19415.864365129328,868.29141653456134,-0.002770255416289058,-0.059022356619968908,0.85882404825820957,125.95159992218018,1.537819528005187,1
2012-02-23,138050.52484595063,19415.864365129328,868.29141653456134,0.0037881325841735425,-0.055457808548102228,0.85935682325876472,125.96114994049073,1.6244082652947074,1
2012-02-24,138311.00167165053,19415.864365129328,868.29141653456134,0.0018868224223744789,-0.053675625162392104,0.85962169219754136,125.96644992828369,1.6671402408014171,1
2012-02-27,138510.71823678791,19415.864365129328,868.29141653456134,0.0014439673107964346,-0.05230916369971661,0.85982410161257428,125.98004993438721,1.6948188447959938,1
2012-02-28,138858.02950377151,19415.864365129328,868.29141653456134,0.0025074685295463084,-0.049932858751954301,0.86017470912906779,125.9924499130249,1.7484348189817311,1
2012-02-29,138389.15796843608,19415.864365129328,868.29141653456134,-0.0033766252985946155,-0.053140879496455962,0.85970097188135419,126.00734996795654,1.6591887286018325,1
2012-03-01,139005.63745469329,19415.864365129328,868.29141653456134,0.0044546805205494255,-0.04892292461664427,0.86032318745736036,126.03004993438721,1.7542241684433431,1
2012-03-02,138640.95664963787,19415.864365129328,868.29141653456134,-0.0026234965123215215,-0.051418072006861548,0.85995578193970823,126.05074993133545,1.6809675358969938,1
2012-03-05,138154.71557623061,19415.864365129328,868.29141653456134,-0.0035071964674626699,-0.054744935193818067,0.85946289068637616,126.06269992828369,1.591556221176851,1
2012-03-06,136418.13274316146,19415.864365129328,868.29141653456134,-0.012569841180056884,-0.066626641233076156,0.85767387388534222,126.06304996490479,1.293576559297497,1
2012-03-07,137234.32879455606,19415.864365129328,868.29141653456134,0.0059830466447687858,-0.061042224890589081,0.85852035321136388,126.07344997406005,1.4291783218077128,1
2012-03-08,138406.51425743237,19415.864365129328,868.29141653456134,0.0085414886579224802,-0.053022127704223876,0.85971856549312153,126.09834995269776,1.6185916988680495,1
2012-03-09,138866.72089734522,19415.864365129328,868.29141653456134,0.0033250359810150787,-0.049873392205615263,0.86018346051764139,126.12645000457763,1.6839089740628661,1
2012-03-12,138875.39904184334,19415.864365129328,868.29141653456134,6.2492614803844049e-05,-0.049814016309499443,0.86019219747279141,126.15240001678467,1.6732651449648765,1
2012-03-13,141028.75804510791,19415.864365129328,868.29141653456134,0.015505690843169218,-0.03508072620288194,0.8623269137850651,126.18770000457764,2.01548391719514,1
2012-03-14,140898.51963225796,19415.864365129328,868.29141653456134,-0.00092348833426081356,-0.035971817895737002,0.86219965677564026,126.21970005035401,1.9750749937368834,1
2012-03-15,141601.83355979886,19415.864365129328,868.29141653456134,0.00499163461317087,-0.031159741453873235,0.86288408930149929,126.24880008697509,2.0732485806570149,1
2012-03-16,141770.2836844956,19948.995294881548,868.29141653456134,0.0011896041206669317,-0.030007205090038735,0.85928648249532136,126.29095012664794,1.990209072426435,1
2012-03-19,142247.84661340475,19948.995294881548,868.29141653456134,0.0033685686202895582,-0.026739717799198037,0.85975889428331309,126.33655017852783,2.043193357326909,1
2012-03-20,141891.84395284741,19948.995294881548,868.29141653456134,-0.0025026927931279808,-0.029175489293299606,0.85940703327873547,126.38665019989014,1.9608432356663084,1
2012-03-21,141692.14063678565,19948.995294881548,868.29141653456134,-0.0014074333696595387,-0.030541860105751661,0.8592088791571092,126.44250026702881,1.9040370825536004,1
2012-03-22,140815.15782667737,19948.995294881548,868.29141653456134,-0.0061893539484052518,-0.036542179671719688,0.85833204604694746,126.49370021820069,1.7443180288212916,1
2012-03-23,141205.8863143028,19948.995294881548,868.29141653456134,0.0027747615644215795,-0.033868813942931397,0.85872405311434319,126.54985019683838,1.784255663118087,1
2012-03-26,142907.74332030379,19948.995294881548,868.29141653456134,0.012052309223235413,-0.022224702138360475,0.86040647741410892,126.61090023040771,2.0225554763383742,1
2012-03-27,142525.69297717651,19948.995294881548,868.29141653456134,-0.0026734054730048751,-0.024838691971032723,0.86003228696403455,126.67875022888184,1.9356771390371807,1
2012-03-28,141917.89163541741,19948.995294881548,868.29141653456134,-0.0042645036769365374,-0.028997270954728482,0.85943283778390767,126.74260025024414,1.8184325777363928,1
2012-03-29,141709.49692578192,19948.995294881548,868.29141653456134,-0.0014684174576864439,-0.030423108313519798,0.85922612296528356,126.79715019226074,1.76593327993954,1
2012-03-30,142213.10753726104,19948.995294881548,868.29141653456134,0.0035538240019501455,-0.026977402684108198,0.85972463691748846,126.86610019683837,1.81783820229821,1
2012-04-02,143107.44663636561,19948.995294881548,868.29141653456134,0.0062887248200398371,-0.020858331325908086,0.8606012771259085,126.93880016326904,1.9244922865681307,1
2012-04-03,142603.83602488646,19948.995294881548,868.29141653456134,-0.0035191083575043525,-0.024304036955319797,0.8601089854875984,127.00985012054443,1.8249444445045806,1
2012-04-04,141388.23334136832,19948.995294881548,868.29141653456134,-0.0085243336883729093,-0.032621194922710983,0.85890625532666065,127.07065013885499,1.6269701805205332,1
2012-04-05,141327.44658265461,19948.995294881548,868.29141653456134,-0.00042992798818664024,-0.033037098146192267,0.85884556908615428,127.12235012054444,1.6014384618202466,1
2012-04-09,139964.23594821466,19948.995294881548,868.29141653456134,-0.0096457600232852103,-0.042364190248893596,0.85747076630159669,127.17010013580322,1.3902574033527806,1
2012-04-10,137949.79350229821,19948.995294881548,868.29141653456134,-0.01439255129904593,-0.056147012766539772,0.85538945156486079,127.20810009002686,1.0903654597403025,1
2012-04-11,138904.91936011644,19948.995294881548,868.29141653456134,0.006923720823129198,-0.04961203818485882,0.85638380997030783,127.25905010223389,1.2174143013338281,1
2012-04-12,140459.15516612006,19948.995294881548,868.29141653456134,0.011189206351822634,-0.038977951165821145,0.85797297960899732,127.31330005645752,1.427014049340767,1
2012-04-13,139026.47962846828,19948.995294881548,868.29141653456134,-0.010199944147160522,-0.048780322388119579,0.8565093833333558,127.350950050354,1.2129131929323689,1
2012-04-16,138948.33658075827,19948.995294881548,868.29141653456134,-0.00056207312390299524,-0.049314977403832838,0.85642868575625619,127.38260005950927,1.1940646636853511,1
2012-04-17,140710.96709639742,19948.995294881548,868.29141653456134,0.012685510017708568,-0.037255053026003737,0.85822714670694411,127.41815006256104,1.4341027528466423,1
2012-04-18,140302.86907070014,19948.995294881548,868.29141653456134,-0.0029002574150294169,-0.040047261197247108,0.85781477294787856,127.44160007476806,1.3691381408418326,1
2012-04-19,139530.09023994737,19948.995294881548,868.29141653456134,-0.0055079332010192772,-0.045334616758708091,0.85702728880504842,127.46115009307861,1.254575482716761,1
2012-04-20,139729.79355600919,19948.995294881548,868.29141653456134,0.001431256266790859,-0.043968245946255813,0.85723162693369881,127.48105007171631,1.2770462636487063,1
2012-04-23,138722.57233305095,19948.995294881548,868.29141653456134,-0.0072083497536586938,-0.050859657205078901,0.8561950304166277,127.48820003509522,1.1336363298322716,1
2012-04-24,139174.08757939009,19948.995294881548,868.29141653456134,0.0032548073377354214,-0.047770388252809326,0.85666156939234894,127.50275005340576,1.193084027802723,1
2012-04-25,140806.47968217923,19948.995294881548,868.29141653456134,0.011729138169186637,-0.036601555567835731,0.85832331480831459,127.53885005950927,1.4113373267436606,1
2012-04-26,141648.7234161438,19948.995294881548,868.29141653456134,0.0059815694268163799,-0.030838920886777754,0.8591657248030804,127.5826501083374,1.5155460427327379,1
2012-04-27,141848.42673220561,19948.995294881548,868.29141653456134,0.0014098490353147142,-0.029472550074325365,0.85936400033154337,127.62540012359619,1.5300468801950418,1
2012-04-30,141396.91148586647,19948.995294881548,868.29141653456134,-0.0031830825109646632,-0.032561819026595051,0.85891491486449056,127.67010013580322,1.4551308458760364,1
2012-05-01,142152.33402762291,19948.995294881548,868.29141653456134,0.0053425674848064375,-0.027393215257366155,0.859664665857649,127.71535015106201,1.5450501249230635,1
2012-05-02,141787.65322256746,19948.995294881548,868.29141653456134,-0.0025654225627036453,-0.029888362647583655,0.85930372044759695,127.76390018463135,1.4816689935903518,1
2012-05-03,140858.57504731923,19948.995294881548,868.29141653456134,-0.0065526028122478985,-0.036245118890693484,0.85837571274464464,127.79650020599365,1.3465480061032811,1
2012-05-04,138904.91936011644,19948.995294881548,868.29141653456134,-0.013869625520111173,-0.04961203818485882,0.85638380997030783,127.81825023651123,1.0771961322181023,1
2012-05-07,138991.75380140013,19948.995294881548,868.29141653456134,0.00062513582444534421,-0.049017916622806634,0.85647353350626909,127.83130023956299,1.0858443797555017,1
2012-05-08,138514.19087249102,19948.995294881548,868.29141653456134,-0.0034359083603728857,-0.05228540391364711,0.85597868948138633,127.8411502456665,1.0191923348878584,1
2012-05-09,137810.87694495011,19948.995294881548,868.29141653456134,-0.0050775586465963141,-0.057097480355510877,0.85524368078108692,127.85070026397705,0.92244429057188138,1
2012-05-10,138053.99748165376,19948.995294881548,868.29141653456134,0.0017641607258676029,-0.055434048762032506,0.85549860446791759,127.86415027618408,0.95241688232782273,1
2012-05-11,137697.99482109642,19948.995294881548,868.29141653456134,-0.0025787204068802305,-0.057869820256134186,0.85512501238089789,127.88920024871827,0.90000659223084745,1
2012-05-14,136395.55769629459,19948.995294881548,868.29141653456134,-0.0094586498989619461,-0.066781099785577447,0.85374160543189381,127.90865024566651,0.72207202999545261,1
2012-05-15,135726.96959582181,19948.995294881548,868.29141653456134,-0.0049018319347430284,-0.07135558199275438,0.85302113976104244,127.92870021820069,0.62949547397643857,1
2012-05-16,135284.1457430564,19948.995294881548,868.29141653456134,-0.0032626076754243005,-0.074385384398684695,0.85254003574986204,127.94895023345947,0.56736673259445591,1
2012-05-17,133573.61059255726,19948.995294881548,868.29141653456134,-0.012644017827099563,-0.086088872099371661,0.85065167283878818,127.97580024719238,0.33522963086992502,1
2012-05-18,132601.12844574274,19948.995294881548,868.29141653456134,-0.0072804960687998799,-0.092742598473284699,0.84955636857159778,127.99365028381348,0.20297972908990269,1
2012-05-21,134537.41459487367,19948.995294881548,868.29141653456134,0.01460233537848965,-0.079494521621574443,0.85172157979285501,128.05220027923585,0.45605671087540339,1
2012-05-22,134737.11791093543,19948.995294881548,868.29141653456134,0.0014843701037596801,-0.078128150809122499,0.85194135362114309,128.11280025482176,0.47653617137879362,1
2012-05-23,134797.90466964914,19948.995294881548,868.29141653456134,0.00045115080132474006,-0.077712247585641214,0.85200812027626993,128.21285026550294,0.47687407925512754,1
2012-05-24,135023.6556682809,19948.995294881548,868.29141653456134,0.0016747367044391837,-0.076167658434618146,0.85225555332399539,128.28810024261475,0.50027959388600529,1
2012-05-25,134650.29671872733,19948.995294881548,868.29141653456134,-0.0027651373213507524,-0.078722181720951356,0.85184588685643037,128.38715026855468,0.44163898134669849,1
2012-05-29,136039.55503573728,19948.995294881548,868.29141653456134,0.010317528819947519,-0.069216871279678904,0.85335886103390302,128.46900024414063,0.62432948358592699,1
2012-05-30,134355.06756780815,19948.995294881548,868.29141653456134,-0.012382335913158737,-0.080742140641794746,0.85152033595745524,128.5372002029419,0.38598510657740909,1
2012-05-31,134103.26888660638,19948.995294881548,868.29141653456134,-0.001874128648513218,-0.082464948131388938,0.85124154347236813,128.59145019531249,0.34543392381083421,1
2012-06-01,131229.22641772905,19948.995294881548,868.29141653456134,-0.021431561607253125,-0.10212915712232529,0.84798359451285754,128.63430023193359,-0.057084008792389625,1
2012-06-04,131177.1310525891,19948.995294881548,868.29141653456134,-0.00039697989969178504,-0.10248559379946709,0.84792322308921375,128.67645027160646,-0.069580949449288637,1
2012-06-05,132019.37478655367,19948.995294881548,868.29141653456134,0.006420659814757812,-0.096722959118409113,0.84889342699028303,128.74925029754638,0.039005155977733325,1
2012-06-06,134537.41459487367,19948.995294881548,868.29141653456134,0.019073259605956405,-0.079494521621574443,0.85172157979285501,128.84590030670165,0.38347641871341509,1
2012-06-07,134606.87949808547,19948.995294881548,868.29141653456134,0.0005163240532084501,-0.07901924250197756,0.85179809999855716,128.94250030517577,0.38510209316127514,1
2012-06-08,135518.5881352619,19948.995294881548,868.29141653456134,0.0067731206649761511,-0.072781328701322368,0.85279513630284909,129.02580032348632,0.50764649277286766,1
2012-06-11,134051.17352146638,19948.995294881548,868.29141653456134,-0.010828142721874379,-0.082821384808531184,0.85118373251923085,129.09245033264159,0.29006517238185403,1
2012-06-12,135362.28879076638,19948.995294881548,868.29141653456134,0.009780707134876776,-0.073850729382971547,0.85262516264247468,129.17565032958984,0.47143707348848246,1
2012-06-13,134624.24903615733,19948.995294881548,868.29141653456134,-0.0054523291620006686,-0.07890040005952248,0.85181722135717441,129.24615036010744,0.3572185002924434,1
2012-06-14,135839.8517196755,19948.995294881548,868.29141653456134,0.009029596764485337,-0.070583242092131071,0.85314327833595482,129.30670036315917,0.52761089750570633,1
2012-06-15,137018.98987344035,20546.379789457325,868.29141653456134,0.0086803551302321313,-0.062515574569501853,0.85004721018279805,129.36900035858153,0.60548951611695134,1
2012-06-18,137244.74087207214,20546.379789457325,868.29141653456134,0.0016475891322824676,-0.060970985418478563,0.85029386438487353,129.42990032196045,0.63143180581113001,1
2012-06-19,138373.52236338219,20546.379789457325,868.29141653456134,0.0082245883094507199,-0.053247858362916234,0.85151509162641281,129.50370029449462,0.78829391098008239,1
2012-06-20,138182.49719181855,20546.379789457325,868.29141653456134,-0.0013805037864251801,-0.054554853279252469,0.85130982427582125,129.59185028076172,0.75219091695587814,1
2012-06-21,135542.89711514671,20546.379789457325,868.29141653456134,-0.019102275109471045,-0.072615006572826379,0.84841419043889321,129.66910030364991,0.35618757750599483,1
2012-06-22,136428.55806975314,20546.379789457325,868.29141653456134,0.0065341745931108974,-0.06655531111074231,0.84939824857672108,129.7349503326416,0.48031980095914056,1
2012-06-25,134570.41496833219,20546.379789457325,868.29141653456134,-0.013619898412111975,-0.079268732946739417,0.84731874539963037,129.79635036468505,0.19739105585574759,1
2012-06-26,135143.47723394757,20546.379789457325,868.29141653456134,0.0042584565541410324,-0.075347838847953819,0.84796617483883896,129.87665035247804,0.2746779970861884,1
2012-06-27,136176.74613947578,20546.379789457325,868.29141653456134,0.0076457179190343449,-0.068278209250559718,0.84911976257375699,129.95915035247802,0.42228782954214139,1
2012-06-28,135846.79116148848,20546.379789457325,868.29141653456134,-0.0024229906158086401,-0.070535762406090052,0.84875329322256321,130.03440032958986,0.36466604720037465,1
2012-06-29,138720.84687944135,20546.379789457325,868.29141653456134,0.021156596290421881,-0.05087146276493093,0.85188686306598427,130.1180503463745,0.79436140677990752,1
2012-07-02,139076.83629092309,20546.379789457325,868.29141653456134,0.002566228649044433,-0.048435781921052468,0.85226598233455575,130.19345031738283,0.84011794023477326,1
2012-07-03,139858.30651524954,20546.379789457325,868.29141653456134,0.0056189818892036225,-0.04308895981325267,0.85309145876711268,130.27290035247802,0.95028109320655629,1
2012-07-05,139319.95682762671,20546.379789457325,868.29141653456134,-0.003849250724082931,-0.046772350327574319,0.85252378584298383,130.35530033111573,0.85897395907584395,1
2012-07-06,138191.18858539226,20546.379789457325,868.29141653456134,-0.0081019853001462749,-0.054495386732913431,0.85131917599246099,130.43190036773683,0.67758705100660077,1
2012-07-09,138043.58063447045,20546.379789457325,868.29141653456134,-0.0010681430012493554,-0.055505320868223573,0.85116019379515606,130.52535041809082,0.64720200899937896,1
2012-07-10,137018.98987344035,20546.379789457325,868.29141653456134,-0.0074222267802740438,-0.062515574569501853,0.85004721018279805,130.6317504119873,0.48019306937595108,1
2012-07-11,137036.35941151221,20546.379789457325,868.29141653456134,0.00012676737792260973,-0.062396732127046772,0.85006621689534423,130.73485042572023,0.47513250688191505,1
2012-07-12,136471.96204131941,20546.379789457325,868.29141653456134,-0.0041185957698858244,-0.066258340979939434,0.84944614643089456,130.82120040893554,0.37669897569834082,1
2012-07-13,138416.93958402402,20546.379789457325,868.29141653456134,0.014251847145831498,-0.052950797581890252,0.85156166686531209,130.91225040435791,0.68293895471724608,1
2012-07-16,138139.07997117669,20546.379789457325,868.29141653456134,-0.0020074104635051659,-0.054851914060278673,0.85126309083755003,131.01370037078857,0.63072480854738244,1
2012-07-17,138946.59787807314,20546.379789457325,868.29141653456134,0.0058456876002428437,-0.04932687361390764,0.8521275072349237,131.11525035858153,0.75669852120498515,1
2012-07-18,139823.56743910583,20546.379789457325,868.29141653456134,0.0063115583571340395,-0.04332664469816272,0.85305495943374909,131.23635032653809,0.89844543474539451,1
2012-07-19,140136.15287902131,20546.379789457325,868.29141653456134,0.0022355704810035348,-0.041187933985087355,0.85338273266860054,131.3753503036499,0.95229136409958426,1
2012-07-20,139042.11046385497,20546.379789457325,868.29141653456134,-0.0078069962153936023,-0.048673376155739412,0.85222908569991451,131.49600032806396,0.76000973319918186,1
2012-07-23,137843.8640693331,20546.379789457325,868.29141653456134,-0.0086178668500099809,-0.056871782330898735,0.85094454564098077,131.59935031890871,0.54232104291125804,1
2012-07-24,136836.64284637486,20546.379789457325,868.29141653456134,-0.0073069717666331968,-0.063763193589721934,0.84984738472044685,131.68655029296875,0.35336793048509363,1
2012-07-25,136862.70377802043,20546.379789457325,868.29141653456134,0.00019045287215080364,-0.063584884600927816,0.84987597627194478,131.77780033111571,0.34921868878629564,1
2012-07-26,138781.62038907947,20546.379789457325,868.29141653456134,0.01402074164902789,-0.050455650191672863,0.85195172291651611,131.86075031280518,0.69546114851116037,1
2012-07-27,140961.02707491402,20546.379789457325,868.29141653456134,0.015703856747921741,-0.035544141746484459,0.85424070598933766,131.95565029144288,1.092594309496542,1
2012-07-30,140961.02707491402,20546.379789457325,868.29141653456134,0,-0.035544141746484459,0.85424070598933766,132.04530025482177,1.0839068573845485,1
2012-07-31,140118.79659002501,20546.379789457325,868.29141653456134,-0.0059749173396800304,-0.04130668577731933,0.8533645714245307,132.13130027770995,0.91768586745087788,1
2012-08-01,140014.5926106695,20546.379789457325,868.29141653456134,-0.00074368308814698469,-0.042019649781826374,0.85325543997696396,132.20640026092531,0.88937397088061942,1
2012-08-02,139189.71841477675,20546.379789457325,868.29141653456134,-0.0058913444699755235,-0.047663442020429492,0.85238579383981239,132.28845024108887,0.72509583986724946,1
2012-08-03,141542.79398317868,20546.379789457325,868.29141653456134,0.016905527184054581,-0.031563690451136717,0.85483980348798894,132.37230026245118,1.1664042674401025,1
2012-08-06,141777.22312630861,20546.379789457325,868.29141653456134,0.0016562421620545109,-0.029959725403997495,0.85507982638965452,132.46475025177003,1.2024466602621506,1
2012-08-07,142385.03771714325,20546.379789457325,868.29141653456134,0.0042871102807051642,-0.025801055770078851,0.85569846299248109,132.55805027008057,1.3096659580412562,1
2012-08-08,142532.64566806506,20546.379789457325,868.29141653456134,0.0010366816154872005,-0.024791121634768709,0.85584790282145995,132.64065029144288,1.3255643606969312,1
2012-08-09,142636.83639834501,20546.379789457325,868.29141653456134,0.00073099555397715399,-0.02407824828048466,0.85595320039153844,132.71625030517578,1.3319950123296147,1
2012-08-10,142836.5397144068,20546.379789457325,868.29141653456134,0.0014000823427131603,-0.022711877468032493,0.85615459580203646,132.80520027160645,1.3586049083501264,1
2012-08-13,142775.76620476868,20546.379789457325,868.29141653456134,-0.00042547593045616505,-0.023127690041290561,0.85609336699345917,132.88755027770995,1.3338235849088924,1
2012-08-14,142793.12249376497,20546.379789457325,868.29141653456134,0.00012156326985768295,-0.023008938249058475,0.85611085862798142,132.94835021972656,1.3227973469780421,1
2012-08-15,142932.05230018863,20546.379789457325,868.29141653456134,0.00097294466286168557,-0.022058380009864265,0.85625071872398906,133.01010017395021,1.3351652252632811,1
2012-08-16,143835.08279286689,20546.379789457325,868.29141653456134,0.006317900555864675,-0.015879842105325337,0.85715321053455629,133.092550201416,1.4937734037607087,1
2012-08-17,144000.04703278499,20546.379789457325,868.29141653456134,0.0011468984945464111,-0.014751156177783109,0.85731685362033616,133.19345016479491,1.5132687020797606,1
2012-08-20,144008.7384263587,20546.379789457325,868.29141653456134,6.0356880103862309e-05,-0.014691689631444071,0.8573254650101384,133.28445018768309,1.5002072472723766,1
2012-08-21,143635.36622772954,20546.379789457325,868.29141653456134,-0.0025927051560145076,-0.017246303568000498,0.85695459043922606,133.36200016021729,1.4125874686161717,1
2012-08-22,143687.47484194508,20546.379789457325,868.29141653456134,0.00036278401054046228,-0.016889776240635479,0.85700646620689691,133.44370018005372,1.4081353140867245,1
2012-08-23,142680.25361898687,20546.379789457325,868.29141653456134,-0.0070098053018617934,-0.023781187499458456,0.8559970334484801,133.51570018768311,1.2010721519389977,1
2012-08-24,143418.29337359589,20546.379789457325,868.29141653456134,0.0051726832262288802,-0.018731516822907857,0.85673808196883738,133.5838501739502,1.3295825421835048,1
2012-08-27,143444.3410561659,20546.379789457325,868.29141653456134,0.00018162036346480726,-0.018553298484336733,0.85676409652568752,133.67575012207033,1.3235865457192995,1
2012-08-28,143322.78078781409,20546.379789457325,868.29141653456134,-0.00084743857761671038,-0.019385014281075752,0.8566426099429667,133.76115009307861,1.2883290508561853,1
2012-08-29,143418.29337359589,20546.379789457325,868.29141653456134,0.00066641594069549726,-0.018731516822907857,0.85673808196883738,133.83540004730224,1.2935754739740073,1
2012-08-30,142532.64566806506,20546.379789457325,868.29141653456134,-0.0061752771191034839,-0.024791121634768709,0.85584790282145995,133.91055007934571,1.1111188372161676,1
2012-08-31,143114.39932725416,20546.379789457325,868.29141653456134,0.0040815467674957251,-0.020810760989643962,0.85643387467619714,133.98595008850097,1.2123888732926857,1
2012-09-04,143001.51720340046,20546.379789457325,868.29141653456134,-0.00078875448161974671,-0.021583100890267271,0.85632054686361925,134.07070007324219,1.180312722299893,1
2012-09-05,142897.32647312051,20546.379789457325,868.29141653456134,-0.00072859877515674132,-0.022295974244551209,0.85621578586131086,134.16470008850098,1.152171428719529,1
2012-09-06,145380.64045437236,20546.379789457325,868.29141653456134,0.017378309605526221,-0.0053051309824035942,0.85867183054606366,134.2736500930786,1.6290564559551337,1
2012-09-07,145866.88152777962,20546.379789457325,868.29141653456134,0.0033446067639237853,-0.0019782677954471861,0.8591429420149469,134.39700008392333,1.7186239544952686,1
2012-09-10,145154.87620666501,20546.379789457325,868.29141653456134,-0.004881199307596229,-0.00684981078364999,0.85845201810372318,134.51860004425049,1.573610049852904,1
2012-09-11,145502.2007227242,20546.379789457325,868.29141653456134,0.0023927857274645969,-0.0044734151856643534,0.85878990360694629,134.65535007476808,1.6500410266574388,1
2012-09-12,145918.97689291963,20546.379789457325,868.29141653456134,0.002864397707562194,-0.0016218311183049394,0.85919323019558325,134.79560009002685,1.7448727325624382,1
2012-09-13,147829.21535948053,20546.379789457325,868.29141653456134,0.013091090050355136,0,0.86101272512680183,134.93000007629394,2.1368617263369232,1
2012-09-14,148393.61272967333,20546.379789457325,868.29141653456134,0.0038179014129267053,0,0.86154134661519166,135.06595008850098,2.2449822772932153,1
2012-09-17,147959.46702140608,20546.379789457325,868.29141653456134,-0.0029256360855512975,-0.0029256360855512975,0.86113507838951064,135.17470012664796,2.1268752312631709,1
2012-09-18,147855.26304205053,20546.379789457325,868.29141653456134,-0.00070427382210336287,-0.0036278494587466126,0.86103721053464377,135.28295009613038,2.0805897653073115,1
2012-09-19,147924.72794526236,20546.379789457325,868.29141653456134,0.00046981691272018899,-0.0031597369710590906,0.8611024669448083,135.39215007781982,2.0718625477920711,1
2012-09-20,147933.41933883607,20546.379789457325,868.29141653456134,5.8755515013775295e-05,-0.0031011671080182213,0.86111062746142175,135.49460010528566,2.0477427254744267,1
2012-09-21,147880.44349313003,21222.778802937748,868.29141653456134,-0.00035810600432817363,-0.0034581625657845727,0.85648691401223931,135.59265007019042,1.87327891825028,1
2012-09-24,147689.41832156637,21222.778802937748,868.29141653456134,-0.0012917541160373247,-0.0047454495860936863,0.85630129061291937,135.68725002288818,1.8128045268876549,1
2012-09-25,146343.57722519827,21222.778802937748,868.29141653456134,-0.0091126440313941126,-0.013814850024640779,0.85497977290606031,135.78800006866456,1.5211540358373388,1
2012-09-26,145640.2500485818,21222.778802937748,868.29141653456134,-0.0048059996205652711,-0.01855445548122947,0.8542794399497502,135.87420001983642,1.3617131837645349,1
2012-09-27,146812.44876053368,21222.778802937748,868.29141653456134,0.0080485903557625527,-0.010655202336909531,0.85544292066434846,135.97635002136229,1.5991334638002213,1
2012-09-28,146230.69510134458,21222.778802937748,868.29141653456134,-0.003962563557113552,-0.014575543977549121,0.85486782519751148,136.08095001220704,1.4694070349662951,1
2012-10-01,146560.65007933191,21222.778802937748,868.29141653456134,0.0022564002568590258,-0.012352031981865075,0.85519456421999995,136.19400005340577,1.5378968570583353,1
2012-10-02,146690.88849218187,21222.778802937748,868.29141653456134,0.0008886315172556003,-0.011474376869530678,0.85532312864770155,136.30560005187988,1.5632913905494101,1
2012-10-03,147203.1772481591,21222.778802937748,868.29141653456134,0.0034923011322856023,-0.0080221477165788313,0.8558266254867597,136.42310005187989,1.6752408323396395,1
2012-10-04,148106.20774083739,21222.778802937748,868.29141653456134,0.0061345856085424089,-0.0019367746599679991,0.85670567677977216,136.5523000717163,1.8812977262735753,1
2012-10-05,148114.88588533551,21222.778802937748,868.29141653456134,5.8594063209627123e-05,-0.001878294080255194,0.85671407248446618,136.66335006713868,1.8741203496480585,1
2012-10-08,147680.74017706825,21222.778802937748,868.29141653456134,-0.0029311416315261907,-0.0048039301658064915,0.85629284646398862,136.77070007324218,1.7675078123794246,1
2012-10-09,146430.39841740637,21222.778802937748,868.29141653456134,-0.0084665187766713723,-0.013229776377527314,0.85506575798256546,136.86535007476806,1.4732574914723495,1
2012-10-10,145631.57190408366,21222.778802937748,868.29141653456134,-0.0054553325126223129,-0.018612936060942498,0.85427075650247342,136.94980007171631,1.2805764483309998,1
2012-10-11,145701.03680729549,21222.778802937748,868.29141653456134,0.00047699068480544504,-0.018144823573254976,0.85434023485359922,137.03415008544923,1.2889264234936098,1
2012-10-12,145292.9387815982,21222.778802937748,868.29141653456134,-0.0028009273965362569,-0.020894928636339571,0.85393110648797965,137.1244500732422,1.1892020302469002,1
2012-10-15,146326.20768712641,21222.778802937748,868.29141653456134,0.0071116250672127457,-0.013931900467394676,0.85496255839339363,137.21425006866454,1.4274597706018031,1
2012-10-16,147593.90573578456,21222.778802937748,868.29141653456134,0.0086635064811406703,-0.00538909309624791,0.85620829872928672,137.31445003509521,1.7232435186929382,1
2012-10-17,148166.98125047551,21222.778802937748,868.29141653456134,0.003882785754832252,-0.0015272320353213464,0.85676445167590509,137.40795001983642,1.8458017288187996,1
2012-10-18,147837.03952156377,21222.778802937748,868.29141653456134,-0.0022268235886777621,-0.0037506547476774399,0.85644477952467279,137.49855007171629,1.7518625092819138,1
2012-10-19,145727.08448986546,21222.778802937748,868.29141653456134,-0.014272167776942957,-0.017969292550788163,0.85436627050331426,137.57530010223388,1.2317887075102125,1
2012-10-22,145744.45402793732,21222.778802937748,868.29141653456134,0.00011919224303880149,-0.017852242108034377,0.85438362684545366,137.65380012512207,1.2283196294071492,1
2012-10-23,144016.54933936635,21222.778802937748,868.29141653456134,-0.011855714854437926,-0.029496305870527095,0.85263652753596009,137.7208000946045,0.79661866347960164,1
2012-10-24,143669.23807238275,21222.778802937748,868.29141653456134,-0.0024116066422698035,-0.031836779025637085,0.85228028569174008,137.78025009155274,0.70288189343603824,1
2012-10-25,144025.2274838645,21222.778802937748,868.29141653456134,0.0024778401852620924,-0.029437825290813957,0.8526454068241941,137.84140007019042,0.78421826384310078,1
2012-10-26,143955.77582972823,21222.778802937748,868.29141653456134,-0.00048221867341990965,-0.029905848495173748,0.85257431540614115,137.90060012817383,0.7590581912096922,1
2012-10-31,143955.77582972823,21222.778802937748,868.29141653456134,0,-0.029905848495173748,0.85257431540614115,137.96315017700195,0.75178157719392447,1
2012-11-01,145240.8434164582,21222.778802937748,868.29141653456134,0.0089268220001812448,-0.021245990681273419,0.85387871411566829,138.03060020446776,1.0721588689622015,1
2012-11-02,144138.10960771816,21222.778802937748,868.29141653456134,-0.007592449773774046,-0.028677131337905837,0.85276080794526166,138.08455017089844,0.78038169626197829,1
2012-11-05,144389.92153799551,21222.778802937748,868.29141653456134,0.0017470184045196291,-0.026980212409622339,0.85301758892255453,138.13650016784669,0.83703287981369612,1
2012-11-06,145353.72554031189,21222.778802937748,868.29141653456134,0.0066750088375300276,-0.020485296728364966,0.85399219232910606,138.19155021667481,1.076958983502442,1
2012-11-07,142540.45658107271,21222.778802937748,868.29141653456134,-0.019354639509800209,-0.039443450704736427,0.85111048952711277,138.23210021972656,0.33782773786795878,1
2012-11-08,141081.72011177536,21222.778802937748,868.29141653456134,-0.010233841705618918,-0.049273634379519815,0.84957102319050615,138.2650001525879,-0.051393645833041388,1
2012-11-09,141185.92409113087,21222.778802937748,868.29141653456134,0.00073860723609664447,-0.048571421006324611,0.84968204911674383,138.29300018310548,-0.030507998816240833,1
2012-11-12,141281.43667691271,21222.778802937748,868.29141653456134,0.00067650218247106153,-0.047927777496170165,0.84978367079129624,138.32495018005372,-0.012673102639381878,1
2012-11-13,140864.64725764171,21222.778802937748,868.29141653456134,-0.0029500649842917337,-0.050736452422295519,0.84933921167515325,138.35480010986328,-0.13100839202991579,1
2012-11-14,139249.62469292441,21222.778802937748,868.29141653456134,-0.011465066616490605,-0.061619822231880006,0.84759184199067983,138.37760009765626,-0.57104208275988333,1
2012-11-15,139049.92137686262,21222.778802937748,868.29141653456134,-0.0014341389896179724,-0.062965589831901925,0.84737295359255671,138.39950004577636,-0.63350583818888873,1
2012-11-16,139631.67503605169,21222.778802937748,868.29141653456134,0.0041837755349201089,-0.059045248191262445,0.84800885044558694,138.4190000152588,-0.48292352600286209,1
2012-11-19,142028.16782509544,21222.778802937748,868.29141653456134,0.017162959539266387,-0.042895679857688607,0.85057345223890291,138.45125007629395,0.16070364458706324,1
2012-11-20,142080.26319023542,21222.778802937748,868.29141653456134,0.00036679600911360133,-0.04254461781275487,0.85062824120390357,138.47450012207031,0.16975797164292841,1
2012-11-21,142306.01418886721,21222.778802937748,868.29141653456134,0.0015888976664515386,-0.041023319190266139,0.85086520113780251,138.49950012207032,0.22600144280684178,1
2012-11-23,143955.77582972823,21222.778802937748,868.29141653456134,0.011593056345963415,-0.029905848495173748,0.85257431540614115,138.53230018615722,0.67052597159048244,1
2012-11-26,143695.28575495273,21222.778802937748,868.29141653456134,-0.0018095145767795806,-0.031661248003170384,0.85230706288354163,138.56160018920897,0.59258207055864331,1
2012-11-27,143070.1148751218,21222.778802937748,868.29141653456134,-0.0043506707721577831,-0.035874171109030684,0.85166169174140971,138.58645019531249,0.41563227620400417,1
2012-11-28,144051.28841551003,21222.778802937748,868.29141653456134,0.0068579908616459573,-0.029262204985019524,0.85267206537076223,138.62195022583009,0.67749257167478083,1
2012-11-29,144624.35068112542,21222.778802937748,868.29141653456134,0.0039781821594153666,-0.025400433207420692,0.85325584036860624,138.65575019836425,0.82681338230680435,1
2012-11-30,144650.39836369542,21222.778802937748,868.29141653456134,0.00018010578749239059,-0.025224902184953657,0.85328226508179272,138.69055015563964,0.82567264141087771,1
2012-12-03,144042.59702193632,21222.778802937748,868.29141653456134,-0.0042018642785268678,-0.029320774848060283,0.85266317574303585,138.72500015258788,0.65127948995367912,1
2012-12-04,143868.94138844454,21222.778802937748,868.29141653456134,-0.0012055852718716453,-0.030491011425615278,0.85248533423460393,138.7510001373291,0.59734386074450219,1
2012-12-05,144086.01424257818,21222.778802937748,868.29141653456134,0.0015088236004152655,-0.029028193382839462,0.85270757252534013,138.77645011901856,0.65083776373457536,1
2012-12-06,144502.79041277361,21222.778802937748,868.29141653456134,0.0028925511777553314,-0.026219607740041839,0.85313239459034196,138.80400009155272,0.75843864068010469,1
2012-12-07,144876.16261140277,21222.778802937748,868.29141653456134,0.002583840751881894,-0.023703514279137083,0.85351089909895661,138.83590011596681,0.85288770273004533,1
2012-12-10,144928.25797654275,21222.778802937748,868.29141653456134,0.00035958548460257589,-0.023352452234203458,0.8535635555188088,138.86510009765624,0.8592381133951168,1
2012-12-11,145770.50171050732,21222.778802937748,868.29141653456134,0.0058114528230988061,-0.017676711085567343,0.85440964698684307,138.89765014648438,1.0800815570521374,1
2012-12-12,145831.27522014544,21222.778802937748,868.29141653456134,0.00041691226225459843,-0.01726716846092069,0.85447032009491752,138.92940010070799,1.0864060957252546,1
2012-12-13,145067.18778296642,21222.778802937748,868.29141653456134,-0.0052395306564080313,-0.022416227258828303,0.85370379665256246,138.95475013732911,0.87025186441129621,1
2012-12-14,144606.99439212916,21222.778802937748,868.29141653456134,-0.0031722776037110823,-0.025517394366846524,0.85323822756879808,138.98015014648436,0.73811813829339656,1
2012-12-17,146057.0394678528,21222.778802937748,868.29141653456134,0.010027489208382034,-0.015745780555104116,0.8546952691889329,139.01035018920899,1.1227480569756607,1
2012-12-18,147446.29778486275,21222.778802937748,868.29141653456134,0.009511751861270179,-0.0063837986513360923,0.85606434938160558,139.05065017700196,1.4830008223501112,1
2012-12-19,146508.54146511634,21222.778802937748,868.29141653456134,-0.0063599855258127391,-0.012703183310126653,0.85514306134846829,139.08835014343262,1.2170429054935235,1
2012-12-20,147229.22493072911,21222.778802937748,868.29141653456134,0.0049190542640433765,-0.0078466166941119075,0.85585213253059644,139.14020011901854,1.3958612822119931,1
2012-12-21,146093.49816801283,22110.172630636069,868.29141653456134,-0.0077140035427791798,-0.015500091407913863,0.8486573810067265,139.17570007324218,0.84354922640236019,1
2012-12-24,145711.46107396111,22110.172630636069,868.29141653456134,-0.0026150177717858547,-0.018074576165203693,0.84826057972602953,139.20225013732909,0.7341258334180325,1
2012-12-26,145190.48092441013,22110.172630636069,868.29141653456134,-0.0035754232763236526,-0.021585375181196631,0.84771610032652767,139.22315010070801,0.58901746371437558,1
2012-12-27,145025.5034354165,22110.172630636069,868.29141653456134,-0.0011362830947542202,-0.022697131179038488,0.8475428658623323,139.24305007934569,0.53989183967968268,1
2012-12-28,143697.01862804467,22110.172630636069,868.29141653456134,-0.0091603530131060262,-0.031649570458159748,0.84613339342921523,139.24290008544921,0.18340982754092502,1
2012-12-31,145763.55643910108,22110.172630636069,868.29141653456134,0.014381215635416833,-0.017723514120270067,0.84831481084317861,139.25540008544922,0.73413456434531832,1
2013-01-02,148932.81480982201,22110.172630636069,868.29141653456134,0.021742460517180318,0,0.85154263914994555,139.28210006713869,1.5680252432024044,1
2013-01-03,148646.27705247654,22110.172630636069,868.29141653456134,-0.001923939715443912,-0.001923939715443912,0.85125646555661438,139.30925003051757,1.4774371179994332,1
2013-01-04,149201.98302909563,22110.172630636069,868.29141653456134,0.0037384453054476463,0,0.85181046403167182,139.33684997558595,1.6083081899537057,1
2013-01-07,148854.67176211203,22110.172630636069,868.29141653456134,-0.0023277925663753862,-0.0023277925663753862,0.85146470467537072,139.36449996948241,1.5021682280736117,1
2013-01-08,148489.99095705658,22110.172630636069,868.29141653456134,-0.0024499117208646171,-0.0047720014009479117,0.85109991260602647,139.39119995117187,1.393859583000139,1
2013-01-09,148811.2545414702,22110.172630636069,868.29141653456134,0.0021635369653065784,-0.0026187888370707846,0.85142136796868084,139.42479995727538,1.4620826138289056,1
2013-01-10,149818.47576442841,22110.172630636069,868.29141653456134,0.0067684478977194651,0,0.85242025379165076,139.46194999694825,1.70231853625129,1
2013-01-11,149809.79761993029,22110.172630636069,868.29141653456134,-5.7924394530339818e-05,-5.7924394530339818e-05,0.85241170482901307,139.48925003051758,1.6828622547497643,1
2013-01-14,149722.96317864661,22110.172630636069,868.29141653456134,-0.00057963125685533967,-0.00063752207659617532,0.85232610842563516,139.51825004577637,1.6435335118609891,1
2013-01-15,149809.79761993029,22110.172630636069,868.29141653456134,0.00057996742410226787,-5.7924394530339818e-05,0.85241170482901307,139.55125007629394,1.6471512579101135,1
2013-01-16,149792.42808185844,22110.172630636069,868.29141653456134,-0.00011594393923364255,-0.00017386161778154552,0.85239459087642711,139.58535011291505,1.6245093396701478,1
2013-01-17,150617.30227775115,22110.172630636069,868.29141653456134,0.0055067816608322939,0,0.85320297006871737,139.62130012512208,1.8087033646107864,1
2013-01-18,150903.84003509663,22110.172630636069,868.29141653456134,0.001902422583675456,0,0.85348170977296678,139.65375015258789,1.8576955182510717,1
2013-01-22,151598.47581813938,22110.172630636069,868.29141653456134,0.0046031683678904312,0,0.85415306775801703,139.69310020446778,2.0007304279366824,1
2013-01-23,151806.85727869932,22110.172630636069,868.29141653456134,0.0013745617126779131,0,0.85435326817915458,139.74065017700195,2.0204873837083541,1
2013-01-24,151841.59635484303,22110.172630636069,868.29141653456134,0.00022883733163614473,0,0.85438658996335781,139.78875022888184,1.9984299439103657,1
2013-01-25,152570.95796495391,22110.172630636069,868.29141653456134,0.0048034374481049635,0,0.85508269119136782,139.84890022277833,2.136070434320211,1
2013-01-28,152414.67186953395,22110.172630636069,868.29141653456134,-0.0010243502269668969,-0.0010243502269668969,0.85493409289650124,139.919750289917,2.0655048431155278,1
2013-01-29,152926.96062551122,22110.172630636069,868.29141653456134,0.0033611511916371573,0,0.85542004797453841,139.98805030822754,2.1482436341548277,1
2013-01-30,152414.67186953395,22110.172630636069,868.29141653456134,-0.0033498916991606675,-0.0033498916991606675,0.85493409289650124,140.04445037841796,1.9980711660124091,1
2013-01-31,152093.39503604479,22110.172630636069,868.29141653456134,-0.0021079127720995405,-0.0054507431917624194,0.85462766068575058,140.10725036621093,1.8960622336212631,1
2013-02-01,153430.57123699033,22110.172630636069,868.29141653456134,0.0087918097996868561,0,0.8558946078843408,140.17820037841796,2.1625707712499707,1
2013-02-04,151954.46522962113,22110.172630636069,868.29141653456134,-0.0096206772579188193,-0.0096206772579188193,0.85449474882343868,140.23050033569336,1.8052407890379518,1
2013-02-05,153265.5937479967,22110.172630636069,868.29141653456134,0.0086284303419073005,-0.0010752582595734417,0.85573949058005672,140.29270034790039,2.0640535839822691,1
2013-02-06,153361.1063337785,22110.172630636069,868.29141653456134,0.00062318347807965857,-0.00045274486467583586,0.85582933535628647,140.35990036010742,2.0514922309471713,1
2013-02-07,153187.45070028672,22110.172630636069,868.29141653456134,-0.0011323316428992758,-0.0015845638502387516,0.85566590128916675,140.42495040893556,1.9823334241885529,1
2013-02-08,153916.8123103976,22110.172630636069,868.29141653456134,0.0047612360332172088,0,0.85634985354265636,140.50000045776366,2.1049413546489224,1
2013-02-11,153890.76462782762,22110.172630636069,868.29141653456134,-0.00016923221173159586,-0.00016923221173159586,0.85632553919588517,140.57230049133301,2.0652436339816305,1
2013-02-12,154107.83748196127,22110.172630636069,868.29141653456134,0.0014105645303577052,0,0.85652791582891341,140.63645050048828,2.0769790452334087,1
2013-02-13,154220.70635673936,22110.172630636069,868.29141653456134,0.0007324019116894398,0,0.85663291815373099,140.69640045166017,2.0672370795695416,1
2013-02-14,154342.26662509117,22110.172630636069,868.29141653456134,0.00078822274403678172,0,0.85674583434527796,140.75590042114257,2.0594774207715929,1
2013-02-15,154185.98052967121,22110.172630636069,868.29141653456134,-0.0010125942739949156,-0.0010125942739949156,0.85660062896327172,140.81710044860839,1.9962450945174222,1
2013-02-19,155175.83221455759,22110.172630636069,868.29141653456134,0.0064198553038736783,0,0.85751535973678605,140.87965042114257,2.160899210434994,1
2013-02-20,153517.39242919846,22110.172630636069,868.29141653456134,-0.010687487617698443,-0.010687487617698443,0.85597610615466135,140.93475036621095,1.8027674088810988,1
2013-02-21,152718.56591587572,22110.172630636069,868.29141653456134,-0.0052034919345776975,-0.015835367296656577,0.85522275894853972,140.99060035705565,1.6231926614920642,1
2013-02-22,153994.95535810757,22110.172630636069,868.29141653456134,0.0083577882923215885,-0.0076099276517315184,0.85642274723077794,141.06505035400392,1.8495340748681977,1
2013-02-25,151485.59369428572,22110.172630636069,868.29141653456134,-0.016295090043608629,-0.023781013239029924,0.85404438738077759,141.12455032348632,1.341040558201555,1
2013-02-26,152371.25464889212,22110.172630636069,868.29141653456134,0.0058465028456353707,-0.018073546154968589,0.85489275728821446,141.19190032958986,1.4970547596807939,1
2013-02-27,154012.32489617943,22110.172630636069,868.29141653456134,0.010770208928638336,-0.0074979930945008322,0.85643893989951347,141.27275032043457,1.7930710672142003,1
2013-02-28,153751.83482140396,22110.172630636069,868.29141653456134,-0.0016913586295841387,-0.009176669928759984,0.85619571528158378,141.35070030212401,1.7198519290274665,1
2013-03-01,154185.98052967121,22110.172630636069,868.29141653456134,0.0028236782264845495,-0.0063789036653448816,0.85660062896327172,141.43320030212402,1.7796863767483464,1
2013-03-04,154889.29445721212,22110.172630636069,868.29141653456134,0.0045614648304912464,-0.0018465359795801772,0.85725176999405872,141.52725028991699,1.8890081069047384,1
2013-03-05,156078.84945816029,22110.172630636069,868.29141653456134,0.0076800336983702255,0,0.85833972567459815,141.6320002746582,2.0854139848795019,1
2013-03-06,156261.19648522581,22110.172630636069,868.29141653456134,0.0011683006871114898,0,0.85850503434020131,141.74035026550294,2.0900340848713559,1
2013-03-07,156504.31702192943,22110.172630636069,868.29141653456134,0.0015558599458604938,0,0.85872483870500516,141.85995025634764,2.1094153804921292,1
2013-03-08,157077.39253662038,22110.172630636069,868.29141653456134,0.0036617233670981353,0,0.85924026192705349,141.98845024108886,2.1912007793228412,1
2013-03-11,157589.68129259764,22110.172630636069,868.29141653456134,0.0032613780233068379,0,0.85969784030729779,142.10875022888183,2.2537169522287392,1
2013-03-12,157285.77399718031,22110.172630636069,868.29141653456134,-0.0019284720479449957,-0.0019284720479449957,0.85942674872151847,142.22615020751954,2.1662658150608194,1
2013-03-13,157476.79916874395,22110.172630636069,868.29141653456134,0.0012145101664888802,-0.00071630403036415657,0.85959726926539848,142.34430015563964,2.1707310852265449,1
2013-03-14,158197.48263435671,22110.172630636069,868.29141653456134,0.004576442176987161,0,0.86023688707019741,142.46530014038086,2.2686566957573482,1
2013-03-15,158018.6199021808,22712.766873711054,868.29141653456134,-0.0011306294461671529,-0.0011306294461671529,0.85626524970430018,142.58395011901857,2.0976037720401561,1
2013-03-18,157271.88875399806,22712.766873711054,868.29141653456134,-0.0047255896086485505,-0.0058508761640536644,0.85558279325278552,142.69030014038086,1.9358295811470716,1
2013-03-19,156959.30331408262,22712.766873711054,868.29141653456134,-0.001987548076086143,-0.0078267953424765446,0.85529518547708006,142.80455017089844,1.8587585820553729,1
2013-03-20,157897.05963382899,22712.766873711054,868.29141653456134,0.0059745188717477138,-0.0018990378072076819,0.85615459257833515,142.92565017700196,2.0054374233402839,1
2013-03-21,156742.23045994897,22712.766873711054,868.29141653456134,-0.0073138105076695492,-0.0091989591122083603,0.85509478328168453,143.05665016174316,1.7859215628837306,1
2013-03-22,157818.91658611901,22712.766873711054,868.29141653456134,0.0068691514916596752,-0.0023929966642559641,0.85608336842613486,143.19415016174315,1.9687544621158002,1
2013-03-25,157254.51921592621,22712.766873711054,868.29141653456134,-0.0035762339673952592,-0.0059606727156966688,0.85556684165925845,143.32355010986328,1.8526208915725497,1
2013-03-26,158331.20534209628,22712.766873711054,868.29141653456134,0.0068467738258870536,0,0.85654901808751471,143.44465011596679,2.0265815113222811,1
2013-03-27,158331.20534209628,22712.766873711054,868.29141653456134,0,0,0.85654901808751471,143.56535011291504,2.0036327288764042,1
2013-03-28,158747.98151229171,22712.766873711054,868.29141653456134,0.0026323059266486482,0,0.85692563359016682,143.68320007324218,2.053437723961594,1
2013-04-01,158209.64507374447,22712.766873711054,868.29141653456134,-0.0033911387938218018,-0.0033911387938218018,0.85643879762751374,143.80640007019042,1.9360139410097188,1
2013-04-02,158878.23317421722,22712.766873711054,868.29141653456134,0.0042259629630110318,0,0.8570429289152186,143.92590011596678,2.0327865613362941,1
2013-04-03,157497.63975262985,22712.766873711054,868.29141653456134,-0.0086896322674578919,-0.0086896322674578919,0.85578979526687293,144.04170005798341,1.7655583403361623,1
2013-04-04,158044.6675847508,22712.766873711054,868.29141653456134,0.0034732446338885392,-0.0052465688522126408,0.85628893893853508,144.15365005493163,1.8443947315115605,1
2013-04-05,157436.86624299173,22712.766873711054,868.29141653456134,-0.0038457567157913486,-0.0090721485406057845,0.85573412749047206,144.25875007629395,1.7155623991669062,1
2013-04-08,158348.57488016813,22712.766873711054,868.29141653456134,0.0057909475647797137,-0.0033337373123245584,0.85656475348199901,144.36780014038087,1.8586713046385821,1
2013-04-09,158817.44641550354,22712.766873711054,868.29141653456134,0.0029610088735578799,-0.00038259966453069172,0.85698821265335579,144.47305015563964,1.9179527527457245,1
2013-04-10,160484.56434536082,22712.766873711054,868.29141653456134,0.010497070488689975,0,0.85847382291026164,144.58900016784668,2.184120658628073,1
2013-04-11,160936.07959169996,22712.766873711054,868.29141653456134,0.0028134496808520648,0,0.85887088258062405,144.72275016784667,2.2357092788894106,1
2013-04-12,160597.44646921451,22712.766873711054,868.29141653456134,-0.0021041467105733513,-0.0021041467105733513,0.85857330005514787,144.84945014953612,2.1471473477667384,1
2013-04-15,157402.12716684802,22712.766873711054,868.29141653456134,-0.019896451485478694,-0.021958733143106812,0.85570228762134026,144.96845008850099,1.5699296276296992,1
2013-04-16,159390.52193019449,22712.766873711054,868.29141653456134,0.012632578727724164,-0.0096035498405739883,0.85750239977469822,145.09560012817383,1.9063690560367035,1
2013-04-17,157393.44902234987,22712.766873711054,868.29141653456134,-0.012529433266547985,-0.022012656070272474,0.85569433153163932,145.20530014038087,1.5374171535046994,1
2013-04-18,156551.2052883853,22712.766873711054,868.29141653456134,-0.0053511994253646611,-0.027246061383123243,0.85491796864884229,145.31205017089843,1.3766484214811201,1
2013-04-19,157714.7126067635,22712.766873711054,868.29141653456134,0.0074321198373075159,-0.020016437539109755,0.85598828100240898,145.40895011901856,1.5689123512718521,1
2013-04-22,158313.83580402442,22712.766873711054,868.29141653456134,0.0037987781061030734,-0.016293697437692378,0.85653327924018574,145.50725013732909,1.6576066593496352,1
2013-04-23,159711.78551460808,22712.766873711054,868.29141653456134,0.0088302434432463439,-0.0076073313094114914,0.85778903666671724,145.60910011291503,1.8826452733617765,1
2013-04-24,159798.61995589177,22712.766873711054,868.29141653456134,0.00054369463721104516,-0.0070677727374368615,0.85786631398956814,145.71455017089843,1.8739088683041127,1
2013-04-25,160354.32593251087,22712.766873711054,868.29141653456134,0.0034775392726951182,-0.0036148119220067443,0.85835887655896304,145.82970016479493,1.9482028471747062,1
2013-04-26,160111.20539580725,22712.766873711054,868.29141653456134,-0.0015161457933223765,-0.0051254771334398042,0.85814380188092809,145.94430015563964,1.8830880385200535,1
2013-04-29,161031.5921774818,22712.766873711054,868.29141653456134,0.0057484220382906237,0,0.85895459042174749,146.07010017395021,2.0219123988287748,1
2013-04-30,161361.53390639354,22712.766873711054,868.29141653456134,0.0020489254589750594,0,0.85924299104093282,146.19770011901855,2.0556744103285722,1
2013-05-01,160145.93122287537,22712.766873711054,868.29141653456134,-0.0075334105600616263,-0.0075334105600616263,0.85817456178701379,146.32155014038085,1.8252478666055396,1
2013-05-02,161422.32066510723,22712.766873711054,868.29141653456134,0.0079701646647238888,0,0.85929599586892447,146.44155014038085,2.0235752033509184,1
2013-05-03,162828.94852018903,22712.766873711054,868.29141653456134,0.0087139612990700943,0,0.86051149331781807,146.57125015258788,2.2375082696548603,1
2013-05-06,163184.95118074634,22712.766873711054,868.29141653456134,0.0021863597584625971,0,0.86081580005159908,146.69835014343261,2.2643171353170617,1
2013-05-07,163896.95650186096,22712.766873711054,868.29141653456134,0.0043631800356760397,0,0.86142044758803582,146.82450019836426,2.3470742767098374,1
2013-05-08,164539.48367068818,22712.766873711054,868.29141653456134,0.0039203117772350637,0,0.86196160114876297,146.95255020141602,2.4133029704172557,1
2013-05-09,164140.07703856457,22712.766873711054,868.29141653456134,-0.002427421207440883,-0.002427421207440883,0.86162570845891151,147.08460021972655,2.3086194290571846,1
2013-05-10,164600.27042940186,22712.766873711054,868.29141653456134,0.0028036625737002385,0,0.86201257862785408,147.22620025634765,2.3505409963862309,1
2013-05-13,164713.13930417996,22712.766873711054,868.29141653456134,0.00068571500206915381,0,0.86210713383486182,147.37425025939942,2.3374673236740726,1
2013-05-14,166180.55391797546,22712.766873711054,868.29141653456134,0.0089089104851896028,0,0.86332476130196456,147.53060020446776,2.5414859140420143,1
2013-05-15,166953.33274872819,22712.766873711054,868.29141653456134,0.0046502362191798152,0,0.86395739156705109,147.68035018920898,2.6193085754098222,1
2013-05-16,166276.06650375729,22712.766873711054,868.29141653456134,-0.0040566200974868627,-0.0040566200974868627,0.86340327052902821,147.81365020751954,2.4615128018590164,1
2013-05-17,167665.33806984281,22712.766873711054,868.29141653456134,0.0083552106764213097,0,0.86453510823895041,147.95495025634764,2.6305137127499147,1
2013-05-20,167656.6466762691,22712.766873711054,868.29141653456134,-5.1837748181959853e-05,-5.1837748181959853e-05,0.86452808567997008,148.10105018615724,2.5780329173704999,1
2013-05-21,167865.04138590459,22712.766873711054,868.29141653456134,0.0012429850755508731,0,0.86469626620174767,148.24895019531249,2.5609578832570734,1
2013-05-22,166788.35525973453,22712.766873711054,868.29141653456134,-0.0064139985150027945,-0.0064139985150027945,0.86382282600999849,148.39540016174317,2.3546583426005081,1
2013-05-23,166371.5790895391,22712.766873711054,868.29141653456134,-0.0024988325446725357,-0.0088968035514445098,0.86348168961305993,148.52590011596681,2.2518968817206719,1
2013-05-24,166250.01882118729,22712.766873711054,868.29141653456134,-0.00073065525384230501,-0.009620958309029537,0.86338186885777068,148.65435012817383,2.1969026929085755,1
2013-05-28,167109.63209322371,22712.766873711054,868.29141653456134,0.0051706055622224856,-0.0045000989273535907,0.86408463360723264,148.78425010681153,2.2867486389828011,1
2013-05-29,166171.87577347731,22712.766873711054,868.29141653456134,-0.0056116233875930233,-0.010086469454559488,0.86331762358708219,148.90790008544923,2.1118392546613589,1
2013-05-30,166701.53406752643,22712.766873711054,868.29141653456134,0.0031874123800055276,-0.0069312068121639703,0.86375190245993361,149.03400009155274,2.1552180685478213,1
2013-05-31,164634.99625646998,22712.766873711054,868.29141653456134,-0.012396633436014715,-0.019241916618059074,0.86204168378435841,149.14705009460448,1.8249691888648281,1
2013-06-03,165416.46648079643,22712.766873711054,868.29141653456134,0.0047466835247413908,-0.014586568381913079,0.86269343459619952,149.26495010375976,1.9124887239232533,1
2013-06-04,164730.50884225182,22712.766873711054,868.29141653456134,-0.0041468522036423039,-0.018672932242317253,0.86212167355434377,149.37880012512207,1.7885832007026965,1
2013-06-05,162742.12732798091,22712.766873711054,868.29141653456134,-0.012070511578246901,-0.030518051975733429,0.86043707768464228,149.48040016174318,1.4829250341916704,1
2013-06-06,164009.82537663906,22712.766873711054,868.29141653456134,0.0077896121273093311,-0.022966163636196191,0.86151581576559511,149.58410011291505,1.6459043351351315,1
2013-06-07,165807.19496842189,22712.766873711054,868.29141653456134,0.0109589141239268,-0.012258933727314458,0.86301700069145537,149.69720016479494,1.8781406495414654,1
2013-06-10,165807.19496842189,22712.766873711054,868.29141653456134,0,-0.012258933727314458,0.86301700069145537,149.81025016784668,1.8520078056198208,1
2013-06-11,164331.10221012824,22712.766873711054,868.29141653456134,-0.0089024650502939062,-0.021052264048547098,0.86178656037571932,149.91695022583008,1.6220214328536422,1
2013-06-12,163158.90349817634,22712.766873711054,868.29141653456134,-0.0071331518877846278,-0.028035246939291714,0.86079357983694149,150.01660018920899,1.4397145821004935,1
2013-06-13,165294.90621244462,22712.766873711054,868.29141653456134,0.013091548597543579,-0.015310723139498106,0.86259245735909396,150.13435020446778,1.719935189213877,1
2013-06-14,164400.55386426448,22712.766873711054,868.29141653456134,-0.0054106467565956384,-0.020638528981597792,0.86184494918147536,150.24270019531249,1.575349695653145,1
2013-06-17,165494.60952850641,22712.766873711054,868.29141653456134,0.0066548173867175819,-0.014121057236383128,0.86275826784679177,150.35720024108886,1.7070578098256346,1
2013-06-18,166623.39101981645,22712.766873711054,868.29141653456134,0.0068206541259920872,-0.0073967179576938102,0.86368800481914432,150.47890029907228,1.8395476729732028,1
2013-06-19,164634.99625646998,22712.766873711054,868.29141653456134,-0.011933467151139632,-0.019241916618059074,0.86204168378435841,150.58860031127929,1.5455040040807513,1
2013-06-20,161118.41336968989,22712.766873711054,868.29141653456134,-0.021359874672708834,-0.0401907863633435,0.8590305949600181,150.68315025329591,1.0484586143752845,1
2013-06-21,161560.38535989248,23441.263372183552,868.29141653456134,0.0027431500904149253,-0.037557885632174992,0.85490710906658396,150.77270027160645,0.99879032866187933,1
2013-06-24,159815.11113324965,23441.263372183552,868.29141653456134,-0.010802612427266989,-0.04795477477736998,0.85332261007134158,150.85285026550292,0.74872561866531706,1
2013-06-25,161126.23965162522,23441.263372183552,868.29141653456134,0.0082040334551491956,-0.040144163898828467,0.85451616432639121,150.94115028381347,0.92158764116008263,1
2013-06-26,162489.45028606517,23441.263372183552,868.29141653456134,0.0084605129331347673,-0.032023291183549629,0.85573670579280781,151.02300025939942,1.1000817498497411,1
2013-06-27,163305.64633745977,23441.263372183552,868.29141653456134,0.0050230710360437136,-0.027161075413928759,0.85645772881763194,151.1067502593994,1.2010000001929186,1
2013-06-28,162732.57082276882,23441.263372183552,868.29141653456134,-0.0035092204558972995,-0.030574981668379353,0.85595223344862348,151.19130027770996,1.1102290870125771,1
2013-07-01,163548.76687416338,23441.263372183552,868.29141653456134,0.0050155666273070665,-0.025712765898758705,0.85667110905079724,151.27855026245118,1.2106782649051333,1
2013-07-02,163418.52846131343,23441.263372183552,868.29141653456134,-0.00079632769686466265,-0.026488617807975179,0.85655688132246965,151.36265029907227,1.1804498171510607,1
2013-07-03,163479.30197095155,23441.263372183552,868.29141653456134,0.00037188873385618493,-0.026126579892657209,0.85661020637127017,151.43610031127929,1.1768898088127595,1
2013-07-05,164990.1338053889,23441.263372183552,868.29141653456134,0.009241731621204341,-0.017126303111000718,0.85792324164162892,151.51500030517579,1.3698496931063755,1
2013-07-08,165797.63846320976,23441.263372183552,868.29141653456134,0.0048942602760315701,-0.012315863419960604,0.85861521557567222,151.60105026245117,1.4635883820989257,1
2013-07-09,166822.22922423985,23441.263372183552,868.29141653456134,0.0061797669166285818,-0.0062122056686443328,0.85948357433424438,151.69360031127928,1.5837921944521651,1
2013-07-10,166874.32458937983,23441.263372183552,868.29141653456134,0.00031228071571898219,-0.0059018649049578098,0.85952744120544367,151.78605033874513,1.5715011219088815,1
2013-07-11,168827.98027658259,23441.263372183552,868.29141653456134,0.011707347382588829,0,0.86115297159996307,151.88970031738282,1.8096896891929917,1
2013-07-12,168888.75378622071,23441.263372183552,868.29141653456134,0.00035997297094092495,0,0.86120293479188392,151.99790031433105,1.7928170266747923,1
2013-07-15,169444.4597628398,23441.263372183552,868.29141653456134,0.0032903669673736147,0,0.86165813031011618,152.11040031433106,1.8404293650313617,1
2013-07-16,168897.44517979442,23441.263372183552,868.29141653456134,-0.0032282824933373977,-0.0032282824933373977,0.86121007723219323,152.22750030517579,1.7449382265687194,1
2013-07-17,169270.80412934802,23441.263372183552,868.29141653456134,0.0022105659985334203,-0.0010248528263174794,0.8615162048012075,152.35080032348634,1.770491268485223,1
2013-07-18,170069.63064267073,23441.263372183552,868.29141653456134,0.0047192220621359304,0,0.86216667088884658,152.47195030212401,1.8486699034850322,1
2013-07-19,170330.1207174462,23441.263372183552,868.29141653456134,0.0015316671988474528,0,0.86237746281487515,152.59795028686523,1.8563297877162439,1
2013-07-22,170616.65847479168,23441.263372183552,868.29141653456134,0.0016822494819974665,0,0.86260858944411367,152.72370025634766,1.8666916373216589,1
2013-07-23,170304.07303487623,23441.263372183552,868.29141653456134,-0.0018320921456894679,-0.0018320921456894679,0.86235641371076865,152.8469002532959,1.8018708758050879,1
2013-07-24,169765.73659632899,23441.263372183552,868.29141653456134,-0.0031610309075637,-0.0049873317533551953,0.86191993836823233,152.96405029296875,1.7108171024383811,1
2013-07-25,170121.72600781071,23441.263372183552,868.29141653456134,0.0020969449938428308,-0.0029008449198651975,0.86220887877009134,153.07805023193359,1.7326306005641845,1
2013-07-26,170278.02535230623,23441.263372183552,868.29141653456134,0.00091875005129171683,-0.0019847600199923709,0.86233535816683671,153.19290023803711,1.7291336164809887,1
2013-07-29,169826.51010596711,23441.263372183552,868.29141653456134,-0.0026516354380133889,-0.0046311325980007423,0.86196935120696505,153.30765022277831,1.6515568288224434,1
2013-07-30,169826.51010596711,23441.263372183552,868.29141653456134,0,-0.0046311325980007423,0.86196935120696505,153.42960021972655,1.6313611200301639,1
2013-07-31,169930.71408532263,23441.263372183552,868.29141653456134,0.00061359077149081287,-0.0040203834467336108,0.86205399360345403,153.55675025939942,1.6246196442566641,1
2013-08-01,171623.87969774992,23441.263372183552,868.29141653456134,0.0099638586322725597,0,0.86341490814992417,153.6932502746582,1.8094644902811261,1
2013-08-02,171875.67837895168,23441.263372183552,868.29141653456134,0.001467154114248137,0,0.8636150059550588,153.83355026245118,1.8163029784926046,1
2013-08-05,171658.60552481806,23441.263372183552,868.29141653456134,-0.0012629643483065278,-0.0012629643483065278,0.86344253875000487,153.96665023803712,1.7664352817993609,1
2013-08-06,170816.36179085349,23441.263372183552,868.29141653456134,-0.0049065045786055306,-0.006163272186554547,0.86276921527643302,154.08760025024415,1.6432986492646533,1
2013-08-07,170338.79886194435,23441.263372183552,868.29141653456134,-0.0027957680628619697,-0.0089418091698746371,0.86238447418440389,154.20250022888183,1.56642208712683,1
2013-08-08,170877.14854956718,23441.263372183552,868.29141653456134,0.0031604642701463792,-0.0058096051681200134,0.8628180328899635,154.32240020751954,1.6112471766967478,1
2013-08-09,170451.68098579804,23441.263372183552,868.29141653456134,-0.0024899032280242261,-0.0082850430414825871,0.86247561046853705,154.45200019836426,1.5424986561087162,1
2013-08-12,170278.02535230623,23441.263372183552,868.29141653456134,-0.00101879683724726,-0.0092953991030827465,0.86233535816683671,154.58050018310547,1.5047657716034939,1
2013-08-13,170712.17106057351,23441.263372183552,868.29141653456134,0.0025496285111894501,-0.0067694704064693578,0.86268545923497209,154.72145019531251,1.5399409886548352,1
2013-08-14,169956.76176789263,23441.263372183552,868.29141653456134,-0.0044250464860694505,-0.011164561671304196,0.8620751352970768,154.86005020141602,1.4354308056561684,1
2013-08-15,167907.59349490804,23441.263372183552,868.29141653456134,-0.012056997624978916,-0.023086948202728275,0.86039188053222604,154.98480026245116,1.1800670098317467,1
2013-08-16,167430.03056599892,23441.263372183552,868.29141653456134,-0.0028442009022278114,-0.025865485186048143,0.85999367441467867,155.10720024108886,1.1125625423019965,1
2013-08-19,166509.64378432438,23441.263372183552,868.29141653456134,-0.005497142768015828,-0.031220441689232326,0.85921978547653133,155.2243002319336,0.99307046938961274,1
2013-08-20,167212.95771186528,23441.263372183552,868.29141653456134,0.0042238630241253627,-0.027128449534354893,0.85981192072102097,155.33805023193361,1.0669178351325903,1
2013-08-21,166327.29675725885,23441.263372183552,868.29141653456134,-0.005296604801002136,-0.032281365659309502,0.85906544608613367,155.45305023193359,0.95146012892331699,1
2013-08-22,167629.73388206071,23441.263372183552,868.29141653456134,0.0078305675027152688,-0.024703579569469447,0.86016046897338561,155.57410018920899,1.0977907762353056,1
2013-08-23,168115.97495546797,23441.263372183552,868.29141653456134,0.0029006851120421118,-0.021874551762898653,0.86056492621600733,155.69240013122558,1.1452859443625267,1
2013-08-26,167577.63851692074,23441.263372183552,868.29141653456134,-0.0032021730159185191,-0.025006678679426741,0.86011699663725349,155.82380012512206,1.0710241469804338,1
2013-08-27,165259.30202466252,23441.263372183552,868.29141653456134,-0.013834402446386784,-0.038495128669114864,0.85815465099395571,155.95025016784669,0.78242578125727047,1
2013-08-28,165762.91263614164,23441.263372183552,868.29141653456134,0.0030473964570174594,-0.035565042130816238,0.85858559674540491,156.07900016784669,0.83631810738469115,1
2013-08-29,165988.6636347734,23441.263372183552,868.29141653456134,0.001361890878011307,-0.034251586959258895,0.85877792580003176,156.20850013732911,0.85650598448237714,1
2013-08-30,165537.14838843429,23441.263372183552,868.29141653456134,-0.0027201571267094771,-0.036878574387600005,0.85839273178018971,156.33780014038086,0.7932730273353874,1
2013-09-03,166179.68880633707,23441.263372183552,868.29141653456134,0.0038815481851546263,-0.033140172165930792,0.85894026195041451,156.48010017395021,0.86724004292975421,1
2013-09-04,167360.56566278709,23441.263372183552,868.29141653456134,0.0071060239968687711,-0.026269643027733491,0.85993556319942732,156.630350189209,1.0105750850552031,1
2013-09-05,167542.91268985259,23441.263372183552,868.29141653456134,0.0010895459533335483,-0.025208719057656315,0.86008800374876559,156.77830024719239,1.027848182270735,1
2013-09-06,167612.36434398885,23441.263372183552,868.29141653456134,0.00041453054039264359,-0.02480463830119739,0.8601459775122835,156.912850189209,1.0291602535096849,1
2013-09-09,168992.95776557626,23441.263372183552,868.29141653456134,0.0082368232617613391,-0.016772126461194747,0.86128851946185347,157.05505020141601,1.2001933441011776,1
2013-09-10,170069.63064267073,23441.263372183552,868.29141653456134,0.0063711109109529929,-0.010507872628138681,0.86216667088884658,157.20215019226075,1.3317417953242603,1
2013-09-11,170529.82403350802,23441.263372183552,868.29141653456134,0.0027059116263044025,-0.0078303943765465345,0.86253862921023428,157.34240013122559,1.3810225058675878,1
2013-09-12,170139.09554588256,23441.263372183552,868.29141653456134,-0.0022912618941580698,-0.010103714786453333,0.86222294589627713,157.481900100708,1.3193410184599332,1
2013-09-13,170469.0505238699,23441.263372183552,868.29141653456134,0.0019393248619823389,-0.0081839843097546439,0.86248962318880762,157.62690010070801,1.3534721389054041,1
2013-09-16,171319.97240233258,23441.263372183552,868.29141653456134,0.0049916502488147607,-0.0032331856482560317,0.863172617626079,157.77115005493164,1.4552288328003988,1
2013-09-17,171979.88235830722,23441.263372183552,868.29141653456134,0.0038519149094005112,0,0.86369764270831728,157.91590011596679,1.5303642265834565,1
2013-09-18,173699.09565330451,23441.263372183552,868.29141653456134,0.0099965953658198714,0,0.86504671608094474,158.07040016174315,1.7441791123112036,1
2013-09-19,173447.28372302715,23441.263372183552,868.29141653456134,-0.0014497020225134882,-0.0014497020225134882,0.86485078999786358,158.22695014953612,1.6959441320549611,1
2013-09-20,172403.60326994586,24168.891579239513,868.29141653456134,-0.0060172775882032514,-0.0074582563512269884,0.85981214359309888,158.37430015563965,1.4474317476795022,1
2013-09-23,171717.64563140125,24168.891579239513,868.29141653456134,-0.0039787894541307711,-0.011407370973641417,0.85925213748202089,158.51645011901854,1.3453404799944304,1
2013-09-24,171370.33436441765,24168.891579239513,868.29141653456134,-0.0020225717963144874,-0.013406870543154481,0.85896688788711495,158.65420013427735,1.2889565499688509,1
2013-09-25,170944.86680064851,24168.891579239513,868.29141653456134,-0.0024827375481708547,-0.015856322350424445,0.85861586819436553,158.78735008239747,1.2219683619406856,1
2013-09-26,171509.26417084131,24168.891579239513,868.29141653456134,0.0033016339171563214,-0.012607040204941522,0.85908113071277159,158.92345008850097,1.2901603498977261,1
2013-09-27,170831.99792587041,24168.891579239513,868.29141653456134,-0.0039488610031950255,-0.016506117758705474,0.85852245555468365,159.05080009460448,1.1875550611787205,1
2013-09-30,170050.52770154396,24168.891579239513,868.29141653456134,-0.0045744956086362087,-0.021005106204138868,0.85787229298306922,159.17330009460449,1.0707908397868031,1
2013-10-01,171205.35687542398,24168.891579239513,868.29141653456134,0.0067910943264277712,-0.014356659535279981,0.85883098507936417,159.30685005187988,1.2236070323626089,1
2013-10-02,171066.42706900032,24168.891579239513,868.29141653456134,-0.0008114804872885184,-0.01515648987349294,0.8587163361429716,159.44224998474121,1.19661430040172,1
2013-10-03,169711.89457905851,24168.891579239513,868.29141653456134,-0.0079181667212553375,-0.022954644981020955,0.85758869972439855,159.56149993896486,0.99712041334425916,1
2013-10-04,170814.62838779856,24168.891579239513,868.29141653456134,0.0064976813291441893,-0.016606115619987039,0.85850806920137335,159.67909996032714,1.144858396370064,1
2013-10-07,169546.91709006485,24168.891579239513,868.29141653456134,-0.0074215616642365756,-0.023904433973146455,0.85745012652515062,159.79479995727539,0.95565334172234895,1
2013-10-08,167853.75147763756,24168.891579239513,868.29141653456134,-0.0099864134452404274,-0.033652127857556557,0.85601220487193319,159.89659996032714,0.70396370791508467,1
2013-10-09,167957.95545699311,24168.891579239513,868.29141653456134,0.00062080220691052013,-0.033052216965887116,0.85610153735511418,160.01065002441408,0.71218998389973842,1
2013-10-10,171057.74892450217,24168.891579239513,868.29141653456134,0.018455770428229545,-0.015206450666124027,0.85870916850480328,160.14474998474122,1.1609530863188329,1
2013-10-11,172004.18338874672,24168.891579239513,868.29141653456134,0.0055328359585877784,-0.009757749504584412,0.85948660606343863,160.28729995727539,1.2957617732904845,1
2013-10-14,172594.62844150953,24168.891579239513,868.29141653456134,0.0034327365830884027,-0.0063585087051889477,0.85996730143064626,160.43419998168946,1.3791613375718199,1
2013-10-15,171517.94231533946,24168.891579239513,868.29141653456134,-0.0062382365887763136,-0.012557079412310435,0.85908826066252308,160.58254997253417,1.2145549194593557,1
2013-10-16,173575.80198189776,24168.891579239513,868.29141653456134,0.011997926507157475,-0.00070981182108653673,0.86075886556030379,160.73084999084472,1.52428163476655,1
2013-10-17,174574.33181128226,24168.891579239513,868.29141653456134,0.0057527018051088952,0,0.86155529665514352,160.86665000915528,1.6653582827919422,1
2013-10-18,175590.23117873864,24168.891579239513,868.29141653456134,0.0058192940331833753,0,0.8623562858993149,161.00995002746583,1.8079078019933665,1
2013-10-21,175598.90932323679,24168.891579239513,868.29141653456134,4.9422706718260656e-05,0,0.86236308828803598,161.15010002136231,1.7935136961299063,1
2013-10-22,176475.89213334504,24168.891579239513,868.29141653456134,0.0049942383667880286,0,0.86304706389597108,161.29730003356934,1.9130598315214251,1
2013-10-23,175746.53052323416,24168.891579239513,868.29141653456134,-0.0041329249071582197,-0.0041329249071582197,0.86247869868449933,161.44240005493165,1.785771794888352,1
2013-10-24,176250.12788563769,24168.891579239513,868.29141653456134,0.0028654754145314154,-0.0012792922873383628,0.86287163663834709,161.58855003356933,1.8496986512869087,1
2013-10-25,176944.76366868048,24168.891579239513,868.29141653456134,0.0039411930724584376,0,0.86340996434065453,161.73290000915529,1.9398850354723394,1
2013-10-28,177187.88420538409,24168.891579239513,868.29141653456134,0.0013739911352157463,0,0.86359738033090017,161.87869995117188,1.9590247811635793,1
2013-10-29,178004.08025677869,24168.891579239513,868.29141653456134,0.0046063874799053828,0,0.86422282262083638,162.02969993591307,2.0660545656837486,1
2013-10-30,177239.97957052407,24168.891579239513,868.29141653456134,-0.0042926020861565606,-0.0042926020861565606,0.8636374725510354,162.17579986572267,1.9282506820600203,1
2013-10-31,176805.83386225681,24168.891579239513,868.29141653456134,-0.0024494795661749169,-0.0067315670112356729,0.86330263514908312,162.31949981689453,1.844408604127977,1
2013-11-01,177170.52791638783,24168.891579239513,868.29141653456134,0.0020626811127462119,-0.0046827709746227741,0.86358401781900462,162.46054985046388,1.8840253890662064,1
2013-11-04,177708.86435493507,24168.891579239513,868.29141653456134,0.0030385213888468598,-0.0016584782855413316,0.8639972650381279,162.60304985046386,1.9492029993146107,1
2013-11-05,177222.62328152781,24168.891579239513,868.29141653456134,-0.0027361666801049012,-0.0043901070926216645,0.86362411789353832,162.73874984741212,1.853749600986389,1
2013-11-06,178004.08025677869,24168.891579239513,868.29141653456134,0.0044094651167052579,0,0.86422282262083638,162.8777498626709,1.9556495801241649,1
2013-11-07,176059.10271407405,24168.891579239513,868.29141653456134,-0.010926589659624231,-0.010926589659624231,0.86272285155008077,163.00534980773926,1.6346993222832493,1
2013-11-08,178108.27098705864,24168.891579239513,868.29141653456134,0.011639093017033586,0,0.8643022502812594,163.14054977416993,1.9362617919631862,1
2013-11-11,178134.33191870421,24168.891579239513,868.29141653456134,0.00014632072671938445,0,0.86432210276978183,163.27679977416992,1.9193439308412223,1
2013-11-12,177821.74647878873,24168.891579239513,868.29141653456134,-0.0017547736954948157,-0.0017547736954948157,0.86408360024670849,163.40829978942872,1.8500453752999222,1
2013-11-13,179054.71870037875,24168.891579239513,868.29141653456134,0.0069337538630973583,0,0.86501952165984231,163.54984977722168,2.0206036657236197,1
2013-11-14,179827.49753113149,24168.891579239513,868.29141653456134,0.0043158808455969755,0,0.86559957786736463,163.69769981384277,2.1167236704911687,1
2013-11-15,180504.76377610239,24168.891579239513,868.29141653456134,0.0037661995760891465,0,0.86610385746262886,163.84174980163573,2.1922526660039696,1
2013-11-18,179957.73594398145,24168.891579239513,868.29141653456134,-0.0030305451262188088,-0.0030305451262188088,0.86569684569290772,163.99114982604979,2.0836271760669862,1
2013-11-19,179619.102821496,24168.891579239513,868.29141653456134,-0.0018817369573423948,-0.0049065793947963288,0.86544364602879487,164.13104980468751,2.0070589369188014,1
2013-11-20,179132.86174808873,24168.891579239513,868.29141653456134,-0.0027070677103341323,-0.0076003646624825949,0.86507840413319703,164.26759979248047,1.9103137663636682,1
2013-11-21,180383.20350775059,24168.891579239513,868.29141653456134,0.006979968652653934,-0.00067344631692156653,0.86601362483175415,164.41234977722169,2.0785813184768185,1
2013-11-22,181164.66048300147,24168.891579239513,868.29141653456134,0.0043322047732525792,0,0.86659157743677462,164.55739974975586,2.1695568269159464,1
2013-11-25,181008.37438758151,24168.891579239513,868.29141653456134,-0.00086267429311703836,-0.00086267429311703836,0.86647639005094745,164.70169975280763,2.1177324080191462,1
2013-11-26,181051.77835914778,24168.891579239513,868.29141653456134,0.00023978985344252912,-0.0006230913002167604,0.86650839998215146,164.84499969482422,2.0969680123967951,1
2013-11-27,181433.82870227509,24168.891579239513,868.29141653456134,0.0021101717231932771,0,0.86678949701877483,164.98984970092772,2.1267949717037178,1
2013-11-29,181329.63797199511,24168.891579239513,868.29141653456134,-0.00057426297524121317,-0.00057426297524121317,0.86671295520386904,165.13339973449706,2.0838279456387307,1
2013-12-02,180921.53994629782,24168.891579239513,868.29141653456134,-0.0022505864472101011,-0.0028235569939821792,0.86641230454696849,165.2754997253418,1.9979825502341699,1
2013-12-03,180244.27370132692,24168.891579239513,868.29141653456134,-0.0037434251619344883,-0.0065564123816191922,0.8659103499771178,165.4079997253418,1.8735405107731957,1
2013-12-04,180226.90416325507,24168.891579239513,868.29141653456134,-9.6366656843871468e-05,-0.0066521472189209341,0.86589742696047989,165.54994972229005,1.8521325899189542,1
2013-12-05,179540.95977378602,24168.891579239513,868.29141653456134,-0.0038060043957016676,-0.010432833513066564,0.86538508199080988,165.69254974365234,1.7342974228547203,1
2013-12-06,181277.54260685513,24168.891579239513,868.29141653456134,0.0096723490576029469,-0.00086139446286181975,0.86667465130164689,165.83779975891113,1.9739223991406538,1
2013-12-09,181676.9492389787,24168.891579239513,868.29141653456134,0.002203287988020497,0,0.86696775963885409,165.99979972839355,2.0168873886781822,1
2013-12-10,181112.56511786146,24168.891579239513,868.29141653456134,-0.0031065257506875943,-0.0031065257506875943,0.86655320372989431,166.15344970703126,1.9151319955908197,1
2013-12-11,179349.93460222235,24168.891579239513,868.29141653456134,-0.0097322375976071074,-0.012808529901585874,0.86524170397472766,166.28749969482422,1.6346183037152777,1
2013-12-12,178837.64584624511,24168.891579239513,868.29141653456134,-0.002856364331068395,-0.015628308404709967,0.86485568256686507,166.42009971618651,1.5448751557543974,1
2013-12-13,178820.27630817326,24168.891579239513,868.29141653456134,-9.7124618195776335e-05,-0.015723915129418953,0.86484255545166699,166.55009971618654,1.5298526825761538,1
2013-12-16,179784.08031048963,24168.891579239513,868.29141653456134,0.0053897914834635241,-0.010418872269806645,0.86556712063993935,166.68159973144532,1.6614387616749426,1
2013-12-17,179289.14784350866,24168.891579239513,868.29141653456134,-0.0027529271008100986,-0.013143116974785429,0.8651960150966016,166.80339973449708,1.5706843794240903,1
2013-12-18,181937.43931375421,24168.891579239513,868.29141653456134,0.014771063960642428,0,0.86715822938697162,166.93939971923828,1.9513152915023333,1
2013-12-19,181755.10553576425,24168.891579239513,868.29141653456134,-0.001002178433848977,-0.001002178433848977,0.86702496467432788,167.07294975280763,1.9008983649635163,1
2013-12-20,182666.80463360623,25019.817167443383,868.29141653456134,0.0050160852161733605,0,0.86303030144076687,167.20354972839357,1.887081767051165,1
2013-12-23,183509.04836757079,25019.817167443383,868.29141653456134,0.0046108198785976828,0,0.86365894548519273,167.33604972839356,1.9880391145642302,1
2013-12-24,183856.35963455442,25019.817167443383,868.29141653456134,0.0018926111277519642,0,0.86391649863418096,167.47229972839355,2.0136398917826552,1
2013-12-26,184663.87754145084,25019.817167443383,868.29141653456134,0.0043921129978941043,0,0.86451157908872966,167.6120997619629,2.1049365355042813,1
2013-12-27,184655.1993969527,25019.817167443383,868.29141653456134,-4.6994272045464136e-05,-4.6994272045464136e-05,0.86450521160978333,167.74769981384279,2.0737922149204646,1
2013-12-30,184629.15171438269,25019.817167443383,868.29141653456134,-0.00014106119218448843,-0.00018804883516188031,0.86448609585690739,167.88764984130859,2.0424100720283498,1
2013-12-31,185384.5610070636,25019.817167443383,868.29141653456134,0.0040914952252475434,0,0.86503829104468921,168.03624984741211,2.1252148417408554,1
2014-01-02,183847.68149005627,25019.817167443383,868.29141653456134,-0.0082902238927478056,-0.0082902238927478056,0.86391007509770179,168.17779983520506,1.8784311557021733,1
2014-01-03,183821.63380748627,25019.817167443383,868.29141653456134,-0.00014168077812504176,-0.0084307301055009942,0.86389079103906641,168.3137998199463,1.8530123740106639,1
2014-01-06,183361.44041664898,25019.817167443383,868.29141653456134,-0.0025034778622370357,-0.010913101821556359,0.86354918945558412,168.45379981994628,1.7679333813064149,1
2014-01-07,184333.92256346357,25019.817167443383,868.29141653456134,0.0053036349660258164,-0.0056673459639392521,0.86426905683174282,168.5931997680664,1.8882794153240017,1
2014-01-08,184368.66163960722,25019.817167443383,868.29141653456134,0.00018845731518402076,-0.0054799567015597628,0.86429463150114627,168.7360498046875,1.8727813035500642,1
2014-01-09,184472.85236988723,25019.817167443383,868.29141653456134,0.00056512169342348706,-0.0049179318505473413,0.86437127823406734,168.8732997894287,1.8660378109903681,1
2014-01-10,184906.99807815446,25019.817167443383,868.29141653456134,0.0023534395586659596,-0.0025760663472452761,0.86468972279314027,169.01304977416993,1.9063708652675646,1
2014-01-13,182779.68675745995,25019.817167443383,868.29141653456134,-0.011504763707187338,-0.014051193019813613,0.86311489197022473,169.13814979553223,1.5815167531517056,1
2014-01-14,184498.90005245717,25019.817167443383,868.29141653456134,0.0094059319473422942,-0.0047774256377944857,0.86439042639099917,169.27624977111816,1.8110030795452965,1
2014-01-15,185358.5133244936,25019.817167443383,868.29141653456134,0.0046591783029168443,-0.00014050621275307762,0.86501932542130933,169.4154497528076,1.9121848408261031,1
2014-01-16,185150.11861485813,25019.817167443383,868.29141653456134,-0.0011242791382916062,-0.0012646273828409438,0.8648673986567158,169.56139976501464,1.8623341045338879,1
2014-01-17,184472.85236988723,25019.817167443383,868.29141653456134,-0.0036579303866378643,-0.0049179318505473413,0.86437127823406734,169.70029975891114,1.7467079004414146,1
2014-01-21,184941.72390522261,25019.817167443383,868.29141653456134,0.0025416831219979841,-0.002388748552928921,0.86471512950606366,169.8453997039795,1.7966108696249619,1
2014-01-22,185045.92788457812,25019.817167443383,868.29141653456134,0.00056344224091331441,-0.0018266522338533653,0.86479131179233837,169.98584968566894,1.7927072793649177,1
2014-01-23,183734.79936620261,25019.817167443383,868.29141653456134,-0.0070854221617528967,-0.0088991317933866387,0.86382646480824632,170.1160496520996,1.5881986118642251,1
2014-01-24,180348.46814134804,25019.817167443383,868.29141653456134,-0.018430538126341878,-0.027165654131919181,0.86126958867300096,170.21714965820311,1.0892134778442819,1
2014-01-27,179584.36745509342,25019.817167443383,868.29141653456134,-0.0042368016436699074,-0.031287360287511667,0.86067931456394842,170.31124961853027,0.96927381642589883,1
2014-01-28,180504.76748584356,25019.817167443383,868.29141653456134,0.0051251678739816509,-0.026322545387337359,0.86138971554086163,170.41259963989259,1.0924768811886747,1
2014-01-29,179011.30518947804,25019.817167443383,868.29141653456134,-0.0082738108093607377,-0.034378568436142509,0.86023331241029355,170.52374969482423,0.8679316881132747,1
2014-01-30,180643.68404319166,25019.817167443383,868.29141653456134,0.0091188590127635472,-0.025573202742008805,0.86149630804993327,170.63284965515138,1.0974733474282143,1
2014-01-31,179731.97540601523,25019.817167443383,868.29141653456134,-0.0050469997996632765,-0.030491134592556479,0.86079373405359005,170.74819961547851,0.95600741177825532,1
2014-02-03,176250.13159537886,25019.817167443383,868.29141653456134,-0.019372422757669483,-0.049272870200537944,0.85804369652964629,170.84834960937499,0.43207201039252541,1
2014-02-04,177309.4481834771,25019.817167443383,868.29141653456134,0.0060103023952919887,-0.043558712655035081,0.85889179948519567,170.94789962768556,0.58320927283250712,1
2014-02-05,177118.42301191343,25019.817167443383,868.29141653456134,-0.0010773547237370451,-0.044589139193933258,0.85873961193884107,171.04289962768556,0.54664035842215752,1
2014-02-06,179124.17406425619,25019.817167443383,868.29141653456134,0.011324350218541834,-0.03376973200356681,0.86032138153241011,171.14139961242677,0.84462484116515124,1
2014-02-07,181034.41253081709,25019.817167443383,868.29141653456134,0.010664325329286184,-0.023465538082649506,0.86179524203342095,171.25039955139161,1.1285415909883632,1
2014-02-10,181320.95028816257,25019.817167443383,868.29141653456134,0.0015827806069561579,-0.021919898274302407,0.86201364416146675,171.35784950256348,1.1629123874388168,1
2014-02-11,183031.48543866171,25019.817167443383,868.29141653456134,0.0094337424758732524,-0.012692942473846225,0.86330320650854275,171.47654945373534,1.4157149617080325,1
2014-02-12,183109.64173544722,25019.817167443383,868.29141653456134,0.00042701012122692283,-0.012271352367523747,0.8633615525085705,171.59039947509766,1.4149872532902545,1
2014-02-13,183925.82453776622,25019.817167443383,868.29141653456134,0.0044573447612235029,-0.0078687052544887948,0.86396789450137301,171.70704948425293,1.5271433966411925,1
2014-02-14,184802.80734787451,25019.817167443383,868.29141653456134,0.0047681330901316876,-0.0031380911982574755,0.86461343565876769,171.83574951171875,1.6486259481519785,1
2014-02-18,184993.83251943818,25019.817167443383,868.29141653456134,0.0010336702905389128,-0.0021076646593592985,0.86475323622037803,171.95819953918456,1.6614603065755218,1
2014-02-19,183934.51593133993,25019.817167443383,868.29141653456134,-0.0057262265107510535,-0.0078218222048621611,0.86397432237904226,172.06644958496094,1.4812409654982299,1
2014-02-20,184872.27225108637,25019.817167443383,868.29141653456134,0.0050983161860522763,-0.0027633841415614091,0.86466430653558235,172.17804962158203,1.609513349347222,1
2014-02-21,184689.92522402084,25019.817167443383,868.29141653456134,-0.00098634059529412177,-0.0037469990988963087,0.86453068765339847,172.28449958801269,1.5637178824972116,1
2014-02-24,185575.58617862727,25019.817167443383,868.29141653456134,0.0047953939746965268,0,0.86517721601935094,172.39234962463379,1.6807518109153128,1
2014-02-25,185514.79941991356,25019.817167443383,868.29141653456134,-0.00032755795072747507,-0.00032755795072747507,0.86513303927407481,172.50214958190918,1.6519954802602912,1
2014-02-26,185523.49081348727,25019.817167443383,868.29141653456134,4.6850135950737837e-05,-0.00028072316091121152,0.86513935751350968,172.60934959411622,1.6340455560467895,1
2014-02-27,186365.73454745184,25019.817167443383,868.29141653456134,0.0045398225867328001,0,0.8657488339892605,172.72074966430665,1.7417099496772077,1
2014-02-28,186773.81932407356,25019.817167443383,868.29141653456134,0.0021896985388041301,0,0.86604216127298239,172.82604965209961,1.7803285143984084,1
2014-03-03,185636.35968826537,25019.817167443383,868.29141653456134,-0.0060900378860624382,-0.0060900378860624382,0.86522135421391289,172.92034965515137,1.5876474809544747,1
2014-03-04,187893.92267088545,25019.817167443383,868.29141653456134,0.012161211232601055,0,0.86684073219724078,173.0315496826172,1.9025651878540417,1
2014-03-05,188041.53062180727,25019.817167443383,868.29141653456134,0.00078559193838523278,0,0.86694525892918994,173.13559967041016,1.8968597125164377,1
2014-03-06,188414.88957136084,25019.817167443383,868.29141653456134,0.0019855132444357437,0,0.86720891738246997,173.24184967041015,1.9239018878871279,1
2014-03-07,188484.3544745727,25019.817167443383,868.29141653456134,0.00036868053989724814,0,0.8672578568274818,173.34729965209962,1.9059444662975262,1
2014-03-10,188397.5332823646,25019.817167443383,868.29141653456134,-0.00046062811128344539,-0.00046062811128344539,0.86719668388680837,173.45844970703126,1.8666562973437861,1
2014-03-11,187590.01537546812,25019.817167443383,868.29141653456134,-0.0042862445851995501,-0.0047448983317351923,0.86662500604115145,173.56734970092774,1.7261996642063233,1
2014-03-12,187633.43259610998,25019.817167443383,868.29141653456134,0.00023144739636049572,-0.0045145491297395868,0.866655868193278,173.67719970703126,1.7106397885538618,1
2014-03-13,185810.01532175718,25019.817167443383,868.29141653456134,-0.009717976424157837,-0.014188653271888896,0.86534731659045439,173.77159965515136,1.4303813619687706,1
2014-03-14,185358.5133244936,25019.817167443383,868.29141653456134,-0.0024299120608850533,-0.016584088153060894,0.86501932542130933,173.86879966735839,1.3506892393160812,1
2014-03-17,186808.55840021727,25019.817167443383,868.29141653456134,0.0078229213739169357,-0.0088909027968233634,0.86606707218498458,173.97129966735841,1.5415487486265294,1
2014-03-18,187963.38757409732,25019.817167443383,868.29141653456134,0.0061818857967199659,-0.0027639795458230809,0.86688994335356773,174.09234970092774,1.6875119592271166,1
2014-03-19,187095.09615756274,25019.817167443383,868.29141653456134,-0.0046194709924148869,-0.007370682414902352,0.86627219162188585,174.2038996887207,1.5456451524478643,1
2014-03-20,188041.53062180727,25019.817167443383,868.29141653456134,0.0050585744024389534,-0.0023493931578558724,0.86694525892918994,174.32484970092773,1.6615938768130674,1
2014-03-21,187412.0166950046,25736.157586084395,868.29141653456134,-0.003347738793239019,-0.0056892667964797417,0.86267605439640749,174.44949966430664,1.4561411198556122,1
2014-03-24,186743.42859453181,25736.157586084395,868.29141653456134,-0.0035674772208489358,-0.0092364476876288792,0.86218440038410016,174.56299964904784,1.3476574220836022,1
2014-03-25,187507.52928078643,25736.157586084395,868.29141653456134,0.0040917139200313812,-0.0051825266691726268,0.86274600446819749,174.67054962158204,1.4412176511273596,1
2014-03-26,186344.02196240824,25736.157586084395,868.29141653456134,-0.00620512319073796,-0.011355491643489146,0.86188900875351815,174.77139961242676,1.2624892789307691,1
2014-03-27,186005.38883992279,25736.157586084395,868.29141653456134,-0.0018172470408187591,-0.013152102950721778,0.86163757003710761,174.87879959106445,1.2028677603228017,1
2014-03-28,186795.53720874738,25736.157586084395,868.29141653456134,0.0042479864360520647,-0.0089599864696098264,0.86222284552053419,174.99749961853027,1.3041235855554938,1
2014-03-31,188115.3306225455,25736.157586084395,868.29141653456134,0.0070654440331903157,-0.001957848719358668,0.86318947264471424,175.11149955749511,1.4774306593042748,1
2014-04-01,189192.01674871557,25736.157586084395,868.29141653456134,0.0057235426937660705,0,0.86396805727660753,175.23684959411622,1.6141506501019254,1
2014-04-02,189739.04458083652,25736.157586084395,868.29141653456134,0.0028913896131648187,0,0.86436024465634043,175.35904960632325,1.6728602267639139,1
2014-04-03,189521.97172670288,25736.157586084395,868.29141653456134,-0.0011440600147070157,-0.0011440600147070157,0.86420488689724695,175.47349960327148,1.6227485160991386,1
2014-04-04,187585.67232849638,25736.157586084395,868.29141653456134,-0.010216754187206911,-0.011349125621968215,0.86280318071939033,175.5882495880127,1.3349539349873876,1
2014-04-07,185796.99413028729,25736.157586084395,868.29141653456134,-0.0095352602147396048,-0.020776168970692566,0.86148237916035764,175.71294960021973,1.0729432273447674,1
2014-04-08,186456.90408626193,25736.157586084395,868.29141653456134,0.0035517795057109502,-0.017298181836138959,0.86197262197286151,175.84309959411621,1.1599345888444166,1
2014-04-09,188184.79552575733,25736.157586084395,868.29141653456134,0.0092669748431306598,-0.0081915088089157262,0.86323997369616501,175.9932495880127,1.4032475733844825,1
2014-04-10,184772.41661833279,25736.157586084395,868.29141653456134,-0.018133127588182196,-0.026176098722726193,0.86071428811127593,176.11619956970216,0.89995969815986654,1
2014-04-11,183339.72783160541,25736.157586084395,868.29141653456134,-0.0077538022879612978,-0.033726936716521383,0.85962585474260855,176.22304954528809,0.68187917583236757,1
2014-04-14,184581.39144676912,25736.157586084395,868.29141653456134,0.0067724744104789014,-0.027182877121899041,0.86057013990217768,176.33234954833983,0.8589068654405666,1
2014-04-15,185675.43386193548,25736.157586084395,868.29141653456134,0.0059271544471040105,-0.021416839785813213,0.8613916927469184,176.45124954223633,1.0155966134550203,1
2014-04-16,187351.24318536647,25736.157586084395,868.29141653456134,0.0090254768149731213,-0.012584660161776839,0.86263150887864204,176.57509956359863,1.2597635264556257,1
2014-04-17,187576.99418399826,25736.157586084395,868.29141653456134,0.0012049613057993902,-0.011394862884518964,0.86279683338544577,176.70099952697754,1.2854522371007353,1
2014-04-21,188141.37830511548,25736.157586084395,868.29141653456134,0.0030088131200332047,-0.0084203347774336468,0.86320841370500034,176.82979949951172,1.3626725215108557,1
2014-04-22,188879.43130880009,25736.157586084395,868.29141653456134,0.0039228638077035693,-0.0045305027962770916,0.86374293162706428,176.95414947509767,1.4641876692078375,1
2014-04-23,188497.38096567278,25736.157586084395,868.29141653456134,-0.002022720740315509,-0.0065440595946225644,0.86346676301687608,177.07164947509764,1.3934030106909818,1
2014-04-24,188827.33594366012,25736.157586084395,868.29141653456134,0.0017504486072801306,-0.0048050660273456502,0.86370533981497677,177.18514945983887,1.4310838217499622,1
2014-04-25,187490.15974271458,25736.157586084395,868.29141653456134,-0.0070814757527718486,-0.011852514821554472,0.8627332889288637,177.2906494140625,1.2133336945350592,1
2014-04-28,188002.4617477674,25736.157586084395,868.29141653456134,0.0027324207614727314,-0.0091524801176557924,0.86310733728256617,177.38784942626953,1.2801823642719716,1
2014-04-29,188757.87104044828,25736.157586084395,868.29141653456134,0.0040180819211526053,-0.0051711736113977391,0.86365518193109159,177.48904945373536,1.3833800801077443,1
2014-04-30,189244.11211385555,25736.157586084395,868.29141653456134,0.0025760042255567051,-0.0026084903509151491,0.86400550432659873,177.5898494720459,1.4434639102105968,1
2014-05-01,189261.4816519274,25736.157586084395,868.29141653456134,9.1783770062026093e-05,-0.0025169459979316189,0.86401798526857143,177.69389945983886,1.4313828650040219,1
2014-05-02,189027.0392597219,25736.157586084395,868.29141653456134,-0.0012387221644849511,-0.0037525503656221648,0.86384933241892936,177.79444946289061,1.380858776532903,1
2014-05-05,189339.62469963735,25736.157586084395,868.29141653456134,0.0016536546366043847,-0.002105101151328892,0.86407410690228503,177.89219947814942,1.4141314354505889,1
2014-05-06,187915.62730648372,25736.157586084395,868.29141653456134,-0.0075208630808929477,-0.0096101320546913005,0.86304408018121015,177.98024948120118,1.1819408789567643,1
2014-05-07,188870.75316430195,25736.157586084395,868.29141653456134,0.0050827377771005544,-0.0045762400588279517,0.86373667095139894,178.07214950561524,1.3158975378762989,1
2014-05-08,188697.0842817346,25736.157586084395,868.29141653456134,-0.00091951178071636441,-0.0054915439328988569,0.86361125989811816,178.16484947204589,1.2760044948179396,1
2014-05-09,188940.21806751378,25736.157586084395,868.29141653456134,0.0012884872424216987,-0.0042101324747759739,0.86378676890862849,178.26204948425294,1.3004599471381089,1
2014-05-12,190529.17970058552,25736.157586084395,868.29141653456134,0.0084098645027705921,0,0.86492275027621246,178.36634948730469,1.5288723112729994,1
2014-05-13,190676.80090058292,25736.157586084395,868.29141653456134,0.00077479575689864966,0,0.86502732653091352,178.47059951782228,1.5344778301251816,1
2014-05-14,189895.33067625648,25736.157586084395,868.29141653456134,-0.0040984022211171256,-0.0040984022211171256,0.86447187777375767,178.57294952392579,1.3998321799209656,1
2014-05-15,188453.96374503095,25736.157586084395,868.29141653456134,-0.0075903231853701181,-0.011657617209085314,0.86343530762290488,178.66699951171876,1.1669203377618373,1
2014-05-16,189018.36111522376,25736.157586084395,868.29141653456134,0.0029948819275376071,-0.0086976484686454025,0.86384308151737765,178.76369949340821,1.2415736979239806,1
2014-05-19,189617.48431248471,25736.157586084395,868.29141653456134,0.0031696560785210437,-0.005555560944461857,0.86427328851345864,178.85409950256349,1.319841035489878,1
2014-05-20,188584.21540695647,25736.157586084395,868.29141653456134,-0.0054492280038134222,-0.010974515429999832,0.86352963035349017,178.93709953308107,1.1492834430745849,1
2014-05-21,189956.11743497016,25736.157586084395,868.29141653456134,0.0072747447343521898,-0.003779607493984094,0.86451524734445606,179.02924957275391,1.345762519229571,1
2014-05-22,190355.52406709373,25736.157586084395,868.29141653456134,0.0021026257933509651,-0.0016849288008387031,0.8647995233539254,179.12854957580566,1.3923933330241713,1
2014-05-23,191015.43402306837,25736.157586084395,868.29141653456134,0.0034667234334742059,0,0.86526660676552292,179.23439964294434,1.4778442596542722,1
2014-05-27,192031.33339052473,25736.157586084395,868.29141653456134,0.0053184150937963803,0,0.86597938403236507,179.34299964904784,1.614714452419175,1
2014-05-28,191909.77312217292,25736.157586084395,868.29141653456134,-0.00063302309162538428,-0.00063302309162538428,0.86589449214918135,179.45334968566894,1.5786196605606071,1
2014-05-29,192769.37314513378,25736.157586084395,868.29141653456134,0.0044791883653243492,0,0.86649249740150402,179.56964965820313,1.6900368707494404,1
2014-05-30,193038.5413644074,25736.157586084395,868.29141653456134,0.0013963225323712081,0,0.86667865699678537,179.68499961853027,1.7105242074443192,1
2014-06-02,193229.56653597104,25736.157586084395,868.29141653456134,0.00098957011492872837,0,0.86681045738777551,179.80579956054689,1.7197184420544256,1
2014-06-03,193142.74534376292,25736.157586084395,868.29141653456134,-0.00044931629131383932,-0.00044931629131383932,0.86675058625537205,179.93789955139161,1.6903228026029933,1
2014-06-04,193481.3784662484,25736.157586084395,868.29141653456134,0.0017532790159049405,0,0.86698380076626391,180.07469955444336,1.7256225965028982,1
2014-06-05,194575.42088141473,25736.157586084395,868.29141653456134,0.0056545101334244396,0,0.86773171313467456,180.22309951782228,1.8744755764781307,1
2014-06-06,195382.93878831118,25736.157586084395,868.29141653456134,0.0041501537205390626,0,0.86827837811382091,180.37209953308104,1.9764455921951001,1
2014-06-09,195556.59442180296,25736.157586084395,868.29141653456134,0.00088879630211691207,0,0.86839534784200034,180.52719955444337,1.9843857868494537,1
2014-06-10,195573.96395987482,25736.157586084395,868.29141653456134,8.8821029652352834e-05,0,0.86840703606455216,180.67489959716798,1.9663965884351073,1
2014-06-11,194983.51890711201,25736.157586084395,868.29141653456134,-0.0030190370988437687,-0.0030190370988437687,0.86800854897718405,180.81639961242675,1.8580510457441708,1
2014-06-12,193785.27251259013,25736.157586084395,868.29141653456134,-0.0061453727024626259,-0.0091458566931315044,0.86719239675753834,180.95409957885741,1.6625412458672502,1
2014-06-13,194297.57451764296,25736.157586084395,868.29141653456134,0.0026436580985251812,-0.0065263771127210823,0.86754256891792825,181.1080995941162,1.7308725551212887,1
2014-06-16,194436.49107499106,25736.157586084395,868.29141653456134,0.00071496804678572445,-0.0058160752170320906,0.86763720408758893,181.25999954223633,1.741716540676481,1
2014-06-17,194905.37585940203,25736.157586084395,868.29141653456134,0.0024115061006224625,-0.0034185946172771153,0.86795562989165798,181.41329956054688,1.8024986819443825,1
2014-06-18,196147.0262254902,25736.157586084395,868.29141653456134,0.0063705290868110165,0,0.86879149747344042,181.57634956359863,1.9817098661362946,1
2014-06-19,196338.05139705384,25736.157586084395,868.29141653456134,0.00097388767619666083,0,0.86891915549249166,181.73679954528808,1.9968886628030953,1
2014-06-20,196682.76891901135,26549.746643377279,868.29141653456134,0.0017557346602181667,0,0.86501234048464226,181.88774955749511,1.9084227670448575,1
2014-06-23,196630.67355387134,26549.746643377279,868.29141653456134,-0.00026487000069363997,-0.00026487000069363997,0.8649765768304537,182.03734954833985,1.8853889067055125,1
2014-06-24,195606.08279284125,26549.746643377279,868.29141653456134,-0.0052107371780394374,-0.0054742270107731583,0.86426931992961042,182.1806495666504,1.7130902767869347,1
2014-06-25,196370.18347909587,26549.746643377279,868.29141653456134,0.0039063237469145751,-0.0015892873668267304,0.86479746480349151,182.3203995513916,1.8174558640851086,1
2014-06-26,196248.62321074406,26549.746643377279,868.29141653456134,-0.00061903628238324515,-0.0022073398226667429,0.86471371768623051,182.45324958801268,1.7810880352156551,1
2014-06-27,196578.57818873134,26549.746643377279,868.29141653456134,0.0016813110461058045,-0.00052974000138727995,0.86494079422078551,182.58534965515136,1.8146784021720326,1
2014-06-30,196491.74374744768,26549.746643377279,868.29141653456134,-0.0004417289110734135,-0.00097123491098671799,0.86488110829988929,182.71919967651368,1.7840380455485314,1
2014-07-01,197629.20338325587,26549.746643377279,868.29141653456134,0.0057888418826907984,0,0.86565878833256116,182.85769966125488,1.9428141091571156,1
2014-07-02,197802.85901674768,26549.746643377279,868.29141653456134,0.00087869419356545464,0,0.86577672954095486,182.9922996520996,1.9476207023576728,1
2014-07-03,198645.10275071225,26549.746643377279,868.29141653456134,0.0042579957547188574,0,0.86634582843607455,183.12794960021972,2.0535614176922405,1
2014-07-07,198045.9795534513,26549.746643377279,868.29141653456134,-0.0030160481631043012,-0.0030160481631043012,0.86594150154807004,183.25024955749512,1.9337275343124891,1
2014-07-08,196943.25899378682,26549.746643377279,868.29141653456134,-0.0055680027544656729,-0.0085672575530902906,0.8651908840189606,183.36764961242676,1.7411159304462505,1
2014-07-09,197707.34643096582,26549.746643377279,868.29141653456134,0.0038797338943350468,-0.0047207623382654607,0.86571188616580952,183.49964958190918,1.8401290710747769,1
2014-07-10,197030.08018599491,26549.746643377279,868.29141653456134,-0.0034255997928098747,-0.0081301906885874464,0.86525028757885847,183.63169960021972,1.7186949121030826,1
2014-07-11,197264.52257820038,26549.746643377279,868.29141653456134,0.0011898812200865638,-0.0069499834297168661,0.86541043317684097,183.76709960937501,1.7396127427063781,1
2014-07-14,198124.13585023681,26549.746643377279,868.29141653456134,0.0043576678705399274,-0.0026226012786694231,0.86599438513919191,183.90989967346192,1.8568937604686171,1
2014-07-15,197802.85901674768,26549.746643377279,868.29141653456134,-0.0016215936140763221,-0.0042399420992599302,0.86577672954095486,184.04759963989258,1.7903835502838867,1
2014-07-16,198436.72129015229,26549.746643377279,868.29141653456134,0.003204515225692095,-0.0010490138325809362,0.86620547612981125,184.19284965515138,1.8732458473339311,1
2014-07-17,196483.06560294953,26549.746643377279,868.29141653456134,-0.0098452326489820718,-0.010883918696329209,0.86487514045088909,184.33134971618654,1.5578769290443237,1
2014-07-18,198219.64843601867,26549.746643377279,868.29141653456134,0.0088383333583486046,-0.0021417810396640036,0.86605895604770478,184.47319976806639,1.816522576812313,1
2014-07-21,197898.37160252949,26549.746643377279,868.29141653456134,-0.0016208122455271257,-0.0037591218602548437,0.86584151032479773,184.61399978637695,1.752397488337698,1
2014-07-22,198645.10275071225,26549.746643377279,868.29141653456134,0.0037733061779938737,0,0.86634582843607455,184.76689979553223,1.859389897111926,1
2014-07-23,199027.15309383953,26549.746643377279,868.29141653456134,0.0019232809560210118,0,0.86660238951988966,184.91564979553223,1.9055587233684133,1
2014-07-24,199035.83123833768,26549.746643377279,868.29141653456134,4.3602816818033574e-05,0,0.86660820577785813,185.07174980163575,1.8964554334950403,1
2014-07-25,198228.32658051682,26549.746643377279,868.29141653456134,-0.0040570818470062608,-0.0040570818470062608,0.86606481978955085,185.23294982910156,1.7638648319895496,1
2014-07-28,198297.79148372862,26549.746643377279,868.29141653456134,0.00035042874250157396,-0.0037080748225944982,0.86611173808480968,185.39394981384277,1.7731267538662916,1
2014-07-29,197559.738480044,26549.746643377279,868.29141653456134,-0.0037219426306378534,-0.0074162162114724817,0.86561155199110007,185.53284980773927,1.6430308362380217,1
2014-07-30,197585.78616261401,26549.746643377279,868.29141653456134,0.00013184712011882205,-0.0072853468981034508,0.86562926838509169,185.66644981384277,1.6371134528867777,1
2014-07-31,194208.13308225758,26549.746643377279,868.29141653456134,-0.017094615690506187,-0.024255422383214542,0.86329230284021108,185.77719978332519,1.0674050809031195,1
2014-08-01,193695.84432628035,26549.746643377279,868.29141653456134,-0.0026378336882536546,-0.026829274301182982,0.86293073692043554,185.89119979858398,0.9759340521435298,1
2014-08-04,194902.76886530034,26549.746643377279,868.29141653456134,0.0062310295980689823,-0.020765418705379513,0.86377953069652835,186.00029975891113,1.1733957149096867,1
2014-08-05,193270.37676251121,26549.746643377279,868.29141653456134,-0.0083754177136257102,-0.028966917363349332,0.86262899111537739,186.0942497253418,0.88616257961846301,1
2014-08-06,193322.48537672672,26549.746643377279,868.29141653456134,0.00026961511168122065,-0.028705112170328007,0.86266601843215551,186.18264976501465,0.88704269468683994,1
2014-08-07,192419.45488404849,26549.746643377279,868.29141653456134,-0.004671109472436652,-0.033242136921398435,0.8620215057808156,186.26579978942871,0.72262005209029723,1
2014-08-08,194338.3847441831,26549.746643377279,868.29141653456134,0.0099726395196937379,-0.023601009250086014,0.86338392861335156,186.35494979858399,1.048584037576314,1
2014-08-11,194824.62581759039,26549.746643377279,868.29141653456134,0.0025020331112011185,-0.021158026645486383,0.8637248934421915,186.45109977722169,1.1248051365551506,1
2014-08-12,194590.18342538486,26549.746643377279,868.29141653456134,-0.0012033509173785539,-0.022335917032091146,0.86356070909631621,186.54299980163574,1.07441409915613,1
2014-08-13,195727.64306119306,26549.746643377279,868.29141653456134,0.0058454111907673134,-0.01662106846069944,0.86435361797578769,186.63744979858399,1.2647134484853042,1
2014-08-14,196526.46957451582,26549.746643377279,868.29141653456134,0.0040813167768694036,-0.012607587529388065,0.86490498353296585,186.73509979248047,1.3937460236161945,1
2014-08-15,196491.74374744768,26549.746643377279,868.29141653456134,-0.0001766979641131261,-0.012782057758452314,0.86488110829988929,186.82784980773926,1.3742692658227575,1
2014-08-18,197915.74114060134,26549.746643377279,868.29141653456134,0.0072471105706299888,-0.0056275801737178943,0.86585328438066944,186.93319984436036,1.6116723329485894,1
2014-08-19,198810.08023970586,26549.746643377279,868.29141653456134,0.0045187871058176565,-0.0011342229046260588,0.86645673795128419,187.04619987487794,1.7529383871169346,1
2014-08-20,199270.27363054315,26549.746643377279,868.29141653456134,0.002314738720906151,0,0.8667651418364497,187.15974983215332,1.8150191500529229,1
2014-08-21,199773.88424202229,26549.746643377279,868.29141653456134,0.0025272741503474805,0,0.86710101400835371,187.27309982299803,1.8822255377797796,1
2014-08-22,199504.71602274862,26549.746643377279,868.29141653456134,-0.0013473643979790006,-0.0013473643979790006,0.86692170905699328,187.38769981384277,1.8148938951768909,1
2014-08-25,200381.68558378133,26549.746643377279,868.29141653456134,0.0043957334869855202,0,0.86750412560894152,187.50284980773927,1.9459404514168246,1
2014-08-26,200494.567707635,26549.746643377279,868.29141653456134,0.00056333553400755854,0,0.8675787232196106,187.62984985351562,1.9460315301984761,1
2014-08-27,200425.10280442319,26549.746643377279,868.29141653456134,-0.00034646775723667922,-0.00034646775723667922,0.86753282761548689,187.74464988708496,1.9106143351523148,1
2014-08-28,200329.59021864139,26549.746643377279,868.29141653456134,-0.00047655001516955231,-0.00082285266319126471,0.86746967028485067,187.8587498474121,1.8717532746530756,1
2014-08-29,200824.52268562233,26549.746643377279,868.29141653456134,0.0024705909218940558,0,0.86779629156674676,187.9774998474121,1.9356390566525334,1
2014-09-02,200737.68824433867,26549.746643377279,868.29141653456134,-0.00043238963111891238,-0.00043238963111891238,0.86773910332642246,188.08864982604982,1.8964298590565265,1
2014-09-03,200642.17565855681,26549.746643377279,868.29141653456134,-0.00047580793929247189,-0.00090799183599199473,0.86767614258450654,188.19479980468751,1.855831630063524,1
2014-09-04,200390.37697735504,26549.746643377279,868.29141653456134,-0.0012549638697612053,-0.0021618162088049564,0.86750987226109422,188.29559982299804,1.7891782492171535,1
2014-09-05,201171.83395260596,26549.746643377279,868.29141653456134,0.0038996731631439907,0,0.86802453344620722,188.40404983520509,1.8991692129147739,1
2014-09-08,200720.31870626681,26549.746643377279,868.29141653456134,-0.0022444257601464956,-0.0022444257601464956,0.86772765799445506,188.51184982299804,1.7994806488167703,1
2014-09-09,199617.59814660234,26549.746643377279,868.29141653456134,-0.0054938163050557431,-0.0077259116023656871,0.86699696374525692,188.61609985351564,1.5935174087845234,1
2014-09-10,200268.81670900324,26549.746643377279,868.29141653456134,0.0032623304179957291,-0.0044887856607971344,0.86742945267432792,188.71689987182617,1.6851900800983208,1
2014-09-11,200468.52002506505,26549.746643377279,868.29141653456134,0.00099717629206352854,-0.0034960854793748553,0.86756151718954322,188.81434989929198,1.6983519057937109,1
2014-09-12,199452.62065760867,26549.746643377279,868.29141653456134,-0.0050676254173441793,-0.0085459940450824945,0.86688695011456351,188.90684989929198,1.5085627237206698,1
2014-09-15,199322.36899568315,26549.746643377279,868.29141653456134,-0.00065304562805978961,-0.0091934587490937192,0.86679996441366647,188.99834991455077,1.4703567013193983,1
2014-09-16,200624.80612048495,26549.746643377279,868.29141653456134,0.0065343249298326356,-0.0027192068659566138,0.8676646863527292,189.09514991760253,1.6709144472182418,1
2014-09-17,200859.24851269048,26549.746643377279,868.29141653456134,0.001168561339641716,-0.001553823086332895,0.86781914778646674,189.19389991760255,1.6898400815855681,1
2014-09-18,201788.32668793871,26549.746643377279,868.29141653456134,0.0046255185266688148,0,0.86842773772322379,189.30034996032714,1.8227590617376246,1
2014-09-19,201631.15693217458,27365.072283503232,868.29141653456134,-0.00077888428108718877,-0.00077888428108718877,0.86428152920479262,189.40509994506837,1.641268330918614,1
2014-09-22,200285.30258673089,27365.072283503232,868.29141653456134,-0.006674833224789789,-0.0074485185831993928,0.86336954369553331,189.5021999359131,1.4019660404848382,1
2014-09-23,199295.45090184451,27365.072283503232,868.29141653456134,-0.0049422083003706208,-0.012353914753202688,0.86269093368829142,189.59754989624022,1.2251059048604345,1
2014-09-24,200641.3052472882,27365.072283503232,868.29141653456134,0.0067530610425550197,-0.0056842804510904843,0.86361197037780391,189.69064987182617,1.4355585908998769,1
2014-09-25,197845.40582612087,27365.072283503232,868.29141653456134,-0.013934814756719316,-0.01953988581269861,0.86168457048958025,189.76534988403321,0.95762307435302263,1
2014-09-26,199199.93831606267,27365.072283503232,868.29141653456134,0.006846418719129943,-0.012827245333566384,0.86262509659975828,189.85109985351562,1.173384982799123,1
2014-09-29,198887.35287614723,27365.072283503232,868.29141653456134,-0.0015692045015570644,-0.014376321264003455,0.86240918847894654,189.94519981384278,1.1111211766146081,1
2014-09-30,198435.85087888365,27365.072283503232,868.29141653456134,-0.0022701393061665964,-0.016613824318190584,0.86209612747746056,190.03964981079102,1.0262561755712509,1
2014-10-01,196117.51438662544,27365.072283503232,868.29141653456134,-0.011683052643915781,-0.028102776777980121,0.86046594375270424,190.12084983825685,0.62601811560065512,1
2014-10-02,196143.56206919544,27365.072283503232,868.29141653456134,0.00013281670763309883,-0.027973692588634136,0.86048447374556514,190.19664985656738,0.62272197892031789,1
2014-10-03,198001.70517061636,27365.072283503232,868.29141653456134,0.0094733830762459004,-0.018765315018337336,0.86179375445315998,190.28599990844725,0.93289483251451155,1
2014-10-06,197801.98860547901,27365.072283503232,868.29141653456134,-0.0010086608343360393,-0.019755048014370447,0.86165421047366952,190.35894989013673,0.88948894944046586,1
2014-10-07,195171.06667330535,27365.072283503232,868.29141653456134,-0.0133007860574198,-0.032793076404597055,0.85978929792237435,190.41779983520507,0.42795927182541593,1
2014-10-08,198105.89590089634,27365.072283503232,868.29141653456134,0.015037214673338628,-0.018248978260953397,0.86186644188927741,190.49319984436036,0.92769746011451637,1
2014-10-09,194719.56467604177,27365.072283503232,868.29141653456134,-0.017093540853264644,-0.035030579458784183,0.85946418723238749,190.5442498779297,0.33250831982358586,1
2014-10-10,192809.31296040528,27365.072283503232,868.29141653456134,-0.0098102710881395883,-0.044497191066058428,0.85807183344342486,190.58229988098145,-0.0064280931458212363,1
2014-10-13,190091.5698360235,27365.072283503232,868.29141653456134,-0.014095497165844351,-0.057965478201343124,0.85604268349664936,190.60004989624022,-0.48568521358741951,1
2014-10-14,190343.36851722526,27365.072283503232,868.29141653456134,0.0013246178219210591,-0.05671764248490363,0.85623311966853843,190.61929985046388,-0.44542644593509867,1
2014-10-15,189240.63470848522,27365.072283503232,868.29141653456134,-0.005793392316897239,-0.062182447247596362,0.85539536830629637,190.63234977722169,-0.64226876884251638,1
2014-10-16,189101.71815113712,27365.072283503232,868.29141653456134,-0.00073407361776234303,-0.062870874371346308,0.85528913988167976,190.64024978637696,-0.66856450361394837,1
2014-10-17,191011.95661769804,27365.072283503232,868.29141653456134,0.010101645216328503,-0.053404328422357539,0.85673633856191944,190.66799980163574,-0.3373402174241103,1
2014-10-20,192600.93149984535,27365.072283503232,868.29141653456134,0.0083187194680569565,-0.045529864580826196,0.85791827656074859,190.70504981994628,-0.062388161648618226,1
2014-10-21,195874.39384992182,27365.072283503232,868.29141653456134,0.016996087841242291,-0.029307606317399371,0.86029275319942922,190.76359985351561,0.51106782869648348,1
2014-10-22,194676.14745539994,27365.072283503232,868.29141653456134,-0.0061174223489364188,-0.035245741660455909,0.85943284454109858,190.80964988708496,0.29151182758923155,1
2014-10-23,196621.11174902899,27365.072283503232,868.29141653456134,0.009990768355813362,-0.025607105345101022,0.86082332644709825,190.86669982910155,0.63133196457754437,1
2014-10-24,197923.54887383082,27365.072283503232,868.29141653456134,0.0066240960251728875,-0.019152633244660766,0.86173917939927669,190.93064979553222,0.85559906951223741,1
2014-10-27,197689.11973070091,27365.072283503232,868.29141653456134,-0.0011844429046659055,-0.020314390948774408,0.86157522315451207,190.99074981689452,0.80519332657360243,1
2014-10-28,199642.77541790367,27365.072283503232,868.29141653456134,0.0098824643959369851,-0.010632682798113913,0.86292981438361049,191.07434982299804,1.1449286126944409,1
2014-10-29,199382.2853431282,27365.072283503232,868.29141653456134,-0.0013047808728875454,-0.011923590349859015,0.86275073416673342,191.14654983520506,1.0872578276382856,1
2014-10-30,200485.01915186824,27365.072283503232,868.29141653456134,0.0055307511740187998,-0.0064587855871662825,0.86350565045074978,191.2201498413086,1.2721534160565855,1
2014-10-31,202464.722521641,27365.072283503232,868.29141653456134,0.0098745700708595674,0,0.86484029443411692,191.30634986877442,1.6081996431382266,1
2014-11-03,202560.23510742284,27365.072283503232,868.29141653456134,0.00047174927361304242,0,0.86490402586178461,191.39699989318848,1.6064575199214906,1
2014-11-04,201952.43376566374,27365.072283503232,868.29141653456134,-0.0030005955583373156,-0.0030005955583373156,0.86449743747452734,191.48144996643066,1.4814171776221021,1
2014-11-05,203055.15432532821,27365.072283503232,868.29141653456134,0.0054602984430680568,0,0.86523330385566177,191.57164993286133,1.6573055509007029,1
2014-11-06,203758.46825286912,27365.072283503232,868.29141653456134,0.0034636595651942326,0,0.86569847860486215,191.67344993591308,1.7605898042163719,1
2014-11-07,203923.44574186279,27365.072283503232,868.29141653456134,0.00080967181589186588,0,0.86580713078895599,191.7956999206543,1.7741488578680957,1
2014-11-10,204479.15171848188,27365.072283503232,868.29141653456134,0.0027250715316107232,0,0.86617182214655175,191.92554992675781,1.8574872385865089,1
2014-11-11,204652.80735197369,27365.072283503232,868.29141653456134,0.00084925838175853308,0,0.86628538040800396,192.05109985351564,1.8709864545164099,1
2014-11-12,204461.79542948559,27365.072283503232,868.29141653456134,-0.0009333462118581437,-0.0009333462118581437,0.86616046178201134,192.18414985656739,1.824998251920344,1
2014-11-13,204661.4987455474,27365.072283503232,868.29141653456134,0.00097672680435145764,0,0.86629105888877611,192.30894989013672,1.8442697826375749,1
2014-11-14,204704.91596618923,27365.072283503232,868.29141653456134,0.00021214161387428376,0,0.86631941810316337,192.43924995422364,1.8385374299287718,1
2014-11-17,204817.78484096733,27365.072283503232,868.29141653456134,0.00055137354296230789,0,0.866393085421019,192.59024993896483,1.8574877174169111,1
2014-11-18,205842.37560199742,27365.072283503232,868.29141653456134,0.0050024501623511242,0,0.86705812054746967,192.74104995727538,2.036614756643063,1
2014-11-19,205555.83784465195,27365.072283503232,868.29141653456134,-0.001392025118771012,-0.001392025118771012,0.86687280414685053,192.89129997253417,1.9800684704529303,1
2014-11-20,205868.4232845674,27365.072283503232,868.29141653456134,0.0015206838355603658,0,0.86707494113520711,193.03180000305176,2.025859456899044,1
2014-11-21,206823.53589331009,27365.072283503232,868.29141653456134,0.0046394322815717093,0,0.86768879003393751,193.16680000305175,2.1810343677270154,1
2014-11-24,207327.14650478921,27365.072283503232,868.29141653456134,0.0024349772829477256,0,0.86801018224175919,193.30305000305177,2.2494641590087907,1
2014-11-25,207196.90809193923,27365.072283503232,868.29141653456134,-0.00062817829235384259,-0.00062817829235384259,0.86792721698645936,193.42870002746582,2.1966006035884162,1
2014-11-26,207657.10148277652,27365.072283503232,868.29141653456134,0.0022210437167000663,0,0.86821990633547907,193.55654998779298,2.2510828305351969,1
2014-11-28,207275.05113964921,27365.072283503232,868.29141653456134,-0.0018398135214220401,-0.0018398135214220401,0.86797700865085636,193.67750000000001,2.1515507118657222,1
2014-12-01,206024.70937998735,27365.072283503232,868.29141653456134,-0.0060322829630830022,-0.0078609982087444186,0.86717577534337542,193.78619995117188,1.8990954312720973,1
2014-12-02,207179.5385538674,27365.072283503232,868.29141653456134,0.0056052945171256585,-0.0022997669017773559,0.86791614425577934,193.9004499053955,2.0810519704728443,1
2014-12-03,207874.17433691016,27365.072283503232,868.29141653456134,0.0033528203986328275,0,0.86835751785524096,194.02479988098145,2.1776195846118838,1
2014-12-04,207674.47102084837,27365.072283503232,868.29141653456134,-0.00096069324964875857,-0.00096069324964875857,0.86823092819744774,194.14259986877443,2.112000833976964,1
2014-12-05,207969.68692269197,27365.072283503232,868.29141653456134,0.0014215319793156045,0,0.86841797625210848,194.26314987182616,2.1353680777882476,1
2014-12-08,206762.76238367197,27365.072283503232,868.29141653456134,-0.0058033675814910257,-0.0058033675814910257,0.86764989997219999,194.37164985656739,1.8952742569609429,1
2014-12-09,206641.20211532013,27365.072283503232,868.29141653456134,-0.0005879214755617479,-0.0063878771326211226,0.86757204273215749,194.47979988098143,1.8509527510992754,1
2014-12-10,203767.15964644283,27365.072283503232,868.29141653456134,-0.013908370835325479,-0.020207403003935531,0.86570420704207462,194.5713498687744,1.327357035341139,1
2014-12-11,204661.4987455474,27365.072283503232,868.29141653456134,0.0043890247116187275,-0.015907069083458847,0.86629105888877611,194.66319984436035,1.4710950070290651,1
2014-12-12,201796.13442116822,27365.072283503232,868.29141653456134,-0.014000504940803071,-0.0296848670249652,0.86439248520791956,194.73619987487794,0.95208868956509451,1
2014-12-15,200597.88802664634,27365.072283503232,868.29141653456134,-0.0059379055895145694,-0.035446506676648171,0.86358245067930028,194.80884986877442,0.73055853801784432,1
2014-12-16,199208.62970963639,27365.072283503232,868.29141653456134,-0.0069255879544724008,-0.042126606731452632,0.86263109021235596,194.8604998779297,0.47513335211066127,1
2014-12-17,202577.5913964191,27365.072283503232,868.29141653456134,0.016911725619985774,-0.025927314725810335,0.86491560051203698,194.93069984436036,1.0689532261309953,1
2014-12-18,206910.37033459378,27365.072283503232,868.29141653456134,0.021388243923267769,-0.0050936105341734539,0.8677443173135726,195.02369987487793,1.8218336253718914,1
2014-12-19,207670.13009372872,28350.583041269958,868.29141653456134,0.0036719269213347783,-0.0014403869784859191,0.86348261529727777,195.11499992370605,1.7584700567927225,1
2014-12-22,208495.00428962143,28350.583041269958,868.29141653456134,0.0039720406373340289,0,0.86402272256898771,195.21154991149902,1.878658316903151,1
2014-12-23,208738.1248263251,28350.583041269958,868.29141653456134,0.0011660736789931292,0,0.86418109741640003,195.31414993286134,1.8956986012758648,1
2014-12-24,208755.4943643969,28350.583041269958,868.29141653456134,8.3212101700480545e-05,0,0.86419239825236849,195.41659996032715,1.8735228907935215,1
2014-12-26,209337.248023586,28350.583041269958,868.29141653456134,0.0027867705276949373,0,0.86456981111132369,195.53290000915527,1.9505424606985708,1
2014-12-29,209580.36856028967,28350.583041269958,868.29141653456134,0.0011613821190401552,0,0.86472691485359998,195.65319999694825,1.9687519985793394,1
2014-12-30,208607.88641347509,28350.583041269958,868.29141653456134,-0.0046401395011137492,-0.0046401395011137492,0.8640963027395947,195.75955001831053,1.7785844442546546,1
2014-12-31,206819.19496619044,28350.583041269958,868.29141653456134,-0.0085744191077193888,-0.013174772108032307,0.86292092933683195,195.84894996643067,1.4533847085876717,1
2015-01-02,206723.68238040863,28350.583041269958,868.29141653456134,-0.00046181683376833593,-0.013630504610260163,0.86285759466542489,195.94279991149904,1.4223651886200623,1
2015-01-05,203502.32864454773,28350.583041269958,868.29141653456134,-0.015582896447892347,-0.029000998316278337,0.86068668977842899,196.01264991760254,0.85734776777646637,1
2015-01-06,201852.5802527623,28350.583041269958,868.29141653456134,-0.0081067789384710043,-0.03687267257240423,0.85954807708789738,196.08074996948241,0.56434403175777081,1
2015-01-07,204014.61740052496,28350.583041269958,868.29141653456134,0.010710971071340003,-0.026556643630310295,0.86103651099856438,196.16514999389648,0.93144865914667019,1
2015-01-08,207131.78040610591,28350.583041269958,868.29141653456134,0.015279116003052318,-0.011683289665937235,0.86312779726179456,196.26309997558593,1.4611391538022196,1
2015-01-09,205699.1048684541,28350.583041269958,868.29141653456134,-0.0069167345293073001,-0.018519213982196359,0.86217449483117425,196.35949996948241,1.2008883078142174,1
2015-01-12,204309.83330236858,28350.583041269958,868.29141653456134,-0.0067539018556933561,-0.025148038884209356,0.86123730520932651,196.44984992980957,0.94918371016623782,1
2015-01-13,203814.91408446321,28350.583041269958,868.29141653456134,-0.002422395485844886,-0.027509515874183266,0.8609003508471359,196.53279991149901,0.85372801925513586,1
2015-01-14,202755.59749636496,28350.583041269958,868.29141653456134,-0.0051974439302280295,-0.032563980638107504,0.86017361103050083,196.60204994201661,0.65815706565162002,1
2015-01-15,201157.94446971954,28350.583041269958,868.29141653456134,-0.0078796987425910903,-0.04018708502341084,0.85906307048421049,196.65589996337891,0.36683854088107659,1
2015-01-16,203424.18559683772,28350.583041269958,868.29141653456134,0.011265978746662464,-0.029373853122512394,0.86063317418186747,196.71964996337891,0.76362200151945581,1
2015-01-20,203797.54454639135,28350.583041269958,868.29141653456134,0.0018353714847534341,-0.027592393570177287,0.86088849547048196,196.78679992675782,0.82193044363436407,1
2015-01-21,204683.20550099772,28350.583041269958,868.29141653456134,0.0043457881525394981,-0.023366516114715186,0.86149042872434523,196.87019996643068,0.97204063940661489,1
2015-01-22,207305.44928867329,28350.583041269958,868.29141653456134,0.012811230805464424,-0.010854639140316036,0.86324246111933256,196.97900001525878,1.4342735891240517,1
2015-01-23,206324.27574828506,28350.583041269958,868.29141653456134,-0.0047329847997480412,-0.015536249098006216,0.86259211167251304,197.07834999084471,1.2470811285057475,1
2015-01-26,206741.05191848049,28350.583041269958,868.29141653456134,0.0020200054922470123,-0.013547626914266031,0.86286911680971412,197.17014999389647,1.3109957669362413,1
2015-01-27,204387.98959915416,28350.583041269958,868.29141653456134,-0.011381688820342073,-0.024775120860815902,0.86129036692972438,197.26805000305177,0.87562955413366028,1
2015-01-28,202130.42661653407,28350.583041269958,868.29141653456134,-0.011045477706628559,-0.035546945522297313,0.85974114082757824,197.36120002746583,0.45171446149418715,1
2015-01-29,203736.7710367532,28350.583041269958,868.29141653456134,0.0079470688659186717,-0.027882370680417323,0.86084699930698505,197.45645004272461,0.7463082598380355,1
2015-01-30,201531.30341927311,28350.583041269958,868.29141653456134,-0.010825083789524848,-0.038405625471076066,0.85932417167824104,197.5327000427246,0.31938688692140071,1
2015-02-02,203675.98427803954,28350.583041269958,868.29141653456134,0.010641924219110255,-0.028172411007816422,0.86080546932539481,197.61165000915528,0.72333587822945655,1
2015-02-03,206211.39362443134,28350.583041269958,868.29141653456134,0.012448248895808423,-0.016074859296228317,0.86251689325709957,197.70389999389647,1.2045065567652622,1
2015-02-04,205534.12737946043,28350.583041269958,868.29141653456134,-0.0032843298959726042,-0.019306394051240794,0.86206386548678293,197.78900001525878,1.0641681889322894,1
2015-02-05,207322.80557766958,28350.583041269958,868.29141653456134,0.008702584923558021,-0.010771824661481411,0.86325390994842122,197.88014999389648,1.4013300597603837,1
2015-02-06,206827.88635976415,28350.583041269958,868.29141653456134,-0.0023871913971376113,-0.013133301651455653,0.86292668972134701,197.97065002441406,1.2938381872528841,1
2015-02-09,206029.05984644144,28350.583041269958,868.29141653456134,-0.0038622766367838457,-0.016944853844107266,0.862395222002176,198.05465003967285,1.1273802147048928,1
2015-02-10,207921.92877493048,28350.583041269958,868.29141653456134,0.0091873880796224938,-0.0079131447127029908,0.86364794128108235,198.15725006103514,1.4905721273360766,1
2015-02-11,208026.11950521049,28350.583041269958,868.29141653456134,0.00050110505848954823,-0.0074160049710575437,0.86371623376573214,198.25749999999999,1.499795843879284,1
2015-02-12,209754.02419378143,28350.583041269958,868.29141653456134,0.0083061910335142652,0,0.86483890761934445,198.36334999084474,1.8254942499576465,1
2015-02-13,210500.75534196419,28350.583041269958,868.29141653456134,0.0035600325240621178,0,0.86531837857202132,198.47069999694824,1.9517149968232854,1
2015-02-17,210787.29309930967,28350.583041269958,868.29141653456134,0.0013612196159580314,0,0.86550146062214017,198.57959999084471,1.9854025787615908,1
2015-02-18,210804.66263738152,28350.583041269958,868.29141653456134,8.2403155410748496e-05,0,0.86551254281297563,198.68995002746581,1.9668866670122169,1
2015-02-19,210674.410975456,28350.583041269958,868.29141653456134,-0.00061787846765781751,-0.00061787846765781751,0.86542939453347811,198.7977500152588,1.9197731501562671,1
2015-02-20,211768.4666396979,28350.583041269958,868.29141653456134,0.0051931112999259454,0,0.86612462426001524,198.92005004882813,2.1139445835516688,1
2015-02-23,211742.4189571279,28350.583041269958,868.29141653456134,-0.00012300076108273661,-0.00012300076108273661,0.86610815546123443,199.03670005798341,2.0847285087216969,1
2015-02-24,212263.38585760328,28350.583041269958,868.29141653456134,0.0024603804142846464,0,0.8664367718119369,199.15735008239747,2.1618665468339446,1
2015-02-25,212107.09976218338,28350.583041269958,868.29141653456134,-0.00073628381450929759,-0.00073628381450929759,0.8663383589089807,199.27570007324218,2.1066844151248523,1
2015-02-26,211890.02690804971,28350.583041269958,868.29141653456134,-0.0010234115424568868,-0.0017589418356118713,0.86620142790593557,199.38365013122558,2.0376326053832456,1
2015-02-27,211264.85602821881,28350.583041269958,868.29141653456134,-0.0029504497637455884,-0.0047042019298341176,0.86580549375669391,199.48715011596678,1.8928205350816143,1
2015-03-02,212419.6852020988,28350.583041269958,868.29141653456134,0.0054662625653447705,0,0.86653504822635985,199.60180015563964,2.0919774693437874,1
2015-03-03,211664.26266034239,28350.583041269958,868.29141653456134,-0.0035562737089912533,-0.0035562737089912533,0.86605871636080511,199.72040016174316,1.9276490896945937,1
2015-03-04,210891.48382958962,28350.583041269958,868.29141653456134,-0.0036509650757287071,-0.007194254953608592,0.86556790949330809,199.83130012512208,1.7619552667342664,1
2015-03-05,211091.200394727,28350.583041269958,868.29141653456134,0.0009470110481026861,-0.006254056944429931,0.86569509771958186,199.93990013122558,1.7841165263651513,1
2015-03-06,208521.05197219143,28350.583041269958,868.29141653456134,-0.012175535587128028,-0.018353446038667065,0.86403970835016308,200.03965011596679,1.2742516327356694,1
2015-03-09,209267.7831203742,28350.583041269958,868.29141653456134,0.003581082778550071,-0.014838088469653066,0.86452485605506579,200.13580009460449,1.4100405928809214,1
2015-03-10,206332.9538927832,28350.583041269958,868.29141653456134,-0.014024276378475475,-0.02865427139450194,0.86259789090209127,200.21275009155272,0.82273972547813168,1
2015-03-11,205916.17772258777,28350.583041269958,868.29141653456134,-0.0020199205329654024,-0.030616312576320359,0.86231978781451479,200.28350006103517,0.73205912382179539,1
2015-03-12,208173.74070520786,28350.583041269958,868.29141653456134,0.010963504701711591,-0.019988469961488176,0.86381287598892276,200.36140007019043,1.1727327875629845,1
2015-03-13,207071.00689646776,28350.583041269958,868.29141653456134,-0.0052971801582873956,-0.025179767593301094,0.86308762648049131,200.43365005493163,0.94284321469569887,1
2015-03-16,209458.80829193781,28350.583041269958,868.29141653456134,0.011531316871723707,-0.013938806600452214,0.86464840857035863,200.51470008850097,1.4091556381224779,1
2015-03-17,208920.47185339057,28350.583041269958,868.29141653456134,-0.0025701303417945409,-0.016473112392474509,0.86429964096019807,200.5911001586914,1.2881825698952332,1
2015-03-18,211091.200394727,28350.583041269958,868.29141653456134,0.010390214621282867,-0.006254056944429931,0.86569509771958186,200.67890022277831,1.7050929044991048,1
2015-03-19,210257.63480526058,28350.583041269958,868.29141653456134,-0.0039488410123572626,-0.010178201680231425,0.86516264644787755,200.76240020751953,1.5215266665553009,1
2015-03-20,211856.16248287883,29158.962350063633,868.29141653456134,0.0076027093099320098,-0.0026528742789719839,0.8623643418802126,200.84850021362305,1.6606910008878379,1
2015-03-23,211500.15982232153,29158.962350063633,868.29141653456134,-0.0016803979472915787,-0.0043288143417707925,0.86213266990171689,200.92625022888183,1.5710542374676619,1
2015-03-24,210475.582310367,29158.962350063633,868.29141653456134,-0.0048443344573132485,-0.0091521785746088158,0.86146154328217572,200.99345024108888,1.3520099562299184,1
2015-03-25,207818.59944654777,29158.962350063633,868.29141653456134,-0.01262371071576962,-0.021660354835633555,0.85969031440054766,201.04435020446778,0.81504286616803368,1
2015-03-26,207393.14513185419,29158.962350063633,868.29141653456134,-0.002047238869988699,-0.023663249785264906,0.85940247768784617,201.09270019531249,0.7226587375137411,1
2015-03-27,207801.24315755148,29158.962350063633,868.29141653456134,0.0019677507925242033,-0.021742062371259419,0.85967859524326429,201.14680023193358,0.79562616172461753,1
2015-03-30,209980.64984338603,29158.962350063633,868.29141653456134,0.010487938631734472,-0.01148215315540202,0.86113500281186939,201.22035026550293,1.218438580178224,1
2015-03-31,208400.35310573687,29158.962350063633,868.29141653456134,-0.0075259160252519886,-0.01892165546021729,0.86008199163045973,201.28185020446779,0.89392511836128463,1
2015-04-01,207766.50408140779,29158.962350063633,868.29141653456134,-0.0030414968827210398,-0.021905602186840234,0.85965513315544617,201.33890022277831,0.7589814616764301,1
2015-04-02,208409.04449931058,29158.962350063633,868.29141653456134,0.0030926083140476734,-0.018880739320239814,0.86008782670581219,201.39695022583007,0.8787984568602879,1
2015-04-06,209615.9690383306,29158.962350063633,868.29141653456134,0.0057911332107469793,-0.013198946986013649,0.86089341149036414,201.45480026245116,1.1097314968701679,1
2015-04-07,209138.40610942146,29158.962350063633,868.29141653456134,-0.0022782755106879327,-0.015447151659016445,0.86057576466941399,201.50880027770995,1.0039387764155479,1
2015-04-08,209746.20745118055,29158.962350063633,868.29141653456134,0.0029062158073496214,-0.01258582860799673,0.86097978740878767,201.56900024414062,1.1143812271410878,1
2015-04-09,210545.03396450327,29158.962350063633,868.29141653456134,0.0038085385334494237,-0.0088252236877762735,0.86150724241266274,201.63410018920899,1.2610284120350872,1
2015-04-10,211534.88564938965,29158.962350063633,868.29141653456134,0.0047013774974775657,-0.0041653368983545214,0.86215530237223659,201.71080017089844,1.4432448239117455,1
2015-04-13,210710.01145349693,29158.962350063633,868.29141653456134,-0.003899471207127081,-0.0080485654941785389,0.86161567668796346,201.77835014343262,1.2654145213638621,1
2015-04-14,211057.33596955609,29158.962350063633,868.29141653456134,0.0016483531734599044,-0.0064134791991926621,0.86184340754557021,201.8486001586914,1.3206760753210609,1
2015-04-15,211873.5187718751,29158.962350063633,868.29141653456134,0.0038671141117632146,-0.0025711667433462315,0.8623756167401968,201.92165008544922,1.4665478435422117,1
2015-04-16,211821.42340673512,29158.962350063633,868.29141653456134,-0.00024587954852473004,-0.0028164140945529104,0.86234176939660534,201.99490005493163,1.4401785315138669,1
2015-04-17,209720.15976861055,29158.962350063633,868.29141653456134,-0.0099199769519524583,-0.01270845228360018,0.86096252080755875,202.04950004577637,1.0138819951348697,1
2015-04-20,211369.92140947157,29158.962350063633,868.29141653456134,0.0078664904827521198,-0.0049419327197876006,0.86204772109662609,202.11260009765624,1.3259188489351468,1
2015-04-21,211152.84855533793,29158.962350063633,868.29141653456134,-0.0010269808148961612,-0.005963838264592014,0.86190590110641208,202.1696001434326,1.2695775153573738,1
2015-04-22,212047.18765444247,29158.962350063633,868.29141653456134,0.0042355057259393369,-0.0017535924097709099,0.86248833256123236,202.2352001953125,1.4292541743565939,1
2015-04-23,212507.38104527973,29158.962350063633,868.29141653456134,0.0021702404824495147,0,0.86278611967905894,202.30980018615722,1.5021581306696905,1
2015-04-24,212932.83535997331,29158.962350063633,868.29141653456134,0.0020020684109929299,0,0.86306028236195231,202.38245018005372,1.5663241849387213,1
2015-04-27,212168.74792279428,29158.962350063633,868.29141653456134,-0.003588396481394196,-0.003588396481394196,0.86256711869424685,202.45460021972656,1.4021210922721365,1
2015-04-28,212750.50158198338,29158.962350063633,868.29141653456134,0.0027419385035951649,-0.0008562971402775732,0.86294292077695889,202.52875022888185,1.4977575779450765,1
2015-04-29,211995.0922893025,29158.962350063633,868.29141653456134,-0.0035506816062184088,-0.0044039383079904626,0.86245454064440608,202.59360023498536,1.3369066947941344,1
2015-04-30,210162.99687045155,29158.962350063633,868.29141653456134,-0.0086421595852358424,-0.013008038355565077,0.861255488433876,202.64975028991699,0.97350043810719078,1
2015-05-01,212125.33070215245,29158.962350063633,868.29141653456134,0.0093371995114368556,-0.0037922974935065135,0.86253898931567929,202.71355026245118,1.3375030871679263,1
2015-05-04,212646.3108517034,29158.962350063633,868.29141653456134,0.0024560015903167809,-0.0013456097918648213,0.86287576665085575,202.79160026550292,1.4223374378233535,1
2015-05-05,210545.03396450327,29158.962350063633,868.29141653456134,-0.0098815581553424181,-0.011213871225794536,0.86150724241266274,202.84755020141603,1.0086433955764262,1
2015-05-06,209798.30281632053,29158.962350063633,868.29141653456134,-0.0035466576158174057,-0.014720757079826119,0.86101430774875021,202.90105018615722,0.85664258969982399,1
2015-05-07,210518.98628193329,29158.962350063633,868.29141653456134,0.0034351253367561618,-0.011336199388691237,0.86149010659298408,202.95440017700196,0.98522098870829788,1
2015-05-08,212906.78767740334,29158.962350063633,868.29141653456134,0.011342451517756258,-0.00012232816289670101,0.86304352872842482,203.01930015563966,1.4269201674542309,1
2015-05-11,212029.81811637062,29158.962350063633,868.29141653456134,-0.0041190305419548379,-0.004240854831412455,0.86247706756952458,203.07910018920899,1.2461947740404142,1
2015-05-12,211482.79028424967,29158.962350063633,868.29141653456134,-0.0025799570880201683,-0.0068098706959509592,0.86212134656029615,203.14040016174317,1.1303956489219495,1
2015-05-13,211517.52936039338,29158.962350063633,868.29141653456134,0.00016426431719107626,-0.0066467249975199483,0.86214399138342224,203.20150016784669,1.1255224080224306,1
2015-05-14,213419.08968245614,29158.962350063633,868.29141653456134,0.0089900838375565062,0,0.86337228598693339,203.27780021667479,1.4703372224293763,1
2015-05-15,213618.79299851795,29158.962350063633,868.29141653456134,0.00093573314532902074,0,0.86350001354859296,203.35510025024413,1.4911264694080868,1
2015-05-18,214191.86851320887,29158.962350063633,868.29141653456134,0.0026827017728487945,0,0.86386522255738452,203.45515029907227,1.5843578581145037,1
2015-05-19,214131.08175449519,29158.962350063633,868.29141653456134,-0.00028379582817794624,-0.00028379582817794624,0.8638265771080591,203.55780029296875,1.5592011650279536,1
2015-05-20,214000.84334164523,29158.962350063633,868.29141653456134,-0.0006082181614309734,-0.00089184137983211453,0.86374370355395136,203.65275032043456,1.5197428911575415,1
2015-05-21,214539.17978019247,29158.962350063633,868.29141653456134,0.0025155809208088353,0,0.86408560720732386,203.76020034790039,1.6086272962686894,1
2015-05-22,214096.35592742707,29158.962350063633,868.29141653456134,-0.0020640698506403377,-0.0020640698506403377,0.86380449016167404,203.86480033874511,1.5126662051399637,1
2015-05-26,212107.9611640806,29158.962350063633,868.29141653456134,-0.0092873825653552178,-0.011332282609651023,0.86252773262241156,203.96315032958984,1.1260704134881832,1
2015-05-27,213844.54399714971,29158.962350063633,868.29141653456134,0.0081872590898450781,-0.0032378038536106102,0.86364411359285231,204.06045028686523,1.4482159336126679,1
2015-05-28,213636.16253658978,29158.962350063633,868.29141653456134,-0.00097445301462872891,-0.004209101780513369,0.86351111158407212,204.15375030517578,1.3959280308759703,1
2015-05-29,212490.01150720791,29158.962350063633,868.29141653456134,-0.0053649673153325361,-0.0095514874023665541,0.86277490342610985,204.24180030822754,1.1647014582062805,1
2015-06-01,212863.38370583704,29158.962350063633,868.29141653456134,0.0017571282338439964,-0.0078111423567125415,0.86301560257841536,204.32545036315918,1.2263393794662745,1
2015-06-02,212681.03667877155,29158.962350063633,868.29141653456134,-0.00085663876938779637,-0.0086610897987243751,0.86289815582333906,204.40345039367676,1.1797094062022402,1
2015-06-03,213167.27775217881,29158.962350063633,868.29141653456134,0.002286245548735355,-0.0063946456279885266,0.86321088931874956,204.48445037841796,1.2627757339633736,1
2015-06-04,211613.04194617519,29158.962350063633,868.29141653456134,-0.007291155670761662,-0.013639176942017217,0.86220621336996628,204.54830039978026,0.9492878148848819,1
2015-06-05,211300.45650625974,29158.962350063633,868.29141653456134,-0.0014771558361462711,-0.015096185588343247,0.8620023693644987,204.60520042419432,0.87910397654124683,1
2015-06-08,210180.35315944781,29158.962350063633,868.29141653456134,-0.0053009982341365447,-0.020317158969333837,0.86126694568857753,204.65300041198731,0.65223462983549152,1
2015-06-09,210154.30547687784,29158.962350063633,868.29141653456134,-0.00012393014940936808,-0.020438571210196543,0.86124975034940765,204.69775039672851,0.64007817314246596,1
2015-06-10,212325.03401821424,29158.962350063633,868.29141653456134,0.010329212796333698,-0.010320472765145916,0.86266827892012843,204.7565503692627,1.0558918219499664,1
2015-06-11,212915.47907097705,29158.962350063633,868.29141653456134,0.0027808546245760013,-0.0075683178749866853,0.86304911940975759,204.81370040893555,1.1599050726542643,1
2015-06-12,211508.83796681967,29158.962350063633,868.29141653456134,-0.0066065704113905666,-0.014124887661440488,0.86213832655712508,204.86210037231444,0.87559048228017133,1
2015-06-15,210727.38099156879,29158.962350063633,868.29141653456134,-0.0036946776445032636,-0.017767378399269895,0.86162708323494852,204.90640037536622,0.71516548202525432,1
2015-06-16,211717.23267645517,29158.962350063633,868.29141653456134,0.0046973092923598969,-0.013153527978565727,0.86227402473834447,204.95695037841796,0.90016855871721912,1
2015-06-17,212012.44857829876,29158.962350063633,868.29141653456134,0.0013943876845148306,-0.011777481411472168,0.8624658007320033,205.0063503265381,0.94868368243405088,1
2015-06-18,213914.00890036154,29158.962350063633,868.29141653456134,0.0089690974978788862,-0.0029140172926522823,0.86368839282683207,205.0672003173828,1.3066347177597044,1
2015-06-19,213097.81390889303,30053.302509094232,868.29141653456134,-0.0038155284717640292,-0.0067184272484690499,0.85896944713875334,205.11875030517578,0.96336051852525761,1
2015-06-22,214035.57022863941,30053.302509094232,868.29141653456134,0.0044005909893909401,-0.0023474013094906265,0.85958734579962404,205.1771502685547,1.1345763717050776,1
2015-06-23,214165.80864148936,30053.302509094232,868.29141653456134,0.00060848957353587529,-0.001740340105176319,0.85967273347818529,205.23180023193359,1.1482368584547444,1
2015-06-24,212828.64568961941,30053.302509094232,868.29141653456134,-0.0062435874351369769,-0.0079730615746997913,0.8587910832598975,205.28135025024415,0.87979461124845337,1
2015-06-25,212272.93971300029,30053.302509094232,868.29141653456134,-0.0026110487844269725,-0.010563292306393968,0.85842141466676225,205.3340502166748,0.76383630108163125,1
2015-06-26,212238.21388593217,30053.302509094232,868.29141653456134,-0.00016359045630154334,-0.010725154708887019,0.85839824997186209,205.38280021667481,0.74928950873498079,1
2015-06-29,208417.72370373475,30053.302509094232,868.29141653456134,-0.018000953326203328,-0.028533045025759374,0.85580255855871967,205.40840019226073,0.001962128935031989,1
2015-06-30,208791.09590236392,30053.302509094232,868.29141653456134,0.0017914608795934761,-0.02679269998010525,0.85606042068408927,205.44200019836427,0.069221518522424932,1
2015-07-01,210223.77144001573,30053.302509094232,868.29141653456134,0.0068617654956022456,-0.020114779708760522,0.85704136928363728,205.48460021972656,0.34286495205526435,1
2015-07-02,210058.79395102206,30053.302509094232,868.29141653456134,-0.00078477085566286409,-0.020883765071539884,0.8569290914042782,205.51875022888183,0.30521662708259345,1
2015-07-06,209546.5051950448,30053.302509094232,868.29141653456134,-0.002438787476313431,-0.02327162148313866,0.85657931884322869,205.54860023498534,0.19991080693134242,1
2015-07-07,210675.28668635484,30053.302509094232,868.29141653456134,0.0053867827108802224,-0.018010197940517947,0.8573477554876362,205.57960021972656,0.41672075089663507,1
2015-07-08,207644.94487298201,30053.302509094232,868.29141653456134,-0.014383945364623063,-0.032135085601958546,0.85526590821906079,205.59875022888184,-0.18280268003416322,1
2015-07-09,207966.20845739564,30053.302509094232,868.29141653456134,0.0015471774890072343,-0.030637626794001949,0.85548949162454435,205.62750022888184,-0.12481227172453117,1
2015-07-10,210206.40190194387,30053.302509094232,868.29141653456134,0.010771910788608619,-0.020195741787993104,0.85702955648746904,205.67485023498534,0.31095596542061826,1
2015-07-13,212194.79666529034,30053.302509094232,868.29141653456134,0.0094592493156988589,-0.010927529028982419,0.85836927680889641,205.72590026855468,0.6977361607088195,1
2015-07-14,212984.93178503934,30053.302509094232,868.29141653456134,0.003723630985142945,-0.0072445881295227776,0.85889470087289399,205.79760025024413,0.84644527763607658,1
2015-07-15,212924.15827540122,30053.302509094232,868.29141653456134,-0.00028534182737138813,-0.0075278627728787573,0.85885442613692253,205.86115028381349,0.82578049984446267,1
2015-07-16,214391.57288919672,30053.302509094232,868.29141653456134,0.0068917243852504306,-0.00068801834306897458,0.85982050458379444,205.93495033264159,1.1092465980468407,1
2015-07-17,214547.85898461667,30053.302509094232,868.29141653456134,0.00072897499334412252,0,0.85992261749277532,206.01225028991701,1.1303948196618681,1
2015-07-20,214643.37157039851,30053.302509094232,868.29141653456134,0.00044518079198674343,0,0.8599849495038453,206.10345024108886,1.1419430942667086,1
2015-07-21,213914.0099602876,30053.302509094232,868.29141653456134,-0.0033980159963695744,-0.0033980159963695744,0.85950755392471245,206.19030021667481,0.98699564629985526,1
2015-07-22,213584.05498230029,30053.302509094232,868.29141653456134,-0.0015424654890465739,-0.0049352401630105014,0.85929051439919168,206.26455017089845,0.91123318503130479,1
2015-07-23,212550.78607677206,30053.302509094232,868.29141653456134,-0.0048377623770363698,-0.0097491270208646119,0.858606486177665,206.33400016784668,0.69114436793303102,1
2015-07-24,210657.91714828298,30053.302509094232,868.29141653456134,-0.0089054901345101412,-0.018567796400870362,0.85733599327320986,206.40770019531249,0.29013611413404489,1
2015-07-27,209607.27870468292,30053.302509094232,868.29141653456134,-0.0049874149418296376,-0.023462606037493505,0.85662090221858878,206.45845016479493,0.06089719027733146,1
2015-07-28,211812.74632216303,30053.302509094232,868.29141653456134,0.010521903776955277,-0.013187573543621323,0.85811381500439188,206.54140014648436,0.52022284781886852,1
2015-07-29,213063.08808182488,30053.302509094232,868.29141653456134,0.0059030524903356252,-0.0073623679921339669,0.85894646144642117,206.64255020141601,0.78660537053310942,1
2015-07-30,213106.50530246674,30053.302509094232,868.29141653456134,0.00020377636047963499,-0.0071600919082083214,0.85897519896711305,206.75960021972656,0.80006010304452546,1
2015-07-31,212828.64568961941,30053.302509094232,868.29141653456134,-0.0013038532655441637,-0.0084546094645363556,0.8587910832598975,206.87360023498536,0.74027377492322,1
2015-08-03,212212.1529542866,30053.302509094232,868.29141653456134,-0.0028966623986880213,-0.011326781713892897,0.85838086042335127,206.9904002380371,0.59773560067224452,1
2015-08-04,211856.16354280486,30053.302509094232,868.29141653456134,-0.0016775166102689365,-0.012985297459695788,0.85814289276968769,207.10595024108886,0.51098817864098156,1
2015-08-05,212455.28674006581,30053.302509094232,868.29141653456134,0.0028279715220080881,-0.010194047989108501,0.85854292933710907,207.21395027160645,0.6712981858033582,1
2015-08-06,210961.82444370032,30053.302509094232,868.29141653456134,-0.0070295369876708369,-0.017151925539385826,0.85754151212740104,207.30420028686524,0.25615182302699829,1
2015-08-07,210614.49992764115,30053.302509094232,868.29141653456134,-0.0016463856291299983,-0.018770072484795897,0.85730658373749491,207.37360023498536,0.14505212956164579,1
2015-08-10,212889.4324483331,30053.302509094232,868.29141653456134,0.010801405038463718,-0.0081714106018416777,0.85883140293312599,207.46300025939942,0.80884461088019644,1
2015-08-11,211239.67080747208,30053.302509094232,868.29141653456134,-0.007749382493475343,-0.015857469709052219,0.85772888968149641,207.53170028686523,0.30452000853415734,1
2015-08-12,211456.74366160572,30053.302509094232,868.29141653456134,0.0010276140523410859,-0.014846151015418751,0.85787493939096804,207.59415031433105,0.36270607234293106,1
2015-08-13,211230.99266297393,30053.302509094232,868.29141653456134,-0.0010675989553355913,-0.015897900235439577,0.85772304466208105,207.65665031433105,0.28143399120463958,1
2015-08-14,211890.88936987301,30053.302509094232,868.29141653456134,0.003124052481976225,-0.012823513628152039,0.85816614108106493,207.71170028686524,0.48718549906078795,1
2015-08-17,212906.78873732936,30053.302509094232,868.29141653456134,0.0047944457191031464,-0.008090549549067183,0.85884291108175015,207.77410026550294,0.81725475466357744,1
2015-08-18,212377.13044328027,30053.302509094232,868.29141653456134,-0.002487747324499634,-0.010558169630572323,0.85849087212749309,207.82710021972656,0.63372379082054175,1
2015-08-19,210935.77676113034,30053.302509094232,868.29141653456134,-0.006786765030403652,-0.017273278844542106,0.85752392045315551,207.8604002380371,0.13641733228325989,1
2015-08-20,207158.70379957475,30053.302509094232,868.29141653456134,-0.017906269953592791,-0.034870248804160897,0.8549261896416831,207.87140022277833,-1.1636330438468592,1
2015-08-21,201827.39503201557,30053.302509094232,868.29141653456134,-0.025735383885763241,-0.059708233450757042,0.85109403753476121,207.85520019531251,-2.9545120508736291,1
2015-08-24,194594.52594239361,30053.302509094232,868.29141653456134,-0.035836904541500014,-0.093405379729740723,0.84555936317555502,207.79100021362305,-5.0648269386701665,1
2015-08-25,192658.23979326271,30053.302509094232,868.29141653456134,-0.0099503628879268335,-0.10242632519367201,0.84400717798863012,207.71160026550294,-5.2720955678505996,1
2015-08-26,198901.25719799829,30053.302509094232,868.29141653456134,0.032404621839350556,-0.073340789688616792,0.84890340597909153,207.66720031738282,-3.3211485842381538,1
2015-08-27,203077.73679167742,30053.302509094232,868.29141653456134,0.020997753621645687,-0.053883027899269687,0.85201084577811836,207.64365036010742,-2.0870211699055927,1
2015-08-28,203086.41493617557,30053.302509094232,868.29141653456134,4.2733116072835031e-05,-0.053842597372882328,0.85201716954558893,207.61915039062501,-2.0600044398461899,1
2015-08-31,201688.46522559191,30053.302509094232,868.29141653456134,-0.0068835215345299794,-0.060355492228921004,0.85099146609361564,207.58770034790038,-2.4186429138333487,1
2015-09-01,196565.55116766822,30053.302509094232,868.29141653456134,-0.025400134074071268,-0.084222588708271151,0.8471079885027305,207.52560035705565,-3.7132466916794877,1
2015-09-02,199726.131393891,30053.302509094232,868.29141653456134,0.016079013883398385,-0.06949779099800879,0.84952743890170057,207.48145034790039,-2.7928706371952612,1
2015-09-03,199847.69166224281,30053.302509094232,868.29141653456134,0.00060863477154149415,-0.068931454998613972,0.84961896602795639,207.43735038757325,-2.7028447302063507,1
2015-09-04,197277.54323970727,30053.302509094232,868.29141653456134,-0.012860535946941365,-0.08090549549067072,0.8476597892717207,207.37255035400392,-3.2710383424989478,1
2015-09-08,201480.07051595641,30053.302509094232,868.29141653456134,0.021302613603327192,-0.061326380396167113,0.85083734370286446,207.3336003112793,-2.1666727846931244,1
2015-09-09,199187.7817062682,30053.302509094232,868.29141653456134,-0.011377248398901418,-0.072005903331895826,0.84912075303186885,207.27965026855469,-2.6835352261005521,1
2015-09-10,200108.18173701831,30053.302509094232,868.29141653456134,0.0046207655051220264,-0.06771786022105486,0.84981472397470381,207.22550033569337,-2.4083630907566045,1
2015-09-11,200880.96056777105,30053.302509094232,868.29141653456134,0.0038618052697532157,-0.064117568140759862,0.85039247908735893,207.17290039062499,-2.1822127095525974,1
2015-09-14,200247.09829436641,30053.302509094232,868.29141653456134,-0.0031554123975368054,-0.067070663168885325,0.84991891135962727,207.11740036010741,-2.2924168688065678,1
2015-09-15,202374.42286413652,30053.302509094232,868.29141653456134,0.010623497608154731,-0.057159690590482648,0.85149653753789611,207.07150039672851,-1.7634054398861145,1
2015-09-16,203867.87191142645,30053.302509094232,868.29141653456134,0.0073796333852551577,-0.050201874766199861,0.85258441054335743,207.03640037536621,-1.3971101487832869,1
2015-09-17,203477.14342380103,30053.302509094232,868.29141653456134,-0.001916577065145364,-0.052022236069541039,0.85230133466883107,207.00625038146973,-1.4747870882143097,1
2015-09-18,200657.80225423933,30950.247542374433,868.29141653456134,-0.013855812609328777,-0.065157238324371924,0.84575607230483096,206.94805038452148,-2.2993181705734287,1
2015-09-21,201534.78506434761,30950.247542374433,868.29141653456134,0.0043705392975306179,-0.061071471297456603,0.84642726796521794,206.89090042114259,-2.0636569567988117,1
2015-09-22,199320.63930236938,30950.247542374433,868.29141653456134,-0.010986419844451589,-0.071386934317715922,0.84472131109602289,206.82215042114257,-2.5138093938009862,1
2015-09-23,199051.47108309576,30950.247542374433,868.29141653456134,-0.0013504282357096331,-0.072640959621662171,0.84451133481222052,206.75015045166015,-2.5193191181527066,1
2015-09-24,198443.6564922611,30950.247542374433,868.29141653456134,-0.0030535548796869483,-0.075472701344631243,0.84403508739226718,206.68160041809082,-2.5952344641320635,1
2015-09-25,198400.2525206948,30950.247542374433,868.29141653456134,-0.00021872188979743523,-0.075674915702562462,0.84400096698896065,206.61350044250489,-2.5491653371666247,1
2015-09-28,194197.7119953701,30950.247542374433,868.29141653456134,-0.021182132945553267,-0.095254092523060496,0.8406250659476755,206.53775039672851,-3.337569797461319,1
2015-09-29,194293.22458115191,30950.247542374433,868.29141653456134,0.0004918316740214479,-0.09480910982882218,0.84070341305469865,206.45740036010741,-3.2176498506224158,1
2015-09-30,197340.93593259662,30950.247542374433,868.29141653456134,0.015686143240531525,-0.080610155865572852,0.84316357173381529,206.41110038757324,-2.5568084203492512,1
2015-10-01,197775.08164086391,30950.247542374433,868.29141653456134,0.0021999779529553454,-0.078587518478306029,0.8435078510114008,206.37420043945312,-2.435668203880752,1
2015-10-02,200267.0737666139,30950.247542374433,868.29141653456134,0.012600131953302229,-0.066977599627713102,0.84545513668191374,206.35965042114259,-1.934289689876546,1
2015-10-05,203280.04604191484,30950.247542374433,868.29141653456134,0.015044771058132955,-0.052940491222002284,0.84774576676358726,206.34305046081542,-1.3366046244379521,1
2015-10-06,202689.6009891521,30950.247542374433,868.29141653456134,-0.0029045893301352654,-0.05569131016620199,0.84730224248637753,206.29810043334962,-1.4369251096016677,1
2015-10-07,204096.24209330947,30950.247542374433,868.29141653456134,0.0069398780070253352,-0.049137923057781419,0.84835464276591388,206.26255043029786,-1.1534481608379121,1
2015-10-08,205659.16929288674,30950.247542374433,868.29141653456134,0.0076577950850400534,-0.04185641611842239,0.84950708665803742,206.23125045776368,-0.8437702141480945,1
2015-10-09,205763.36002316675,30950.247542374433,868.29141653456134,0.00050661845342592216,-0.041371002897796494,0.84958329053875392,206.19915046691895,-0.81697255736496166,1
2015-10-12,205928.33751216042,30950.247542374433,868.29141653456134,0.00080178263503816183,-0.040602390814475919,0.84970379542569374,206.16790046691895,-0.77879620674891814,1
2015-10-13,204825.60370342032,30950.247542374433,868.29141653456134,-0.0053549395972517511,-0.045739907061412177,0.84889463532503873,206.1269504547119,-0.98270082889910104,1
2015-10-14,203992.03811395389,30950.247542374433,868.29141653456134,-0.0040696357017621088,-0.049623398004401964,0.84827717871476427,206.07980041503907,-1.1322143086295942,1
2015-10-15,206649.02097777312,30950.247542374433,868.29141653456134,0.013024934151278034,-0.037244805344493925,0.85022794980623995,206.05355041503907,-0.61708212335150137,1
2015-10-16,207447.84749109589,30950.247542374433,868.29141653456134,0.0038656196363431317,-0.033523159959042315,0.85080468215654592,206.04220046997071,-0.46166258648273539,1
2015-10-19,207534.66868330399,30950.247542374433,868.29141653456134,0.0004185205740050435,-0.033118669517185673,0.85086709734456845,206.03190048217775,-0.44308835315093203,1
2015-10-20,207308.91768467223,30950.247542374433,868.29141653456134,-0.0010877748766701112,-0.034170418737206276,0.85070469766548396,206.03885047912598,-0.48786292836945927,1
2015-10-21,206214.87526950589,30950.247542374433,868.29141653456134,-0.0052773533689970398,-0.039267442731760527,0.84991263359675184,206.04900047302246,-0.70046110341550116,1
2015-10-22,209175.73893059127,30950.247542374433,868.29141653456134,0.014358147816522671,-0.025473102662357139,0.85203710669025368,206.06375045776366,-0.13420484864227655,1
2015-10-23,211129.39461779402,30950.247542374433,868.29141653456134,0.0093397814545357338,-0.016371234419656711,0.8534062601827499,206.07180046081544,0.24010399777971389,1
2015-10-26,210686.57076502865,30950.247542374433,868.29141653456134,-0.0020974050229576324,-0.01843430233331067,0.85309814749943325,206.08555046081543,0.15269231226427205,1
2015-10-27,210339.25949804502,30950.247542374433,868.29141653456134,-0.0016484736816518852,-0.020052387552726425,0.85285558380192894,206.10530052185058,0.08267156744663956,1
2015-10-28,212379.73637745593,30950.247542374433,868.29141653456134,0.0097008845817956324,-0.010546028868169133,0.85426930049782368,206.13965049743652,0.46991840080655567,1
2015-10-29,212275.54564717592,30950.247542374433,868.29141653456134,-0.00049058696492043641,-0.01103144208879514,0.85419777182522494,206.17950050354003,0.44384123274168963,1
2015-10-30,211494.07542284951,30950.247542374433,868.29141653456134,-0.0036813954332041154,-0.014672226421471812,0.85365903285709421,206.22405044555663,0.28664764893043637,1
2015-11-02,213630.07813711779,30950.247542374433,868.29141653456134,0.010099586525048831,-0.004720823316681777,0.8551222383464695,206.26785041809083,0.69284247284916134,1
2015-11-03,214159.73643116688,30950.247542374433,868.29141653456134,0.0024793245345775539,-0.0022532032351765263,0.85548054896713899,206.31255043029785,0.78761858996108502,1
2015-11-04,213604.03045454778,30950.247542374433,868.29141653456134,-0.0025948200435785829,-0.0048421766218382789,0.85510457140479723,206.34895042419433,0.67369571570560316,1
2015-11-05,213421.68342748226,30950.247542374433,868.29141653456134,-0.00085366847562518,-0.005691711483927886,0.85498077306240117,206.36920036315917,0.63438217851869327,1
2015-11-06,213326.17084170046,30950.247542374433,868.29141653456134,-0.00044752990534002723,-0.0061366941781663131,0.85491584356360473,206.39455032348633,0.61118189741625573,1
2015-11-09,211624.32708477502,30950.247542374433,868.29141653456134,-0.0079776604539922857,-0.014065398169695209,0.85374910357080058,206.4077003479004,0.28033436903808634,1
2015-11-10,212041.10325497045,30950.247542374433,868.29141653456134,0.0019694152176958912,-0.012123683561197529,0.85403656617859569,206.43680030822753,0.35614474773448351,1
2015-11-11,211329.1111829314,30950.247542374433,868.29141653456134,-0.0033578021483076093,-0.01544077677879796,0.85354479858866594,206.47480033874513,0.21279847185606246,1
2015-11-12,208811.05812553584,30950.247542374433,868.29141653456134,-0.011915315610331989,-0.027172110660541815,0.85177869495892622,206.48905029296876,-0.27770264139382705,1
2015-11-13,206813.98521769122,30950.247542374433,868.29141653456134,-0.0095640189067189851,-0.036476254987167889,0.8503474148046789,206.5045002746582,-0.66924289023339356,1
2015-11-16,209488.32437050674,30950.247542374433,868.29141653456134,0.012931133017917151,-0.024016801274485244,0.8522578877110355,206.52300025939942,-0.15265600778583205,1
2015-11-17,209358.08595765679,30950.247542374433,868.29141653456134,-0.00062169771628706183,-0.024623567800267532,0.85216597963818708,206.52615028381348,-0.17856751238887392,1
2015-11-18,212188.71120589226,30950.247542374433,868.29141653456134,0.013520496403506277,-0.011435994256646098,0.85413810486674469,206.54950027465821,0.3687005823615977,1
2015-11-19,212032.42511047231,30950.247542374433,868.29141653456134,-0.00073654293167513263,-0.012164114087584887,0.85403059213113819,206.56165031433105,0.33612012075418918,1
2015-11-20,212692.32181737135,30950.247542374433,868.29141653456134,0.0031122443020459301,-0.0090897274802974604,0.85448347510659128,206.58045028686524,0.46120221610091355,1
2015-11-23,212483.94035681145,30950.247542374433,868.29141653456134,-0.00097973193756772936,-0.01006055392154892,0.85434076810510218,206.60265029907225,0.41683255591023338,1
2015-11-24,212727.06089351507,30950.247542374433,868.29141653456134,0.0011441831147114279,-0.0089278819227591732,0.85450723846616206,206.61535034179687,0.46174357868850019,1
2015-11-25,212701.01321094506,30950.247542374433,868.29141653456134,-0.00012244649298776,-0.0090492352279156751,0.85448942120609606,206.62730041503906,0.45442781978836361,1
2015-11-27,212909.39467150503,30950.247542374433,868.29141653456134,0.0009796919037394769,-0.0080784087866639931,0.85463183721823477,206.6305004119873,0.49427151243782874,1
2015-11-30,212153.98537882412,30950.247542374433,868.29141653456134,-0.0035480317524100302,-0.011597778088189958,0.85411422987360164,206.62505043029785,0.34854447878336414,1
2015-12-01,213881.87681831955,30950.247542374433,868.29141653456134,0.0081445155810300207,-0.0035477207915046716,0.85529279991934559,206.627900390625,0.68374588122522351,1
2015-12-02,212015.05557240045,30950.247542374433,868.29141653456134,-0.0087282815808880088,-0.012245036866354031,0.85401863344650397,206.61990036010741,0.32250689745178129,1
2015-12-03,209479.6462260086,30950.247542374433,868.29141653456134,-0.011958628784860204,-0.024057231800872603,0.85225176717654927,206.59805038452149,-0.16694874832201106,1
2015-12-04,212961.49003664497,30950.247542374433,868.29141653456134,0.016621394361530539,-0.0078357021763512114,0.85466739767340705,206.58995033264159,0.51243525207466134,1
2015-12-07,211858.76947698049,30950.247542374433,868.29141653456134,-0.0051780280062594386,-0.012973156697292709,0.85391094445237337,206.57565032958985,0.30046874148446212,1
2015-12-08,210643.15354438679,30950.247542374433,868.29141653456134,-0.0057378598752118037,-0.018636578417236316,0.85306786847049076,206.55135032653808,0.067639549662450338,1
2015-12-09,209245.20383380313,30950.247542374433,868.29141653456134,-0.0066365779616429643,-0.025149473273274991,0.85208622718560734,206.51990028381348,-0.20055207229821054,1
2015-12-10,209705.39722464042,30950.247542374433,868.29141653456134,0.0021993019787578394,-0.023005482580851777,0.85241082036043192,206.49235023498534,-0.10596256075637764,1
2015-12-11,206240.92295207584,30950.247542374433,868.29141653456134,-0.01652067289833925,-0.039146089426604247,0.84993158923378986,206.44845024108886,-0.77762799551613804,1
2015-12-14,207126.5706576067,30950.247542374433,868.29141653456134,0.0042942384704933723,-0.035019953599295994,0.85057326327515381,206.40300018310546,-0.5970738950299932,1
2015-12-15,208976.03561452951,30950.247542374433,868.29141653456134,0.0089291535656237375,-0.026403498577221352,0.85189570923115665,206.372550201416,-0.22917502025737135,1
2015-12-16,211580.90986413317,30950.247542374433,868.29141653456134,0.012464942412863778,-0.014267674253620855,0.85371909232147103,206.3615502166748,0.28505858404881973,1
2015-12-17,208828.4276636077,30950.247542374433,868.29141653456134,-0.01300912356550965,-0.027091187881772671,0.85179102343177715,206.33355018615723,-0.25203010976491008,1
2015-12-18,205678.26958419842,32002.616739214322,868.29141653456134,-0.015084910204293256,-0.041767429949541746,0.84440448276859204,206.29615020751953,-1.0704592860814013,1
2015-12-21,207110.94512185024,32002.616739214322,868.29141653456134,0.0069656145034091566,-0.03509275126195921,0.84548080392184921,206.2627001953125,-0.78236910711631991,1
2015-12-22,208699.92000399754,32002.616739214322,868.29141653456134,0.007672095172046367,-0.027689891017443458,0.84665726398648689,206.25530021667481,-0.46916341318250165,1
2015-12-23,210888.0180834058,32002.616739214322,868.29141653456134,0.010484422223862699,-0.01749578130234053,0.84824829295632465,206.2629002380371,-0.041368630734253779,1
2015-12-24,210592.78893248661,32002.616739214322,868.29141653456134,-0.0013999332612742998,-0.018871221637437707,0.84803555287225929,206.25580017089842,-0.098070828602437876,1
2015-12-28,210184.70415586489,32002.616739214322,868.29141653456134,-0.0019377908364780483,-0.020772443993553602,0.84774050581966987,206.25270019531251,-0.17757855431085767,1
2015-12-29,212086.25122885211,32002.616739214322,868.29141653456134,0.0090470288055648496,-0.011913344087160493,0.84910565133860649,206.24680015563965,0.19645609541947368,1
2015-12-30,210809.86178662025,32002.616739214322,868.29141653456134,-0.0060182564161340713,-0.017859902943804351,0.84819203206154059,206.23665008544921,-0.052252453159692562,1
2015-12-31,209021.18358841114,32002.616739214322,868.29141653456134,-0.0084847937522941619,-0.026193159103184427,0.84689295032300904,206.20370002746583,-0.3980082463733785,1
2016-01-04,206546.561000733,32002.616739214322,868.29141653456134,-0.011839099488360816,-0.03772215517500821,0.84505858347793683,206.16130004882814,-0.87584083391758205,1
2016-01-05,206841.77690257662,32002.616739214322,868.29141653456134,0.0014292946850011923,-0.036346776565905459,0.84527972434559151,206.11605003356934,-0.80994277517847502,1
2016-01-06,204636.32253417207,32002.616739214322,868.29141653456134,-0.010662518962227474,-0.046621747333783103,0.84361223685560405,206.06015007019042,-1.2296367145183529,1
2016-01-07,200494.56876756105,32002.616739214322,868.29141653456134,-0.020239582667047729,-0.06591772529158646,0.84038162761248736,205.98630004882813,-2.0076853241764407,1
2016-01-08,198645.10381063825,32002.616739214322,868.29141653456134,-0.0092245140020074112,-0.074534180313661214,0.83889551705376364,205.91710006713868,-2.3222027905959863,1
2016-01-11,198810.08129963191,32002.616739214322,868.29141653456134,0.0008305137445066002,-0.073765568230340639,0.83902920551105087,205.85130004882814,-2.2506273675089457,1
2016-01-12,200155.9356450756,32002.616739214322,868.29141653456134,0.0067695477847289354,-0.067495379984614745,0.84011157782518819,205.79090003967286,-1.9674494271799234,1
2016-01-13,195962.08651332458,32002.616739214322,868.29141653456134,-0.020952909131746744,-0.087034064552731216,0.83668975306078774,205.69380004882814,-2.6860891150522632,1
2016-01-14,198653.78195513639,32002.616739214322,868.29141653456134,0.013735797009023942,-0.074493749787273855,0.83890255486582321,205.62130004882812,-2.1552427181178917,1
2016-01-15,195076.42555871818,32002.616739214322,868.29141653456134,-0.018007995424049406,-0.091160262106033785,0.83594831283403082,205.53185005187987,-2.7367187079291653,1
2016-01-19,195293.49841285183,32002.616739214322,868.29141653456134,0.0011127580050327435,-0.090148943412400317,0.83613065975416878,205.43995002746581,-2.6367498981230746,1
2016-01-20,193200.9129192254,32002.616739214322,868.29141653456134,-0.010715080177439829,-0.099898070433264818,0.83435576853307025,205.32904998779296,-2.9217775730425828,1
2016-01-21,194103.94341190366,32002.616739214322,868.29141653456134,0.0046740487870045033,-0.095690950101193106,0.83512639580277737,205.22610000610351,-2.7017065256675403,1
2016-01-22,197429.50112712011,32002.616739214322,868.29141653456134,0.017132870444364734,-0.080197540307610282,0.8379035728879819,205.13880004882813,-2.1076815403280169,1
2016-01-25,194928.81760779637,32002.616739214322,868.29141653456134,-0.012666209989122157,-0.091847951410585105,0.83582408628977223,205.03250007629396,-2.4706514228419976,1
2016-01-26,197151.64151427275,32002.616739214322,868.29141653456134,0.011403259578318448,-0.081492057863938427,0.83767511904334058,204.9333000946045,-2.0728249634851328,1
2016-01-27,195354.28517156551,32002.616739214322,868.29141653456134,-0.0091166187047806435,-0.089865744549705751,0.83618164960595187,204.82850013732912,-2.3193308649411253,1
2016-01-28,196205.20705002823,32002.616739214322,868.29141653456134,0.0043557881400728693,-0.085901392553941247,0.83689211300567412,204.72660011291504,-2.1460757425728514,1
2016-01-29,200208.03101021558,32002.616739214322,868.29141653456134,0.020401211672056663,-0.067252673374301852,0.84015318177929943,204.64305015563966,-1.4949318585836036,1
2016-02-01,200147.24425150189,32002.616739214322,868.29141653456134,-0.00030361798378897298,-0.06753587223699653,0.84010463467086105,204.55945014953613,-1.4870498656018665,1
2016-02-02,197116.91568720463,32002.616739214322,868.29141653456134,-0.015140496066432974,-0.081653841695482177,0.83764652248314531,204.47050018310546,-1.9332728842237183,1
2016-02-03,198106.76737209101,32002.616739214322,868.29141653456134,0.0050216475914077741,-0.077042230921553712,0.83845773083003328,204.37775016784667,-1.755334927924205,1
2016-02-04,198367.25744686648,32002.616739214322,868.29141653456134,0.0013148974072461073,-0.075828636143994821,0.83866986340834826,204.28775016784667,-1.692773077726111,1
2016-02-05,195197.98582706999,32002.616739214322,868.29141653456134,-0.015976788007191156,-0.090593926106638856,0.83605047662957899,204.17435012817384,-2.1433485000467662,1
2016-02-08,193001.20960316362,32002.616739214322,868.29141653456134,-0.011254092682352446,-0.10082846634812903,0.83418437218597752,204.045650100708,-2.4290284184306241,1
2016-02-09,193009.88774766173,32002.616739214322,868.29141653456134,4.4964197457364463e-05,-0.10078803582174189,0.83419182761738064,203.91455009460449,-2.381908988046761,1
2016-02-10,192870.97119031366,32002.616739214322,868.29141653456134,-0.00071973803502589639,-0.10143523287391132,0.83407240321491394,203.7870500946045,-2.3571749126627934,1
2016-02-11,190778.38569668721,32002.616739214322,868.29141653456134,-0.010849665352499427,-0.11118435989477593,0.83225239786809857,203.64415008544921,-2.6064411187018703,1
2016-02-12,194051.84804676368,32002.616739214322,868.29141653456134,0.01715845502163349,-0.095933656711505888,0.83508213365995798,203.52445007324218,-2.0990485794336626,1
2016-02-16,196786.96070921732,32002.616739214322,868.29141653456134,0.014094751943792394,-0.083191065862123104,0.83737430252554668,203.43105003356933,-1.6855164205404836,1
2016-02-17,199478.66940010467,32002.616739214322,868.29141653456134,0.013678287835670044,-0.070650689370671427,0.8395687276466387,203.34185005187987,-1.2889624381338607,1
2016-02-18,198792.71176156006,32002.616739214322,868.29141653456134,-0.003438751825483366,-0.073846491009109783,0.83901514066773464,203.24569999694825,-1.371273869779825,1
2016-02-19,198714.56871385008,32002.616739214322,868.29141653456134,-0.0003930880916988011,-0.074210550924579177,0.83895183455170708,203.16120002746581,-1.3671516699983215,1
2016-02-22,201128.41779189013,32002.616739214322,868.29141653456134,0.012147318103867821,-0.062964691989455424,0.8408846592114706,203.09490005493163,-1.0167681313856114,1
2016-02-23,198992.42832669741,32002.616739214322,868.29141653456134,-0.010620028182207641,-0.072916033368251143,0.83917671135369154,203.01215011596679,-1.3035041537138992,1
2016-02-24,199756.51576387644,32002.616739214322,868.29141653456134,0.0038397814610542369,-0.069356233540337819,0.83979187553990364,202.92005012512206,-1.1840934190023917,1
2016-02-25,201788.31449878917,32002.616739214322,868.29141653456134,0.010171376523779863,-0.059890305382168108,0.84140500494935078,202.84470008850099,-0.89004851055796641,1
2016-02-26,201397.58601116374,32002.616739214322,868.29141653456134,-0.0019363286154401305,-0.061710666685509175,0.84109731713745384,202.77025009155273,-0.93552564858337128,1
2016-02-29,200069.10120379191,32002.616739214322,868.29141653456134,-0.0065963293487449892,-0.067899932152465925,0.84004218269258779,202.68795005798339,-1.1105958352108842,1
2016-03-01,204019.82979883929,32002.616739214322,868.29141653456134,0.01974682032995756,-0.049493919583139423,0.84313967534053702,202.61745002746582,-0.54986104535868818,1
2016-03-02,204792.60862959202,32002.616739214322,868.29141653456134,0.0037877633341556471,-0.045893627502844314,0.84373158312028063,202.5502500152588,-0.43445757613146063,1
2016-03-03,205469.87487456293,32002.616739214322,868.29141653456134,0.0033070834416484285,-0.042738318116787855,0.84424667237106388,202.48364997863769,-0.33215824897419677,1
2016-03-04,206034.25899568017,32002.616739214322,868.29141653456134,0.0027467974147634688,-0.040108914203738744,0.84467332328510814,202.42064994812011,-0.245564002455335,1
2016-03-07,206173.18880210383,32002.616739214322,868.29141653456134,0.00067430439530236086,-0.039461655425574782,0.84477799016858512,202.35919990539551,-0.21913805326810881,1
2016-03-08,204271.62848004105,32002.616739214322,868.29141653456134,-0.0092231212657238881,-0.048320817057962318,0.84333303172182217,202.28369987487793,-0.48308037339476034,1
2016-03-09,205122.56360757933,32002.616739214322,868.29141653456134,0.0041657039397491324,-0.044356403336203387,0.84398295255104838,202.21564987182617,-0.35418637855791035,1
2016-03-10,205261.48016492743,32002.616739214322,868.29141653456134,0.00067723684271947526,-0.043709206284033852,0.84408854153492296,202.15984985351562,-0.32807184569148096,1
2016-03-11,208057.37958609476,32002.616739214322,868.29141653456134,0.013621159795402571,-0.03068341657195639,0.84618369796409199,202.11014984130858,0.081734058579304325,1
2016-03-14,207831.62858746297,32002.616739214322,868.29141653456134,-0.0010850420162019647,-0.031735165791977105,0.84601661952648144,202.06034980773927,0.055533418931586934,1
2016-03-15,207545.09083011749,32002.616739214322,868.29141653456134,-0.0013787014002293319,-0.033070113874692497,0.84580402932580323,202.01549980163574,0.019579908365696071,1
2016-03-16,208560.99019757388,32002.616739214322,868.29141653456134,0.0048948368925185726,-0.02833714979560753,0.84655511700007935,201.97434974670409,0.17369926385740161,1
2016-03-17,209681.09354438577,32002.616739214322,868.29141653456134,0.0053706272958851109,-0.023118710769902351,0.84737481001147141,201.94069976806639,0.34318779719978482,1
2016-03-18,210375.72667761345,32914.322726575614,868.29141653456134,0.0033128076617963131,-0.019882490950275389,0.8435450550955691,201.90299980163573,0.31731138178189006,1
2016-03-21,210627.52535881521,32914.322726575614,868.29141653456134,0.0011968998761326954,-0.018709388425098283,0.84373209213513622,201.8756997680664,0.35884456378757229,1
2016-03-22,210532.01277303341,32914.322726575614,868.29141653456134,-0.00045346678037017085,-0.019154371119336711,0.84366119768180192,201.84964973449706,0.348859194598587,1
2016-03-23,209359.82731015707,32914.322726575614,868.29141653456134,-0.0055677302821401931,-0.024615455029360356,0.84278587181955145,201.82329978942872,0.17880149153356373,1
2016-03-24,209281.67101337155,32914.322726575614,868.29141653456134,-0.0003733108581033262,-0.024979576670824066,0.84272716016075466,201.79664978027344,0.17093298472182783,1
2016-03-28,209385.87499272707,32914.322726575614,868.29141653456134,0.00049791259239739816,-0.024494101724203854,0.84280542931695424,201.75809982299805,0.19207184441312983,1
2016-03-29,211018.25384644064,32914.322726575614,868.29141653456134,0.0077960313883171928,-0.016889027121757216,0.84402144304289639,201.72554977416993,0.44156326660502049,1
2016-03-30,211799.72407076712,32914.322726575614,868.29141653456134,0.0037033299730324654,-0.013248242789080211,0.84459695180916194,201.70559982299804,0.56243264963564021,1
2016-03-31,211365.57836249983,32914.322726575614,868.29141653456134,-0.0020497935498831055,-0.015270880176347035,0.8442777533524104,201.6876498413086,0.50045027576128376,1
2016-04-01,212581.18104601797,32914.322726575614,868.29141653456134,0.0057511856610508172,-0.0096075201823979661,0.84516821966733469,201.67099983215331,0.6867914747739986,1
2016-04-04,211999.42738682887,32914.322726575614,868.29141653456134,-0.0027366188122888158,-0.01231784687421611,0.84474334137460738,201.64929985046388,0.60348401051552758,1
2016-04-05,210210.74918861978,32914.322726575614,868.29141653456134,-0.0084371841011878779,-0.020651103033595963,0.84342226620846139,201.6063498687744,0.3406339716345787,1
2016-04-06,212147.03533775068,32914.322726575614,868.29141653456134,0.009211166206317456,-0.011630157569664679,0.84485136606234423,201.58439987182618,0.63924943039630711,1
2016-04-07,210002.35447898426,32914.322726575614,868.29141653456134,-0.010109407634907419,-0.021621991200842183,0.84326688713449893,201.54469985961913,0.31938338586680637,1
2016-04-08,210479.9174078934,32914.322726575614,868.29141653456134,0.0022740836886994131,-0.019397077729649714,0.84362250265050109,201.50699989318846,0.39921420746692043,1
2016-04-11,210063.14123769797,32914.322726575614,868.29141653456134,-0.0019801232123620727,-0.021338792338147394,0.84331224158296658,201.47459991455079,0.34064743032862305,1
2016-04-12,211712.8896294834,32914.322726575614,868.29141653456134,0.0078535833657682463,-0.013652794956931502,0.84453321295562767,201.45489990234375,0.59891631401138423,1
2016-04-13,213518.93736576434,32914.322726575614,868.29141653456134,0.0085306461002052636,-0.0052386160187823938,0.84584822717531427,201.44579986572265,0.88020916254045289,1
2016-04-14,213527.61551026249,32914.322726575614,868.29141653456134,4.0643441772569844e-05,-0.0051981854923951465,0.84585449217928588,201.45874984741212,0.87873280235022699,1
2016-04-15,213327.91219420073,32914.322726575614,868.29141653456134,-0.00093525755712919878,-0.0061285814072592482,0.84571019146986992,201.46839981079103,0.84580313169565513,1
2016-04-18,214595.62349193444,32914.322726575614,868.29141653456134,0.0059425477177110775,-0.00022245307700263783,0.84662164963577313,201.47709983825683,1.0391702604236939,1
2016-04-19,215168.68575754983,32914.322726575614,868.29141653456134,0.0026704284844696335,0,0.84703014469464577,201.49004981994628,1.1239292902976719,1
2016-04-20,215342.35464011721,32914.322726575614,868.29141653456134,0.00080712898327162108,0,0.8471535115254849,201.50694984436035,1.1460126335600185,1
2016-04-21,214361.18109972891,32914.322726575614,868.29141653456134,-0.0045563425830837945,-0.0045563425830837945,0.84645390290482392,201.51169982910156,0.99408957370361983,1
2016-04-22,214361.18109972891,32914.322726575614,868.29141653456134,0,-0.0045563425830837945,0.84645390290482392,201.5338998413086,0.98909364881168305,1
2016-04-25,214048.59565981349,32914.322726575614,868.29141653456134,-0.0014582184997851133,-0.0060079169398229437,0.84622967216806122,201.55244987487794,0.93714012847361061,1
2016-04-26,214317.76387908711,32914.322726575614,868.29141653456134,0.0012575098586555811,-0.004757962095949031,0.84642279701487977,201.55964988708496,0.97652393613454302,1
2016-04-27,214691.13607771625,32914.322726575614,868.29141653456134,0.0017421430303825591,-0.0030241081160706784,0.84668988516293042,201.55754989624023,1.0341591696081138,1
2016-04-28,213041.37443685526,32914.322726575614,868.29141653456134,-0.0076843491119437113,-0.010685218925498341,0.84550267377132737,201.54139991760255,0.78582853041094602,1
2016-04-29,212068.89229004073,32914.322726575614,868.29141653456134,-0.0045647571950995225,-0.015201200690626471,0.84479419696520308,201.51999992370605,0.64140516457327135,1
2016-05-02,213492.8896831944,32914.322726575614,868.29141653456134,0.006714786774130399,-0.008588486737844292,0.84582941953983704,201.49834991455077,0.86586323035653601,1
2016-05-03,211921.28433911892,32914.322726575614,868.29141653456134,-0.0073613943134481774,-0.01588665781385934,0.84468609262528938,201.46674995422364,0.63072809361795401,1
2016-05-04,210922.74126065883,32914.322726575614,868.29141653456134,-0.0047118583750286325,-0.020523660507216435,0.84395081094693325,201.42884994506835,0.48371182200570645,1
2016-05-05,210888.01543359068,32914.322726575614,868.29141653456134,-0.00016463766239993571,-0.020684919202126673,0.84392511514273116,201.39494995117187,0.48497737915272965,1
2016-05-06,211539.23399599164,32914.322726575614,868.29141653456134,0.0030879827905916368,-0.017660811086055883,0.84440558800927068,201.36669998168946,0.59276355233870215,1
2016-05-09,211686.84194691345,32914.322726575614,868.29141653456134,0.00069778049269397791,-0.016975353962823014,0.84451408304900766,201.34525001525878,0.62048226016133956,1
2016-05-10,213909.66585338983,32914.322726575614,868.29141653456134,0.010500529395368829,-0.0066530747707375104,0.84612980159047813,201.3475,0.96940495724218401,1
2016-05-11,212216.50024096254,32914.322726575614,868.29141653456134,-0.0079153300795100634,-0.014515743567393602,0.84490215092039089,201.34605003356933,0.7035525481854783,1
2016-05-12,212268.59560610249,32914.322726575614,868.29141653456134,0.00024548216128716938,-0.014273824762210063,0.84494021533146024,201.33220001220704,0.71485307111187069,1
2016-05-13,210705.66840652516,32914.322726575614,868.29141653456134,-0.0073629695203598633,-0.021531696545906809,0.84379004620287512,201.30214996337889,0.47455069931773036,1
2016-05-16,212459.62077766616,32914.322726575614,868.29141653456134,0.008324182184586526,-0.013386748126111625,0.84507963157375843,201.28194992065428,0.75671065651726821,1
2016-05-17,210783.82470331073,32914.322726575614,868.29141653456134,-0.0078875979737773605,-0.021168756812493972,0.84384796711557797,201.25369995117188,0.49667476852295306,1
2016-05-18,210835.92006845074,32914.322726575614,868.29141653456134,0.00024715067777769661,-0.020926838007310211,0.84388655066039242,201.22930000305175,0.50978194880361727,1
2016-05-19,210219.42733311793,32914.322726575614,868.29141653456134,-0.0029240403396757486,-0.023789687428470763,0.84342872995073415,201.2033999633789,0.41618642473131207,1
2016-05-20,211339.53067992983,32914.322726575614,868.29141653456134,0.0053282580065112661,-0.018588187014472624,0.84425856052257542,201.18049995422362,0.60028094853878655,1
2016-05-23,211096.41014322621,32914.322726575614,868.29141653456134,-0.0011503788994015052,-0.0197171824557546,0.84407919251566765,201.16479995727539,0.56443108923244101,1
2016-05-24,213406.05524191068,32914.322726575614,868.29141653456134,0.010941186053885943,-0.0089917257635753201,0.84576668787928766,201.16439994812012,0.93568646830398883,1
2016-05-25,214630.34931900259,32914.322726575614,868.29141653456134,0.0057369228614627676,-0.0033063877392096597,0.84664646527851728,201.1579499053955,1.1345852738002999,1
2016-05-26,214682.44468414254,32914.322726575614,868.29141653456134,0.00024272133603298052,-0.0030644689340261211,0.84668367842092673,201.16129989624022,1.1419129926513516,1
2016-05-27,215463.91490846901,32914.322726575614,868.29141653456134,0.0036401216945158854,0,0.84723974434160854,201.16789993286133,1.2652819303517264,1
2016-05-31,215116.59039240982,32914.322726575614,868.29141653456134,-0.0016119846156454898,-0.0016119846156454898,0.84699309957203117,201.17379989624024,1.2075508702683464,1
2016-06-01,215489.96259103896,32914.322726575614,868.29141653456134,0.0017356736546820795,0,0.84725820947381647,201.17804992675781,1.2659708380842394,1
2016-06-02,216045.66856765811,32914.322726575614,868.29141653456134,0.0025788021397255001,0,0.8476510871761912,201.17964996337889,1.3544599685841421,1
2016-06-03,215498.6407355371,32914.322726575614,868.29141653456134,-0.0025320009225258122,-0.0025320009225258122,0.84726436039581099,201.18114997863771,1.266225500413565,1
2016-06-06,216427.71891078539,32914.322726575614,868.29141653456134,0.0043112948280192853,0,0.8479200220183285,201.19629997253418,1.4094518764040924,1
2016-06-07,216714.2434190553,32914.322726575614,868.29141653456134,0.0013238808305697791,0,0.84812109159373539,201.23484992980957,1.4428403058943462,1
2016-06-08,217313.3666163162,32914.322726575614,868.29141653456134,0.0027645769277029331,0,0.84853981492685437,201.30754989624023,1.5200591826374963,1
2016-06-09,217061.56793511444,32914.322726575614,868.29141653456134,-0.0011586893393737974,-0.0011586893393737974,0.84836411604464879,201.42044990539551,1.466494195836765,1
2016-06-10,215316.3069575472,32914.322726575614,868.29141653456134,-0.0080403960690496046,-0.009189769087213806,0.84713502106895611,201.53444992065431,1.181462996134482,1
2016-06-13,213909.66585338983,32914.322726575614,868.29141653456134,-0.0065329055845022577,-0.015662638777926063,0.84612980159047813,201.60439987182616,0.94768973884702634,1
2016-06-14,213553.66319283249,32914.322726575614,868.29141653456134,-0.0016642663581240003,-0.017300838333252466,0.84587329369829178,201.64824981689452,0.88335449936996546,1
2016-06-15,213301.86451163073,32914.322726575614,868.29141653456134,-0.001179088559929764,-0.018459527672626264,0.84569135013453722,201.69059982299805,0.83617649123359739,1
2016-06-16,213840.20095017797,32914.322726575614,868.29141653456134,0.0025238243452760933,-0.015982291932692627,0.84607981763801177,201.74409980773925,0.91313981919744758,1
2016-06-17,213169.88792605864,33850.340873599875,868.29141653456134,-0.0031346445670218381,-0.019066837695139061,0.84120486620820767,201.81784980773926,0.65042775545871412,1
2016-06-20,214324.71709993866,33850.340873599875,868.29141653456134,0.005417412304877578,-0.013752718311406231,0.84206048965497715,201.88004981994629,0.82601231047137569,1
2016-06-21,214837.00585591592,33850.340873599875,868.29141653456134,0.0023902458050995001,-0.011395344883559311,0.84243710370688107,201.94449981689453,0.89863598777982878,1
2016-06-22,214541.7899540723,33850.340873599875,868.29141653456134,-0.0013741389695293149,-0.012753825065612845,0.84222029246215235,202.02204986572266,0.84292175910491962,1
2016-06-23,216894.85227339866,33850.340873599875,868.29141653456134,0.010967850691606884,-0.001925856423072525,0.84393202273454104,202.08894989013672,1.2062789080688816,1
2016-06-24,210321.89313975131,33850.340873599875,868.29141653456134,-0.030304818508841591,-0.0321723122025388,0.83905460164763956,202.13119995117188,0.1537530421857316,1
2016-06-27,207161.31291352853,33850.340873599875,868.29141653456134,-0.015027347743217012,-0.046716195422584872,0.83659911979931612,202.14994995117186,-0.35415340111947607,1
2016-06-28,210287.15406360762,33850.340873599875,868.29141653456134,0.015088923245933694,-0.032332169263724619,0.83902801374466829,202.18224990844726,0.14154538024907551,1
2016-06-29,213291.44819441045,33850.340873599875,868.29141653456134,0.014286626989559625,-0.018507459916199065,0.84129536762886981,202.23549995422363,0.61590207506708972,1
2016-06-30,215740.02309951861,33850.340873599875,868.29141653456134,0.011479948801680795,-0.0072399758068054654,0.84309661050705897,202.290599899292,0.99896308161163827,1
2016-07-01,216122.07344264592,33850.340873599875,868.29141653456134,0.0017708830176172974,-0.0054819139393923466,0.84337397687153415,202.3392999267578,1.0506359853194009,1
2016-07-05,214810.95817334592,33850.340873599875,868.29141653456134,-0.0060665495588443363,-0.011515207195646027,0.84241799784588423,202.38269996643066,0.83415793386500814,1
2016-07-06,215896.32244401413,33850.340873599875,868.29141653456134,0.0050526485236026542,-0.0065207409666795391,0.84321020158933979,202.45375000000001,0.9971349395595146,1
2016-07-07,215783.44032016047,33850.340873599875,868.29141653456134,-0.00052285338895907696,-0.0070401849641257286,0.84312818062694839,202.51909996032714,0.96948680728135717,1
2016-07-08,218492.50530004411,33850.340873599875,868.29141653456134,0.012554554584282229,0,0.84507321737596908,202.61279991149902,1.3861990552949297,1
2016-07-11,219143.72386244504,33850.340873599875,868.29141653456134,0.0029805075533673175,0,0.84553360563112689,202.71179985046388,1.4737768503735427,1
2016-07-12,220489.5782078887,33850.340873599875,868.29141653456134,0.0061414231798326835,0,0.84647645866652232,202.82204986572265,1.6682570647656534,1
2016-07-13,220463.53052531873,33850.340873599875,868.29141653456134,-0.00011813566328933156,-0.00011813566328933156,0.84645831991830323,202.93239982604982,1.6454926060573096,1
2016-07-14,221505.47757534508,33850.340873599875,868.29141653456134,0.0047261651282803907,0,0.84718056978033118,203.07294982910156,1.7953827668759952,1
2016-07-15,221253.67889414332,33850.340873599875,868.29141653456134,-0.0011367605169768646,-0.0011367605169768646,0.84700665298408329,203.21149986267091,1.7417536251794952,1
2016-07-18,221757.28950562244,33850.340873599875,868.29141653456134,0.0022761683059744353,0,0.84735410074201134,203.33539985656739,1.8015380133359316,1
2016-07-19,221566.26433405877,33850.340873599875,868.29141653456134,-0.00086141552320351256,-0.00086141552320351256,0.84722249582832154,203.45569984436034,1.7515925807599526,1
2016-07-20,222347.72130930965,33850.340873599875,868.29141653456134,0.0035269673278088831,0,0.84775944329777775,203.56614982604981,1.8504207268550843,1
2016-07-21,221635.7292372706,33850.340873599875,868.29141653456134,-0.0032021559197747962,-0.0032021559197747962,0.84727037923853143,203.6551498413086,1.7153352941979896,1
2016-07-22,222477.97297123517,33850.340873599875,868.29141653456134,0.0038001261658624497,0,0.84784857385420143,203.75239990234374,1.8215688059126089,1
2016-07-25,221965.67096618234,33850.340873599875,868.29141653456134,-0.0023027088848883714,-0.0023027088848883714,0.84749740477320412,203.83859985351563,1.7188372191907908,1
2016-07-26,222052.50540746603,33850.340873599875,868.29141653456134,0.00039120662625768965,-0.0019124030936049641,0.84755704146870781,203.91629981994629,1.709672074005032,1
2016-07-27,221852.80209140424,33850.340873599875,868.29141653456134,-0.00089935178031574914,-0.0028100349507937938,0.84741981821057466,203.99224983215333,1.6578443154945464,1
2016-07-28,222069.87494553789,33850.340873599875,868.29141653456134,0.00097845441701571723,-0.0018343300248876426,0.84756896503003132,204.06849983215332,1.6694741354508431,1
2016-07-29,222373.76899187965,33850.340873599875,868.29141653456134,0.0013684613746745011,-0.00046837886000061779,0.84777727594824381,204.15284980773924,1.6931407372554821,1
2016-08-01,222217.4828964597,33850.340873599875,868.29141653456134,-0.00070280814202350328,-0.0011708578215477994,0.84767021733671544,204.24109985351564,1.6484269578291191,1
2016-08-02,221010.55835743967,33850.340873599875,868.29141653456134,-0.0054312762582338081,-0.0065957748274937389,0.84683835412580688,204.30709983825685,1.451895141052582,1
2016-08-03,221557.57294048506,33850.340873599875,868.29141653456134,0.0024750608618466785,-0.0041370389097761251,0.84721650258060566,204.37164978027343,1.5161507041762492,1
2016-08-04,221757.28950562244,33850.340873599875,868.29141653456134,0.0009014206216775289,-0.0032393475002845395,0.84735410074201134,204.43684982299806,1.5283265740472562,1
2016-08-05,223294.15577355417,33850.340873599875,868.29141653456134,0.0069303979650814362,0,0.84840471638707826,204.5121997833252,1.7315722939685094,1
2016-08-08,223181.28689877607,33850.340873599875,868.29141653456134,-0.00050547169220394039,-0.00050547169220394039,0.84832805051010973,204.5931997680664,1.6930037484845732,1
2016-08-09,223294.15577355417,33850.340873599875,868.29141653456134,0.00050572732304976498,0,0.84840471638707826,204.65779975891112,1.6890221529096554,1
2016-08-10,222825.28423821877,33850.340873599875,868.29141653456134,-0.002099793134805128,-0.002099793134805128,0.84808572784132052,204.70844978332519,1.6052663149279842,1
2016-08-11,223702.25379925148,33850.340873599875,868.29141653456134,0.0039356824519751754,0,0.84868127031041507,204.76669975280763,1.7110354642401486,1
2016-08-12,223537.28955933338,33850.340873599875,868.29141653456134,-0.00073742770632134746,-0.00073742770632134746,0.84856960133886306,204.82599975585939,1.6687284003756893,1
2016-08-15,224084.30414237877,33850.340873599875,868.29141653456134,0.0024470842610810895,0,0.84893925969892103,204.87669975280761,1.7276412005321089,1
2016-08-16,223103.1438510661,33850.340873599875,868.29141653456134,-0.0043785319773635978,-0.0043785319773635978,0.84827492661332971,204.92234977722168,1.5757378737362226,1
2016-08-17,223459.13326254784,33850.340873599875,868.29141653456134,0.0015956270509545067,-0.0027898914304756994,0.84851663756420181,204.97454978942872,1.6089497841202112,1
2016-08-18,223884.60082631698,33850.340873599875,868.29141653456134,0.001904006148941928,-0.00089119725197217559,0.84880451469790918,205.01689979553223,1.6530217388344548,1
2016-08-19,223606.74121346965,33850.340873599875,868.29141653456134,-0.0012410840755541219,-0.0021311752768087278,0.8486166352145702,205.05459976196289,1.6019466308529404,1
2016-08-22,223598.0630689715,33850.340873599875,868.29141653456134,-3.8809851845456045e-05,-0.0021699024180573678,0.84861075982058787,205.09544975280761,1.5873559763257052,1
2016-08-23,223980.11341209881,33850.340873599875,868.29141653456134,0.0017086478204844102,-0.00046496219661040783,0.8488689894922995,205.13954978942871,1.6247159445384618,1
2016-08-24,223007.63126528429,33850.340873599875,868.29141653456134,-0.0043418236199624927,-0.0048047670327252545,0.84820994384119375,205.17859985351564,1.4815602827088088,1
2016-08-25,222877.37960335874,33850.340873599875,868.29141653456134,-0.00058406818271883321,-0.005386028903894835,0.84812123628767866,205.22669982910156,1.4510804726296518,1
2016-08-26,222521.37694280143,33850.340873599875,868.29141653456134,-0.001597302791296551,-0.0069747285761891931,0.84787825179465337,205.27034980773925,1.392006359149087,1
2016-08-29,223450.45511804969,33850.340873599875,868.29141653456134,0.0041752311081872939,-0.0028286185717244505,0.84851075440541568,205.3234497833252,1.5015073283709695,1
2016-08-30,223137.86967813424,33850.340873599875,868.29141653456134,-0.0013989026773308932,-0.0042235642869621337,0.84829853882522332,205.38924980163574,1.4448378259199142,1
2016-08-31,222599.53323958701,33850.340873599875,868.29141653456134,-0.0024125731742611345,-0.0066259478033248165,0.84793166283432286,205.46344985961915,1.3593133048180326,1
2016-09-01,222608.21138408512,33850.340873599875,868.29141653456134,3.8985456850770817e-05,-0.0065872206620761764,0.84793759105680533,205.52229988098145,1.3475508118915911,1
2016-09-02,223459.13326254784,33850.340873599875,868.29141653456134,0.003822508941480729,-0.0027898914304756994,0.84851663756420181,205.58679985046388,1.4438802077114097,1
2016-09-06,224032.20877723879,33850.340873599875,868.29141653456134,0.0025645651906187616,-0.00023248109830520391,0.84890413276575705,205.63829986572264,1.5044613606557515,1
2016-09-07,224014.83923916693,33850.340873599875,868.29141653456134,-7.7531432496558139e-05,-0.0003099945062091658,0.84889241717839981,205.69059982299805,1.4883866676996349,1
2016-09-08,223580.69353089965,33850.340873599875,868.29141653456134,-0.0019380220959548389,-0.0022474158259613297,0.8485989986925162,205.73659980773925,1.4207003629466144,1
2016-09-09,219039.53313216506,33850.340873599875,868.29141653456134,-0.020311057842331004,-0.022512826275455478,0.84546013046341228,205.75764976501466,0.83548115967397096,1
2016-09-12,221696.50274690872,33850.340873599875,868.29141653456134,0.012130091663135945,-0.010655817258637068,0.8473122469043014,205.79259971618652,1.167908227585954,1
2016-09-13,218996.11591152323,33850.340873599875,868.29141653456134,-0.012180556760826744,-0.02270658023251193,0.84542949205877349,205.81214965820311,0.82029921355197333,1
2016-09-14,218926.6510083114,33850.340873599875,868.29141653456134,-0.00031719696453380575,-0.023016574738721096,0.84538044720596961,205.83009963989258,0.80848575462710681,1
2016-09-15,220776.11596523417,33850.340873599875,868.29141653456134,0.0084478748859706521,-0.014763140996446711,0.84667571161125821,205.86304962158204,1.0375495074677112,1
2016-09-16,220057.16749256544,34789.832186290267,868.29141653456134,-0.0032564594658507362,-0.017971524892053892,0.84190548036811552,205.87649963378905,0.82479691437869007,1
2016-09-19,220091.90656870915,34789.832186290267,868.29141653456134,0.00015786387028215998,-0.017816498076245968,0.84193043384160315,205.90089965820312,0.82527622528949784,1
2016-09-20,220100.58471320727,34789.832186290267,868.29141653456134,3.9429639342003497e-05,-0.017777770934997439,0.84193666622184726,205.93994964599608,0.82069264397846797,1
2016-09-21,222184.49206233557,34789.832186290267,868.29141653456134,0.0094679773424666269,-0.0084781131249428432,0.8434191699728093,205.97094970703125,1.0778969424159517,1
2016-09-22,223365.35566971003,34789.832186290267,868.29141653456134,0.0053147886083928508,-0.0032083838956070698,0.84424696443196889,206.01509963989258,1.2175517826047149,1
2016-09-23,222332.10001325738,34789.832186290267,868.29141653456134,-0.0046258545930485395,-0.0078193969712758715,0.84352312516179273,206.0602996826172,1.0797041939841805,1
2016-09-26,220812.59003432188,34789.832186290267,868.29141653456134,-0.0068344156279948054,-0.014600371590408723,0.84244633795164159,206.10479972839354,0.88285921266015976,1
2016-09-27,221967.41920820193,34789.832186290267,868.29141653456134,0.0052299063821521496,-0.0094468237848189807,0.84326604187951582,206.1532997894287,1.0192626191670693,1
2016-09-28,222896.48413437462,34789.832186290267,868.29141653456134,0.0041855914236730296,-0.0053007729057605868,0.84391933178579437,206.2270997619629,1.1241105473126267,1
2016-09-29,221194.62712837363,34789.832186290267,868.29141653456134,-0.0076351899968732928,-0.012895490494368111,0.84271845732446538,206.28599975585936,0.90459047116240343,1
2016-09-30,222601.268232531,34789.832186290267,868.29141653456134,0.006359291463897021,-0.0066182052130946412,0.84371233613121854,206.34234977722167,1.0700580849173702,1
2016-10-03,222149.75298619186,34789.832186290267,868.29141653456134,-0.002028358822589893,-0.008633139940750767,0.8433946843575707,206.38109977722169,1.0075178113215522,1
2016-10-04,221194.62712837363,34789.832186290267,868.29141653456134,-0.0042994684665600413,-0.012895490494368111,0.84271845732446538,206.43019973754883,0.88266518556112616,1
2016-10-05,222019.5145733419,34789.832186290267,868.29141653456134,0.0037292381631381932,-0.0092143426865137767,0.84330281843401744,206.50824974060058,0.97477843959185118,1
2016-10-06,222149.75298619186,34789.832186290267,868.29141653456134,0.00058660795245968345,-0.008633139940750767,0.8433946843575707,206.57879974365235,0.98154447741657502,1
2016-10-07,221507.21256828908,34789.832186290267,868.29141653456134,-0.0028923751175303769,-0.011500544779130317,0.8429404091048962,206.636499710083,0.89488567502398653,1
2016-10-10,222479.70796417919,34789.832186290267,868.29141653456134,0.0043903554408653012,-0.0071606808176088999,0.84362694240909519,206.68719970703125,1.0061977835270359,1
2016-10-11,220109.26285770541,34789.832186290267,868.29141653456134,-0.01065465757827877,-0.017739043793748688,0.84194289811064904,206.72594970703125,0.71121585187313086,1
2016-10-12,220352.39664348462,34789.832186290267,868.29141653456134,0.0011046049703795635,-0.016654033459313378,0.84211729613008079,206.76844970703124,0.73545944134123986,1
2016-10-13,219744.58205264996,34789.832186290267,868.29141653456134,-0.002758375221205589,-0.019366470607291797,0.84168059179745891,206.796499710083,0.65761279255537108,1
2016-10-14,219840.09463843179,34789.832186290267,868.29141653456134,0.00043465274497167528,-0.018940235551930029,0.84174937586563248,206.83244972229005,0.66472488214565784,1
2016-10-17,219197.56746960458,34789.832186290267,868.29141653456134,-0.0029227023845853628,-0.02180758126490312,0.84128550061982577,206.87499977111815,0.58164247932205926,1
2016-10-18,220352.39664348462,34789.832186290267,868.29141653456134,0.0052684397332110056,-0.016654033459313378,0.84211729613008079,206.93844978332518,0.71523044801917757,1
2016-10-19,220847.31586139003,34789.832186290267,868.29141653456134,0.0022460351030633152,-0.014445403900007259,0.84247111154330112,207.00304977416991,0.76814135472525968,1
2016-10-20,220500.00459440643,34789.832186290267,868.29141653456134,-0.0015726306911585386,-0.015995317305646406,0.84222298656962113,207.0783497619629,0.71838664225358517,1
2016-10-21,220586.82578661453,34789.832186290267,868.29141653456134,0.00039374689523374862,-0.01560786851693996,0.84228508632721188,207.17799972534181,0.72092189576776367,1
2016-10-24,221376.97415543912,34789.832186290267,868.29141653456134,0.0035820288270023148,-0.012081747524893438,0.8428480092881625,207.2928497314453,0.80920653530071807,1
2016-10-25,220751.8032756082,34789.832186290267,868.29141653456134,-0.0028240104112723374,-0.014871638955369026,0.84240295358831008,207.40314971923829,0.72459312342592264,1
2016-10-26,220378.44432605462,34789.832186290267,868.29141653456134,-0.0016913064537344979,-0.016537792910160776,0.84213595711376399,207.50354972839355,0.67070303962259981,1
2016-10-27,219883.51185907362,34789.832186290267,868.29141653456134,-0.0022458297520638881,-0.018746481594873465,0.84178062333028614,207.62524971008301,0.60190047433346905,1
2016-10-28,219336.48402695268,34789.832186290267,868.29141653456134,-0.0024878074190098909,-0.021187651377891359,0.84138602229980497,207.72829971313476,0.52581113771934218,1
2016-10-31,219345.17542052639,34789.832186290267,868.29141653456134,3.9625845249968705e-05,-0.021148865111236148,0.84139230726369274,207.85199974060058,0.5192577715460327,1
2016-11-01,218007.99921958084,34789.832186290267,868.29141653456134,-0.0060962188859724487,-0.027116155886300564,0.84041946941933332,207.9667497253418,0.34038132066112098,1
2016-11-02,216905.27865991637,34789.832186290267,868.29141653456134,-0.0050581655884737176,-0.03203716346817842,0.83960818103999724,208.08719978332519,0.1878103284862582,1
2016-11-03,216071.71307044994,34789.832186290267,868.29141653456134,-0.0038429935620578615,-0.035757038417281506,0.83898941841152952,208.19764976501466,0.067177617430402639,1
2016-11-04,215872.00975438816,34789.832186290267,868.29141653456134,-0.00092424553507697293,-0.036648235669253681,0.83884046743311946,208.28779975891112,0.030567795744865591,1
2016-11-07,219866.1423210018,34789.832186290267,868.29141653456134,0.018502317976091698,-0.018823995002777316,0.841768123918336,208.4153497314453,0.55974177898352095,1
2016-11-08,220699.70791046822,34789.832186290267,868.29141653456134,0.0037912412555518582,-0.01510412005367423,0.84236575337741937,208.53489974975585,0.66617527786313535,1
2016-11-09,222670.73313574283,34789.832186290267,868.29141653456134,0.0089308012409070603,-0.0063082107068854754,0.84376109201076754,208.67614974975587,0.93256403076227756,1
2016-11-10,223139.60467107824,34789.832186290267,868.29141653456134,0.0021056720330172585,-0.0042158216967319584,0.84408938862479088,208.81519973754882,0.99275943489048368,1
2016-11-11,222705.45896281095,34789.832186290267,868.29141653456134,-0.0019456237224549922,-0.0061532430164842333,0.84378545389810256,208.92869972229005,0.9236110178784358,1
2016-11-14,222853.06691373276,34789.832186290267,868.29141653456134,0.00066279448922923478,-0.0054945268628172617,0.8438889234593413,209.04339973449706,0.93676452841979962,1
2016-11-15,224320.48152752826,34789.832186290267,868.29141653456134,0.0065846731845227158,0,0.84491013950493454,209.18399971008301,1.1412572325834727,1
2016-11-16,223964.47886697095,34789.832186290267,868.29141653456134,-0.00158702699875235,-0.00158702699875235,0.84466361647038446,209.31684967041016,1.0837729842855022,1
2016-11-17,224936.97426286107,34789.832186290267,868.29141653456134,0.0043421858716612416,0,0.8453351997807399,209.4537996673584,1.2193534239994566,1
2016-11-18,224511.50669909193,34789.832186290267,868.29141653456134,-0.0018914967855482301,-0.0018914967855482301,0.84504209740608816,209.60654968261719,1.1555079203444656,1
2016-11-21,225944.18223674371,34789.832186290267,868.29141653456134,0.0063813011578599532,0,0.84602466041883928,209.78019966125487,1.3754694525825977,1
2016-11-22,226317.55443537288,34789.832186290267,868.29141653456134,0.0016524975103715533,0,0.84627868450997767,209.95594970703124,1.4400868457734624,1
2016-11-23,226421.74516565283,34789.832186290267,868.29141653456134,0.000460374055118562,0,0.84634942124998813,210.13309967041016,1.4664315775726939,1
2016-11-25,227133.75048676744,34789.832186290267,868.29141653456134,0.0031445977973258987,0,0.84683107591129625,210.3263996887207,1.6020936296701909,1
2016-11-28,226230.71999408919,34789.832186290267,868.29141653456134,-0.0039757653397743953,-0.0039757653397743953,0.84621968145086912,210.49564964294433,1.4642471091679223,1
2016-11-29,226604.09219271835,34789.832186290267,868.29141653456134,0.0016504045013820967,-0.0023319224594054999,0.84647306299877934,210.65129966735839,1.5315280706212626,1
2016-11-30,226143.89880188106,34789.832186290267,868.29141653456134,-0.0020308255971207556,-0.0043580123287051409,0.84616064209289699,210.7887996673584,1.4501688097693723,1
2016-12-01,225440.58487434016,34789.832186290267,868.29141653456134,-0.0031100283105893745,-0.0074544870975743471,0.84568070471569257,210.92619972229005,1.3280651077100061,1
2016-12-02,225536.08421104643,34789.832186290267,868.29141653456134,0.00042361199852058995,-0.0070340329092311027,0.84574604854035007,211.06459968566895,1.3465744392942804,1
2016-12-05,226682.23524042833,34789.832186290267,868.29141653456134,0.0050818964663295052,-0.0019878826698871421,0.84652598758173192,211.19569969177246,1.5485529007116809,1
2016-12-06,227290.0365821874,34789.832186290267,868.29141653456134,0.0026812923435064473,0,0.84693639585160452,211.34259963989257,1.6620606019486943,1
2016-12-07,229808.08963958296,34789.832186290267,868.29141653456134,0.011078589696495778,0,0.84861354428013158,211.49959968566895,2.1239940106810904,1
2016-12-08,230285.63931941651,34789.832186290267,868.29141653456134,0.0020780368549362382,0,0.84892747854747808,211.64764968872069,2.1997041754815339,1
2016-12-09,231466.51617586656,34789.832186290267,868.29141653456134,0.0051278788375166418,0,0.84969820792629369,211.80474967956542,2.4049776545212671,1
2016-12-12,231240.76517723477,34789.832186290267,868.29141653456134,-0.00097530736782791561,-0.00097530736782791561,0.84955147437076872,211.96819969177247,2.3562255443242854,1
2016-12-13,232551.88044653475,34789.832186290267,868.29141653456134,0.0056699140754661315,0,0.85039969524439651,212.11644966125488,2.5716408430214259,1
2016-12-14,230919.50159282115,34789.832186290267,868.29141653456134,-0.0070194179921451161,-0.0070194179921451161,0.84934216492622194,212.25084968566895,2.2384123463919332,1
2016-12-15,231727.00625064204,34789.832186290267,868.29141653456134,0.0034969097553516626,-0.0035470545080471538,0.84986716589839051,212.38599967956543,2.3605660041931604,1
2016-12-16,231344.08602620914,35943.791478864696,868.29141653456134,-0.0016524626569365264,-0.0051936557898669689,0.84463060155861258,212.50904968261719,2.0488172091469257,1
2016-12-19,231769.55358997828,35943.791478864696,868.29141653456134,0.0018391114770961448,-0.0033640960247419693,0.84491581865643761,212.63374969482422,2.1051189418994651,1
2016-12-20,232524.96288265917,35943.791478864696,868.29141653456134,0.0032593120234303274,-0.00011574863993313311,0.8454196442684595,212.77374969482423,2.2268043652816409,1
2016-12-21,231977.94829961378,35943.791478864696,868.29141653456134,-0.0023524983135743138,-0.0024679746550272386,0.84505513673894084,212.90569969177247,2.1042518456382138,1
2016-12-22,231639.31517712833,35943.791478864696,868.29141653456134,-0.0014597642791809307,-0.0039241362729648399,0.84482862310579943,213.03489974975585,2.0228965263847405,1
2016-12-23,231925.85293447381,35943.791478864696,868.29141653456134,0.0012369996739385325,-0.0026919907543163646,0.8450203329034649,213.149649810791,2.0509596230112188,1
2016-12-27,232412.09400788107,35943.791478864696,868.29141653456134,0.0020965367476502017,-0.0006010978642068121,0.84534457368795168,213.26849983215331,2.1151266780803648,1
2016-12-28,230788.38004959005,35943.791478864696,868.29141653456134,-0.0069863574235339287,-0.0075832558032148389,0.84425649388785784,213.37964981079102,1.7930312550838079,1
2016-12-29,230744.97607802376,35943.791478864696,868.29141653456134,-0.00018806827084172362,-0.0077698979042503113,0.84422719796633527,213.48469985961913,1.7657803116887367,1
2016-12-30,230032.97075690914,35943.791478864696,868.29141653456134,-0.0030856807078385451,-0.010831603188023786,0.84374504506639247,213.57919982910155,1.6149512079810135,1
2017-01-03,231517.75490877649,35943.791478864696,868.29141653456134,0.0064546579865563114,-0.0044468594954922835,0.84474714912025894,213.68349983215333,1.8695035218490716,1
2017-01-04,232681.26222715469,35943.791478864696,868.29141653456134,0.0050255641034384624,0,0.84552348077012474,213.79304985046386,2.0574547036686366,1
2017-01-05,232524.96288265917,35943.791478864696,868.29141653456134,-0.00067173154812494307,-0.00067173154812494307,0.8454196442684595,213.90224983215333,2.0017039541630535,1
2017-01-06,233228.29005927563,35943.791478864696,868.29141653456134,0.0030247383674302242,0,0.84588579940396813,214.02224983215331,2.1041533573659126,1
2017-01-09,232577.07149687471,35943.791478864696,868.29141653456134,-0.0027921937010103592,-0.0027921937010103592,0.84545427781195659,214.13894989013673,1.9617381968782142,1
2017-01-10,232577.07149687471,35943.791478864696,868.29141653456134,0,-0.0027921937010103592,0.84545427781195659,214.25504989624022,1.9395288990139183,1
2017-01-11,233132.7774734938,35943.791478864696,868.29141653456134,0.0023893411893207706,-0.00040952401510796488,0.84582266008068574,214.36494995117187,2.0137338136189107,1
2017-01-12,232637.84500651283,35943.791478864696,868.29141653456134,-0.0021229638849785681,-0.002531618495392407,0.8454946508043073,214.46749992370604,1.8983591777123587,1
2017-01-13,233089.36025285197,35943.791478864696,868.29141653456134,0.0019408503647655451,-0.00059568162330714269,0.8457939416888296,214.57514991760254,1.95408692016661,1
2017-01-17,232394.72446980921,35943.791478864696,868.29141653456134,-0.0029801265158101442,-0.0035740329325167908,0.84533301450423315,214.67179992675781,1.8052552423107291,1
2017-01-18,232828.8701780765,35943.791478864696,868.29141653456134,0.0018681392585728762,-0.0017125704651764773,0.84562141519918255,214.77429992675781,1.8590194933888999,1
2017-01-19,232099.50856796559,35943.791478864696,868.29141653456134,-0.0031326081235246717,-0.0048398137765498506,0.84513628787654538,214.88289993286133,1.7107754432085212,1
2017-01-20,232820.19203357835,35943.791478864696,868.29141653456134,0.003105062436621786,-0.0017497792638858645,0.84561566088872253,214.98449996948241,1.8164833404969956,1
2017-01-23,232307.89002852552,35943.791478864696,868.29141653456134,-0.0022004191327998912,-0.0039463481489153684,0.8452752014817444,215.09549995422364,1.7081164317257622,1
2017-01-24,233566.92318176109,35943.791478864696,868.29141653456134,0.0054196745236718691,0,0.84610923931684734,215.21099998474122,1.9096058583223814,1
2017-01-25,235277.45833226023,35943.791478864696,868.29141653456134,0.0073235333462349228,0,0.8472280696431842,215.33875,2.1835140633498717,1
2017-01-26,235069.06362262473,35943.791478864696,868.29141653456134,-0.00088574022820830933,-0.00088574022820830933,0.84709263343743024,215.45580001831055,2.1157827278777521,1
2017-01-27,234756.47818270925,35943.791478864696,868.29141653456134,-0.001329760007966363,-0.0022143224142417983,0.84688903259619563,215.56065002441406,2.0302111346355365,1
2017-01-30,233523.50596111926,35943.791478864696,868.29141653456134,-0.0052521328959040936,-0.0074548253945520004,0.84608062759708136,215.65835006713868,1.7917391342735105,1
2017-01-31,233506.1364230474,35943.791478864696,868.29141653456134,-7.4380255642214621e-05,-0.0075286511583755322,0.84606917818320337,215.75710006713868,1.7661528909172637,1
2017-02-01,233584.27947075738,35943.791478864696,868.29141653456134,0.00033465093854490036,-0.0071965196900067863,0.84612067404405722,215.84900001525878,1.7563504680171236,1
2017-02-02,233714.5311326829,35943.791478864696,868.29141653456134,0.0005576216953497859,-0.0066429109301672229,0.84620643267380358,215.93835006713869,1.7551617473716985,1
2017-02-03,235077.74176712288,35943.791478864696,868.29141653456134,0.0058328022131668433,-0.00084885550257562947,0.84709827817525996,216.03455001831054,1.9583727660880759,1
2017-02-06,234721.73910656557,35943.791478864696,868.29141653456134,-0.0015144039494389139,-0.0023619739418889729,0.8468663720042312,216.13434997558593,1.8717762018154243,1
2017-02-07,234730.43050013928,35943.791478864696,868.29141653456134,3.7028498539593002e-05,-0.00232503290369801,0.84687204210259659,216.23419998168944,1.8477277099360996,1
2017-02-08,234990.92057491475,35943.791478864696,868.29141653456134,0.0011097413923726318,-0.0012178716965771663,0.847041786163794,216.33735000610352,1.8656445394188028,1
2017-02-09,236171.79743136477,35943.791478864696,868.29141653456134,0.0050252020527472574,0,0.84780658880614002,216.44575004577638,2.0311707990514631,1
2017-02-10,236961.9325511138,35943.791478864696,868.29141653456134,0.0033455947252916118,0,0.84831406845860591,216.55654998779298,2.1268747549855735,1
2017-02-13,238055.9882153557,35943.791478864696,868.29141653456134,0.00461701021958838,0,0.84901118535884756,216.68315002441406,2.2679006214867674,1
2017-02-14,238863.49287317658,35943.791478864696,868.29141653456134,0.0033920787453176615,0,0.84952161987370378,216.81999999999999,2.3588711321096305,1
2017-02-15,239922.8094612748,35943.791478864696,868.29141653456134,0.00443481996916395,0,0.85018601791312265,216.9547499847412,2.4809500842723793,1
2017-02-16,239749.15382778298,35943.791478864696,868.29141653456134,-0.00072379793268406711,-0.00072379793268406711,0.85007750432068718,217.09754997253418,2.4112962404406959,1
2017-02-17,240070.41741219658,35943.791478864696,868.29141653456134,0.001339998824956723,0,0.8502781314486163,217.24794998168946,2.4218010119628048,1
2017-02-21,241286.03334479031,35943.791478864696,868.29141653456134,0.0050635807014345335,0,0.85103244070699224,217.40555000305176,2.565215132126597,1
2017-02-22,241103.68631772482,35943.791478864696,868.29141653456134,-0.00075572972267701211,-0.00075572972267701211,0.85091977635091731,217.55834999084473,2.4923592499583811,1
2017-02-23,241242.61612414848,35943.791478864696,868.29141653456134,0.00057622431471493485,-0.00017994087780370815,0.85100563052936185,217.71110000610352,2.4698323699072589,1
2017-02-24,241503.10619892395,35943.791478864696,868.29141653456134,0.0010797846539742917,0,0.85116633883268511,217.85255004882814,2.4617648730783279,1
2017-02-27,241824.36978333758,35943.791478864696,868.29141653456134,0.0013302668833956588,0,0.85136406429563516,218.0056000518799,2.4653207456118786,1
2017-02-28,241268.66380671845,35943.791478864696,868.29141653456134,-0.0022979734305397237,-0.0022979734305397237,0.851021716157638,218.15515007019042,2.3434736297010903,1
2017-03-01,244142.70627559579,35943.791478864696,868.29141653456134,0.011912207841378697,0,0.8527754851775492,218.33025009155273,2.7134495346104157,1
2017-03-02,242831.59100629578,35943.791478864696,868.29141653456134,-0.0053702823619067308,-0.0053702823619067308,0.85198057909222857,218.48770011901854,2.476956786109739,1
2017-03-03,242961.82941914574,35943.791478864696,868.29141653456134,0.00053633224701221671,-0.0048368303705007554,0.85205992412554543,218.65555007934572,2.4550095912685164,1
2017-03-06,242345.34993288852,35943.791478864696,868.29141653456134,-0.002537351186937653,-0.0073619088201568594,0.85168359331500099,218.81955009460449,2.331322116526743,1
2017-03-07,241728.85719755574,35943.791478864696,868.29141653456134,-0.0025438603856170472,-0.0098870415375638121,0.85130533484676507,218.98355010986327,2.2140853054428731,1
2017-03-08,241346.80685442843,35943.791478864696,868.29141653456134,-0.0015804912477416222,-0.011451906402689116,0.85106995220970671,219.13890007019043,2.1311246302451012,1
2017-03-09,241607.29692920393,35943.791478864696,868.29141653456134,0.0010793185050614884,-0.010384948152126317,0.85123052186045112,219.29715003967286,2.1392799350120169,1
2017-03-10,242327.98039481667,35943.791478864696,868.29141653456134,0.0029828712740571639,-0.0074330538415946501,0.85167296232031187,219.44625007629395,2.2056506402051532,1
2017-03-13,242432.17112509665,35943.791478864696,868.29141653456134,0.00042995749029972608,-0.0070062922484698253,0.85173670923271372,219.58890007019042,2.1846427862621689,1
2017-03-14,241642.02275627205,35943.791478864696,868.29141653456134,-0.0032592554245487459,-0.010242712377001695,0.85125190118475891,219.72670005798341,2.0450373856945516,1
2017-03-15,243422.02280998303,35943.791478864696,868.29141653456134,0.0073662686374147412,-0.0029518943105317774,0.85233960730446034,219.87025001525879,2.2501978582125215,1
2017-03-16,243013.92478428574,35943.791478864696,868.29141653456134,-0.0016765041263988589,-0.004623449573938343,0.85209163832578461,220.01345001220704,2.1598088681960408,1
2017-03-17,242651.84991340595,36840.736512144897,868.29141653456134,-0.0014899346660944834,-0.0061064956022356398,0.84817450794093641,220.14724998474122,1.9617956139779142,1
2017-03-20,242426.09891477413,36840.736512144897,868.29141653456134,-0.00093034938209779483,-0.00703116380992308,0.8480331256532887,220.27654998779298,1.9045331864790094,1
2017-03-21,239786.48558902676,36840.736512144897,868.29141653456134,-0.010888321585685978,-0.017842927822924959,0.84636024661003317,220.39379997253417,1.5359535234871571,1
2017-03-22,240264.04851793591,36840.736512144897,868.29141653456134,0.0019916173663250269,-0.01588684674151819,0.84666563000417139,220.50844993591309,1.5804225759875374,1
2017-03-23,240046.97566380224,36840.736512144897,868.29141653456134,-0.00090347621907094222,-0.016775969572362159,0.84652697077199524,220.62019996643068,1.533746193956129,1
2017-03-24,239899.36771288043,36840.736512144897,868.29141653456134,-0.00061491277077596607,-0.017380566585205925,0.84643254017977609,220.72764999389648,1.4968856705891493,1
2017-03-27,239690.97300324496,36840.736512144897,868.29141653456134,-0.00086867552683544957,-0.018234144039206202,0.84629902390339018,220.83534996032714,1.4530529131454555,1
2017-03-28,241167.07901061414,36840.736512144897,868.29141653456134,0.0061583712931450041,-0.012188065375267287,0.84723977806886541,220.96159996032713,1.6271601450904085,1
2017-03-29,241358.09093310224,36840.736512144897,868.29141653456134,0.00079203149647022464,-0.011405687210455429,0.84736067322327246,221.09704994201661,1.6339976708287751,1
2017-03-30,242009.30949550314,36840.736512144897,868.29141653456134,0.0026981426638039707,-0.0087383187179239652,0.84777140768285431,221.2382999420166,1.6998062834116363,1
2017-03-31,241531.75981566962,36840.736512144897,868.29141653456134,-0.0019732698747375599,-0.010694345531579552,0.84747042566881992,221.37824996948243,1.6206279794475902,1
2017-04-03,241175.75715511228,36840.736512144897,868.29141653456134,-0.0014739372612074808,-0.012152519998423927,0.84724527478750389,221.51305000305175,1.5580695093340968,1
2017-04-04,241305.99556796224,36840.736512144897,868.29141653456134,0.00054001452876617506,-0.011619068007017952,0.84732772003682377,221.65784996032716,1.5603381122825219,1
2017-04-05,240698.19422620314,36840.736512144897,868.29141653456134,-0.0025187991716845159,-0.014108601079830696,0.84694219817236049,221.79249992370606,1.4671504426592954,1
2017-04-06,241271.26974089409,36840.736512144897,868.29141653456134,0.0023808883009417414,-0.011761303782142574,0.84730574613500864,221.92749992370605,1.5262478498669747,1
2017-04-07,241062.87503125862,36840.736512144897,868.29141653456134,-0.00086373611685830465,-0.012614881236142961,0.84717374457859684,222.06299987792968,1.4847206002362152,1
2017-04-10,241184.43529961043,36840.736512144897,868.29141653456134,0.00050426789415847217,-0.012116974621580456,0.84725077111058333,222.18564987182617,1.4844721504804408,1
2017-04-11,240941.31476290681,36840.736512144897,868.29141653456134,-0.0010080274724262317,-0.013112787850705465,0.84709664032340304,222.34474983215333,1.444063477945422,1
2017-04-12,240046.97566380224,36840.736512144897,868.29141653456134,-0.0037118544820120558,-0.016775969572362159,0.84652697077199524,222.51689979553223,1.3241516605757782,1
2017-04-13,238727.16900092852,36840.736512144897,868.29141653456134,-0.005498118271326069,-0.02218185157886321,0.8456784928740072,222.66344978332521,1.1430176838470931,1
2017-04-17,240515.86044821324,36840.736512144897,868.29141653456134,0.007492617848108285,-0.014855433867798862,0.8468261658774171,222.80299980163574,1.3714246761244235,1
2017-04-18,239908.04585737857,36840.736512144897,868.29141653456134,-0.0025271289373680617,-0.017345021208362454,0.84643809514397816,222.92494979858398,1.2781462443138745,1
2017-04-19,239534.686907825,36840.736512144897,868.29141653456134,-0.0015562585582291621,-0.018874286428893439,0.8461987406177981,223.04254981994629,1.2167459026694405,1
2017-04-20,241184.43529961043,36840.736512144897,868.29141653456134,0.0068873047702702195,-0.012116974621580456,0.84725077111058333,223.17719978332519,1.4265846916439466,1
2017-04-21,240533.21673720953,36840.736512144897,868.29141653456134,-0.0027000853582940243,-0.01478434311411192,0.8468372185268922,223.30184974670411,1.326533980256916,1
2017-04-24,242773.41018175776,36840.736512144897,868.29141653456134,0.0093134473273008833,-0.0056085889876731354,0.84825052922985567,223.44004974365234,1.6135484517182701,1
2017-04-25,243971.65657627961,36840.736512144897,868.29141653456134,0.0049356574660492925,-0.00070061359573481141,0.8489958340688385,223.56954978942872,1.7539478839501523,1
2017-04-26,243841.40491435409,36840.736512144897,868.29141653456134,-0.00053388030295553612,-0.0012341198548916354,0.84891517285555063,223.69454978942872,1.7150968250188161,1
2017-04-27,244015.07379692147,36840.736512144897,868.29141653456134,0.00071222064451426093,-0.00052277817601587007,0.84902270200403618,223.81279983520508,1.7163119569253331,1
2017-04-28,243563.55855058233,36840.736512144897,868.29141653456134,-0.0018503580099109573,-0.002372168859141377,0.84874282207330309,223.92859985351564,1.6358198167366136,1
2017-05-01,244084.52545105771,36840.736512144897,868.29141653456134,0.0021389361511039429,-0.00023830662576662665,0.84906566098746006,224.04139984130859,1.683493159902445,1
2017-05-02,244162.68174784328,36840.736512144897,868.29141653456134,0.00032020176879776763,0,0.84911397495956475,224.15609985351563,1.6725510789786802,1
2017-05-03,243910.86981756595,36840.736512144897,868.29141653456134,-0.0010313284916217969,-0.0010313284916217969,0.84895820124908705,224.26644981384277,1.6191796663981564,1
2017-05-04,244153.99035426957,36840.736512144897,868.29141653456134,0.00099675974623614216,-3.5596732111065066e-05,0.84910860371895347,224.37929977416991,1.6307104553172727,1
2017-05-05,244970.18640566414,36840.736512144897,868.29141653456134,0.0033429560180862072,0,0.84961134637364555,224.49234977722168,1.7146433199332611,1
2017-05-08,244935.46057859599,36840.736512144897,868.29141653456134,-0.00014175531960713972,-0.00014175531960713972,0.84959002495956171,224.60929977416993,1.6883997115814984,1
2017-05-09,244744.43540703238,36840.736512144897,868.29141653456134,-0.00077990002391803426,-0.00092154478854800104,0.84947262865905249,224.72029975891112,1.642855141593619,1
2017-05-10,245117.79435658595,36840.736512144897,868.29141653456134,0.0015255053661695772,0,0.84970190920308819,224.83639976501465,1.669503237163751,1
2017-05-11,244692.34004189237,36840.736512144897,868.29141653456134,-0.0017357137037331549,-0.0017357137037331549,0.84944058115657572,224.94954978942872,1.5954771166725656,1
2017-05-12,244345.01552583318,36840.736512144897,868.29141653456134,-0.0014194335466313213,-0.0031526835201061143,0.84922656828966525,225.0618497467041,1.5330698642591987,1
2017-05-15,245491.16655521508,36840.736512144897,868.29141653456134,0.0046907076328746022,0,0.84993050043672846,225.17949974060059,1.6574500048421117,1
2017-05-16,245300.14138365147,36840.736512144897,868.29141653456134,-0.00077813460355469211,-0.00077813460355469211,0.84981363522931819,225.29429977416993,1.6132835702653552,1
2017-05-17,241601.22471888142,36840.736512144897,868.29141653456134,-0.015079146077559336,-0.015845547075759026,0.8475142807946795,225.38869979858399,1.136844913769939,1
2017-05-18,242426.09891477413,36840.736512144897,868.29141653456134,0.0034141970797230137,-0.012485449816588612,0.8480331256532887,225.49479980468749,1.227705371684267,1
2017-05-19,243763.26186664414,36840.736512144897,868.29141653456134,0.0055157549366831038,-0.0070385615613680619,0.84886673967999571,225.60544982910156,1.3802744452985813,1
2017-05-22,244813.90031024418,36840.736512144897,868.29141653456134,0.0043100770622883644,-0.0027588212418167002,0.84951534016059593,225.72099983215332,1.4944962609947905,1
2017-05-23,245274.09370108147,36840.736512144897,868.29141653456134,0.001879768224982703,-0.00088423896134282032,0.84979768569833891,225.83034988403321,1.5335001419175163,1
2017-05-24,245760.3347744887,36840.736512144897,868.29141653456134,0.0019824395885845725,0,0.85009486357531949,225.94314987182617,1.5746306879073722,1
2017-05-25,246758.86460387323,36840.736512144897,868.29141653456134,0.0040630227424649501,0,0.85070146691067805,226.06104988098144,1.6764209372246273,1
2017-05-26,246715.46063230699,36840.736512144897,868.29141653456134,-0.00017589630117609278,-0.00017589630117609278,0.85067520123090057,226.18139991760253,1.6502026383400916,1
2017-05-30,246533.11360524147,36840.736512144897,868.29141653456134,-0.0007390985007513784,-0.00091486479723501546,0.85056475386452246,226.29564994812011,1.6078054383812677,1
2017-05-31,246481.01824010146,36840.736512144897,868.29141653456134,-0.0002113118370923317,-0.0011259833125663032,0.85053316975403892,226.41054992675782,1.5820162278163563,1
2017-06-01,248148.13616995874,36840.736512144897,868.29141653456134,0.0067636767397369901,0,0.85153732330710574,226.53189994812013,1.7601294242282668,1
2017-06-02,248851.45009749965,36840.736512144897,868.29141653456134,0.0028342502925720048,0,0.85195691446559485,226.66294990539552,1.8195264978132801,1
2017-06-05,248695.16400207975,36840.736512144897,868.29141653456134,-0.00062802967536923493,-0.00062802967536923493,0.85186388058660911,226.79104995727539,1.776592963648798,1
2017-06-06,248017.89775710879,36840.736512144897,868.29141653456134,-0.0027232787082474008,-0.0033495980837735528,0.85145936303264658,226.91279998779297,1.6743711086284145,1
2017-06-07,248408.62624473427,36840.736512144897,868.29141653456134,0.0015754044008877699,-0.0017794706544481675,0.85169300652285274,227.03840003967287,1.6984377838176064,1
2017-06-08,248512.81697501423,36840.736512144897,868.29141653456134,0.00041943281863843218,-0.0013607842042019369,0.85175518526334626,227.16465003967286,1.6887988111830818,1
2017-06-09,248191.5533906006,36840.736512144897,868.29141653456134,-0.0012927445285283445,-0.0026517695863957913,0.85156329452451018,227.2868500518799,1.6306313206531091,1
2017-06-12,248148.13616995874,36840.736512144897,868.29141653456134,-0.00017493432007953391,-0.0028262400209657645,0.85153732330710574,227.41440002441405,1.6058705184971747,1
2017-06-13,249181.40507548698,36840.736512144897,868.29141653456134,0.0041639196710328008,0,0.85215294656122376,227.54865005493164,1.7037631102587543,1
2017-06-14,248912.23685621336,36840.736512144897,868.29141653456134,-0.0010802098944424632,-0.0010802098944424632,0.85199306800884067,227.6834001159668,1.6521678805199358,1
2017-06-15,248504.13883051608,36840.736512144897,868.29141653456134,-0.0016395257655935636,-0.0027179646280818259,0.85175000832774495,227.81045013427735,1.5859450608583572,1
2017-06-16,248550.1540358882,37867.925257905285,868.29141653456134,0.00018516876857122,-0.0025332991416736617,0.84764473228836734,227.93365013122559,1.4570776569713,1
2017-06-19,250304.10640702921,37867.925257905285,868.29141653456134,0.0070567341949332452,0,0.84871232916839645,228.07005012512207,1.6370991090290483,1
2017-06-20,248871.41762030183,37867.925257905285,868.29141653456134,-0.0057237925789265232,-0.0057237925789265232,0.84784140493112148,228.19815010070801,1.4578828722318848,1
2017-06-21,248819.32225516182,37867.925257905285,868.29141653456134,-0.00020932642903770393,-0.0059319208669030843,0.84780954744715498,228.32105010986328,1.4357832275267544,1
2017-06-22,248723.80966938002,37867.925257905285,868.29141653456134,-0.00038386321816219482,-0.0063135070388313785,0.84775110469624204,228.44010009765626,1.4091806833080569,1
2017-06-23,248975.62159965734,37867.925257905285,868.29141653456134,0.0010124158624462698,-0.0053074830710589938,0.84790508799775044,228.56070014953613,1.4215465232258022,1
2017-06-26,249114.53815700545,37867.925257905285,868.29141653456134,0.0005579524471335251,-0.0047524919470931515,0.84798990240369332,228.68460014343262,1.4212550034029956,1
2017-06-27,247412.69440008001,37867.925257905285,868.29141653456134,-0.0068315714109500325,-0.011551596369926753,0.8469442914005425,228.82485015869142,1.219229590393311,1
2017-06-28,249288.20703957282,37867.925257905285,868.29141653456134,0.0075805028680542286,-0.0040586604112854419,0.84809580161209153,228.96060020446777,1.4147256081670394,1
2017-06-29,247430.06393815187,37867.925257905285,868.29141653456134,-0.0074537946398963717,-0.011482202629963023,0.84695503587886223,229.10120025634765,1.1954414627148591,1
2017-06-30,247820.79242577736,37867.925257905285,868.29141653456134,0.0015791471796375856,-0.009921187538224574,0.84719633535492467,229.24445030212402,1.2282275651705674,1
2017-07-03,248176.79508633463,37867.925257905285,868.29141653456134,0.0014365326535863421,-0.008498906994499178,0.84741552793148145,229.37910034179689,1.2560812595965365,1
2017-07-05,248663.03615974193,37867.925257905285,868.29141653456134,0.0019592527707441576,-0.0065563057308323236,0.84771389490483484,229.52610038757325,1.2990443339737849,1
2017-07-06,246735.42815510911,37867.925257905285,868.29141653456134,-0.007751887994299711,-0.014257369977450307,0.84652416744100578,229.66180038452148,1.0716459510925209,1
2017-07-07,248089.96064505097,37867.925257905285,868.29141653456134,0.0054898175753275158,-0.0088458227624029773,0.84736212154878787,229.80525039672852,1.2143928308395973,1
2017-07-10,248315.71164368273,37867.925257905285,868.29141653456134,0.00090995620316425274,-0.0079439158705333357,0.84750088906076404,229.93800033569335,1.2281849371049465,1
2017-07-11,248159.42554826278,37867.925257905285,868.29141653456134,-0.00062938464258044391,-0.0085683007344629081,0.84740484801557292,230.06305038452149,1.1985107039350931,1
2017-07-12,249739.7090368364,37867.925257905285,868.29141653456134,0.0063680171933113705,-0.0022548466275460477,0.84837042773874694,230.20315032958985,1.3647836007037468,1
2017-07-13,250095.71169739368,37867.925257905285,868.29141653456134,0.0014254948159035941,-0.00083256608382065167,0.84858626722986752,230.35405029296874,1.3923443425235014,1
2017-07-14,251085.56338228006,37867.925257905285,868.29141653456134,0.0039578914735014514,0,0.84918318382068425,230.50400024414063,1.4900485879772258,1
2017-07-17,251059.51569971006,37867.925257905285,868.29141653456134,-0.00010374026375359335,-0.00010374026375359335,0.84916753642112996,230.64845024108888,1.4717248997090637,1
2017-07-18,251172.39782356378,37867.925257905285,868.29141653456134,0.0004496229650532424,0,0.84923532368192123,230.80335029602051,1.4705018228052995,1
2017-07-19,252327.22699744377,37867.925257905285,868.29141653456134,0.0045977551032148067,0,0.84992533026057904,230.95680030822754,1.5851343804946121,1
2017-07-20,252422.73958322563,37867.925257905285,868.29141653456134,0.00037852667315529942,0,0.84998211603111151,231.11340034484863,1.5795486346038579,1
2017-07-21,252231.71441166196,37867.925257905285,868.29141653456134,-0.00075676688985737428,-0.00075676688985737428,0.84986850148391002,231.2744004058838,1.5429080485023108,1
2017-07-24,252179.61904652201,37867.925257905285,868.29141653456134,-0.0002065377276662117,-0.0009631483166098187,0.84983748725974784,231.43035041809082,1.5218530802133063,1
2017-07-25,252700.58594699739,37867.925257905285,868.29141653456134,0.0020658564813649249,0,0.8501470619231255,231.58855041503907,1.565321659904976,1
2017-07-26,252709.26409149554,37867.925257905285,868.29141653456134,3.4341608135202151e-05,0,0.85015220793728052,231.7505004119873,1.5513648418598116,1
2017-07-27,252509.56077543373,37867.925257905285,868.29141653456134,-0.00079024928816817663,-0.00079024928816817663,0.85003369717322252,231.90570037841798,1.513593317543372,1
2017-07-28,252257.76209423196,37867.925257905285,868.29141653456134,-0.00099718474194998574,-0.0017866460055857569,0.84988400379228146,232.07310043334962,1.4727272076097864,1
2017-07-31,252136.20182588015,37867.925257905285,868.29141653456134,-0.00048188910954660713,-0.002267674149879606,0.84981162965223034,232.23840042114259,1.4469445358225996,1
2017-08-01,252613.76475478924,37867.925257905285,868.29141653456134,0.0018940672757452592,-0.00037790200153375864,0.85009555874889298,232.4099504852295,1.4901103864699032,1
2017-08-02,252717.95548506925,37867.925257905285,868.29141653456134,0.00041245072445339481,0,0.85015736145371534,232.58155052185057,1.4906246778787384,1
2017-08-03,252301.17931487382,37867.925257905285,868.29141653456134,-0.0016491751422864631,-0.0016491751422864631,0.84990983648694785,232.75445053100586,1.4326185633304718,1
2017-08-04,252691.90780249925,37867.925257905285,868.29141653456134,0.0015486589824369457,-0.00010307016974719918,0.85014191555551366,232.92295051574706,1.4667462992857623,1
2017-08-07,253091.31443462282,37867.925257905285,868.29141653456134,0.0015806071337898242,0,0.85037840851039104,233.09090049743654,1.5013158239115338,1
2017-08-08,252561.65614057373,37867.925257905285,868.29141653456134,-0.0020927557124285068,-0.0020927557124285068,0.85006463040918478,233.25780044555665,1.4288186584208187,1
2017-08-09,252552.97799607558,37867.925257905285,868.29141653456134,-3.4360498860963595e-05,-0.0021270443031592423,0.85005947837806239,233.42415046691895,1.4175332040995632,1
2017-08-10,249522.63618270273,37867.925257905285,868.29141653456134,-0.011998836194360596,-0.014100358441348049,0.84823851720539678,233.56850044250487,1.0515882224230342,1
2017-08-11,249835.22162261821,37867.925257905285,868.29141653456134,0.0012527337988148535,-0.01286528863812797,0.84842839607657228,233.71825042724609,1.0810638613940664,1
2017-08-14,251936.48526074277,37867.925257905285,868.29141653456134,0.0084105980913233847,-0.004562895318868665,0.84969257144826127,233.88225036621094,1.3241458584314254,1
2017-08-15,251910.43757817277,37867.925257905285,868.29141653456134,-0.00010338987837765767,-0.0046658134400542339,0.84967702957463165,234.04895034790039,1.3134921356185327,1
2017-08-16,252283.80977680197,37867.925257905285,868.29141653456134,0.0014821624789298493,-0.003190566454738808,0.84989950289950256,234.22095039367676,1.3520925514954654,1
2017-08-17,248940.88252351369,37867.925257905285,868.29141653456134,-0.013250661056077306,-0.016398950396147471,0.84788386353403211,234.37365036010743,0.93712052335893048,1
2017-08-18,248610.94079460192,37867.925257905285,868.29141653456134,-0.0013253818559938457,-0.017702597380828911,0.84768198399928374,234.53215042114257,0.89171809460261742,1
2017-08-21,248775.90503452002,37867.925257905285,868.29141653456134,0.00066354376597765885,-0.017050800062984872,0.84778298664956819,234.69795036315918,0.90934906970768825,1
2017-08-22,250981.37265200011,37867.925257905285,868.29141653456134,0.0088652782397637964,-0.0083366819099900402,0.84912057473519642,234.88125038146973,1.1914307197743239,1
2017-08-23,250217.27196574549,37867.925257905285,868.29141653456134,-0.0030444517781568203,-0.01135575306208203,0.84865982687602259,235.06130035400392,1.0931142065128325,1
2017-08-24,249722.35274784011,37867.925257905285,868.29141653456134,-0.0019779578524584673,-0.013311249713600759,0.84835988912797555,235.21550041198731,1.0235973874511308,1
2017-08-25,250217.27196574549,37867.925257905285,868.29141653456134,0.0019818779234597184,-0.01135575306208203,0.84865982687602259,235.36775039672852,1.0858138320914492,1
2017-08-28,250225.9633593192,37867.925257905285,868.29141653456134,3.4735386192252804e-05,-0.011321412122357821,0.84866508355278969,235.50870040893554,1.0809500020977212,1
2017-08-29,250469.08389602287,37867.925257905285,868.29141653456134,0.00097160395923645559,-0.010360808091963603,0.84881197843313305,235.6483504486084,1.1080769658905238,1
2017-08-30,251476.29186990549,37867.925257905285,868.29141653456134,0.004021286612365893,-0.0063811852584713114,0.84941751376907038,235.79630043029786,1.2420175110773384,1
2017-08-31,252761.37270571105,37867.925257905285,868.29141653456134,0.0051101470689347561,-0.0013036469846814391,0.85018310016066134,235.95080047607422,1.4156573524466103,1
2017-09-01,253065.26675205282,37867.925257905285,868.29141653456134,0.0012022962333551046,-0.00010291812118556898,0.85036300815233035,236.0986004638672,1.4500576032306456,1
2017-09-05,251519.70909054735,37867.925257905285,868.29141653456134,-0.0061073480424311821,-0.0062096376068307979,0.84944350725106488,236.23955047607421,1.2239334308168055,1
2017-09-06,252249.07070065825,37867.925257905285,868.29141653456134,0.0028998189157747323,-0.0033278255156485859,0.84987883145526899,236.37910041809081,1.3208989920083853,1
2017-09-07,252223.02301808825,37867.925257905285,868.29141653456134,-0.00010326175829966644,-0.0034307436368341548,0.84986332807854115,236.52095039367677,1.3104017301607287,1
2017-09-08,251971.22433688649,37867.925257905285,868.29141653456134,-0.00099831759285395893,-0.004425636257958887,0.84971329421618502,236.65310043334961,1.2656192900476992,1
2017-09-11,254254.83500207658,37867.925257905285,868.29141653456134,0.0090629819781995469,0,0.85106310659698559,236.79625045776368,1.5894595057844658,1
2017-09-12,254984.19661218749,37867.925257905285,868.29141653456134,0.002868624347320381,0,0.85148912849881564,236.94300048828126,1.6842902882240347,1
2017-09-13,255088.38734246744,37867.925257905285,868.29141653456134,0.0004086164227596889,0,0.85154978769352629,237.08625045776367,1.6859730844354321,1
2017-09-14,255018.92243925558,37867.925257905285,868.29141653456134,-0.00027231699543661669,-0.00027231699543661669,0.85150935116618554,237.23430046081543,1.6642765683753948,1
2017-09-15,255309.80536342488,38940.26515732547,868.29141653456134,0.0011406327082987833,0,0.84747837983780017,237.3757004547119,1.537698807537367,1
2017-09-18,255769.99875426217,38940.26515732547,868.29141653456134,0.0018024900774264996,0,0.84775280389808993,237.52240043640137,1.5971380997924887,1
2017-09-19,255987.07160839584,38940.26515732547,868.29141653456134,0.00084870334750331011,0,0.84788190703280686,237.6744004058838,1.6219698449073001,1
2017-09-20,256065.21465610579,38940.26515732547,868.29141653456134,0.00030526169629951916,0,0.84792832868915036,237.82630043029786,1.6262328211695078,1
2017-09-21,255483.46099691669,38940.26515732547,868.29141653456134,-0.0022718964775062522,-0.0022718964775062522,0.84758205088745286,237.96825042724609,1.5286972451648659,1
2017-09-22,255526.87821755855,38940.26515732547,868.29141653456134,0.000169941414103425,-0.0021023411527029134,0.84760794860816446,238.10695045471192,1.5262119826478822,1
2017-09-25,255084.04111571755,38940.26515732547,868.29141653456134,-0.0017330353070097448,-0.0038317330282675588,0.84734338931199371,238.22860038757324,1.4456278460695504,1
2017-09-26,255214.29277764307,38940.26515732547,868.29141653456134,0.00051062254367550963,-0.0033230670538577645,0.84742129943618638,238.34825042724609,1.4534577270760349,1
2017-09-27,256056.53651160764,38940.26515732547,868.29141653456134,0.0033001432827211019,-3.3890368552391692e-05,0.84792317474949441,238.46595046997069,1.5693200612741163,1
2017-09-28,256317.02658638312,38940.26515732547,868.29141653456134,0.0010173146849685732,0,0.84807772750827404,238.58645050048827,1.5944355736950475,1
2017-09-29,257081.11402356217,38940.26515732547,868.29141653456134,0.0029810248946593454,0,0.84852926553851593,238.70380050659179,1.6947017699701796,1
2017-10-02,258027.56173688226,38940.26515732547,868.29141653456134,0.0036815139724084567,0,0.84908486172870978,238.83600051879884,1.8228311305923717,1
2017-10-03,258496.43327221769,38940.26515732547,868.29141653456134,0.0018171374103574944,0,0.84935859785609413,238.96625053405762,1.8740609045349497,1
2017-10-04,258756.92334699316,38940.26515732547,868.29141653456134,0.0010077124526555181,0,0.84951024825292665,239.10685058593751,1.8952544221391798,1
2017-10-05,260059.36047179502,38940.26515732547,868.29141653456134,0.0050334387499857414,0,0.85026393556193958,239.25250061035158,2.0728862827452352,1
2017-10-06,259807.54854151764,38940.26515732547,868.29141653456134,-0.00096828635516355011,-0.00096828635516355011,0.85011880764849013,239.39235061645508,2.0096560573569668,1
2017-10-09,259442.86773646221,38940.26515732547,868.29141653456134,-0.0014036574653147893,-0.0023705846781072459,0.84990813007478638,239.53325057983398,1.9324502992347972,1
2017-10-10,260024.62139565131,38940.26515732547,868.29141653456134,0.0022423189516238562,-0.00013358133343355227,0.8502439309465456,239.67945053100587,2.0005936549589771,1
2017-10-11,260371.94591171044,38940.26515732547,868.29141653456134,0.0013357370321123163,0,0.8504436988363957,239.82600051879882,2.0312673471324172,1
2017-10-12,260041.99093372317,38940.26515732547,868.29141653456134,-0.0012672447364938666,-0.0012672447364938666,0.85025393392234805,239.96785049438478,1.9587318562579521,1
2017-10-13,260311.15915299678,38940.26515732547,868.29141653456134,0.001035095210227821,-0.00023346124522294343,0.85040877508275203,240.12060050964357,1.9817173742086909,1
2017-10-16,260606.37505484041,38940.26515732547,868.29141653456134,0.0011340885377491006,0,0.8505782325964546,240.27530044555664,2.0085776936991047,1
2017-10-17,260762.67439933593,38940.26515732547,868.29141653456134,0.00059975257498057211,0,0.85066779497094824,240.43500045776366,2.0162279597215331,1
2017-10-18,260979.74725346954,38940.26515732547,868.29141653456134,0.00083245370386553219,0,0.85079200372009789,240.58740043640137,2.0294898765135123,1
2017-10-19,261040.52076310769,38940.26515732547,868.29141653456134,0.00023286676563105679,0,0.85082674121438995,240.73345039367675,2.0165125987928625,1
2017-10-20,262186.65854341397,38940.26515732547,868.29141653456134,0.0043906508344211392,0,0.85147884574425226,240.88700035095215,2.1671016964376397,1
2017-10-23,261318.3671268794,38940.26515732547,868.29141653456134,-0.0033117299764923169,-0.0033117299764923169,0.85098534945911952,241.03150024414063,2.0105873279313973,1
2017-10-24,261709.10886358045,38940.26515732547,868.29141653456134,0.0014952708491069444,-0.0018214110606793454,0.85120783404744371,241.18200019836425,2.0483156787106664,1
2017-10-25,260606.37505484041,38940.26515732547,868.29141653456134,-0.0042135858913296964,-0.0060273222800614201,0.8505782325964546,241.32615013122557,1.8617592194887682,1
2017-10-26,260892.91281218588,38940.26515732547,868.29141653456134,0.0010995040212855578,-0.0049344453238602259,0.85074234199164245,241.46875007629396,1.8869241100493028,1
2017-10-27,262707.63869296497,38940.26515732547,868.29141653456134,0.0069558266693334758,0,0.85177338066352826,241.62465003967284,2.1414159574617178,1
2017-10-30,261874.08635257412,38940.26515732547,868.29141653456134,-0.0031729276869830736,-0.0031729276869830736,0.85130157130210182,241.77315002441406,1.9927897931974632,1
2017-10-31,262221.39761955768,38940.26515732547,868.29141653456134,0.0013262529019995029,-0.0018508828895362761,0.85149852181849128,241.92764999389649,2.0262885176289762,1
2017-11-01,262516.6135214013,38940.26515732547,868.29141653456134,0.0011258268948437511,-0.00072713976842875283,0.85166552076464708,242.08134994506835,2.0504421013175156,1
2017-11-02,262603.44796268496,38940.26515732547,868.29141653456134,0.00033077693681504705,-0.00039660335267899249,0.85171457016490226,242.23974990844727,2.045027910635024,1
2017-11-03,263350.19235994329,38940.26515732547,868.29141653456134,0.0028436199259822548,0,0.85213504190609268,242.39829994201659,2.1368214104190719,1
2017-11-06,263697.50362692692,38940.26515732547,868.29141653456134,0.0013188191125712567,0,0.85232979219849858,242.56180000305176,2.1681784022709718,1
2017-11-07,263541.21753150696,38940.26515732547,868.29141653456134,-0.00059267188073597321,-0.00059267188073597321,0.85224222031732066,242.71715003967284,2.120649102994657,1
2017-11-08,263923.24137648311,38940.26515732547,868.29141653456134,0.001449579115382571,0,0.85245609687788848,242.86484992980957,2.1508234498174592,1
2017-11-09,263107.07182323968,38940.26515732547,868.29141653456134,-0.0030924504753228055,-0.0030924504753228055,0.85199840928834369,243.00904998779296,2.0031685989568389,1
2017-11-10,263037.59367095225,38940.26515732547,868.29141653456134,-0.0002640679773674437,-0.0033557018355481194,0.85195931648447976,243.15464996337892,1.9711145175458709,1
2017-11-13,263245.97513151221,38940.26515732547,868.29141653456134,0.00079221170499543803,-0.0025661485568252429,0.85207650321008044,243.30854988098145,1.9840278880274909,1
2017-11-14,262725.02148011239,38940.26515732547,868.29141653456134,-0.0019789615060195054,-0.0045400317536320456,0.85178318784427942,243.45954994201659,1.8885942646028291,1
2017-11-15,261604.9181333005,38940.26515732547,868.29141653456134,-0.0042634056722179459,-0.008784081428719448,0.85114857382962683,243.60364997863769,1.7052751696004802,1
2017-11-16,263497.78706178954,38940.26515732547,868.29141653456134,0.007235601463442487,-0.0016120380777177035,0.85221786645140185,243.75789993286133,1.9770058273875311,1
2017-11-17,262837.87710581493,38940.26515732547,868.29141653456134,-0.00250442314272592,-0.0041124239949748009,0.851846828219326,243.90049987792969,1.8580125842121977,1
2017-11-20,263219.92744894221,38940.26515732547,868.29141653456134,0.0014535589289266238,-0.0026648427166656719,0.85206186501636016,244.04734985351561,1.8988051916346387,1
2017-11-21,264687.34206273773,38940.26515732547,868.29141653456134,0.0055748614020880716,0,0.85288202732378626,244.20259979248047,2.1013044664872509,1
2017-11-22,264487.65199575148,38940.26515732547,868.29141653456134,-0.00075443753913595479,-0.00075443753913595479,0.85277095220327725,244.35519981384277,2.0491584270200467,1
2017-11-24,265008.6056471513,38940.26515732547,868.29141653456134,0.0019696709750676167,0,0.85306037491788889,244.50399971008301,2.1033650206499499,1
2017-11-27,264895.75002144877,38940.26515732547,868.29141653456134,-0.00042585645634762859,-0.00042585645634762859,0.85299777307045344,244.64759979248046,2.0603470264099926,1
2017-11-28,267188.02558206144,38940.26515732547,868.29141653456134,0.0086535007089658667,0,0.85425894340700625,244.79809974670411,2.3702755518441299,1
2017-11-29,267049.09577563778,38940.26515732547,868.29141653456134,-0.00051997018249982929,-0.00051997018249982929,0.85418312297885002,244.94314971923828,2.3111162142131847,1
2017-11-30,269046.18193255796,38940.26515732547,868.29141653456134,0.0074783483206326551,0,0.85526549799882801,245.09359977722167,2.5587115470521482,1
2017-12-01,268568.60575457325,38940.26515732547,868.29141653456134,-0.0017750713819995045,-0.0017750713819995045,0.85500812707457563,245.24229972839356,2.4425781622951157,1
2017-12-04,268290.77263987705,38940.26515732547,868.29141653456134,-0.0010344958745851507,-0.0028077309525629257,0.85485797825184828,245.38754981994629,2.3597567689610086,1
2017-12-05,267465.88519490877,38940.26515732547,868.29141653456134,-0.0030746023683621004,-0.0058737006646886192,0.85441034796288584,245.52104980468749,2.2030791978420523,1
2017-12-06,267509.28916647501,38940.26515732547,868.29141653456134,0.00016227853333372622,-0.0057123753068839545,0.85443397020470435,245.65584976196288,2.1735845032658041,1
2017-12-07,268229.98588116333,38940.26515732547,868.29141653456134,0.0026940997710169778,-0.0030336652448731405,0.85482508590751838,245.79399978637696,2.2378090269086672,1
2017-12-08,269480.32764082524,38940.26515732547,868.29141653456134,0.0046614540710443464,0,0.85549867221021525,245.93784980773927,2.3697883867416567,1
2017-12-11,270174.95017479244,38940.26515732547,868.29141653456134,0.0025776372622383636,0,0.85587018658786584,246.08384979248046,2.419635014645114,1
2017-12-12,270583.04820048972,38940.26515732547,868.29141653456134,0.0015104954231814904,0,0.85608756566127331,246.23539978027344,2.4291061106208987,1
2017-12-13,270557.00051791972,38940.26515732547,868.29141653456134,-9.6265020086194752e-05,-9.6265020086194752e-05,0.85607371059413273,246.37024978637695,2.3785986245420396,1
2017-12-14,269610.5660536752,38940.26515732547,868.29141653456134,-0.0034980963805512078,-0.0035940246563190836,0.85556847519999235,246.50719978332521,2.2127014732573191,1
2017-12-15,271521.68076109793,40113.326861063659,868.29141653456134,0.0070884265976514094,0,0.85226473720764162,246.64764984130861,2.2697617029785988,1
2017-12-18,272989.09537489346,40113.326861063659,868.29141653456134,0.0054044104680046612,0,0.85305886740283021,246.80009986877442,2.4156820570348767,1
2017-12-19,272094.75627578888,40113.326861063659,868.29141653456134,-0.0032760982554134177,-0.0032760982554134177,0.85257589153829305,246.95094993591309,2.259867030760935,1
2017-12-20,271973.18275836157,40113.326861063659,868.29141653456134,-0.00044680580798872604,-0.00372144028367416,0.85250999214616341,247.1032999420166,2.2072505985849484,1
2017-12-21,272450.73243819509,40113.326861063659,868.29141653456134,0.0017558704685152193,-0.0019721041822532426,0.85276851156873545,247.25689987182616,2.2300756573502722,1
2017-12-22,272389.9721776325,40113.326861063659,868.29141653456134,-0.00022301375378530608,-0.0021946781296819928,0.85273566959761393,247.40599990844726,2.1854614340320122,1
2017-12-26,272112.11256478517,40113.326861063659,868.29141653456134,-0.0010200801836645068,-0.003212519565676919,0.85258529477803624,247.55289993286132,2.1163396447001421,1
2017-12-27,272224.99468863884,40113.326861063659,868.29141653456134,0.00041483682144716205,-0.0027990154156350977,0.85264642246776856,247.70500000000001,2.0974196818632023,1
2017-12-28,272702.54436847242,40113.326861063659,868.29141653456134,0.0017542462637560874,-0.0010496793142140692,0.85290446426175248,247.84959999084472,2.1211053219061364,1
2017-12-29,271825.56155836419,40113.326861063659,868.29141653456134,-0.0032158952243703798,-0.0042621988798907662,0.85242989426345439,247.99149993896484,1.9841104107924217,1
2018-01-02,273484.00134372327,40113.326861063659,868.29141653456134,0.0061011178487089257,0,0.85332477708395105,248.15019989013672,2.1501240041125484,1
2018-01-03,274960.10735109251,40113.326861063659,868.29141653456134,0.0053974126461386884,0,0.85411219377419156,248.31869987487792,2.2873627731209427,1
2018-01-04,275949.94578690332,40113.326861063659,868.29141653456134,0.0035999347154274108,0,0.85463549649674386,248.50809982299805,2.3652748819640186,1
2018-01-05,277521.57762912993,40113.326861063659,868.29141653456134,0.0056953511541555368,0,0.85545870990013717,248.70379989624024,2.5037651776389089,1
2018-01-08,277955.72333739721,40113.326861063659,868.29141653456134,0.0015643673979377493,0,0.85568447240652068,248.90324996948243,2.5078060485954747,1
2018-01-09,278494.05977594445,40113.326861063659,868.29141653456134,0.0019367704758277426,0,0.85596343816691867,249.10665000915526,2.5229185425017278,1
2018-01-10,278129.3657218134,40113.326861063659,868.29141653456134,-0.0013095218419539867,-0.0013095218419539867,0.85577457181854999,249.30915000915527,2.4386169962344266,1
2018-01-11,279865.94855488255,40113.326861063659,868.29141653456134,0.0062437953236700316,0,0.85666949813582871,249.51314994812012,2.5832222676268697,1
2018-01-12,281428.88900353544,40113.326861063659,868.29141653456134,0.0055846038316675894,0,0.85746549686816365,249.72505004882814,2.6993391447792945,1
2018-01-16,280604.00155856716,40113.326861063659,868.29141653456134,-0.0029310688319489353,-0.0029310688319489353,0.85704649029143909,249.92845008850097,2.5566886842627756,1
2018-01-17,282896.27711917984,40113.326861063659,868.29141653456134,0.0081690765202229176,0,0.85820482591870739,250.14779998779298,2.7447541381397129,1
2018-01-18,282488.20559163368,40113.326861063659,868.29141653456134,-0.0014424775458400374,-0.0014424775458400374,0.85799999409868566,250.36685005187988,2.6456962589139912,1
2018-01-19,283590.9261512981,40113.326861063659,868.29141653456134,0.0039035985851336719,0,0.85855214972688221,250.59150009155275,2.7037431625211443,1
2018-01-22,285570.62952107086,40113.326861063659,868.29141653456134,0.0069808417238166331,0,0.85953272950955251,250.83105010986327,2.8441616337411064,1
2018-01-23,286091.60967062187,40113.326861063659,868.29141653456134,0.0018243477994384083,0,0.85978852400723582,251.07030014038085,2.8313004331978471,1
2018-01-24,285996.08383576444,40113.326861063659,868.29141653456134,-0.00033389946306849883,-0.00033389946306849883,0.85974169183344817,251.31020011901856,2.759949101476459,1
2018-01-25,286100.27456604445,40113.326861063659,868.29141653456134,0.00036430824115707416,0,0.85979277048263103,251.55000007629394,2.711370353874702,1
2018-01-26,288948.26935235178,40113.326861063659,868.29141653456134,0.009954533565642798,0,0.86117471147699332,251.8076000213623,2.9197588072889809,1
2018-01-29,287298.5209605663,40113.326861063659,868.29141653456134,-0.005709493936347898,-0.005709493936347898,0.86037753787611915,252.06084999084473,2.7033697333876501,1
2018-01-30,284763.12486325006,40113.326861063659,868.29141653456134,-0.0088249535320936712,-0.014484061449761554,0.85913440555083442,252.30710006713866,2.4207749120680595,1
2018-01-31,284884.67188252625,40113.326861063659,868.29141653456134,0.00042683552982691886,-0.014063408231977603,0.85919450633832428,252.54374999999999,2.3907278736569131,1
2018-02-01,284606.81226967892,40113.326861063659,868.29141653456134,-0.00097534069141458346,-0.015025032309083586,0.85905703893322738,252.7822999572754,2.3266803339963191,1
2018-02-02,279284.20814476907,40113.326861063659,868.29141653456134,-0.018701604794569726,-0.033445644887383219,0.85637094511168832,252.99235000610352,1.8105814791052992,1
2018-02-05,269281.47406747413,40113.326861063659,868.29141653456134,-0.035815609281101723,-0.068063378019043941,0.85103569786975986,253.13529998779296,0.87307564468241006,1
2018-02-06,273796.60003271431,40113.326861063659,868.29141653456134,0.01676731004565446,-0.05243730773538946,0.85349223892381887,253.30800003051758,1.2816581647188388,1
2018-02-07,272528.90198405623,40113.326861063659,868.29141653456134,-0.0046300722817836926,-0.056824591492096177,0.85281074202027041,253.46050010681154,1.152150865972259,1
2018-02-08,263811.24874256691,40113.326861063659,868.29141653456134,-0.03198799532094887,-0.08699488204628103,0.84794686711707579,253.55590011596681,0.33146925103740676,1
2018-02-09,267171.53228485142,40113.326861063659,868.29141653456134,0.012737453608597127,-0.075365521711933781,0.84985927760336444,253.67140014648439,0.63872666019781899,1
2018-02-12,270505.76814456598,40113.326861063659,868.29141653456134,0.012479757222635834,-0.063826307903220192,0.85170990202461805,253.80510009765624,0.94260380991695436,1
2018-02-13,271078.84365925693,40113.326861063659,868.29141653456134,0.0021185334369087094,-0.061842992633758809,0.8520233954093237,253.94470008850098,0.98681936080256394,1
2018-02-14,274196.00666483794,40113.326861063659,868.29141653456134,0.01149910101246876,-0.051055030440499083,0.85370564892983292,254.09925010681152,1.2678887751702161,1
2018-02-15,277182.93125756888,40113.326861063659,868.29141653456134,0.010893392026609661,-0.040717800875408328,0.85528211755655026,254.2705500793457,1.5324128927199039,1
2018-02-16,277252.38291170518,40113.326861063659,868.29141653456134,0.00025056252136890222,-0.040477440708891366,0.85531836935072136,254.44370002746581,1.5222757245452367,1
2018-02-20,275767.61200891342,40113.326861063659,868.29141653456134,-0.0053553043880044671,-0.04561597608105239,0.85453938347275116,254.60690002441407,1.3686891376615009,1
2018-02-21,274595.41329696146,40113.326861063659,868.29141653456134,-0.0042506757897082803,-0.049672753145609039,0.85391843811432122,254.75864997863769,1.2460499557170022,1
2018-02-22,274899.32059237885,40113.326861063659,868.29141653456134,0.0011067457091453736,-0.048620982542869062,0.85407993452066844,254.91234992980958,1.2617959681401878,1
2018-02-23,278641.6544777907,40113.326861063659,868.29141653456134,0.013613470842152475,-0.035669412028880854,0.85603973341228878,255.08869987487793,1.5947013230665892,1
2018-02-26,281411.50621638802,40113.326861063659,868.29141653456134,0.0099405515797283961,-0.026083434079244183,0.85745669251271128,255.27884986877442,1.830023597646429,1
2018-02-27,278398.53394108708,40113.326861063659,868.29141653456134,-0.010706642083725404,-0.03651081016996871,0.85591401544681911,255.45409980773925,1.5324253854522305,1
2018-02-28,275984.68486304698,40113.326861063659,868.29141653456134,-0.0086704805656444561,-0.044864724465598527,0.85465379399233976,255.61744979858398,1.2950356684489124,1
2018-03-01,272554.94966662617,40113.326861063659,868.29141653456134,-0.012427266382997848,-0.056734444966462627,0.85282480868489829,255.75444984436035,0.96636539592677295,1
2018-03-02,273753.16956299695,40113.326861063659,868.29141653456134,0.004396250729757023,-0.052587613081791829,0.85346899571939872,255.8994497680664,1.0675356088445878,1
2018-03-05,276453.56964745803,40113.326861063659,868.29141653456134,0.0098643609817261613,-0.043241995298671787,0.85490031142583034,256.08129974365232,1.3077985783482449,1
2018-03-06,277052.69284471893,40113.326861063659,868.29141653456134,0.0021671747556919474,-0.041168533503576854,0.85521408779973063,256.26184974670412,1.351326086291593,1
2018-03-07,276965.85840343527,40113.326861063659,868.29141653456134,-0.00031342211617602089,-0.041469052490862413,0.85516869446546151,256.43419975280761,1.3303971891471029,1
2018-03-08,278112.00943281711,40113.326861063659,868.29141653456134,0.004138239406072719,-0.037502421951939868,0.85576557106300111,256.6070997619629,1.4232895116153226,1
2018-03-09,282253.74995035259,40113.326861063659,868.29141653456134,0.014892346885638563,-0.023168574143061282,0.8578820410070036,256.80119972229005,1.7892763753854992,1
2018-03-12,281949.84265493526,40113.326861063659,868.29141653456134,-0.0010767165909072451,-0.024220344745801037,0.85772885530510323,256.99074966430663,1.739754496218191,1
2018-03-13,280386.92870443349,40113.326861063659,868.29141653456134,-0.0055432339872398817,-0.029629319694863265,0.85693581706389521,257.16554969787597,1.5762890749005087,1
2018-03-14,279153.94323376793,40113.326861063659,868.29141653456134,-0.004397442763693471,-0.033896469221071479,0.85630392178457559,257.33349960327149,1.4463026730028148,1
2018-03-15,278893.46640806802,40113.326861063659,868.29141653456134,-0.00093309384306916598,-0.034797934477408643,0.85616971463085079,257.50099960327151,1.4073983193484458,1
2018-03-16,279151.35955803923,41065.842545002073,868.29141653456134,0.00092470129649391275,-0.033905410876041375,0.85289040823580897,257.66479965209959,1.329549434833067,1
2018-03-19,275929.9793240272,41065.842545002073,868.29141653456134,-0.011539905229593805,-0.045054050877355145,0.85117295827874484,257.80044960021974,1.021053363024657,1
2018-03-20,276329.4124543019,41065.842545002073,868.29141653456134,0.0014475887370166696,-0.043671681876945589,0.85138808720988635,257.93434967041014,1.0475736971919427,1
2018-03-21,275877.88395888725,41065.842545002073,868.29141653456134,-0.0016340225653297402,-0.045234343928622467,0.85114485454324451,258.06654960632324,0.99575368957094645,1
2018-03-22,270008.25200185634,41065.842545002073,868.29141653456134,-0.021276196093723998,-0.065548125250750156,0.84790893522498811,258.16884963989258,0.44444635711152641,1
2018-03-23,265128.43198248517,41065.842545002073,868.29141653456134,-0.018072855119026565,-0.082436338598796066,0.84510962389837185,258.24079956054686,-0.015469425901923253,1
2018-03-26,271258.56726336706,41065.842545002073,868.29141653456134,0.023121380212013154,-0.061221000314812035,0.84860997033457408,258.34744949340819,0.54973523690821835,1
2018-03-27,267342.59099353896,41065.842545002073,868.29141653456134,-0.014436322912618094,-0.07477351709785196,0.84639244202584041,258.43339950561523,0.17676850720989962,1
2018-03-28,266673.98964399064,41065.842545002073,868.29141653456134,-0.0025009159485720467,-0.077087430764983256,0.846007319274651,258.51574943542482,0.10763228723828785,1
2018-03-29,269556.72350644169,41065.842545002073,868.29141653456134,0.010809955130230309,-0.067110787302427033,0.84765417085201833,258.60874938964844,0.37301304735965596,1
2018-04-02,264624.83462008164,41065.842545002073,868.29141653456134,-0.018296293344885473,-0.084179201996221198,0.84481485797068223,258.67489936828611,-0.099314813868043153,1
2018-04-03,267490.18569538521,41065.842545002073,868.29141653456134,0.010827974930687434,-0.074262717354434016,0.84647719901107932,258.75989929199221,0.16630381368711422,1
2018-04-04,269912.72616699897,41065.842545002073,868.29141653456134,0.009056558338078613,-0.065878723648420068,0.84785510810040865,258.8644992828369,0.39007845146330039,1
2018-04-05,271718.78715235548,41065.842545002073,868.29141653456134,0.0066912776251946138,-0.059628258852750471,0.84886638507636192,258.96939933776855,0.5556787478229438,1
2018-04-06,266578.4903072844,41065.842545002073,868.29141653456134,-0.018917708631567165,-0.077417937457133656,0.84595215278747515,259.05294937133789,0.055815052418723969,1
2018-04-09,267689.90226052259,41065.842545002073,868.29141653456134,0.0041691734091413579,-0.073571532854229127,0.84659173843234559,259.14319938659668,0.15607041236062622,1
2018-04-10,271293.30633951077,41065.842545002073,868.29141653456134,0.013461113208077746,-0.061100774378793909,0.84862935581016474,259.25474937438963,0.49756018824759451,1
2018-04-11,270086.39504956634,41065.842545002073,868.29141653456134,-0.0044487322825209619,-0.06527768567384884,0.84795293914206349,259.35789939880374,0.37314982064340158,1
2018-04-12,271970.57258448168,41065.842545002073,868.29141653456134,0.0069762030574311851,-0.058756873006797661,0.8490063018408146,259.47109939575193,0.54964749315853101,1
2018-04-13,271293.30633951077,41065.842545002073,868.29141653456134,-0.0024902188443954865,-0.061100774378793909,0.84862935581016474,259.5901993560791,0.47572298556375253,1
2018-04-16,273186.17526799988,41065.842545002073,868.29141653456134,0.0069772046867984105,-0.054549882301358044,0.84967818190391275,259.70939926147463,0.65448054407704681,1
2018-04-17,275669.50249832729,41065.842545002073,868.29141653456134,0.0090902375564620996,-0.04595551613369242,0.85103233338170503,259.85359924316407,0.8915355749115571,1
2018-04-18,275843.17138089467,41065.842545002073,868.29141653456134,0.00062998946562253799,-0.045354478159121192,0.85112612235632679,259.99654930114747,0.90013115480243888,1
2018-04-19,274540.73425609281,41065.842545002073,868.29141653456134,-0.0047216580286607579,-0.049861987851846257,0.85041985606880599,260.1299493408203,0.76211913147305799,1
2018-04-20,272561.00438816892,41065.842545002073,868.29141653456134,-0.0072110605855566501,-0.056713490622086971,0.84933339001599084,260.24914924621584,0.55615436126405515,1
2018-04-23,272526.29181017634,41065.842545002073,868.29141653456134,-0.00012735709596645162,-0.056833624852585696,0.84931419910998607,260.37924926757813,0.54495690355683479,1
2018-04-24,269409.12880459544,41065.842545002073,868.29141653456134,-0.011438026712490945,-0.067621587045845089,0.84757070880553764,260.48359931945799,0.22116774619803903,1
2018-04-25,269973.51292571268,41065.842545002073,868.29141653456134,0.0020948960550131179,-0.065668351186768059,0.84788936477519561,260.58989936828613,0.27104569232127018,1
2018-04-26,272300.52756246901,41065.842545002073,868.29141653456134,0.0086194182960335208,-0.057614955878424134,0.84918926557870489,260.71049934387207,0.50232414170600892,1
2018-04-27,272517.60041660263,41065.842545002073,868.29141653456134,0.00079718117359806051,-0.05686370426297005,0.84930939329340949,260.82324935913084,0.51721579174210619,1
2018-04-30,270737.61361196724,41065.842545002073,868.29141653456134,-0.0065316397983626873,-0.063023930827486474,0.84831866545200707,260.92369941711428,0.32504112803519891,1
2018-05-01,271145.71163766453,41065.842545002073,868.29141653456134,0.0015073562193770318,-0.061611574122211854,0.84854695913509826,261.0207994842529,0.36048191169194227,1
2018-05-02,269600.15397615905,41065.842545002073,868.29141653456134,-0.0057000999653309403,-0.066960481956024775,0.8476787125698988,261.10914955139162,0.19131188697941004,1
2018-05-03,269096.5301156044,41065.842545002073,868.29141653456134,-0.0018680399589059427,-0.068703437058969197,0.84739363778730215,261.193949508667,0.13113618801137902,1
2018-05-04,272048.71563219168,41065.842545002073,868.29141653456134,0.010970730523054417,-0.058486433429896345,0.84904967314558888,261.28909942626956,0.43671028259870304,1
2018-05-07,272830.19910559367,41065.842545002073,868.29141653456134,0.002872586520344278,-0.055781854249845941,0.84948204898275093,261.38819946289061,0.51252079624764657,1
2018-05-08,272830.19910559367,41065.842545002073,868.29141653456134,0,-0.055781854249845941,0.84948204898275093,261.48839950561523,0.50521323026053844,1
2018-05-09,275070.37930106634,41065.842545002073,868.29141653456134,0.0082108952851134287,-0.048028977928787464,0.85070787102069167,261.60179946899416,0.73709099199424677,1
2018-05-10,277258.46413139906,41065.842545002073,868.29141653456134,0.007954636322138775,-0.040456394658996309,0.85188606351963325,261.72479942321775,0.96279379674872412,1
2018-05-11,277979.16084608738,41065.842545002073,868.29141653456134,0.0025993677666293902,-0.03796218794059758,0.85227006794318805,261.85189949035646,1.0304195100146867,1
2018-05-14,278092.04296994105,41065.842545002073,868.29141653456134,0.00040608124547936164,-0.037571522427678361,0.85233003394692275,261.98079956054687,1.0326591858194334,1
2018-05-15,276459.65086715185,41065.842545002073,868.29141653456134,-0.0058699705513172162,-0.043220949248776952,0.85145809735274691,262.10174957275393,0.84754779116935808,1
2018-05-16,277449.48930296267,41065.842545002073,868.29141653456134,0.0035804083261556929,-0.039795289569175996,0.85198804060453703,262.22909950256349,0.94577513986525275,1
2018-05-17,277249.79923597648,41065.842545002073,868.29141653456134,-0.00071973485151433092,-0.040486382363861373,0.85188143451079801,262.35254951477049,0.91503619623885268,1
2018-05-18,276659.3409341381,41065.842545002073,868.29141653456134,-0.0021296978517766352,-0.042529856454091464,0.85156531347778253,262.47199943542478,0.84202471361239328,1
2018-05-21,278430.6628433509,41065.842545002073,868.29141653456134,0.0064025378764800411,-0.036399617594440103,0.85250962618256487,262.60404937744141,1.0263020323873528,1
2018-05-22,277770.75288737629,41065.842545002073,868.29141653456134,-0.0023701051789180028,-0.038683451851186934,0.85215922800319999,262.7300492858887,0.94471861235261056,1
2018-05-23,278421.97144977719,41065.842545002073,868.29141653456134,0.0023444461147603679,-0.036429697004824457,0.85250502203124556,262.85749923706055,1.0068062556681412,1
2018-05-24,277935.73037636996,41065.842545002073,868.29141653456134,-0.0017464177517144686,-0.038112493287000171,0.85224698354043116,262.98519920349122,0.94408995821722441,1
2018-05-25,277371.34625525272,41065.842545002073,868.29141653456134,-0.0020306281612406663,-0.040065729146077089,0.8519463416123344,263.10969917297365,0.87296371606957079,1
2018-05-29,274653.58988179534,41065.842545002073,868.29141653456134,-0.0097982593016523456,-0.049471414044446438,0.8504813188035304,263.23599914550783,0.56303879925666556,1
2018-05-30,277770.75288737629,41065.842545002073,868.29141653456134,0.011349434780453915,-0.038683451851186934,0.85215922800319999,263.37844909667967,0.90469370522041348,1
2018-05-31,276320.72106072819,41065.842545002073,868.29141653456134,-0.0052202465939098497,-0.043701761287329943,0.85138341276991369,263.50044914245603,0.73312677811251592,1
2018-06-01,278630.37940848828,41065.842545002073,868.29141653456134,0.008358614362664829,-0.035708433094235215,0.85261534427013363,263.63589920043944,0.9864767225554526,1
2018-06-04,279759.14765072276,41065.842545002073,868.29141653456134,0.0040511312679929468,-0.031801961376081267,0.85321000978930461,263.77569915771483,1.1055671732967649,1
2018-06-05,279932.81653329014,41065.842545002073,868.29141653456134,0.00062077999602783152,-0.03120092340151015,0.85330107754580298,263.93574920654299,1.1179843911680007,1
2018-06-06,281929.87619205914,41065.842545002073,868.29141653456134,0.0071340676791693536,-0.024289445221539641,0.85434022424417777,264.10919914245608,1.3402157818044498,1
2018-06-07,281903.82850948919,41065.842545002073,868.29141653456134,-9.2390643098072545e-05,-0.024379591747173301,0.8543267654003508,264.28154914855958,1.329304354642068,1
2018-06-08,282615.83383060381,41065.842545002073,868.29141653456134,0.0025257029139307274,-0.021915464439158927,0.85469376577953371,264.44529914855957,1.4020039503177233,1
2018-06-11,282937.09741501737,41065.842545002073,868.29141653456134,0.0011367501249279766,-0.020803626721169977,0.8548587551077973,264.61529914855959,1.429936599557015,1
2018-06-12,283249.69610400841,41065.842545002073,868.29141653456134,0.001104834579300551,-0.019721776708045868,0.85501893520153038,264.78994918823241,1.457664448878321,1
2018-06-13,282476.90402418014,41065.842545002073,868.29141653456134,-0.0027283068277133005,-0.022396276477711918,0.85462230023065233,264.95729919433592,1.3572642714207697,1
2018-06-14,283084.71861501475,41065.842545002073,868.29141653456134,0.0021517319900341558,-0.020292735272232632,0.85493444243152472,265.12809921264648,1.4211141300655814,1
2018-06-15,282777.33815393131,42147.733650004135,868.29141653456134,-0.0010858249876124493,-0.02135652590081949,0.85095080841640569,265.28949920654298,1.2463829296123103,1
2018-06-18,282282.40568695031,42147.733650004135,868.29141653456134,-0.0017502550600839717,-0.023069401593379779,0.85068947691785746,265.44224922180177,1.1784705121357566,1
2018-06-19,281362.01890527579,42147.733650004135,868.29141653456134,-0.0032605177054330081,-0.026254701106463774,0.85020105480479324,265.58229919433592,1.0579758754316848,1
2018-06-20,281770.11693097308,42147.733650004135,868.29141653456134,0.0014504375085346854,-0.024842344401189154,0.85041801412770357,265.72294921874999,1.0997259337483249,1
2018-06-21,280267.96324103384,42147.733650004135,868.29141653456134,-0.0053311320103800464,-0.030041038594119218,0.84961629876420608,265.86384918212889,0.90728527526705238,1
2018-06-22,280702.10894930112,42147.733650004135,868.29141653456134,0.0015490379394305087,-0.028538535363210826,0.84984888853251683,266.00304916381833,0.95437012720188463,1
2018-06-25,277454.70753087028,42147.733650004135,868.29141653456134,-0.011568852940172847,-0.039777230184638745,0.84809148121837263,266.12369918823242,0.53820909099211245,1
2018-06-26,277975.68768042122,42147.733650004135,868.29141653456134,0.0018777124172346671,-0.037974207966444906,0.84837618713453855,266.24879920959472,0.59711846915960942,1
2018-06-27,276022.03199321846,42147.733650004135,868.29141653456134,-0.0070281530859951369,-0.044735472505532448,0.8473030093081857,266.34949920654299,0.33780000200676008,1
2018-06-28,277359.20819416398,42147.733650004135,868.29141653456134,0.0048444545940389272,-0.040107736876789479,0.8480391766171369,266.45369926452639,0.50340382938731676,1
2018-06-29,277697.82806757389,42147.733650004135,868.29141653456134,0.0012208712146772882,-0.038935832043550889,0.84822447498671805,266.55924926757814,0.5399389174112581,1
2018-07-02,278201.42542997742,42147.733650004135,868.29141653456134,0.0018134724564031757,-0.037192968646125868,0.84849921748293633,266.6680992126465,0.59865164610575028,1
2018-07-03,277367.87308958656,42147.733650004135,868.29141653456134,-0.0029962187975943744,-0.040077749171924415,0.84804392383111038,266.77664916992188,0.48009229942600268,1
2018-07-05,279286.7897006456,42147.733650004135,868.29141653456134,0.0069183088498474543,-0.03343671056885511,0.8490879797960359,266.89359909057617,0.73009193626268976,1
2018-07-06,281292.5672511395,42147.733650004135,868.29141653456134,0.0071817845471451314,-0.026495061272980625,0.85016406916868725,267.02084915161134,0.9939149927340305,1
2018-07-09,283445.9130053285,42147.733650004135,868.29141653456134,0.0076551818458341359,-0.019042703939207706,0.85130237651649676,267.16004913330079,1.2786875786420731,1
2018-07-10,284314.20442186308,42147.733650004135,868.29141653456134,0.0030633407528379841,-0.016037697477391033,0.8517564968809449,267.30759910583498,1.3891832862981341,1
2018-07-11,282542.88251265022,42147.733650004135,868.29141653456134,-0.0062301562203503913,-0.022167936337042615,0.85082712657567283,267.44469902038577,1.1377947369983152,1
2018-07-12,284722.30244756036,42147.733650004135,868.29141653456134,0.0077135899355473825,-0.014625340772116413,0.85196897718341946,267.59689903259277,1.4335060189745088,1
2018-07-13,284913.32761912397,42147.733650004135,868.29141653456134,0.00067091748669323437,-0.0139642356822961,0.85206822719663089,267.74944900512696,1.4527285780303709,1
2018-07-16,284696.25476499036,42147.733650004135,868.29141653456134,-0.00076189083868971608,-0.014715487297750185,0.8519554333976187,267.89589897155764,1.413870256911657,1
2018-07-17,285677.42830537859,42147.733650004135,868.29141653456134,0.0034463872424250752,-0.011319815323014182,0.8524638999306946,268.04649894714356,1.5439886251531394,1
2018-07-18,286189.71706135583,42147.733650004135,868.29141653456134,0.0017932419758051044,-0.0095468725152048073,0.85272799427322499,268.19564895629884,1.6061049863510046,1
2018-07-19,285269.33027968131,42147.733650004135,868.29141653456134,-0.0032160022768294994,-0.012732172028288802,0.85225283906727012,268.33404891967774,1.4631448284795938,1
2018-07-20,284991.47066683398,42147.733650004135,868.29141653456134,-0.00097402553781333889,-0.013693796105394784,0.85210878925118261,268.46814888000489,1.4125549657026086,1
2018-07-23,285442.99916224869,42147.733650004135,868.29141653456134,0.0015843579260748086,-0.012131134053717685,0.85234273121532422,268.60334892272948,1.4668910125943033,1
2018-07-24,286667.26674118941,42147.733650004135,868.29141653456134,0.0042890089528691,-0.0078941556434133364,0.8529733299196095,268.73809883117679,1.6300811225920468,1
2018-07-25,288751.18733939325,42147.733650004135,868.29141653456134,0.0072694752417801212,-0.000682066770637757,0.85403442306727428,268.88629890441894,1.9135321343433733,1
2018-07-26,288169.42043112859,42147.733650004135,868.29141653456134,-0.0020147688867538927,-0.0026954614504834939,0.85373974245099593,269.03324890136719,1.8115075141534707,1
2018-07-27,286502.31575034687,42147.733650004135,868.29141653456134,-0.0057851547131113623,-0.008465022502080588,0.8528886807088466,269.16724899291989,1.5550470814429658,1
2018-07-30,285225.92630811501,42147.733650004135,868.29141653456134,-0.0044550754812888727,-0.012882385669171881,0.85223035579004813,269.29189903259277,1.3574265131936374,1
2018-07-31,286424.14620448579,42147.733650004135,868.29141653456134,0.0042009501446105268,-0.0087355537845010822,0.85284853177178099,269.42534896850589,1.5207134489610623,1
2018-08-01,286016.04817878845,42147.733650004135,868.29141653456134,-0.0014248031498224067,-0.010147910489775924,0.8526385707432137,269.55489891052247,1.4489896505652642,1
2018-08-02,287344.55948431144,42147.733650004135,868.29141653456134,0.0046448837888024563,-0.0055501625658976872,0.8533198828415427,269.69039901733396,1.6305717099239185,1
2018-08-03,288395.18467883597,42147.733650004135,868.29141653456134,0.0036563253412909003,-0.0019141304246448332,0.85385423928994897,269.83104904174803,1.7687961650146626,1
2018-08-06,289298.2151715142,42147.733650004135,868.29141653456134,0.0031312259727354075,0,0.85431042626717801,269.97564910888673,1.8825802314956808,1
2018-08-07,290114.38472475763,42147.733650004135,868.29141653456134,0.0028212049381624027,0,0.85472029010215667,270.12459907531741,1.9810449293803682,1
2018-08-08,290010.19399447768,42147.733650004135,868.29141653456134,-0.0003591367259462297,-0.0003591367259462297,0.85466809607800653,270.26634910583493,1.9425720878640007,1
2018-08-09,289671.57412106782,42147.733650004135,868.29141653456134,-0.0011676136922839087,-0.0015263310852714485,0.85449820619130357,270.41114921569823,1.8730840390666152,1
2018-08-10,288013.13433570863,42147.733650004135,868.29141653456134,-0.0057252417341649986,-0.0072428342050069316,0.85366037647131521,270.5441492462158,1.6141989774794274,1
2018-08-13,287092.74755403411,42147.733650004135,868.29141653456134,-0.0031956416980681857,-0.010415330400077361,0.85319122823863236,270.67819931030272,1.4676050963833978,1
2018-08-14,288655.66150453588,42147.733650004135,868.29141653456134,0.0054439339336065373,-0.0050280968370655099,0.85398611816473291,270.81959930419924,1.684613165174067,1
2018-08-15,286814.88794118678,42147.733650004135,868.29141653456134,-0.0063770568495160607,-0.011373089227206701,0.85304900330471412,270.93994934082031,1.3992542318088457,1
2018-08-16,288794.59131095954,42147.733650004135,868.29141653456134,0.0069023731089534746,-0.0045492174235007843,0.85405636075565705,271.07649932861329,1.6782395975079865,1
2018-08-17,289662.88272749411,42147.733650004135,868.29141653456134,0.0030066055343800357,-0.0015562895914033037,0.8544938403804555,271.21604934692385,1.7896331248376047,1
2018-08-20,290192.55427061877,42147.733650004135,868.29141653456134,0.0018285792716596916,0,0.854759424286609,271.35694946289061,1.8489992238223496,1
2018-08-21,290774.2946807323,42147.733650004135,868.29141653456134,0.0020046703526757081,0,0.85505000125172004,271.50069946289062,1.914518436528811,1
2018-08-22,290626.69997888606,42147.733650004135,868.29141653456134,-0.00050759198645222714,-0.00050759198645222714,0.85497638842863999,271.63929946899412,1.8715136542400075,1
2018-08-23,290296.74500089872,42147.733650004135,868.29141653456134,-0.0011353223155728953,-0.0016423380215156991,0.8548115527445076,271.77399948120114,1.8027520981635905,1
2018-08-24,291790.20729726425,42147.733650004135,868.29141653456134,0.0051446057252928501,0,0.85555466703148919,271.91819946289064,1.9995085236476287,1
2018-08-27,293761.21927346324,42147.733650004135,868.29141653456134,0.0067548941907806803,0,0.85652383335606785,272.0715495300293,2.2570446553939081,1
2018-08-28,293882.79279089067,42147.733650004135,868.29141653456134,0.00041385148702777208,0,0.85658318661755084,272.2302995300293,2.243723562172304,1
2018-08-29,295237.32528083248,42147.733650004135,868.29141653456134,0.0046090908456337676,0,0.85724117501094133,272.39724960327146,2.4045075603536978,1
2018-08-30,294212.72127072682,42147.733650004135,868.29141653456134,-0.0034704419880888793,-0.0034704419880888793,0.85674401342006934,272.55709960937497,2.2253225342435337,1
2018-08-31,294221.41266430053,42147.733650004135,868.29141653456134,2.9541188892645565e-05,-0.0034410033201784929,0.85674824524721571,272.71999954223634,2.1983785836445486,1
2018-09-04,293787.26695603324,42147.733650004135,868.29141653456134,-0.0014755748207987418,-0.0049115006831196295,0.85653655419888663,272.88684951782227,2.11326607580822,1
2018-09-05,293110.00071106234,42147.733650004135,868.29141653456134,-0.0023052947528602319,-0.0072054729792264682,0.85620506448856415,273.03889953613282,1.9928078077064186,1
2018-09-06,292354.59141838143,42147.733650004135,868.29141653456134,-0.0025772211485393104,-0.0097641240304184862,0.85583351557599607,273.19039962768557,1.8659687860176957,1
2018-09-07,291868.3503449742,42147.733650004135,868.29141653456134,-0.0016631894544505421,-0.011411073896749557,0.85559333994183484,273.33689971923826,1.7791742097300225,1
2018-09-10,292302.49605324148,42147.733650004135,868.29141653456134,0.0014874710044927575,-0.0099405765338084207,0.85580782162624047,273.47744979858396,1.8214728632322872,1
2018-09-11,293127.35700005863,42147.733650004135,868.29141653456134,0.0028219428775144717,-0.0071466853954418319,0.85621357869372894,273.62389968872071,1.9178459186969175,1
2018-09-12,293188.14375877229,42147.733650004135,868.29141653456134,0.00020737320233688017,-0.006940794224141511,0.85624338996230964,273.76769973754881,1.9042571950791829,1
2018-09-13,294672.91466156411,42147.733650004135,868.29141653456134,0.0050642255984725271,-0.0019117183734526089,0.85696773760692802,273.9206996154785,2.0891084514714442,1
2018-09-14,294716.34513128153,42147.733650004135,868.29141653456134,0.0001473853467914843,-0.0017646147859367023,0.85698881535997129,274.06074966430663,2.0652900074299461,1
2018-09-17,293379.16893033596,42147.733650004135,868.29141653456134,-0.0045371633539698086,-0.0062937717943658544,0.85633699282851172,274.19389968872071,1.8527920249534022,1
2018-09-18,294742.39281385147,42147.733650004135,868.29141653456134,0.004646628076853121,-0.0016763885342417906,0.85700145388782578,274.32339965820313,2.0146077207481046,1
2018-09-19,295011.56103312515,42147.733650004135,868.29141653456134,0.00091323211671046067,-0.00076468734938095473,0.85713192560181861,274.45719970703124,2.0222848563875657,1
2018-09-20,297060.71605703415,42147.733650004135,868.29141653456134,0.0069460160026708628,0,0.85811744410556123,274.60439956665039,2.2682965737693328,1
2018-09-21,296828.88542859757,43296.483194079359,868.29141653456134,-0.00078041496537717414,-0.00078041496537717414,0.85413655705521163,274.74839950561523,2.0487726532142414,1
2018-09-24,295986.641694633,43296.483194079359,868.29141653456134,-0.0028374722788465645,-0.00361567283839348,0.85372149585470825,274.8872994995117,1.9083704845489855,1
2018-09-25,295752.21255150303,43296.483194079359,868.29141653456134,-0.00079202609208228747,-0.0044048352232474164,0.85360554762869412,275.0206994628906,1.8521806985333658,1
2018-09-26,294996.80325882218,43296.483194079359,868.29141653456134,-0.0025541965896511698,-0.0069477809977934735,0.85323066990630336,275.14254943847658,1.7277752740757943,1
2018-09-27,295700.11718636309,43296.483194079359,868.29141653456134,0.0023841408441427347,-0.0045802046421036247,0.85357975638950445,275.26444946289064,1.7985394621522097,1
2018-09-28,295726.16486893309,43296.483194079359,868.29141653456134,8.8088171279254723e-05,-0.0044925199326754095,0.8535926531449507,275.38414947509767,1.778195775018681,1
2018-10-01,296603.14767904131,43296.483194079359,868.29141653456134,0.002965523224828237,-0.0015403193800455073,0.85402554378508788,275.5090495300293,1.8689569983647991,1
2018-10-02,296455.52647904394,43296.483194079359,868.29141653456134,-0.00049770611388488817,-0.0020372588675576786,0.85395285522821951,275.63854949951173,1.8249465305921804,1
2018-10-03,296594.4562854676,43296.483194079359,868.29141653456134,0.0004686362506838293,-0.0015695773502311106,0.85402126615472829,275.7645994567871,1.8185870259337416,1
2018-10-04,294614.7529156949,43296.483194079359,868.29141653456134,-0.0066747821067406621,-0.0082338828701592481,0.85304034246218208,275.870799407959,1.5402426891812593,1
2018-10-05,293208.12506061309,43296.483194079359,868.29141653456134,-0.0047744650977621372,-0.012969035581538724,0.85233532261382949,275.97404937744142,1.3418325650503311,1
2018-10-08,293208.12506061309,43296.483194079359,868.29141653456134,0,-0.012969035581538724,0.85233532261382949,276.07799942016601,1.3275829335455442,1
2018-10-09,292843.43100648205,43296.483194079359,868.29141653456134,-0.0012438060986735833,-0.014196710714662109,0.85215142765787022,276.17709945678712,1.2667061745075661,1
2018-10-10,284941.9738163873,43296.483194079359,868.29141653456134,-0.026981848843042222,-0.040795506055132935,0.84805157831194433,276.23104934692384,0.23404832142950222,1
2018-10-11,279619.36969147739,43296.483194079359,868.29141653456134,-0.018679607127097819,-0.058713069156569708,0.84515921324816934,276.25594940185545,-0.46319059838247895,1
2018-10-12,282901.51018605201,43296.483194079359,868.29141653456134,0.011737886750106119,-0.047664349762974512,0.84695563072249025,276.29909942626955,-0.039675558558281546,1
2018-10-15,281555.64259153273,43296.483194079359,868.29141653456134,-0.0047573715447265519,-0.05219496428644077,0.84622406144816009,276.33174942016603,-0.2200352307430978,1
2018-10-16,286765.3910907401,43296.483194079359,868.29141653456134,0.018503441988429348,-0.034657308791773755,0.8490177527023155,276.39944946289063,0.45677803349616108,1
2018-10-17,286808.82156045752,43296.483194079359,868.29141653456134,0.00015144948123690938,-0.034511108141974334,0.84904061542279752,276.45784957885741,0.45645346648239715,1
2018-10-18,283292.22542460187,43296.483194079359,868.29141653456134,-0.012261115668349087,-0.046349079121551728,0.84716670876094102,276.48749954223632,-0.010016968817070111,1
2018-10-19,283161.98701175192,43296.483194079359,868.29141653456134,-0.00045973168749957605,-0.046787502668692693,0.84709641413738768,276.51069961547853,-0.029866209278313655,1
2018-10-22,282085.31413465744,43296.483194079359,868.29141653456134,-0.0038023213795634891,-0.050411922926562602,0.84651280650005345,276.51864959716795,-0.17287393378943514,1
2018-10-23,280869.68495298811,43296.483194079359,868.29141653456134,-0.0043094380343707828,-0.054504113902887896,0.84584850016360336,276.51709945678709,-0.33310541251846121,1
2018-10-24,273671.56818858546,43296.483194079359,868.29141653456134,-0.025627958978938881,-0.078735243686540168,0.84179400337179344,276.47099945068362,-1.2726662149923418,1
2018-10-25,277804.61731254717,43296.483194079359,868.29141653456134,0.015102223264616299,-0.064822097650871879,0.84414771931105759,276.45079940795898,-0.72626998304226675,1
2018-10-26,273680.23308400798,43296.483194079359,868.29141653456134,-0.014846348734006143,-0.078706074917483271,0.84179901227726162,276.3968493652344,-1.2566067693912513,1
2018-10-29,272403.84364177618,43296.483194079359,868.29141653456134,-0.0046637984331151516,-0.083002804081721671,0.84105773760293823,276.32654922485352,-1.4085699272942993,1
2018-10-30,275798.86626020441,43296.483194079359,868.29141653456134,0.012463196455086756,-0.071574087880228454,0.8430142814538224,276.28054916381836,-0.95937609532505586,1
2018-10-31,278282.19349053188,43296.483194079359,868.29141653456134,0.009004124143079606,-0.063214425709850142,0.84441518642998459,276.23564926147463,-0.63150160331090477,1
2018-11-01,280782.87700985558,43296.483194079359,868.29141653456134,0.0089861427637798474,-0.054796336800229439,0.84580084207713413,276.20749923706057,-0.30389581711223607,1
2018-11-02,279376.24915477377,43296.483194079359,868.29141653456134,-0.0050096639441173929,-0.059531489511608915,0.84502446673592069,276.16489929199219,-0.4815937767963317,1
2018-11-05,280678.68627957563,43296.483194079359,868.29141653456134,0.0046619464923816079,-0.055147075637942189,0.8457436018103881,276.11839935302737,-0.30771535570903891,1
2018-11-06,282180.81347136368,43296.483194079359,868.29141653456134,0.0053517679297239162,-0.050090442059035456,0.84656475165178746,276.07754928588867,-0.10817058937207015,1
2018-11-07,287295.06263386481,43296.483194079359,868.29141653456134,0.018124014526665011,-0.032874267431895587,0.84929611112301862,276.0666993713379,0.55888981193494591,1
2018-11-08,286852.22553202382,43296.483194079359,868.29141653456134,-0.0015414017135594316,-0.034364996693303396,0.84906345727742727,276.05269943237306,0.50333736424246056,1
2018-11-09,284473.11553012748,43296.483194079359,868.29141653456134,-0.0082938523397676489,-0.042373830824840253,0.84780114242643079,276.00859954833982,0.19891245131303925,1
2018-11-12,279966.68095846102,43296.483194079359,868.29141653456134,-0.015841337285136925,-0.05754390996381753,0.84535130021238736,275.94804962158202,-0.38444902759017102,1
2018-11-13,279523.84385662002,43296.483194079359,868.29141653456134,-0.0015817493007559413,-0.059034639225225338,0.84510629720630193,275.89954956054686,-0.43724359776243404,1
2018-11-14,277908.83454097831,43296.483194079359,868.29141653456134,-0.0057777157517557853,-0.064471269612030313,0.84420616471012111,275.84104965209963,-0.64248220592090999,1
2018-11-15,280357.39619701088,43296.483194079359,868.29141653456134,0.0088106650516412977,-0.056228639322394636,0.84556682369936709,275.79824966430664,-0.31668853524497331,1
2018-11-16,280973.90218141925,43296.483194079359,868.29141653456134,0.0021990002502918493,-0.054153285864046441,0.84590567715387432,275.78964965820313,-0.23474263371069484,1
2018-11-19,276953.70868316002,43296.483194079359,868.29141653456134,-0.014308067286845305,-0.067686524292945194,0.84366888098396509,275.81549972534179,-0.76778129597208278,1
2018-11-20,272629.60788948351,43296.483194079359,868.29141653456134,-0.015613081385464911,-0.082242810465925076,0.84118935749769874,275.79044967651367,-1.3302893680687127,1
2018-11-21,273411.06486473436,43296.483194079359,868.29141653456134,0.0028663687018455342,-0.079612179981950804,0.84164326628295183,275.77719955444337,-1.2242029761530626,1
2018-11-23,271874.1985968026,43296.483194079359,868.29141653456134,-0.0056210829239559112,-0.084785756240471244,0.84074809813678097,275.80529953002929,-1.4368809269216627,1
2018-11-26,275564.4371170745,43296.483194079359,868.29141653456134,0.013573331119017373,-0.072363250265082057,0.84288073001348618,275.83529953002932,-0.95819810234425573,1
2018-11-27,276345.89409232541,43296.483194079359,868.29141653456134,0.0028358411681363993,-0.069732619781107674,0.84332503532831837,275.85059951782227,-0.85805478722352535,1
2018-11-28,281711.92868695268,43296.483194079359,868.29141653456134,0.019417819151076321,-0.05166885602987159,0.84630937214521795,275.89349945068358,-0.15175449078084899,1
2018-11-29,281190.97503555287,43296.483194079359,868.29141653456134,-0.0018492424294135335,-0.053422550218435449,0.84602463436600317,275.91544952392576,-0.22387799526145952,1
2018-11-30,282641.00686220097,43296.483194079359,868.29141653456134,0.0051567509464511829,-0.048541286058385036,0.84681457345929934,275.92854949951175,-0.032230302721592545,1
2018-12-03,285810.26523292187,43296.483194079359,868.29141653456134,0.011213016843893531,-0.037872563472688414,0.84851319752705612,275.95949951171878,0.38646973003113644,1
2018-12-04,277952.23851254454,43296.483194079359,868.29141653456134,-0.027493857556072698,-0.064325158163359708,0.8442304928869091,275.95374954223632,-0.65962107862235342,1
2018-12-06,277596.23585198727,43296.483194079359,868.29141653456134,-0.0012808051572543722,-0.065523575326297268,0.84403072663721279,275.95269958496095,-0.70685568115405417,1
2018-12-07,272152.05820964999,43296.483194079359,868.29141653456134,-0.019611856859759746,-0.083850393205817997,0.84091068985880568,275.91854965209961,-1.4221495000080073,1
2018-12-10,272586.20391791721,43296.483194079359,868.29141653456134,0.0015952321328129848,-0.082388921914595903,0.84116407003812621,275.86534973144529,-1.3522490899823312,1
2018-12-11,272638.29928305722,43296.483194079359,868.29141653456134,0.00019111519362025042,-0.082213552495739473,0.84119442019725821,275.79649978637696,-1.3316869266949942,1
2018-12-12,273793.1152078617,43296.483194079359,868.29141653456134,0.0042357068975313883,-0.078326078109584807,0.84186423693959944,275.75164978027345,-1.1707731877021175,1
2018-12-13,273714.97216015169,43296.483194079359,868.29141653456134,-0.00028540910406271713,-0.078589132237869452,0.84181909066798732,275.72024978637694,-1.1739969196039381,1
2018-12-14,269460.34951876261,43296.483194079359,868.29141653456134,-0.015543989456666241,-0.092911533051621698,0.8393215058489909,275.68409973144531,-1.7164383421664771,1
2018-12-17,265023.37985030795,43296.483194079359,868.29141653456134,-0.016466131942524331,-0.1078477714319358,0.83663145787917159,275.61549980163574,-2.2588693296690536,1
2018-12-18,264780.25931360433,43296.483194079359,868.29141653456134,-0.00091735505313128574,-0.10866619178697512,0.83648145331408852,275.52994979858397,-2.2521291213538985,1
2018-12-19,261463.37974288606,43296.483194079359,868.29141653456134,-0.012526914126138711,-0.11983185386018391,0.83440708508910266,275.42184974670408,-2.6153464452600415,1
2018-12-20,257912.07102903782,43296.483194079359,868.29141653456134,-0.013582432527799781,-0.13178667831824653,0.83212696086177096,275.29379974365236,-2.976284258941007,1
2018-12-21,253540.22268686024,44542.481376806456,868.29141653456134,-0.016950925657470917,-0.14650369778889982,0.82431788966352881,275.12679969787598,-3.5277010766682553,1
2018-12-24,248017.88874773742,44542.481376806456,868.29141653456134,-0.021780898827809647,-0.16509361439726944,0.82040617472511734,274.9041497039795,-3.9884703602211968,1
2018-12-26,258298.45593972848,44542.481376806456,868.29141653456134,0.041450910028701937,-0.13048598492526198,0.82755420966511695,274.74244972229002,-2.7551929981446048,1
2018-12-27,259939.53943609135,44542.481376806456,868.29141653456134,0.006353439049383347,-0.12496158062790008,0.82864291645112476,274.59919975280764,-2.5181872138103105,1
2018-12-28,259661.67982324402,44542.481376806456,868.29141653456134,-0.0010689393904833588,-0.12589694366255322,0.82845955010717309,274.46144981384276,-2.4955260414844864,1
2018-12-31,261545.87060723495,44542.481376806456,868.29141653456134,0.0072563297952688011,-0.11955416361071636,0.82969533690823905,274.33604980468749,-2.2518420036415256,1
2019-01-02,261771.62160586673,44542.481376806456,868.29141653456134,0.00086314113125807168,-0.11879421459548389,0.82984220709809675,274.21594970703126,-2.1899133518857088,1
2019-01-03,256587.93403830493,44542.481376806456,868.29141653456134,-0.019802328211751541,-0.13624414078015845,0.82640461429430701,274.08454978942871,-2.6733187534674587,1
2019-01-04,263690.55146600137,44542.481376806456,868.29141653456134,0.027681026601336978,-0.11233449186403321,0.83108048002034884,273.99174972534178,-1.9155044176536662,1
2019-01-07,265418.45615457237,44542.481376806456,868.29141653456134,0.0065527743749809186,-0.10651782006876542,0.83218016553126894,273.91149978637696,-1.7194449286821176,1
2019-01-08,267493.65886105137,44542.481376806456,868.29141653456134,0.0078186074041153297,-0.099532033681309917,0.83348210358906527,273.87699966430665,-1.5005304835135542,1
2019-01-09,268535.61916015332,44542.481376806456,868.29141653456134,0.0038952710263804313,-0.09602446690192501,0.83412821913117763,273.87659973144531,-1.3951689877780988,1
2019-01-10,269325.76752897789,44542.481376806456,868.29141653456134,0.0029424341221315764,-0.093364578447765245,0.83461485402797941,273.84544982910154,-1.3089036773825899,1
2019-01-11,269412.60197026154,44542.481376806456,868.29141653456134,0.00032241416066636219,-0.093072266349295107,0.83466815935461269,273.8373498535156,-1.2983186549934047,1
2019-01-14,268040.68669317232,44542.481376806456,868.29141653456134,-0.0050922461201003966,-0.097690565582189359,0.83382193977217167,273.82519989013673,-1.4333057169634227,1
2019-01-15,270602.15697120974,44542.481376806456,868.29141653456134,0.0095562741225534431,-0.089067849283526623,0.83539495074481063,273.81119995117189,-1.1731500547739895,1
2019-01-16,271149.18480333069,44542.481376806456,868.29141653456134,0.0020215205903888478,-0.087226381184406065,0.83572703193220399,273.82875000000001,-1.1219591468162691,1
2019-01-17,272868.38484925241,44542.481376806456,868.29141653456134,0.0063404212229836165,-0.081439011959888119,0.83676202942523292,273.839700012207,-0.95097311790824346,1
2019-01-18,275907.40480712336,44542.481376806456,868.29141653456134,0.011137310610570994,-0.071208712921332462,0.83856003644431198,273.85419998168948,-0.64694632941815133,1
2019-01-22,272781.55040796869,44542.481376806456,868.29141653456134,-0.01132936030238052,-0.081731324058358479,0.83671006594768138,273.84029983520509,-0.95972825289600239,1
2019-01-23,273259.1265859534,44542.481376806456,868.29141653456134,0.0017507642187326589,-0.080123652117336741,0.83699544848396612,273.85874984741213,-0.91485226119196483,1
2019-01-24,273380.67360522965,44542.481376806456,868.29141653456134,0.00044480497612231495,-0.07971448654038138,0.83706792148326037,273.87149978637694,-0.90473762946284364,1
2019-01-25,275316.97300343611,44542.481376806456,868.29141653456134,0.0070827954758885259,-0.073196292469123847,0.83821381990767951,273.87464981079103,-0.70968538346782983,1
2019-01-28,273563.03388137073,44542.481376806456,868.29141653456134,-0.0063706174847545372,-0.07910060437325539,0.83717653388753499,273.87464981079103,-0.88678463977806932,1
2019-01-29,273259.1265859534,44542.481376806456,868.29141653456134,-0.0011109223753861253,-0.080123652117336741,0.83699544848396612,273.86204986572267,-0.91555090332857214,1
2019-01-30,276879.88695393788,44542.481376806456,868.29141653456134,0.013250281566883348,-0.067935031501175192,0.83912706023237937,273.87419982910154,-0.55173003193713099,1
2019-01-31,278920.37708242435,44542.481376806456,868.29141653456134,0.0073695859635551919,-0.061066098592204798,0.84030395397162527,273.88719985961916,-0.34705784043552301,1
2019-02-01,279033.25920627802,44542.481376806456,868.29141653456134,0.00040471092515526053,-0.060686101784306445,0.84036855855997428,273.88654983520507,-0.33559273744183976,1
2019-02-04,280683.00759806344,44542.481376806456,868.29141653456134,0.0059123718673472769,-0.055132528717887652,0.84130681170200716,273.89439971923827,-0.1696775001656681,1
2019-02-05,281672.87253202539,44542.481376806456,868.29141653456134,0.0035266293547040473,-0.051800331357359175,0.84186449700887656,273.91544967651367,-0.0715607371170109,1
2019-02-06,281360.27384303435,44542.481376806456,868.29141653456134,-0.001109793379039381,-0.05285263707162613,0.84168880429205206,273.94609970092773,-0.1059508213373464,1
2019-02-07,279102.73735856538,44542.481376806456,868.29141653456134,-0.0080236504380444273,-0.060452216425079031,0.84040829624833668,273.96394973754883,-0.33617342128139227,1
2019-02-08,279389.2618668353,44542.481376806456,868.29141653456134,0.0010265915375162749,-0.059487684621368886,0.84057196372122334,274.00139968872071,-0.31110988487876429,1
2019-02-11,279519.50027968525,44542.481376806456,868.29141653456134,0.00046615396733473702,-0.059049261074227921,0.84064624710534486,274.03634963989259,-0.30153912885699197,1
2019-02-12,282541.16394855996,44542.481376806456,868.29141653456134,0.010810207036901831,-0.048877388774914654,0.84235047115146744,274.07529968261719,0.0021832257241430836,1
2019-02-13,283313.9295302371,44542.481376806456,868.29141653456134,0.0027350548531677177,-0.046276016261125985,0.84278047517585053,274.11744964599609,0.077187988983412059,1
2019-02-14,282784.28448526358,44542.481376806456,868.29141653456134,-0.0018694634812052024,-0.048058968419875447,0.84248600852100164,274.16679962158202,0.018895190068216276,1
2019-02-15,285380.46734129358,44542.481376806456,868.29141653456134,0.0091807890270694248,-0.039319398642727377,0.8439189556602098,274.2287495422363,0.27880139188575931,1
2019-02-19,285797.25676056457,44542.481376806456,868.29141653456134,0.0014604693276800695,-0.037916354090747784,0.8441465748073177,274.30199951171875,0.31558534198879257,1
2019-02-20,286283.49783397181,44542.481376806456,868.29141653456134,0.0017013496872526623,-0.036279513380669148,0.84441128561787182,274.38094955444336,0.35923281469573332,1
2019-02-21,285423.89781101095,44542.481376806456,868.29141653456134,-0.003002618137142421,-0.039173197992928177,0.84394270515393366,274.43794967651365,0.26620715934067629,1
2019-02-22,286917.36010737647,44542.481376806456,868.29141653456134,0.0052324360637607814,-0.034145733183078342,0.84475501461418434,274.49904968261717,0.41458682335823599,1
2019-02-25,287247.28858721262,44542.481376806456,868.29141653456134,0.0011499076936740682,-0.033035089930697592,0.84493332697452883,274.56204956054688,0.44319490699194075,1
2019-02-26,287073.64620279643,44542.481376806456,868.29141653456134,-0.00060450486850627261,-0.033619624926509162,0.84483953171605142,274.61114959716798,0.42095842322042343,1
2019-02-27,286969.45547251642,44542.481376806456,868.29141653456134,-0.00036294077028031779,-0.033970363764222022,0.84478319721008643,274.64704971313478,0.40690733564856257,1
2019-02-28,286517.92697710177,44542.481376806456,868.29141653456134,-0.0015734374749785118,-0.035490350995815323,0.84453858839916052,274.67619964599612,0.3577350755157454,1
2019-03-01,288028.77206061466,44542.481376806456,868.29141653456134,0.0052731258370217748,-0.030404370245594503,0.84535405592246649,274.71339965820312,0.50957711503532244,1
2019-03-04,287143.09785693267,44542.481376806456,868.29141653456134,-0.0030749504549344442,-0.033385828768410231,0.84487706056929335,274.75489959716799,0.4147170104620842,1
2019-03-05,286813.14287894533,44542.481376806456,868.29141653456134,-0.0011490959749682617,-0.034496561221919797,0.84469860436065713,274.78879959106445,0.37767574937685672,1
2019-03-06,285345.72826514987,44542.481376806456,868.29141653456134,-0.0051162739582503169,-0.039436341322341195,0.84389995375919358,274.81539947509765,0.22445819853023019,1
2019-03-07,283331.31231738452,44542.481376806456,868.29141653456134,-0.0070595623071444402,-0.046217500320754779,0.8427901208218368,274.83379959106446,0.015732768328040221,1
2019-03-08,282853.73613939987,44542.481376806456,868.29141653456134,-0.0016855750043245354,-0.047825172261776294,0.84252468436600592,274.83924957275389,-0.03386307867119117,1
2019-03-11,286309.54551654181,44542.481376806456,868.29141653456134,0.012217655047833009,-0.036191828671240933,0.84442544066616543,274.86839965820315,0.31885040909222334,1
2019-03-12,287221.24090464262,44542.481376806456,868.29141653456134,0.0031842996588045125,-0.033122774640125807,0.84491926420025965,274.8990496826172,0.40969630604987989,1
2019-03-13,288827.58532486181,44542.481376806456,868.29141653456134,0.005592707611595138,-0.027715313022377619,0.84578176171536101,274.94174972534182,0.57056368450146255,1
2019-03-14,288671.29922944185,44542.481376806456,868.29141653456134,-0.00054110515532712622,-0.028241421278946799,0.84569826825283667,274.98679977416992,0.55016236805655805,1
2019-03-15,289872.14095887891,45613.084693393568,868.29141653456134,0.0041598930432034109,-0.02419900952765186,0.8426441239143978,275.04824981689455,0.55801332705033901,1
2019-03-18,290757.78866440977,45613.084693393568,868.29141653456134,0.0030553046684693719,-0.021217640205964616,0.84312342963221587,275.09684982299802,0.64398269795814189,1
2019-03-19,290818.57542312349,45613.084693393568,868.29141653456134,0.00020906321716407383,-0.021013012816922583,0.84315621989747636,275.15414978027343,0.64466198251778617,1
2019-03-20,290080.52241943887,45613.084693393568,868.29141653456134,-0.0025378468435546253,-0.023497531852226139,0.84275716165651471,275.19389968872071,0.56507375703425267,1
2019-03-21,292841.70926261361,45613.084693393568,868.29141653456134,0.0095186909487918747,-0.014202506647195023,0.84423979491087864,275.24304977416995,0.84191502333613422,1
2019-03-22,288083.46276066982,45613.084693393568,868.29141653456134,-0.016248527280916525,-0.03022026411139711,0.84166711877075917,275.26379974365233,0.35364206066217474,1
2019-03-25,287901.12898267986,45613.084693393568,868.29141653456134,-0.00063291997479719697,-0.030834057077394617,0.84156684326118902,275.27199981689455,0.33422118171783055,1
2019-03-26,289707.16346988524,45613.084693393568,868.29141653456134,0.0062731066515340217,-0.024754375754406643,0.8425545155767783,275.2907498168945,0.51675015479123032,1
2019-03-27,288430.77402765345,45613.084693393568,868.29141653456134,-0.0044057917896962451,-0.029051104918644932,0.84185777385522531,275.2980497741699,0.38571034382849539,1
2019-03-28,289351.16080932796,45613.084693393568,868.29141653456134,0.0031910144982874034,-0.025952792917344203,0.84236080281892844,275.30879974365234,0.4785295637237576,1
2019-03-29,290888.05357541086,45613.084693393568,868.29141653456134,0.0053115140847685982,-0.020779127457695168,0.84319368178669929,275.3265997314453,0.63329494867179548,1
2019-04-01,293796.80862228072,45613.084693393568,868.29141653456134,0.0099995686007634532,-0.010987341167408959,0.844746153277533,275.36559967041018,0.92455842950313138,1
2019-04-02,293918.38213970809,45613.084693393568,868.29141653456134,0.00041380135474411439,-0.010578086389325003,0.84481037095627343,275.40179962158203,0.93189804613628935,1
2019-04-03,294309.12387640914,45613.084693393568,868.29141653456134,0.0013294225895517098,-0.0092627265467734032,0.84501640964230473,275.44824966430662,0.96527263705777688,1
2019-04-04,294969.00733423262,45613.084693393568,868.29141653456134,0.0022421440733200182,-0.0070413508408830872,0.8453631277888497,275.50134963989257,1.0247723801114792,1
2019-04-05,296175.94512232818,45613.084693393568,868.29141653456134,0.0040917444141104209,-0.0029784178347436185,0.84599328390915007,275.56669967651368,1.1372943161097713,1
2019-04-08,296366.97029389185,45613.084693393568,868.29141653456134,0.00064497193208845616,-0.0023353668985606202,0.84609254989460736,275.63079971313476,1.1471217446726829,1
2019-04-09,295081.88945808628,45613.084693393568,868.29141653456134,-0.0043361135504783599,-0.0066613540329847343,0.84542228336289516,275.69614974975588,1.0098485626275446,1
2019-04-10,295932.82458562456,45613.084693393568,868.29141653456134,0.0028837253587503664,-0.0037968381897828252,0.84586676129198379,275.76389984130861,1.0859583349373849,1
2019-04-11,295863.3464333372,45613.084693393568,868.29141653456134,-0.00023477676862870833,-0.004030723549010351,0.84583056589042216,275.84994979858396,1.0689384795778369,1
2019-04-12,297556.52529484004,45613.084693393568,868.29141653456134,0.0057228409058245333,0,0.8467078325766948,275.94274978637696,1.2253253136896183,1
2019-04-15,297391.54780584638,45613.084693393568,868.29141653456134,-0.00055444083718281245,-0.00055444083718281245,0.84662279399018991,276.04584976196287,1.1967092413491067,1
2019-04-16,297556.52529484004,45613.084693393568,868.29141653456134,0.00055474841235692018,0,0.8467078325766948,276.14219970703124,1.2009768758011978,1
2019-04-17,296940.0458085828,45613.084693393568,868.29141653456134,-0.0020718063085539695,-0.0020718063085539695,0.84638958154267541,276.2330497741699,1.1292233522016681,1
2019-04-18,297434.95177741261,45613.084693393568,868.29141653456134,0.0016666865106798046,-0.00040857284950135409,0.84664517595925171,276.32384979248047,1.166564244604642,1
2019-04-22,297652.02463154629,45613.084693393568,868.29141653456134,0.00072981622649415101,0,0.84675701517617252,276.42069976806641,1.1761326047741369,1
2019-04-23,299918.27900774009,45613.084693393568,868.29141653456134,0.0076137710771466693,0,0.84791495588631183,276.51954986572264,1.3829718411073679,1
2019-04-24,299353.89488662285,45613.084693393568,868.29141653456134,-0.0018817930103642855,-0.0018817930103642855,0.84762822374277424,276.60359985351562,1.3151972699313867,1
2019-04-25,299197.58229305176,45613.084693393568,868.29141653456134,-0.00052216656018555518,-0.0024029769611665364,0.84754861872942067,276.67434982299807,1.2887181283191453,1
2019-04-26,300378.47239857737,45613.084693393568,868.29141653456134,0.0039468571118632667,0,0.84814795704510815,276.74689987182614,1.389953325180727,1
2019-04-29,300777.87903070095,45613.084693393568,868.29141653456134,0.001329677952398578,0,0.84834960323416009,276.83194992065432,1.4140709483782128,1
2019-04-30,300908.1174435509,45613.084693393568,868.29141653456134,0.00043300529038137192,0,0.8484152402370787,276.90519989013671,1.4134497227547629,1
2019-05-01,298989.2008324918,45613.084693393568,868.29141653456134,-0.0063770848967511506,-0.0063770848967511506,0.84744236726145772,276.96629989624023,1.2214353317148474,1
2019-05-02,298442.17300037085,45613.084693393568,868.29141653456134,-0.0018295906025964648,-0.0081950080447485973,0.84716273764252192,277.02549987792969,1.1608838670586958,1
2019-05-03,300916.80883712461,45613.084693393568,868.29141653456134,0.008291843648889019,0,0.84841961846643699,277.09329986572266,1.3826561039330103,1
2019-05-06,299866.18364260008,45613.084693393568,868.29141653456134,-0.0034914141173588709,-0.0034914141173588709,0.84788853434784706,277.15209991455077,1.2741835607798893,1
2019-05-07,295620.22589663352,45613.084693393568,868.29141653456134,-0.014159508399343768,-0.017601485809182416,0.84570377566336541,277.19174987792968,0.87172993924093822,1
2019-05-08,295272.91462964995,45613.084693393568,868.29141653456134,-0.0011748562397250195,-0.018755662833475961,0.84552228655782935,277.23099990844725,0.83469286240980556,1
2019-05-09,294517.50533696904,45613.084693393568,868.29141653456134,-0.0025583426560760181,-0.021266022077282121,0.8451260659660762,277.26329986572267,0.76056840807717641,1
2019-05-10,295767.8470966309,45613.084693393568,868.29141653456134,0.0042453902977050983,-0.01711091434337475,0.84578078671786383,277.29574996948242,0.87309062364927403,1
2019-05-13,289481.39922217792,45613.084693393568,868.29141653456134,-0.021254669620660693,-0.038001897132759588,0.84243172509199671,277.27999984741211,0.28945146688061268,1
2019-05-14,291686.866839658,45613.084693393568,868.29141653456134,0.0076186850809967233,-0.03067273653849778,0.8436231113604874,277.28029983520508,0.49478783270195104,1
2019-05-15,293128.23377088353,45613.084693393568,868.29141653456134,0.0049414872422688383,-0.025882818232519367,0.84439204607958063,277.29849975585938,0.62708670453769,1
2019-05-16,295420.53582964733,45613.084693393568,868.29141653456134,0.0078201339709758066,-0.018265091367668407,0.84559947884023834,277.33724975585938,0.83587999005763824,1
2019-05-17,293805.50001585443,45613.084693393568,868.29141653456134,-0.0054669043546932139,-0.023632142214824792,0.84475074601757905,277.3597998046875,0.68340363671204596,1
2019-05-20,292164.44301764271,45613.084693393568,868.29141653456134,-0.0055855217078072394,-0.029085666079289196,0.84387872725963731,277.37524993896483,0.52958053518843962,1
2019-05-21,294387.26692411909,45613.084693393568,868.29141653456134,0.007608126038602725,-0.021698827454134428,0.84505754895591079,277.39584991455081,0.73343045663875528,1
2019-05-22,293623.16623786453,45613.084693393568,868.29141653456134,-0.0025955629611232878,-0.024238069742417934,0.84465433951338031,277.40599990844726,0.66148474511627153,1
2019-05-23,290592.83767356724,45613.084693393568,868.29141653456134,-0.010320468248892878,-0.034308389762119806,0.84303438082451199,277.39349990844727,0.38196343379204672,1
2019-05-24,291148.53040111077,45613.084693393568,868.29141653456134,0.0019122726216940222,-0.032461724134862369,0.84333396898636881,277.37949996948242,0.43485901561999696,1
2019-05-28,288864.91973592067,45613.084693393568,868.29141653456134,-0.0078434559228033329,-0.040050567955235761,0.84209545162114918,277.35294998168945,0.22543475950582051,1
2019-05-29,287232.52763313154,45613.084693393568,868.29141653456134,-0.0056510569171274172,-0.045475296833284884,0.84119805277885173,277.31894989013671,0.076724858680015773,1
2019-05-30,287892.43758910615,45613.084693393568,868.29141653456134,0.0022974764084431332,-0.043282298846483158,0.84156206020772684,277.29829986572264,0.13977555232136538,1
2019-05-31,284627.65338352788,45613.084693393568,868.29141653456134,-0.011340291648222922,-0.054131756602581294,0.83974471857823596,277.26414978027344,-0.1610106797300743,1
2019-06-03,284019.86529084435,45613.084693393568,868.29141653456134,-0.0021353796282912452,-0.056151544380579899,0.83940178041178748,277.21749984741211,-0.21389114286299687,1
2019-06-04,289194.87471390801,45613.084693393568,868.29141653456134,0.018220589668135778,-0.038954068961834731,0.84227561177037724,277.21124984741209,0.26816511640105317,1
2019-06-05,291304.81649653072,45613.084693393568,868.29141653456134,0.0072959169304436244,-0.031942357682639533,0.84341802088282058,277.20574981689452,0.46506566580981046,1
2019-06-06,292902.4695231762,45613.084693393568,868.29141653456134,0.005484471715435868,-0.026633072924438284,0.84427210611215275,277.20444976806641,0.61392202848401611,1
2019-06-07,295377.1053599299,45613.084693393568,868.29141653456134,0.0084486683938931328,-0.018409418531994182,0.84557677671797882,277.21434967041017,0.8429632675114318,1
2019-06-10,296523.25638931181,45613.084693393568,868.29141653456134,0.0038802974522527123,-0.014600555099568702,0.84617366863964572,277.22749969482425,0.94767962472416867,1
2019-06-11,296462.46963059809,45613.084693393568,868.29141653456134,-0.00020499828395892372,-0.014802560294787326,0.84614212803992039,277.24114959716798,0.94006754758652478,1
2019-06-12,296019.65902690828,45613.084693393568,868.29141653456134,-0.001493648097317557,-0.016274098576085083,0.84591197475419244,277.25414962768554,0.89715306197653477,1
2019-06-13,297052.90143428533,45613.084693393568,868.29141653456134,0.0034904519881333584,-0.012840450547681681,0.84644794084435437,277.26449951171872,0.99143711317913596,1
2019-06-14,296775.06831958913,45613.084693393568,868.29141653456134,-0.00093529843793715983,-0.013763739332279257,0.84630418939277596,277.26189956665041,0.96608677439442825,1
2019-06-17,296870.56765629537,45613.084693393568,868.29141653456134,0.00032179029474077581,-0.013446378075275045,0.84635363130304475,277.25914947509767,0.97537962601449357,1
2019-06-18,299501.48958846909,45613.084693393568,868.29141653456134,0.0088621851365868753,-0.0047033572306077742,0.84770331274122079,277.26374938964841,1.2185047495781991,1
2019-06-19,300074.56510316004,45613.084693393568,868.29141653456134,0.0019134312669977227,-0.0027989255143950897,0.84799416545779993,277.27754943847657,1.2688915878503337,1
2019-06-20,302505.77047019632,45613.084693393568,868.29141653456134,0.0081020041342074745,0,0.84921581951149105,277.30529937744143,1.4875681937388647,1
2019-06-21,302134.15446303209,46856.478001871059,868.29141653456134,-0.0012284592343035916,-0.0012284592343035916,0.8449149912059869,277.32624938964841,1.3341512131982591,1
2019-06-24,301821.58227219223,46856.478001871059,868.29141653456134,-0.001034547687583931,-0.0022617360222273453,0.84475438221109567,277.34929946899416,1.3008183345842503,1
2019-06-25,299320.89875286847,46856.478001871059,868.29141653456134,-0.0082853038556685021,-0.010528300707710381,0.84345737902999662,277.36229949951172,1.0687393167506225,1
2019-06-26,299069.08682259114,46856.478001871059,868.29141653456134,-0.00084127747620199589,-0.011360720961664295,0.84332557236292871,277.37664947509768,1.043349745018044,1
2019-06-27,299963.42592169566,46856.478001871059,868.29141653456134,0.0029904097030095667,-0.0084042844688516638,0.84379269619989361,277.39364944458009,1.122567637001773,1
2019-06-28,301265.86304649757,46856.478001871059,868.29141653456134,0.0043419864298452904,-0.0040987893281225762,0.84446801397263116,277.41339950561525,1.2382564763065618,1
2019-07-01,303575.52139425761,46856.478001871059,868.29141653456134,0.0076665119785030988,0,0.8456513299008126,277.44609954833982,1.4425321232824426,1
2019-07-02,304244.0962456548,46856.478001871059,868.29141653456134,0.0022023345239647885,0,0.84599051031695982,277.47409957885742,1.4970517508656962,1
2019-07-03,306301.94266313757,46856.478001871059,868.29141653456134,0.0067638006550543306,0,0.84702520136020631,277.51369949340818,1.673939570054549,1
2019-07-05,306006.72676129395,46856.478001871059,868.29141653456134,-0.00096380682171604004,-0.00096380682171604004,0.84687762096673669,277.55929946899414,1.6360842352690175,1
2019-07-08,304582.74261721584,46856.478001871059,868.29141653456134,-0.0046534406584758381,-0.0056127624623407701,0.84616174377036868,277.58884948730469,1.500973781719904,1
2019-07-09,304904.00620162941,46856.478001871059,868.29141653456134,0.0010547662078719267,-0.004563916406646995,0.84632383619490592,277.6186994934082,1.5229314324831571,1
2019-07-10,306136.9651741439,46856.478001871059,868.29141653456134,0.0040437611426435982,-0.00053861065182703172,0.84694276310207395,277.64384948730469,1.6269016359676731,1
2019-07-11,306744.77976497856,46856.478001871059,868.29141653456134,0.0019854335149920299,0,0.84724604592204777,277.6804495239258,1.6717661963770927,1
2019-07-12,307908.2870833567,46856.478001871059,868.29141653456134,0.0037930794430132142,0,0.84782326436967215,277.72859954833984,1.7624466259218368,1
2019-07-15,307995.12152464036,46856.478001871059,868.29141653456134,0.00028201397924743077,0,0.84786616823694594,277.77859954833986,1.756969425233281,1
2019-07-16,307152.87779067585,46856.478001871059,868.29141653456134,-0.0027346008917129572,-0.0027346008917129572,0.847449002142172,277.82809951782224,1.6707753073697778,1
2019-07-17,305381.55588146299,46856.478001871059,868.29141653456134,-0.0057669064407074311,-0.0084857371449251762,0.84656415196188572,277.86334945678709,1.507794344700313,1
2019-07-18,306327.99034570751,46856.478001871059,868.29141653456134,0.003099186725644687,-0.005412849303197409,0.84703820911373129,277.90389938354491,1.5811829557369703,1
2019-07-19,304886.64991263312,46856.478001871059,868.29141653456134,-0.0047052194983806528,-0.010092600157494913,0.84631508786856358,277.93109939575197,1.4499815839889079,1
2019-07-22,305520.48568788666,46856.478001871059,868.29141653456134,0.0020789226928603632,-0.0080346592001319106,0.84663392408409999,277.9627993774414,1.4980885793225192,1
2019-07-23,307369.95064480946,46856.478001871059,868.29141653456134,0.0060534891883230468,-0.0020298077344088616,0.84755673772411977,278.00434936523436,1.6481128437513002,1
2019-07-24,308594.24472190131,46856.478001871059,868.29141653456134,0.0039831287167906293,0,0.84816152989470972,278.06434936523436,1.7389906365832692,1
2019-07-25,307343.90296223946,46856.478001871059,868.29141653456134,-0.0040517338902047451,-0.0040517338902047451,0.84754381801539147,278.12524932861328,1.6187280655869039,1
2019-07-26,309089.17718888225,46856.478001871059,868.29141653456134,0.0056785711700200192,0,0.84840466292600936,278.19619934082033,1.7508580247224443,1
2019-07-29,308611.6010108976,46856.478001871059,868.29141653456134,-0.0015451080569307551,-0.0015451080569307551,0.84817006927676553,278.26649932861329,1.6948494044378541,1
2019-07-30,307969.07384207041,46856.478001871059,868.29141653456134,-0.0020819929215962762,-0.0036238840744894363,0.84785330092624966,278.37859939575196,1.6217590010972769,1
2019-07-31,305112.38766218937,46856.478001871059,868.29141653456134,-0.0092758865175728289,-0.012866155854634465,0.84642879182686925,278.50489929199216,1.3679932397721448,1
2019-08-01,302863.51607314299,46856.478001871059,868.29141653456134,-0.0073706335107450727,-0.020141957645882891,0.84528846983815975,278.59934921264647,1.1700045858233321,1
2019-08-02,300935.90806851024,46856.478001871059,868.29141653456134,-0.0063646094769870265,-0.026378371428351977,0.84429748413006311,278.69044921875002,1.0012084129231411,1
2019-08-05,293294.95420226653,46856.478001871059,868.29141653456134,-0.025390635219590285,-0.051099243041318076,0.84024110428590193,278.70754928588866,0.36735542495255485,1
2019-08-06,296750.73708125739,46856.478001871059,868.29141653456134,0.011782619610317679,-0.039918706374131419,0.84210156152353322,278.74429916381837,0.65003048838897082,1
2019-08-07,296898.35828125477,46856.478001871059,868.29141653456134,0.00049745857903960022,-0.039441105698041823,0.84218007040145548,278.80214920043943,0.65741350912949981,1
2019-08-08,301804.19948504481,46856.478001871059,868.29141653456134,0.016523638703123789,-0.023569177575524236,0.84474544064721357,278.88899917602538,1.0534775348740089,1
2019-08-09,300067.61665197567,46856.478001871059,868.29141653456134,-0.0057540048681635758,-0.029187565281179606,0.84384693515189901,278.97204910278322,0.90282982884907159,1
2019-08-12,296985.19272253843,46856.478001871059,868.29141653456134,-0.010272431140119664,-0.03916016916680054,0.84222621480779614,279.04434921264647,0.64383102643960277,1
2019-08-13,300875.12130979652,46856.478001871059,868.29141653456134,0.013098055669368946,-0.026575035573200179,0.84426602705504117,279.18049911499025,0.95380854931925563,1
2019-08-14,293364.40585640282,46856.478001871059,868.29141653456134,-0.024962899626587154,-0.050874545254200654,0.84027892591439135,279.24959915161133,0.33202925887674672,1
2019-08-15,294015.62441880372,46856.478001871059,868.29141653456134,0.0022198281366132555,-0.048767649864579932,0.84063269394442985,279.34619918823245,0.37948665027832595,1
2019-08-16,297662.45896750933,46856.478001871059,868.29141653456134,0.012403539968035782,-0.036969001390786738,0.84258519477262805,279.47114929199216,0.6723721121795595,1
2019-08-19,300684.09613823285,46856.478001871059,868.29141653456134,0.010151220215020018,-0.027193061650014116,0.84416708896924897,279.59394927978514,0.91275102059591573,1
2019-08-20,298739.13184460381,46856.478001871059,868.29141653456134,-0.0064684641409663568,-0.033485628446814242,0.8431525267126887,279.69124923706056,0.74497787493210799,1
2019-08-21,300788.31336666399,46856.478001871059,868.29141653456134,0.0068594345488226516,-0.026855886374648641,0.84422108200476342,279.78594924926756,0.90584163702536658,1
2019-08-22,300710.14382080286,46856.478001871059,868.29141653456134,-0.00025988225734641102,-0.027108789263620925,0.84418058730405365,279.88829910278321,0.89101436755303087,1
2019-08-23,294189.29330137104,46856.478001871059,868.29141653456134,-0.021684837220914188,-0.048205776802097478,0.8407267733096232,279.94559906005861,0.35046712440705619,1
2019-08-26,296924.40596382471,46856.478001871059,868.29141653456134,0.0092971183001271385,-0.039356833311648853,0.84219391514896302,280.00999908447267,0.57066567799187706,1
2019-08-27,295943.23242343648,46856.478001871059,868.29141653456134,-0.0033044556819211701,-0.042531236082110957,0.84167072307019786,280.03929901123047,0.48758000342341157,1
2019-08-28,297697.19804365304,46856.478001871059,868.29141653456134,0.0059266961634958371,-0.036856609632331616,0.84260356392403724,280.08124908447263,0.62815405320380324,1
2019-08-29,300901.16899236653,46856.478001871059,868.29141653456134,0.010762516307740499,-0.026490763186807098,0.84427950825588272,280.15534896850585,0.88432056897576994,1
2019-08-30,300788.31336666399,46856.478001871059,868.29141653456134,-0.00037505878119536984,-0.026855886374648641,0.84422108200476342,280.25474899291993,0.86698921293037801,1
2019-09-03,299303.51596572105,46856.478001871059,868.29141653456134,-0.004936353358692358,-0.031659669588434913,0.84344828743262246,280.34814895629881,0.73839700091583249,1
2019-09-04,302168.8935391758,46856.478001871059,868.29141653456134,0.0095734845085579945,-0.022389278436227844,0.84493282067170761,280.46734893798828,0.96341921493311655,1
2019-09-05,305451.03403375042,46856.478001871059,868.29141653456134,0.01086194034115251,-0.011770529101731042,0.84659905261052826,280.59134902954099,1.2192108932233834,1
2019-09-06,305650.72410073661,46856.478001871059,868.29141653456134,0.00065375475849305253,-0.011124469382648217,0.84669927368983411,280.71294891357422,1.2229859244264671,1
2019-09-09,305780.98901173769,46856.478001871059,868.29141653456134,0.00042618878585787279,-0.010703021720889772,0.84676458090704776,280.85844894409178,1.2207760026154064,1
2019-09-10,305720.20225302398,46856.478001871059,868.29141653456134,-0.00019879181799420387,-0.010899685865738085,0.84673411290271527,281.02849899291994,1.2036928163824052,1
2019-09-11,307560.97581637313,46856.478001871059,868.29141653456134,0.0060211054087477844,-0.0049442086145101705,0.84765141976319391,281.20464904785155,1.3387379866634794,1
2019-09-12,308464.00630905136,46856.478001871059,868.29141653456134,0.0029361023136347253,-0.0020226230032275305,0.8480974212760326,281.39484909057614,1.3971994069735472,1
2019-09-13,308290.33742648398,46856.478001871059,868.29141653456134,-0.00056301182314733023,-0.0025844960657102067,0.84801185015068914,281.56279907226565,1.3681702832301126,1
2019-09-16,307482.83276866312,46856.478001871059,868.29141653456134,-0.0026192992766548295,-0.0051970257736896341,0.84761270221182117,281.72159912109373,1.2892358019597778,1
2019-09-17,308142.74272463773,46856.478001871059,868.29141653456134,0.002146168454455033,-0.0030620110120069821,0.84793905062452546,281.8532992553711,1.3280790205711954,1
2019-09-18,308299.02882005769,46856.478001871059,868.29141653456134,0.0005071873315529718,-0.0025563766936482768,0.84801613491549666,281.98889923095703,1.3262774156455626,1
2019-09-19,308281.64603291027,46856.478001871059,868.29141653456134,-5.638288000431313e-05,-0.0026126154377722477,0.84800756514428066,282.11604919433591,1.3110060552776484,1
2019-09-20,307052.15598635777,48058.193322354891,868.29141653456134,-0.0039882038466255709,-0.0065903996414590216,0.84348524384082135,282.21094924926757,1.1075543619216173,1
2019-09-23,306991.36922764411,48058.193322354891,868.29141653456134,-0.0001979688386111178,-0.0067870637863071126,0.84345425266103102,282.35074920654296,1.0916811935440138,1
2019-09-24,304959.57049273135,48058.193322354891,868.29141653456134,-0.0066184229870193123,-0.013360567114348743,0.84241126374651576,282.48089920043947,0.92139756067547685,1
2019-09-25,306479.08047166682,48058.193322354891,868.29141653456134,0.0049826604112812589,-0.008444477871900502,0.84319258186107182,282.65114913940431,1.0317521720824172,1
2019-09-26,305940.74403311958,48058.193322354891,868.29141653456134,-0.0017565193608606311,-0.01018616434388675,0.84291666193649473,282.81579910278322,0.97935488931512671,1
2019-09-27,304551.47246703407,48058.193322354891,868.29141653456134,-0.004540982504556923,-0.014680891654369477,0.84220009533016826,282.97214904785159,0.86009472959403133,1
2019-09-30,305741.02746798226,48058.193322354891,868.29141653456134,0.0039059243132602006,-0.010832309792762396,0.84281405174715185,283.12869903564456,0.94544675692831059,1
2019-10-01,302675.95982754126,48058.193322354891,868.29141653456134,-0.010025045267311961,-0.020748760664052401,0.84122229809814608,283.26804901123046,0.69294080469648811,1
2019-10-02,298178.21664944856,48058.193322354891,868.29141653456134,-0.014859928686293489,-0.035300364246549143,0.83882728301761145,283.40599899291993,0.32537421896999014,1
2019-10-03,300227.39817150868,48058.193322354891,868.29141653456134,0.0068723381106985393,-0.028670622174383653,0.83992735634706794,283.58129905700685,0.4825179235058269,1
2019-10-04,303639.77707893326,48058.193322354891,868.29141653456134,0.011365981013748749,-0.017630510907921226,0.84172629230371931,283.77764907836917,0.75257554338192301,1
2019-10-07,302537.03002111759,48058.193322354891,868.29141653456134,-0.0036317608596089235,-0.021198241968079956,0.84114938485711876,283.9867490386963,0.65547198886440772,1
2019-10-08,298586.31467514584,48058.193322354891,868.29141653456134,-0.013058617471375267,-0.033980039706528409,0.83904756862470087,284.19354904174804,0.31818819011636912,1
2019-10-09,300965.42467704217,48058.193322354891,868.29141653456134,0.0079679137487755902,-0.026282875983314358,0.84031988600044394,284.44639900207517,0.5136680224481831,1
2019-10-10,302675.95982754126,48058.193322354891,868.29141653456134,0.0056834938841716642,-0.020748760664052401,0.84122229809814608,284.74089897155761,0.6632378856173865,1
2019-10-11,305315.57315328869,48058.193322354891,868.29141653456134,0.0087209216326642469,-0.012208787347114169,0.84259501464006059,284.99139900207518,0.89983764428878854,1
2019-10-14,305029.04864501877,48058.193322354891,868.29141653456134,-0.00093845363114197777,-0.0131357835974385,0.8424471586039558,285.23079902648925,0.87200532445071177,1
2019-10-15,307573.13613590878,48058.193322354891,868.29141653456134,0.0083404761028209595,-0.0049048661838038132,0.84375035503387008,285.48644905090333,1.1124656109511917,1
2019-10-16,307156.34671663778,48058.193322354891,868.29141653456134,-0.0013550904494039617,-0.0062533100958864773,0.84353833532637301,285.72884902954104,1.0732082344069984,1
2019-10-17,307920.44740289234,48058.193322354891,868.29141653456134,0.0024876604192700658,-0.0037812057886313921,0.84392659296355821,285.97434906005861,1.1496922245124515,1
2019-10-18,306782.98776708415,48058.193322354891,868.29141653456134,-0.0036940048814617654,-0.007461242877452201,0.84334791941317944,286.24314903259278,1.0452689871875105,1
2019-10-21,308536.92688914959,48058.193322354891,868.29141653456134,0.005717198123766476,-0.0017867021574656805,0.84423843911681562,286.48114898681638,1.2279568597007411,1
2019-10-22,307686.01825976244,48058.193322354891,868.29141653456134,-0.0027578826235371556,-0.0045396572661693391,0.84380767902887932,286.70429901123049,1.1395826747982731,1
2019-10-23,308441.42755244335,48058.193322354891,868.29141653456134,0.0024551303856881201,-0.0020956723309760728,0.84419021237287029,286.91984909057618,1.2194725259219559,1
2019-10-24,308866.88186713686,48058.193322354891,868.29141653456134,0.0013793682582445843,-0.00071919477662441,0.84440483540405042,287.13184906005858,1.2644133671885782,1
2019-10-25,309934.88984880882,48058.193322354891,868.29141653456134,0.0034578261522106857,0,0.84494100246087667,287.34544906616213,1.3804499205428127,1
2019-10-28,311410.96935802686,48058.193322354891,868.29141653456134,0.004762547094772307,0,0.84567597788405868,287.56704895019533,1.5440234901735637,1
2019-10-29,311332.82631031692,48058.193322354891,868.29141653456134,-0.00025093222589767095,-0.00025093222589767095,0.84563724329392276,287.79609893798829,1.5379467958163706,1
2019-10-30,312140.3574662889,48058.193322354891,868.29141653456134,0.0025937873803487665,0,0.84603659163956346,288.01504898071289,1.6291217992729288,1
2019-10-31,311437.01704059687,48058.193322354891,868.29141653456134,-0.0022532825662185951,-0.0022532825662185951,0.84568888509457329,288.22679885864255,1.5459553307224372,1
2019-11-01,313876.94029935804,48058.193322354891,868.29141653456134,0.0078344035077986263,0,0.84688842297073597,288.44269897460936,1.8272000601983929,1
2019-11-04,314944.92178287881,48058.193322354891,868.29141653456134,0.0034025484079913682,0,0.84740762591026664,288.64724899291991,1.939980321183435,1
2019-11-05,314649.70588103519,48058.193322354891,868.29141653456134,-0.00093735723748911148,-0.00093735723748911148,0.84726445814468665,288.86809906005857,1.8991144438041636,1
2019-11-06,314710.4926397489,48058.193322354891,868.29141653456134,0.00019318867164841436,-0.00074434965264025266,0.84729395922185735,289.0865490722656,1.9005659309918097,1
2019-11-07,315648.23571041971,48058.193322354891,868.29141653456134,0.0029797006855576402,0,0.84774762572585971,289.30969909667971,2.007661633335013,1
2019-11-08,316308.14566639432,48058.193322354891,868.29141653456134,0.0020906499112511856,0,0.84806526805970672,289.52549911499023,2.0760223462517899,1
2019-11-11,315795.85691041709,48058.193322354891,868.29141653456134,-0.0016195876173152879,-0.0016195876173152879,0.84781879726817411,289.74844909667968,2.0075087237479714,1
2019-11-12,316360.24103153433,48058.193322354891,868.29141653456134,0.0017871802582809515,0,0.84809028730773883,289.97639907836913,2.0732872214150895,1
2019-11-13,316447.07547281799,48058.193322354891,868.29141653456134,0.0002744796280358397,0,0.84813197198757828,290.1839991760254,2.0704646460314278,1
2019-11-14,316837.79071136785,48058.193322354891,868.29141653456134,0.0012346937887357523,0,0.84831925126591101,290.38209915161133,2.1007438600229675,1
2019-11-15,318782.78150314809,48058.193322354891,868.29141653456134,0.0061387588501147228,0,0.84924470168762778,290.59074920654297,2.3208264992393861,1
2019-11-18,318982.47157013428,48058.193322354891,868.29141653456134,0.00062641421862430491,0,0.84933907783146523,290.79104919433593,2.3168616096756742,1
2019-11-19,318904.32852242433,48058.193322354891,868.29141653456134,-0.00024497599296069428,-0.00024497599296069428,0.84930216047859142,290.98519912719729,2.2772992889050712,1
2019-11-20,317897.10729946609,48058.193322354891,868.29141653456134,-0.0031583805325722247,-0.003402582798125775,0.84882469132667193,291.17534912109375,2.1272748596181534,1
2019-11-21,317462.96159119881,48058.193322354891,868.29141653456134,-0.0013656799583845469,-0.0047636159173761738,0.84861795189751921,291.3759989929199,2.0564229460244823,1
2019-11-22,318062.08478845976,48058.193322354891,868.29141653456134,0.0018872223526738008,-0.0028853835671410755,0.84890310533455149,291.5784489440918,2.1133549699602892,1
2019-11-25,320154.67028208618,48058.193322354891,868.29141653456134,0.0065791730410689198,0,0.84989070039174786,291.79219894409181,2.3509840159300945,1
2019-11-26,320771.14976834337,48058.193322354891,868.29141653456134,0.0019255676817520051,0,0.85017919050057389,291.99209884643557,2.3941064049035083,1
2019-11-27,321986.7789500127,48058.193322354891,868.29141653456134,0.0037897085899003535,0,0.85074482412268315,292.19454895019533,2.505260702566976,1
2019-11-29,320970.86633348075,48058.193322354891,868.29141653456134,-0.0031551376731827618,-0.0031551376731827618,0.85027241297213685,292.3941989135742,2.3468045059477105,1
2019-12-02,318652.54309029813,48058.193322354891,868.29141653456134,-0.0072228463276600152,-0.01035519492628667,0.84918308557563782,292.56554901123047,2.0344675308228379,1
2019-12-03,316837.79071136785,48058.193322354891,868.29141653456134,-0.0056950820518510969,-0.01599130329336973,0.84831925126591101,292.72404891967773,1.7912365646616963,1
2019-12-04,318496.23049672705,48058.193322354891,868.29141653456134,0.0052343496703333159,-0.010840657696158162,0.84910906717042378,292.88929885864258,1.9691443322046223,1
2019-12-05,318982.47157013428,48058.193322354891,868.29141653456134,0.0015266776396345438,-0.0093305302462273199,0.84933907783146523,293.06229873657225,2.0033942866273637,1
2019-12-06,321457.10740688804,48058.193322354891,868.29141653456134,0.0077579053939007547,-0.0016450102232516972,0.85049889327373107,293.240948638916,2.2683234582490135,1
2019-12-09,320597.50738392718,48058.193322354891,868.29141653456134,-0.0026740737820203364,-0.0043146851265628561,0.85009804438434566,293.4127487182617,2.1329302415458691,1
2019-12-10,320293.60008850985,48058.193322354891,868.29141653456134,-0.0009479402940378856,-0.0052585353567132787,0.84995581145213495,293.58379867553708,2.06742037156801,1
2019-12-11,321066.39216833812,48058.193322354891,868.29141653456134,0.0024127615400830749,-0.0028584614084961046,0.85031696093200093,293.75989868164061,2.128815873582655,1
2019-12-12,323419.45448766451,48058.193322354891,868.29141653456134,0.0073288963800752782,0,0.85140599102646797,293.95214874267577,2.3687471262414572,1
2019-12-13,323584.43197665812,48058.193322354891,868.29141653456134,0.00051010378845317561,0,0.85148175074806576,294.13664871215821,2.3475797300760011,1
2019-12-16,325477.30090514722,48058.193322354891,868.29141653456134,0.0058496909660525898,0,0.85234548403619603,294.33714874267577,2.521148515312817,1
2019-12-17,325538.08766386093,48058.193322354891,868.29141653456134,0.00018676189873967353,0,0.85237305512472616,294.5398988342285,2.4834210832627002,1
2019-12-18,325555.44395285717,48058.193322354891,868.29141653456134,5.3315693781863516e-05,0,0.85238092553809652,294.75119888305665,2.4451159034722085,1
2019-12-19,326692.90358866536,48058.193322354891,868.29141653456134,0.0034939045159168014,0,0.85289489672275132,294.98064880371095,2.5341382789043538,1
2019-12-20,327908.5264107784,49421.410846314153,868.29141653456134,0.0037209954938097756,0,0.84928293452057768,295.21199890136717,2.48122688569996,1
2019-12-23,328333.98072547198,49421.410846314153,868.29141653456134,0.0012974786576931407,0,0.84947823330038874,295.42589889526369,2.4855001204114044,1
2019-12-24,328342.67211904569,49421.410846314153,868.29141653456134,2.6471197268396196e-05,0,0.84948221768629673,295.63459899902341,2.443590684863862,1
2019-12-26,329827.44302183751,49421.410846314153,868.29141653456134,0.00452201626188109,0,0.85015979751860116,295.84259902954102,2.55615047617201,1
2019-12-27,329757.96486955008,49421.410846314153,868.29141653456134,-0.00021065000428976965,-0.00021065000428976965,0.85012822702898194,296.05109893798829,2.5009568507198536,1
2019-12-30,328212.40720804461,49421.410846314153,868.29141653456134,-0.0046869456576034141,-0.0048966083567703045,0.84942247836783535,296.24994888305662,2.2963933985612668,1
2019-12-31,328889.67345301551,49421.410846314153,868.29141653456134,0.0020634998254092096,-0.0028432126818505044,0.84973255521391611,296.44759887695312,2.3277477219351934,1
2020-01-02,331503.23909619293,49421.410846314153,868.29141653456134,0.0079466333367588238,0,0.85091726107697707,296.65994888305664,2.5520133296498311,1
2020-01-03,329367.24963100022,49421.410846314153,868.29141653456134,-0.0064433441767153266,-0.0064433441767153266,0.84995044011909981,296.86424896240237,2.2910876797700861,1
2020-01-06,330435.25761267211,49421.410846314153,868.29141653456134,0.0032426052768403935,-0.0032216321217027888,0.85043541901861852,297.05879898071288,2.3574544275333569,1
2020-01-07,329645.10924384755,49421.410846314153,868.29141653456134,-0.002391235047171536,-0.0056051634892357871,0.85007691768981841,297.27619903564454,2.2428536222164297,1
2020-01-08,331138.57154021302,49421.410846314153,868.29141653456134,0.0045305155589634438,-0.0011000422106708374,0.85075308316865017,297.50324905395507,2.3563816825899355,1
2020-01-09,333048.79675769841,49421.410846314153,868.29141653456134,0.005768658143931793,0,0.85160909954504505,297.73089904785155,2.5017047588464298,1
2020-01-10,332232.60070630384,49421.410846314153,868.29141653456134,-0.0024506800785362159,-0.0024506800785362159,0.85124454752108125,297.96119903564454,2.3807135441827332,1
2020-01-13,334177.59149808402,49421.410846314153,868.29141653456134,0.0058543044470809047,0,0.85211033862335583,298.1973991394043,2.5253348742250616,1
2020-01-14,333743.44578981673,49421.410846314153,868.29141653456134,-0.001299146679228369,-0.001299146679228369,0.85191795833066775,298.42224914550781,2.4376719383854666,1
2020-01-15,334385.97295864392,49421.410846314153,868.29141653456134,0.0019252128451741068,0,0.85220249997619824,298.63404922485353,2.4511684789800405,1
2020-01-16,336756.41806511767,49421.410846314153,868.29141653456134,0.0070889489935839212,0,0.85324285389934962,298.85879928588867,2.6199490563075254,1
2020-01-17,337650.75716422225,49421.410846314153,868.29141653456134,0.002655744779099134,0,0.85363157109025167,299.08644927978514,2.6447695027299134,1
2020-01-21,337086.34654495388,49421.410846314153,868.29141653456134,-0.0016715810857603763,-0.0016715810857603763,0.85338649472792183,299.30704925537111,2.5385358993469516,1
2020-01-22,337121.08562109759,49421.410846314153,868.29141653456134,0.00010305690663470202,-0.0015686964471015585,0.85340160270526466,299.52089920043943,2.4896556340211831,1
2020-01-23,337451.04059908487,49421.410846314153,868.29141653456134,0.00097874322331215069,-0.00059148857480639805,0.85354494459825891,299.73554916381835,2.4683608386037927,1
2020-01-24,334889.5703210475,49421.410846314153,868.29141653456134,-0.0075906427003156196,-0.0081776414966894251,0.85242475363166581,299.94284912109373,2.2025105173729069,1
2020-01-27,330313.68409524474,49421.410846314153,868.29141653456134,-0.01366386603624592,-0.021729769335032123,0.85038037106551212,300.11889907836917,1.7757414013387902,1
2020-01-28,333257.20471640944,49421.410846314153,868.29141653456134,0.0089112887624600567,-0.01301212082185832,0.85170189827292675,300.31229919433594,2.0022017749772734,1
2020-01-29,333022.74907512841,49421.410846314153,868.29141653456134,-0.00070352759959246836,-0.013706494035323424,0.85159749301341303,300.49459915161134,1.9520634257679734,1
2020-01-30,333943.13585680292,49421.410846314153,868.29141653456134,0.0027637354632097377,-0.010980639695755356,0.85200650787592058,300.68314910888671,1.99991270280761,1
2020-01-31,328776.81782731297,49421.410846314153,868.29141653456134,-0.015470651960653892,-0.026281414001370851,0.84968097455012082,300.84099914550779,1.5405464563700837,1
2020-02-03,330852.02053379198,49421.410846314153,868.29141653456134,0.0063118887766866472,-0.020135410586754832,0.85062382038175754,301.01434906005858,1.6946880583647435,1
2020-02-04,335141.38225132483,49421.410846314153,868.29141653456134,0.012964592782635842,-0.0074318652028875221,0.8525356358133872,301.20954910278323,2.0248548639510875,1
2020-02-05,338440.87903489568,49421.410846314153,868.29141653456134,0.0098450891423982334,0,0.85397328187054355,301.42249908447263,2.2597278098133238,1
2020-02-06,339413.38767986139,49421.410846314153,868.29141653456134,0.0028734963924539336,0,0.85439168683313993,301.62799911499025,2.2966157707371377,1
2020-02-07,337867.83001835592,49421.410846314153,868.29141653456134,-0.0045536143169557786,-0.0045536143169557786,0.85372560967515265,301.82784912109378,2.1336523842035131,1
2020-02-10,340021.17577254487,49421.410846314153,868.29141653456134,0.0063733376275332265,0,0.85465196179612557,302.04099914550784,2.2658154979732505,1
2020-02-11,340524.79963309958,49421.410846314153,868.29141653456134,0.0014811543999000421,0,0.85486692628682681,302.25024917602536,2.2638954752265614,1
2020-02-12,342400.31227259233,49421.410846314153,868.29141653456134,0.0055077123355289359,0,0.85566189902604795,302.46799926757814,2.3651329061769601,1
2020-02-13,342087.71358360129,49421.410846314153,868.29141653456134,-0.00091296262820628193,-0.00091296262820628193,0.8555300033181803,302.68319931030271,2.2970494484949668,1
2020-02-14,342556.59836801229,49421.410846314153,868.29141653456134,0.0013706566058719893,0,0.85572775102927601,302.91214935302736,2.2901263162074303,1
2020-02-18,341801.18907533144,49421.410846314153,868.29141653456134,-0.002205210164626048,-0.002205210164626048,0.85540889725979885,303.13989944458007,2.193976714019453,1
2020-02-19,343199.12553683948,49421.410846314153,868.29141653456134,0.0040899110541126049,0,0.85599785323168254,303.36144943237304,2.257235419356673,1
2020-02-20,341992.21424689505,49421.410846314153,868.29141653456134,-0.0035166502480347139,-0.0035166502480347139,0.85548966091188472,303.58209945678709,2.1310648833643713,1
2020-02-21,338979.24197159411,49421.410846314153,868.29141653456134,-0.0088100610183066141,-0.012295729363076102,0.8542051998262018,303.80984954833986,1.882686798149168,1
2020-02-24,329375.94102457393,49421.410846314153,868.29141653456134,-0.028330056115427049,-0.040277446775667136,0.84995439954545149,303.98429962158201,1.168932814957542,1
2020-02-25,320892.71692621452,49421.410846314153,868.29141653456134,-0.025755445500879826,-0.064995528691201621,0.84598774531340326,304.11424957275392,0.54246324041478955,1
2020-02-26,319894.18709682999,49421.410846314153,868.29141653456134,-0.0031117248124211683,-0.067905005304297883,0.84550700562947523,304.23124954223636,0.46290079517717558,1
2020-02-27,307746.79865891987,49421.410846314153,868.29141653456134,-0.037973145270792874,-0.10329958394405669,0.83940885474136606,304.31449966430665,-0.4355594465847093,1
2020-02-28,306661.43438825163,49421.410846314153,868.29141653456134,-0.0035268092971169063,-0.10646207530813145,0.83884047583321586,304.37879974365234,-0.52168763278151842,1
2020-03-02,317801.60160320357,49421.410846314153,868.29141653456134,0.036327252030158519,-0.074002297919345095,0.84448973637326075,304.49894973754886,0.29608970502485077,1
2020-03-03,310117.21726724249,49421.410846314153,868.29141653456134,-0.024179816266488019,-0.096392752218845357,0.84063635266104741,304.56164962768554,-0.27948692862062119,1
2020-03-04,321075.05070420448,49421.410846314153,868.29141653456134,0.035334489111964018,-0.064464251760630309,0.84607520659758639,304.6967495727539,0.5295081688303428,1
2020-03-05,312044.82527187525,49421.410846314153,868.29141653456134,-0.028124967706221637,-0.090776164467878506,0.84162079661710532,304.78929946899416,-0.15177397610232446,1
2020-03-06,307703.36818920245,49421.410846314153,868.29141653456134,-0.013912927666370423,-0.10342612992417677,0.83938618827231803,304.84404937744142,-0.4825748991947072,1
2020-03-09,287532.97554192133,49421.410846314153,868.29141653456134,-0.065551419752021167,-0.16219782002021121,0.82811915484417653,304.78704940795899,-1.9850230725930287,1
2020-03-10,299854.03286239883,49421.410846314153,868.29141653456134,0.042850936652589766,-0.12629721187849563,0.83518177036160346,304.81844940185545,-1.0680291791227763,1
2020-03-11,287645.83116762387,49421.410846314153,868.29141653456134,-0.040713815246157581,-0.16186898577412734,0.82818659096952418,304.77634933471677,-1.9718019899419714,1
2020-03-12,264853.19473266718,49421.410846314153,868.29141653456134,-0.079238542559215475,-0.22828126581506258,0.81340073735490248,304.61614936828613,-3.5670011941419539,1
2020-03-13,283269.66150695848,49421.410846314153,868.29141653456134,0.069534621973807775,-0.17462009536340761,0.82553228403141177,304.57139945983886,-2.2131539365041237,1
2020-03-16,257681.11240175893,49421.410846314153,868.29141653456134,-0.090332826216092954,-0.24917899485120021,0.80820708826629228,304.37549949645995,-3.9171212259612753,1
2020-03-17,268925.48359606636,49421.410846314153,868.29141653456134,0.043636769065075853,-0.21641559204031391,0.8162263754797352,304.26314956665038,-3.0733105380043217,1
2020-03-18,257811.35081460889,49421.410846314153,868.29141653456134,-0.041327927100249129,-0.24879951132936362,0.80830397618197614,304.09029953002931,-3.7213303422320974,1
2020-03-19,258254.17466737429,49421.410846314153,868.29141653456134,0.0017176274487769039,-0.24750922875048842,0.80863267395399185,303.89019950866697,-3.5767039783544665,1
2020-03-20,249307.30733088448,50642.228577961745,868.29141653456134,-0.034643650380533741,-0.27357825594423468,0.79686825420344143,303.61939956665037,-4.0580250785237899,1
2020-03-23,244227.79724452709,50642.228577961745,868.29141653456134,-0.020374493394274218,-0.28837873096995603,0.79264346995171298,303.31014961242676,-4.1742933135062978,1
2020-03-24,261767.2812087101,50642.228577961745,868.29141653456134,0.071816083844960632,-0.23727287824743704,0.80653720990598476,303.08764961242673,-3.0451141974171394,1
2020-03-25,264927.86143493291,50642.228577961745,868.29141653456134,0.012074007918899676,-0.22806370493943706,0.8088452143022351,302.87674957275391,-2.7965348302829178,1
2020-03-26,277439.95717604965,50642.228577961745,868.29141653456134,0.047228312165233488,-0.19160645662464293,0.81746598761970424,302.73824966430664,-2.051617179622522,1
2020-03-27,270684.63776626124,50642.228577961745,868.29141653456134,-0.02434876172325029,-0.21128983839090354,0.81291059220844364,302.56339958190915,-2.395029902900915,1
2020-03-30,277830.67241459951,50642.228577961745,868.29141653456134,0.026399853007206708,-0.19046800605913328,0.81772268649161362,302.42374961853028,-1.9696482247417377,1
2020-03-31,274444.34118974494,50642.228577961745,868.29141653456134,-0.012188471472297513,-0.20033496367319359,0.81547359162727706,302.26619956970217,-2.1279888547767531,1
2020-04-01,264372.15545831382,50642.228577961745,868.29141653456134,-0.036700285703713642,-0.22968289897365801,0.80844341004759468,302.05009956359862,-2.6279039392977426,1
2020-04-02,269304.05759374943,50642.228577961745,868.29141653456134,0.018655149695646633,-0.21531251814089503,0.81195148327710465,301.84724960327151,-2.3205158084210504,1
2020-04-03,266143.47736752662,50642.228577961745,868.29141653456134,-0.011736103252445673,-0.224521691448895,0.80971831780784864,301.62289962768557,-2.4425595175668042,1
2020-04-06,280617.88044219313,50642.228577961745,868.29141653456134,0.054385714118698081,-0.18234674985478305,0.81953313702547903,301.46789962768554,-1.6620788224877576,1
2020-04-07,280852.33608347416,50642.228577961745,868.29141653456134,0.00083549786959968841,-0.18166360230621548,0.8196837908340916,301.32354965209959,-1.6326939855700768,1
2020-04-08,288580.12439100153,50642.228577961745,868.29141653456134,0.027515485237874504,-0.15914667923585679,0.82451241683801546,301.2254995727539,-1.2225448350097234,1
2020-04-09,292200.9112571372,50642.228577961745,868.29141653456134,0.012546903130548959,-0.14859657407322868,0.82668695877749487,301.16269958496093,-1.0300805317366382,1
2020-04-13,289995.44363965705,50642.228577961745,868.29141653456134,-0.0075477780270826189,-0.15502277814362164,0.82536888186116186,301.08864959716794,-1.1376430951131895,1
2020-04-14,297054.65709578723,50642.228577961745,868.29141653456134,0.024342497825248,-0.13445392195819872,0.82951881962371721,301.05009963989255,-0.77139443107617578,1
2020-04-15,291818.86091400986,50642.228577961745,868.29141653456134,-0.017625699704445497,-0.14970977721012402,0.82646005669632006,300.97389968872068,-1.0350241944779766,1
2020-04-16,292982.36823238805,50642.228577961745,868.29141653456134,0.0039870874512153431,-0.14631959573294739,0.82714922784092826,300.89109970092773,-0.96942664248934407,1
2020-04-17,299529.29293254093,50642.228577961745,868.29141653456134,0.022345797597485451,-0.12724342620625639,0.83092729234543605,300.842149810791,-0.63124406491782137,1
2020-04-20,295144.40538015077,50642.228577961745,868.29141653456134,-0.014639261186977559,-0.14001993764267462,0.82841542087598186,300.75609985351565,-0.85034667823122589,1
2020-04-21,287720.52436804067,50642.228577961745,868.29141653456134,-0.02515338551834656,-0.16165134768924017,0.82398812636257324,300.62899993896485,-1.219496209966433,1
2020-04-22,292982.36823238805,50642.228577961745,868.29141653456134,0.018288037935092261,-0.14631959573294739,0.82714922784092826,300.54039993286131,-0.94564977285549578,1
2020-04-23,292964.98544524063,50642.228577961745,868.29141653456134,-5.9330488903830414e-05,-0.14637024500870022,0.82713897191161934,300.44984985351562,-0.94049349418681216,1
2020-04-24,296342.65177467262,50642.228577961745,868.29141653456134,0.01152924921829368,-0.13652853482325444,0.82910921436827756,300.37164993286132,-0.76473771538270374,1
2020-04-27,299885.26909494714,50642.228577961745,868.29141653456134,0.01195446318327531,-0.12620619698299018,0.83112798861111159,300.3103498840332,-0.58225017024899217,1
2020-04-28,298739.14456371637,50642.228577961745,868.29141653456134,-0.0038218767286894995,-0.12954572918441398,0.83048010446732556,300.23574996948241,-0.63628562650456655,1
2020-04-29,305233.94740057818,50642.228577961745,868.29141653456134,0.021740715788508114,-0.11062143027571925,0.83408716818938655,300.19804992675779,-0.30645508822251061,1
2020-04-30,302863.52879225556,50642.228577961745,868.29141653456134,-0.0077659075227689556,-0.11752826200093058,0.83278862007614329,300.15154998779298,-0.42394552188870582,1
2020-05-01,296186.36567925266,50642.228577961745,868.29141653456134,-0.022046771823698186,-0.13698391504945839,0.8290190419068667,300.07680007934573,-0.7566854195761672,1
2020-05-04,296863.63192422356,50642.228577961745,868.29141653456134,0.0022866219497230666,-0.13501052352664633,0.82940911876033196,300.00050018310549,-0.71827559970807153,1
2020-05-05,299138.55119583994,50642.228577961745,868.29141653456134,0.0076631794095851635,-0.12838195398102792,0.83070644564027696,299.94560012817385,-0.60081731191125121,1
2020-05-06,297454.06372791081,50642.228577961745,868.29141653456134,-0.005631127988001583,-0.13329014675481254,0.82974773333644702,299.8773501586914,-0.68178777539443336,1
2020-05-07,300432.29692706809,50642.228577961745,868.29141653456134,0.010012413889499028,-0.12461228898201471,0.83143547116621919,299.81560012817386,-0.5290780807463954,1
2020-05-08,304565.37254918099,50642.228577961745,868.29141653456134,0.013757094907529854,-0.1125694971606549,0.83372296018391223,299.77060012817384,-0.31951531481335171,1
2020-05-11,304617.46791432094,50642.228577961745,868.29141653456134,0.00017104822095803662,-0.11241770375192039,0.83375139671174159,299.73310012817382,-0.31518711191279797,1
2020-05-12,299555.34061511094,50642.228577961745,868.29141653456134,-0.016617981016879169,-0.12716752950188903,0.83094199397689816,299.65640014648437,-0.56544956766304444,1
2020-05-13,295153.09677372448,50642.228577961745,868.29141653456134,-0.014695928412916448,-0.13999461300479821,0.82842047353890369,299.55710021972658,-0.78069652339185303,1
2020-05-14,298079.23460774176,50642.228577961745,868.29141653456134,0.0099139662297380582,-0.13146854864073509,0.83010480872777148,299.47835021972656,-0.63013449967915847,1
2020-05-15,299216.69424354995,50642.228577961745,868.29141653456134,0.0038159640248172089,-0.12815426386792583,0.83075065812758064,299.42260025024416,-0.57036119606269353,1
2020-05-18,306788.19645565737,50642.228577961745,868.29141653456134,0.025304411009716254,-0.1060927210237711,0.83492771507171881,299.4234002685547,-0.19196754853244449,1
2020-05-19,304157.27452348365,50642.228577961745,868.29141653456134,-0.0085756947710795561,-0.11375859700191759,0.83349986069772031,299.42015029907225,-0.32330885359178513,1
2020-05-20,308463.99253001279,50642.228577961745,868.29141653456134,0.014159510119481356,-0.10120985288786277,0.83582450527662677,299.4857002258301,-0.11103273104077961,1
2020-05-21,306684.00572537736,50642.228577961745,868.29141653456134,-0.0057704848790811614,-0.10639630784124054,0.83487163454063618,299.52110031127927,-0.20174249147198356,1
2020-05-22,307170.24679878465,50642.228577961745,868.29141653456134,0.0015854790739975311,-0.10497951788687598,0.83513302767525033,299.55845031738284,-0.17912273970042752,1
2020-05-26,310330.81377593183,50642.228577961745,868.29141653456134,0.010289300510337274,-0.095770383183507057,0.83681211684468126,299.58575027465821,-0.022000729577895974,1
2020-05-27,314194.72117877111,50642.228577961745,868.29141653456134,0.012450930527411641,-0.084511883043696723,0.83881897064353528,299.64530029296873,0.1690233183188847,1
2020-05-28,313708.48010536382,50642.228577961745,868.29141653456134,-0.001547578748564149,-0.085928672998061284,0.83856914368093349,299.71980026245114,0.14149941183144452,1
2020-05-29,314880.67881731573,50642.228577961745,868.29141653456134,0.0037365859907840804,-0.082513166883008249,0.83917009843800916,299.77865036010741,0.1977396374721942,1
2020-06-01,315948.66030083649,50642.228577961745,868.29141653456134,0.0033917021759863886,-0.079401324794686534,0.83971374168910295,299.88690032958982,0.24684088906765295,1
2020-06-02,318145.43652474287,50642.228577961745,868.29141653456134,0.0069529531216074858,-0.073000445362170097,0.8408205092263733,300.00405029296877,0.3522922490070759,1
2020-06-03,321705.43663216481,50642.228577961745,868.29141653456134,0.011189851240079207,-0.062627458246153123,0.84258199330381345,300.12070022583009,0.52600321915198212,1
2020-06-04,320993.4313110502,50642.228577961745,868.29141653456134,-0.0022132212889168779,-0.064702071111208848,0.84223281962150742,300.21585021972658,0.48593833732589459,1
2020-06-05,327922.40635433042,50642.228577961745,868.29141653456134,0.021586033754584566,-0.044512698447622401,0.84556642792124048,300.36210021972659,0.82651168229365723,1
2020-06-08,331274.02500119241,50642.228577961745,868.29141653456134,0.010220767419108379,-0.0347468849665441,0.84712888800207187,300.51585021972659,0.98580325365491606,1
2020-06-09,329181.43950756598,50642.228577961745,868.29141653456134,-0.0063167810806141755,-0.040844177581591201,0.84615709605705836,300.65800033569337,0.87348925773031427,1
2020-06-10,327627.1904524868,50642.228577961745,868.29141653456134,-0.0047215573800400978,-0.04537288683353935,0.84542727205266566,300.82875030517579,0.78811641454839321,1
2020-06-11,311659.29858330369,50642.228577961745,868.29141653456134,-0.048737993470962526,-0.091899496842250072,0.83750772459488942,300.89180023193359,-0.012232280015227491,1
2020-06-12,314785.1529824583,50642.228577961745,868.29141653456134,0.010029716467192529,-0.082791506271863158,0.83912129241754985,300.97850021362302,0.14038785734299186,1
2020-06-15,317251.09742563835,50642.228577961745,868.29141653456134,0.007833738090301523,-0.075606335157797022,0.84037177809973707,301.06930007934568,0.25995914263944392,1
2020-06-16,322382.70287713571,50642.228577961745,868.29141653456134,0.01617521733774363,-0.06065406672334106,0.84291269932908852,301.17120010375976,0.51225399926598281,1
2020-06-17,321253.93463490123,50642.228577961745,868.29141653456134,-0.0035013300408510695,-0.06394302685827391,0.84236075229548357,301.26725006103516,0.45152405237444587,1
2020-06-18,321358.12536518124,50642.228577961745,868.29141653456134,0.0003243251491951149,-0.063639440040804462,0.84241186209182195,301.37245010375977,0.45217221423126863,1
2020-06-19,319817.79017128749,51828.314652947956,868.29141653456134,-0.0047932044417527964,-0.068127607635883103,0.83794424123439215,301.44545013427734,0.31258206633617036,1
2020-06-22,321536.99021720921,51828.314652947956,868.29141653456134,0.005375561018669206,-0.063118270729116466,0.83881072402296186,301.50945007324219,0.39569454344671029,1
2020-06-23,322778.64058329735,51828.314652947956,868.29141653456134,0.0038616097179031694,-0.059500399138837978,0.83943077968452828,301.57945007324219,0.45455218210581122,1
2020-06-24,315867.04832716455,51828.314652947956,868.29141653456134,-0.021412793125476837,-0.079639122526671713,0.83591731100970712,301.6088999938965,0.10771327169160361,1
2020-06-25,318697.68682447559,51828.314652947956,868.29141653456134,0.0089614871582905931,-0.071391320342201414,0.83737467576445679,301.65499999999997,0.24721679669958041,1
2020-06-26,312359.14358488261,51828.314652947956,868.29141653456134,-0.019888890009684856,-0.089860316233953963,0.83407460380981691,301.65399993896483,-0.069629007084390321,1
2020-06-29,316188.31191157817,51828.314652947956,868.29141653456134,0.012258864212358223,-0.078703037436387402,0.83608402745942834,301.66984985351564,0.12111364084681529,1
2020-06-30,319574.64313643274,51828.314652947956,868.29141653456134,0.010709855795686618,-0.06883607982232709,0.83782094178598077,301.70619979858401,0.28876549506154142,1
2020-07-01,321450.15577592549,51828.314652947956,868.29141653456134,0.0058687780140680434,-0.063371285480094852,0.83876718140688633,301.75799972534179,0.38012497114854316,1
2020-07-02,322934.95317686844,51828.314652947956,868.29141653456134,0.0046190595159578685,-0.059044941703372267,0.83950850119168718,301.81454971313474,0.45162809477324939,1
2020-07-06,327120.09766597016,51828.314652947956,868.29141653456134,0.012959713552002983,-0.046850433682539716,0.8415618146890167,301.89429962158204,0.65646020264158966,1
2020-07-07,324280.79427323653,51828.314652947956,868.29141653456134,-0.0086796971907023845,-0.055123483295624554,0.84017457842638132,301.95779968261718,0.51173653548359066,1
2020-07-08,326364.68837328925,51828.314652947956,868.29141653456134,0.0064262026516959114,-0.049051515318453753,0.84119509095399503,302.04729965209958,0.61121317309307133,1
2020-07-09,324801.77442278754,51828.314652947956,868.29141653456134,-0.0047888573922987288,-0.05360547199901633,0.84043093746931286,302.12814971923831,0.52953356923033423,1
2020-07-10,327588.98245038115,51828.314652947956,868.29141653456134,0.008581258623191923,-0.045484215794666105,0.8417885904914455,302.23674972534178,0.66296649290404175,1
2020-07-13,325201.18105491111,51828.314652947956,868.29141653456134,-0.0072890161861036695,-0.052441696795630266,0.84062691751357266,302.32284973144533,0.54015879401278566,1
2020-07-14,328743.82487333677,51828.314652947956,868.29141653456134,0.01089369911552529,-0.042119281746104131,0.8423443705051582,302.432449798584,0.71068695231129442,1
2020-07-15,331287.91236422671,51828.314652947956,868.29141653456134,0.0077388145370340666,-0.034706420518936354,0.84355506881287445,302.56469985961917,0.83003346105412534,1
2020-07-16,330367.52558255219,51828.314652947956,868.29141653456134,-0.0027782081607089504,-0.03738820701893053,0.84311922135338002,302.6847999572754,0.77817753263357436,1
2020-07-17,331175.03024037305,51828.314652947956,868.29141653456134,0.002444261603488318,-0.03503533197428188,0.84350174403145683,302.82720001220702,0.81102170531297024,1
2020-07-20,333432.59322299313,51828.314652947956,868.29141653456134,0.0068168272861075518,-0.028457334495154418,0.8445613425131292,303.00850006103514,0.91385234786131408,1
2020-07-21,334031.71642025409,51828.314652947956,868.29141653456134,0.0017968345309911093,-0.026711633085444331,0.84484013910900191,303.18145004272463,0.93465170860386038,1
2020-07-22,335638.03434232209,51828.314652947956,868.29141653456134,0.0048088784480784241,-0.022031207634023442,0.84558271307212018,303.34399993896483,1.0047076287876289,1
2020-07-23,332251.70311746758,51828.314652947956,868.29141653456134,-0.01008923565974873,-0.031898165248083643,0.84400888192099333,303.49339996337892,0.83065780873070028,1
2020-07-24,330445.66863026214,51828.314652947956,868.29141653456134,-0.0054357418495065701,-0.037160516905828667,0.84315632016669284,303.65514999389649,0.7347561491209581,1
2020-07-27,332477.4673651749,51828.314652947956,868.29141653456134,0.0061486620276633985,-0.031240342337392368,0.84411480554252849,303.81490005493163,0.82691509102294314,1
2020-07-28,330697.48056053952,51828.314652947956,868.29141653456134,-0.0053537065797013561,-0.036426797290769919,0.84327574989353471,303.95455017089841,0.73299051932326209,1
2020-07-29,334127.21575696033,51828.314652947956,868.29141653456134,0.010371216589274646,-0.026433370905851405,0.84488448648060099,304.09875015258791,0.89347370050513919,1
2020-07-30,333119.99453400209,51828.314652947956,868.29141653456134,-0.0030144842307334718,-0.029368172156824079,0.84441547939669603,304.23880004882812,0.83699263027634241,1
2020-07-31,335342.81844047853,51828.314652947956,868.29141653456134,0.0066727423839745281,-0.022891396019940169,0.84544677326332196,304.37699996948243,0.93781968585479591,1
2020-08-03,337313.85691482871,51828.314652947956,868.29141653456134,0.0058776820792423301,-0.017148262288853133,0.84634987982117049,304.5289500427246,1.024975220883287,1
2020-08-04,338416.57747449318,51828.314652947956,868.29141653456134,0.0032691232128745362,-0.013935198858287645,0.84685054426196271,304.68285003662112,1.0691757846855352,1
2020-08-05,340196.56427912856,51828.314652947956,868.29141653456134,0.0052597506242717529,-0.0087487439049100946,0.84765185749958594,304.85354995727539,1.1447953827846202,1
2020-08-06,342124.17228376132,51828.314652947956,868.29141653456134,0.0056661595296159106,-0.0031321561539432441,0.84851022274462096,305.02524993896486,1.2262951358990368,1
2020-08-07,342332.58024247241,51828.314652947956,868.29141653456134,0.00060915882476209049,-0.0025249053097428087,0.84860244789953032,305.20304992675779,1.2244556976333651,1
2020-08-10,343200.87165900698,51828.314652947956,868.29141653456134,0.0025363972541543323,0,0.84898548071159086,305.38149993896485,1.2538832796489874,1
2020-08-11,340795.68747638952,51828.314652947956,868.29141653456134,-0.007008094621062555,-0.007008094621062555,0.84791968749153079,305.54364990234376,1.1285892924384955,1
2020-08-12,344824.57236822241,51828.314652947956,868.29141653456134,0.01182199493681102,0,0.84969657383464292,305.72284988403322,1.307728352060882,1
2020-08-13,344294.90082509775,51828.314652947956,868.29141653456134,-0.0015360609004367864,-0.0015360609004367864,0.84946534343453206,305.8904998779297,1.2705119565860508,1
2020-08-14,344303.59221867146,51828.314652947956,868.29141653456134,2.5244038040828087e-05,-0.0015108556387757321,0.84946914344120128,306.05864990234375,1.2590120879801994,1
2020-08-17,345232.67039391969,51828.314652947956,868.29141653456134,0.0026984271911347779,0,0.84987424685557578,306.2274998474121,1.290457529659881,1
2020-08-18,345866.53266732435,51828.314652947956,868.29141653456134,0.0018360437112785455,0,0.85014937914562672,306.40404998779297,1.3073951769851559,1
2020-08-19,344642.23859023245,51828.314652947956,868.29141653456134,-0.0035397876390356187,-0.0035397876390356187,0.84961705545741306,306.55949996948243,1.2390974766584839,1
2020-08-20,345553.93397833331,51828.314652947956,868.29141653456134,0.0026453385163414112,-0.00090381305927544897,0.85001381967714007,306.71404998779298,1.2700974695898319,1
2020-08-21,346595.89427743526,51828.314652947956,868.29141653456134,0.0030153333434985718,0,0.8504647183977847,306.87630004882811,1.3062177734212121,1
2020-08-24,349582.8188701662,51828.314652947956,868.29141653456134,0.0086178879843856748,0,0.85174238590885443,307.05540008544921,1.4294651079894165,1
2020-08-25,350624.75267111702,51828.314652947956,868.29141653456134,0.0029805063198422577,0,0.85218295554403589,307.23510009765624,1.4622191414037538,1
2020-08-26,353620.36865742167,51828.314652947956,868.29141653456134,0.0085436523333950465,0,0.85343515462719888,307.42825012207032,1.5813186327268085,1
2020-08-27,354280.25211524521,51828.314652947956,868.29141653456134,0.0018660787565176751,0,0.85370814674680628,307.62815002441408,1.5931296729041473,1
2020-08-28,356233.90780244797,51828.314652947956,868.29141653456134,0.0055144357483611905,0,0.85451043957980077,307.83604995727541,1.6614284099969228,1
2020-08-31,355131.18724278349,51828.314652947956,868.29141653456134,-0.0030954957838432717,-0.0030954957838432717,0.85405867883544739,308.03709991455077,1.593985506763304,1
2020-09-01,357987.87342266447,51828.314652947956,868.29141653456134,0.0080440307201969929,0,0.85522326732068954,308.25235000610354,1.7002631601003049,1
2020-09-02,362416.16494662099,51828.314652947956,868.29141653456134,0.01236994840528638,0,0.85699226561656938,308.48190002441407,1.870419591922265,1
2020-09-03,351727.49972893263,51828.314652947956,868.29141653456134,-0.029492793786564886,-0.029492793786564886,0.8526463961649553,308.64875015258787,1.3895389865087697,1
2020-09-04,349278.91157474887,51828.314652947956,868.29141653456134,-0.006961605663676651,-0.036249082249979248,0.85161338708003786,308.80195022583007,1.2719409008631684,1
2020-09-08,341151.6901369468,51828.314652947956,868.29141653456134,-0.023268571816030703,-0.058674189692411116,0.84807838814416314,308.91415023803711,0.91324397121342948,1
2020-09-09,346865.06249670888,51828.314652947956,868.29141653456134,0.016747307795744959,-0.042909516611110865,0.85058075817757028,309.06175033569338,1.1511839867802285,1
2020-09-10,341742.14843878517,51828.314652947956,868.29141653456134,-0.014769184365382215,-0.057044962414634082,0.84834087662373392,309.17640045166013,0.92387918845550987,1
2020-09-11,341889.74314063141,51828.314652947956,868.29141653456134,0.00043188907929714304,-0.056637710431632793,0.84840634826640848,309.27985046386721,0.92443229248858683,1
2020-09-14,345710.22007375327,51828.314652947956,868.29141653456134,0.011174587742897923,-0.046096025753509906,0.85008162430983103,309.40175048828127,1.0809281558970452,1
2020-09-15,347195.01747469616,51828.314652947956,868.29141653456134,0.0042949190238752433,-0.041999085427568361,0.85072275797642971,309.52520050048827,1.1363877469086123,1
2020-09-16,346022.81876274431,51828.314652947956,868.29141653456134,-0.0033761968143373178,-0.045233485063480017,0.85021706129593499,309.64775054931641,1.078699608849488,1
2020-09-17,343435.30080213689,51828.314652947956,868.29141653456134,-0.0074778824409889033,-0.052373116820767951,0.84908856331339178,309.76875045776364,0.96180365372608601,1
2020-09-18,340091.50843721023,52990.956859687736,868.29141653456134,-0.0097363094507664227,-0.061599505399266286,0.84418618064534456,309.87425048828123,0.76531674675723094,1
2020-09-21,336896.20238391933,52990.956859687736,868.29141653456134,-0.0093954302710290705,-0.070416181812586687,0.84270835799062982,309.95180053710936,0.62628726527251055,1
2020-09-22,339787.6011417929,52990.956859687736,868.29141653456134,0.0085824617119862889,-0.062438064284911166,0.84404682018525246,310.04320053100588,0.74444265961634826,1
2020-09-23,333136.51220951119,52990.956859687736,868.29141653456134,-0.019574254357522025,-0.080790140090529095,0.84093320630564361,310.0820506286621,0.46129838217506675,1
2020-09-24,333883.23010861833,52990.956859687736,868.29141653456134,0.002241477207510334,-0.078729752140623166,0.84128895349895583,310.13015060424806,0.49084841093340792,1
2020-09-25,338424.40375642851,52990.956859687736,868.29141653456134,0.013601083367777544,-0.066199478695234681,0.84341862976930437,310.20615066528319,0.67930568750416764,1
2020-09-28,343165.26747122488,52990.956859687736,868.29141653456134,0.014008634312933532,-0.053118208671049549,0.84558181761756779,310.30500061035156,0.87427773748109727,1
2020-09-29,341584.9707335757,52990.956859687736,868.29141653456134,-0.0046050602652604189,-0.057478656384197024,0.84486742275022741,310.38120056152343,0.80368841957958881,1
2020-09-30,343773.08206205955,52990.956859687736,868.29141653456134,0.0064057599600613191,-0.051441090899759678,0.84585483964645736,310.46905059814452,0.89094600663200207,1
2020-10-01,345639.90330797865,52990.956859687736,868.29141653456134,0.0054303880766968238,-0.046290047909737342,0.84668738663408682,310.55675064086915,0.96418786995826689,1
2020-10-02,342861.36017580755,52990.956859687736,868.29141653456134,-0.0080388378355009671,-0.053956767556694429,0.84544494359902267,310.62810058593749,0.84380107925616143,1
2020-10-05,348001.65702087869,52990.956859687736,868.29141653456134,0.014992348051222182,-0.039773358144401083,0.8477278605127202,310.7289506530762,1.0526781929560431,1
2020-10-06,343807.79464005213,52990.956859687736,868.29141653456134,-0.012051271297754074,-0.051345309912734227,0.84587040292333582,310.79910064697265,0.87361522152820315,1
2020-10-07,348869.94843741326,52990.956859687736,868.29141653456134,0.014723790083528865,-0.037377517394134196,0.84810684584030815,310.89925064086913,1.078242406605832,1
2020-10-08,351492.17897601321,52990.956859687736,868.29141653456134,0.0075163554509205532,-0.030142104649820811,0.84924001150163853,311.01205062866211,1.1794866482373989,1
2020-10-09,354157.83998433058,52990.956859687736,868.29141653456134,0.0075838415980780116,-0.022786855998839783,0.85037474572910121,311.14015060424805,1.2805097486708865,1
2020-10-12,359002.89442940691,52990.956859687736,868.29141653456134,0.01368049467799648,-0.0094180967830638229,0.85239406789766781,311.28760055541994,1.467964427077507,1
2020-10-13,357005.83477063791,52990.956859687736,868.29141653456134,-0.0055627954252098766,-0.014928501262574612,0.85156837312271849,311.42395065307619,1.3750483383573526,1
2020-10-14,355095.58305500139,52990.956859687736,868.29141653456134,-0.0053507576896153486,-0.020199380159264813,0.85076987890474576,311.55820068359372,1.2871136684252567,1
2020-10-15,354722.22410544782,52990.956859687736,868.29141653456134,-0.0010514322547789945,-0.021229574134217777,0.85061280839303943,311.68640075683595,1.2626949400812146,1
2020-10-16,354539.89032745786,52990.956859687736,868.29141653456134,-0.00051401847868359773,-0.02173268021950181,0.8505359811254396,311.79850082397462,1.2471164571146252,1
2020-10-19,349955.31270808144,52990.956859687736,868.29141653456134,-0.012931062891518463,-0.034382716456300644,0.8485779328519848,311.89650085449216,1.0555443753227398,1
2020-10-20,351144.86770902958,52990.956859687736,868.29141653456134,0.0033991625723379659,-0.031100426326876263,0.84909089742528199,311.99520080566407,1.0972404575486079,1
2020-10-21,350580.48358791234,52990.956859687736,868.29141653456134,-0.0016072686034098727,-0.032657708191498269,0.84884795548979952,312.09520080566404,1.0683224512824114,1
2020-10-22,352212.84919255041,52990.956859687736,868.29141653456134,0.0046561793398540718,-0.028153588997812506,0.84954848472686395,312.19600067138674,1.1272783086993401,1
2020-10-23,353228.76180908235,52990.956859687736,868.29141653456134,0.002884371251250295,-0.025350423149287038,0.84998119465614475,312.2916506958008,1.1614256712713762,1
2020-10-26,347680.39343646506,52990.956859687736,868.29141653456134,-0.015707578126427202,-0.0406598075235588,0.84758715803348483,312.36005081176756,0.93588340287312755,1
2020-10-27,346664.48081993312,52990.956859687736,868.29141653456134,-0.0029219726959310854,-0.043462973372084268,0.84714050676794694,312.41140075683592,0.89245853698125288,1
2020-10-28,336627.03416464571,52990.956859687736,868.29141653456134,-0.028954355610781857,-0.071158886595948823,0.84258258701299182,312.40745071411135,0.49288579469657401,1
2020-10-29,339509.7680270967,52990.956859687736,868.29141653456134,0.0085635839367583788,-0.063204677757401129,0.84391919806131033,312.41640075683591,0.60728134127256006,1
2020-10-30,336522.84343436576,52990.956859687736,868.29141653456134,-0.0087977574550742732,-0.071446375787539651,0.84253384905793793,312.39450073242188,0.4893058277168707,1
2020-11-02,339700.79319866037,52990.956859687736,868.29141653456134,0.0094434889823888923,-0.062677589867731975,0.84400696754129123,312.38575073242185,0.6163318951022233,1
2020-11-03,344762.92049787036,52990.956859687736,868.29141653456134,0.014901723518348176,-0.048709870464389238,0.84629740117306185,312.40940078735349,0.81672602425429763,1
2020-11-04,351283.79751545325,52990.956859687736,868.29141653456134,0.018914090320867771,-0.03071708303300269,0.84915058071428229,312.47040084838869,1.0723360196358207,1
2020-11-05,357101.33410734416,52990.956859687736,868.29141653456134,0.016560788265889137,-0.014664993875368793,0.8516080680791891,312.56300079345704,1.296319437717854,1
2020-11-06,357031.88245320786,52990.956859687736,868.29141653456134,-0.00019448724354365066,-0.014856628964676988,0.8515792021273263,312.6699508666992,1.2855253509512325,1
2020-11-09,360852.35938632971,52990.956859687736,868.29141653456134,0.010700660419654673,-0.004314944286554101,0.85315058781989161,312.8252508544922,1.4242560211572375,1
2020-11-10,360400.85738906619,52990.956859687736,868.29141653456134,-0.0012512097690904334,-0.0055607551552001588,0.85296661821622133,312.96100082397459,1.3958069026683573,1
2020-11-11,362684.46805425623,52990.956859687736,868.29141653456134,0.0063363075263851432,0,0.85389240089608553,313.11125091552736,1.4727744515687877,1
2020-11-12,359680.16067437787,52990.956859687736,868.29141653456134,-0.0082835291954904688,-0.0082835291954904688,0.85267200514942776,313.23890090942382,1.346124666717923,1
2020-11-13,363926.11842034437,52990.956859687736,868.29141653456134,0.011804814972295352,0,0.85439089370749211,313.42075088500974,1.4965004898755898,1
2020-11-16,367807.38211217994,52990.956859687736,868.29141653456134,0.010664977025234057,0,0.85592742441606107,313.61300094604491,1.6293322871177214,1
2020-11-17,366114.20325067709,52990.956859687736,868.29141653456134,-0.0046034390386064938,-0.0046034390386064938,0.85526112784156305,313.7708009338379,1.5507627517327973,1
2020-11-18,362345.82168269524,52990.956859687736,868.29141653456134,-0.010292912797490228,-0.014848969039503834,0.85375584955387807,313.88790100097657,1.3977256331105601,1
2020-11-19,363648.25880749704,52990.956859687736,868.29141653456134,0.0035944587928553595,-0.011307884253977218,0.85427963539971363,314.00690093994143,1.4373336894628461,1
2020-11-20,361520.93423772691,52990.956859687736,868.29141653456134,-0.0058499512048983959,-0.017091684887759251,0.85342216220086919,314.12255081176755,1.3481041720821236,1
2020-11-23,363370.39919464971,52990.956859687736,868.29141653456134,0.0051157893824944622,-0.012063332965342566,0.85416820693943862,314.23645080566405,1.408595744103551,1
2020-11-24,368371.76623329718,52990.956859687736,868.29141653456134,0.013763826249282296,0,0.85614815868888405,314.37625076293943,1.5835585502211995,1
2020-11-25,367885.52515988989,52990.956859687736,868.29141653456134,-0.0013199737818651025,-0.0013199737818651025,0.85595802706111668,314.50245071411132,1.5539900118270069,1
2020-11-27,368762.50796999817,52990.956859687736,868.29141653456134,0.0023838470125376876,0,0.85630058448349911,314.63550079345703,1.5744994146125431,1
2020-11-30,367364.54501033894,52990.956859687736,868.29141653456134,-0.0037909574033295756,-0.0037909574033295756,0.85575375310593349,314.75780075073243,1.5121901213139008,1
2020-12-01,370802.97160033346,52990.956859687736,868.29141653456134,0.0093597126796700625,0,0.8570913371298341,314.90425064086912,1.6252389019026032,1
2020-12-02,371471.57294988184,52990.956859687736,868.29141653456134,0.0018031175604196203,0,0.85734855445631319,315.04650070190428,1.6363771487110459,1
2020-12-03,371384.73850859812,52990.956859687736,868.29141653456134,-0.00023375797128744047,-0.00023375797128744047,0.85731520074710632,315.1952006530762,1.6196958023932371,1
2020-12-04,374128.5425646255,52990.956859687736,868.29141653456134,0.0073880366410474796,0,0.85836163021287182,315.37705062866212,1.7022644723548228,1
2020-12-07,373468.63260865083,52990.956859687736,868.29141653456134,-0.0017638588904524966,-0.0017638588904524966,0.8581113586714102,315.6104005432129,1.6598156357479812,1
2020-12-08,374406.40217747283,52990.956859687736,868.29141653456134,0.0025109727750673994,0,0.85846674482192897,315.89800064086916,1.6725635976940254,1
2020-12-09,371523.66831502179,52990.956859687736,868.29141653456134,-0.0076994780155618114,-0.0076994780155618114,0.85736855716348137,316.17475067138673,1.5523057330010457,1
2020-12-10,371419.47758474184,52990.956859687736,868.29141653456134,-0.00028044170308849647,-0.007977760463922734,0.85732854613797815,316.52085067749022,1.5302100367353633,1
2020-12-11,371046.09213703714,52990.956859687736,868.29141653456134,-0.0010052931260706721,-0.0089750336022376143,0.85718497517522219,316.87105056762698,1.4993355827792028,1
2020-12-14,369622.10799295903,52990.956859687736,868.29141653456134,-0.0038377554008901527,-0.012778345019447634,0.85663477450678582,317.14890060424807,1.4338979820962316,1
2020-12-15,373902.77831691812,52990.956859687736,868.29141653456134,0.011581207485675149,-0.0013451261987661445,0.85827610830221512,317.49565063476564,1.5635576957703248,1
2020-12-16,374406.40217747283,52990.956859687736,868.29141653456134,0.0013469380003585663,0,0.85846674482192897,317.78220077514646,1.562763589812421,1
2020-12-17,376203.7452711045,52990.956859687736,868.29141653456134,0.0048005137817588306,0,0.85914293112233431,318.13110076904297,1.6044726023168703,1
2020-12-18,374918.67609448545,54362.857297812341,868.29141653456134,-0.0034158861860691392,-0.0034158861860691392,0.85500093549857714,318.4897007751465,1.4960384986742954,1
2020-12-21,373772.52506510355,54362.857297812341,868.29141653456134,-0.0030570657117466871,-0.0064625093092811614,0.8545563045642709,318.95785064697264,1.4418998875853872,1
2020-12-22,373234.18862655631,54362.857297812341,868.29141653456134,-0.0014402782506645062,-0.0078934797483428687,0.85434652302925618,319.35195053100585,1.4078205808183919,1
2020-12-23,373520.73963297735,54362.857297812341,868.29141653456134,0.00076775122738759194,-0.0071317887497204246,0.8544582628765689,319.81800064086912,1.4030417932330517,1
2020-12-24,374762.38999906549,54362.857297812341,868.29141653456134,0.0033241805188868323,-0.0038313155840602464,0.85494046695041115,320.42245063781741,1.4359901685788037,1
2020-12-28,377514.88544866652,54362.857297812341,868.29141653456134,0.0073446416264126846,0,0.85599810923163067,320.93670066833494,1.5144520705596352,1
2020-12-29,376898.37946425821,54362.857297812341,868.29141653456134,-0.0016330640411056363,-0.0016330640411056363,0.85576256025540254,321.59475059509276,1.4874237336024334,1
2020-12-30,377358.57285509544,54362.857297812341,868.29141653456134,0.0012210012457241071,-0.00041405676861006047,0.85593845957572157,322.19070053100586,1.4929945364952761,1
2020-12-31,378999.65635145834,54362.857297812341,868.29141653456134,0.0043488703170209142,0,0.85656225174146339,322.86010055541993,1.5441370885293846,1
