date,equity,cash,shares,daily_return,drawdown,exposure,close_signal_mean,close_signal_z,next_session_long
2002-01-02,100000,100000,0,0,0,0,115.06199989318847,0.37127153453339873,0
2002-01-03,100000,100000,0,0,0,0,115.13949966430664,1.2897385953277944,0
2002-01-04,100000,100000,0,0,0,0,115.1504997253418,1.8455745431390289,0
2002-01-07,100000,100000,0,0,0,0,115.12299995422363,1.284449162529923,0
2002-01-08,100000,100000,0,0,0,0,115.12099990844726,1.0797674901374639,0
2002-01-09,100000,100000,0,0,0,0,115.18050003051758,0.30251227983830536,0
2002-01-10,100000,100000,0,0,0,0,115.27700004577636,0.62783748709340481,0
2002-01-11,100000,100000,0,0,0,0,115.31000022888183,-0.29336090324811986,0
2002-01-14,100000,100000,0,0,0,0,115.41800041198731,-1.1369188868169513,0
2002-01-15,100000,100000,0,0,0,0,115.51900062561035,-0.40213798905608644,0
2002-01-16,100000,100000,0,0,0,0,115.44500045776367,-2.4732987785586231,1
2002-01-17,99869.948406989046,0,878.59549587178185,-0.0013005159301094915,-0.0013005159301094915,1,115.37950019836425,-1.5176165724408583,1
2002-01-18,99413.081698522452,0,878.59549587178185,-0.0045746164462283634,-0.0058691830147754587,1,115.24750022888183,-1.7174460800221942,1
2002-01-22,98727.778284246728,0,878.59549587178185,-0.0068934933166437951,-0.012722217157532745,1,115.133500289917,-2.0183340940050729,1
2002-01-23,99483.370946948591,0,878.59549587178185,0.007653293488752988,-0.0051662905305140949,1,115.04750061035156,-1.2703912146313658,1
2002-01-24,99790.878029873391,0,878.59549587178185,0.0030910400401367166,-0.0020912197012661338,1,114.99000053405761,-0.96248050348023706,0
2002-01-25,99336.031543697492,99336.031543697492,0,-0.0045579966341185996,-0.0066396845630251056,0,114.89950065612793,-0.9027270677513598,0
2002-01-28,99336.031543697492,99336.031543697492,0,0,-0.0066396845630251056,0,114.78950080871581,-0.62534110415384636,0
2002-01-29,99336.031543697492,99336.031543697492,0,0,-0.0066396845630251056,0,114.50350074768066,-2.410059338218971,1
2002-01-30,100616.51222642508,0,899.40564723459102,0.012890394983861464,0,1,114.38200073242187,-1.3621210265680759,1
2002-01-31,101794.73142848784,0,899.40564723459102,0.011709998448478531,0,1,114.26450080871582,-0.58871223058447975,1
2002-02-01,101318.04753336079,0,899.40564723459102,-0.0046827953513677301,-0.0046827953513677301,1,114.05500106811523,-0.79183815140522795,1
2002-02-04,98799.708976335722,0,899.40564723459102,-0.024855774645636153,-0.029422175491038649,1,113.66650085449218,-2.1183078977871443,1
2002-02-05,98188.11286173937,0,899.40564723459102,-0.0061902623087972675,-0.035430306815850909,1,113.28550071716309,-2.1618702545805517,0
2002-02-06,98569.520676361193,98569.520676361193,0,0.0038844601806218293,-0.031683474251242516,0,112.89450073242188,-2.097422591200377,1
2002-02-07,97884.934951806368,0,906.17420842226443,-0.0069452069956043028,-0.038408632959832101,1,112.51700057983399,-2.0771951678403227,1
2002-02-08,99760.715286698032,0,906.17420842226443,0.019163115711474887,-0.019981546326085953,1,112.21750030517578,-1.031137880551853,1
2002-02-11,100984.05599891652,0,906.17420842226443,0.012262750008385392,-0.0079638250250783083,1,112.04250030517578,-0.30563435532674088,1
2002-02-12,100666.8894951203,0,906.17420842226443,-0.0031407582183035077,-0.011079570794485183,1,111.88600006103516,-0.41552017806936126,1
2002-02-13,101736.17533760099,0,906.17420842226443,0.010622021280716432,-0.00057523695052907886,1,111.74199981689453,0.29873835933440857,0
2002-02-14,101901.68529432324,101901.68529432324,0,0.0016268545202631213,0,0,111.70399971008301,0.20320222316246639,0
2002-02-15,101901.68529432324,101901.68529432324,0,0,0,0,111.56499977111817,-0.39706998989170617,0
2002-02-19,101901.68529432324,101901.68529432324,0,0,0,0,111.34549980163574,-1.4662309844648882,0
2002-02-20,101901.68529432324,101901.68529432324,0,0,0,0,111.25649948120117,-0.37992423780503864,0
2002-02-21,101901.68529432324,101901.68529432324,0,0,0,0,111.00999946594239,-1.5011278521272355,0
2002-02-22,101901.68529432324,101901.68529432324,0,0,0,0,110.81299934387206,-0.67905378263388205,0
2002-02-25,101901.68529432324,101901.68529432324,0,0,0,0,110.70799903869629,0.45852800054454029,0
2002-02-26,101901.68529432324,101901.68529432324,0,0,0,0,110.57599906921386,0.44255780844219667,0
2002-02-27,101901.68529432324,101901.68529432324,0,0,0,0,110.64449920654297,0.68318488817604661,0
2002-02-28,101901.68529432324,101901.68529432324,0,0,0,0,110.60849914550781,0.3734460734971608,0
2002-03-01,101901.68529432324,101901.68529432324,0,0,0,0,110.63649902343749,2.0637581618478542,0
2002-03-04,101901.68529432324,101901.68529432324,0,0,0,0,110.79149894714355,2.7123174621315309,0
2002-03-05,101901.68529432324,101901.68529432324,0,0,0,0,111.0679988861084,2.085734567435368,0
2002-03-06,101901.68529432324,101901.68529432324,0,0,0,0,111.44699897766114,2.2480556456828187,0
2002-03-07,101901.68529432324,101901.68529432324,0,0,0,0,111.83699913024903,1.8560495163996391,0
2002-03-08,101901.68529432324,101901.68529432324,0,0,0,0,112.28549919128417,1.8161755999270208,0
2002-03-11,101901.68529432324,101901.68529432324,0,0,0,0,112.64299926757812,1.6709888672184092,0
2002-03-12,101901.68529432324,101901.68529432324,0,0,0,0,112.92949905395508,1.4597609710303785,0
2002-03-13,101901.68529432324,101901.68529432324,0,0,0,0,113.17699928283692,0.97109966094967992,0
2002-03-14,101901.68529432324,101901.68529432324,0,0,0,0,113.3574993133545,0.84160380302678461,0
2002-03-15,101901.68529432324,101901.68529432324,0,0,0,0,113.58699951171874,0.99964229378787184,0
2002-03-18,101901.68529432324,101901.68529432324,0,0,0,0,113.87599945068359,0.91049204254335325,0
2002-03-19,101901.68529432324,101901.68529432324,0,0,0,0,114.31049919128418,1.0731873226935802,0
2002-03-20,101901.68529432324,101901.68529432324,0,0,0,0,114.54299926757812,0.24869065842338528,0
2002-03-21,101901.68529432324,101901.68529432324,0,0,0,0,114.8924991607666,0.16488347522673646,0
2002-03-22,101901.68529432324,101901.68529432324,0,0,0,0,115.16249923706054,-0.058661169589899878,0
2002-03-25,101901.68529432324,101901.68529432324,0,0,0,0,115.27049942016602,-0.85401857817742088,0
2002-03-26,101901.68529432324,101901.68529432324,0,0,0,0,115.42299919128418,-0.66714355913024292,0
2002-03-27,101901.68529432324,101901.68529432324,0,0,0,0,115.56899909973144,-0.66012892224457342,0
2002-03-28,101901.68529432324,101901.68529432324,0,0,0,0,115.73749885559081,-1.0515856850043503,0
2002-04-01,101901.68529432324,101901.68529432324,0,0,0,0,115.77899894714355,-1.1002827212189292,0
2002-04-02,101901.68529432324,101901.68529432324,0,0,0,0,115.68849906921386,-1.494801003079623,0
2002-04-03,101901.68529432324,101901.68529432324,0,0,0,0,115.57649917602539,-1.8822210367950194,0
2002-04-04,101901.68529432324,101901.68529432324,0,0,0,0,115.37249908447265,-1.9169094442133157,0
2002-04-05,101901.68529432324,101901.68529432324,0,0,0,0,115.18199920654297,-1.6622423043607986,0
2002-04-08,101901.68529432324,101901.68529432324,0,0,0,0,114.97899932861328,-1.3521117295870866,0
2002-04-09,101901.68529432324,101901.68529432324,0,0,0,0,114.72399940490723,-1.6753729330171447,0
2002-04-10,101901.68529432324,101901.68529432324,0,0,0,0,114.53599967956544,-0.77139983367680409,0
2002-04-11,101901.68529432324,101901.68529432324,0,0,0,0,114.2634994506836,-2.226630491131115,1
2002-04-12,102216.72186978105,0,917.40013955834559,0.0030915737511885144,0,1,114.04049949645996,-1.5268164214939812,1
2002-04-15,101436.93315099797,0,917.40013955834559,-0.0076287783888872029,-0.0076287783888872029,1,113.73649940490722,-1.7940948356511668,1
2002-04-16,103849.69299832168,0,917.40013955834559,0.023785812251757577,0,1,113.56299934387206,-0.22219168849625284,1
2002-04-17,103629.5189246058,0,917.40013955834559,-0.0021201225286187064,-0.0021201225286187064,1,113.3384994506836,-0.27594456944460483,1
2002-04-18,103179.99481600034,0,917.40013955834559,-0.0043377998206525215,-0.0064487256821468275,1,113.19999961853027,-0.55675111433723179,0
2002-04-19,103796.76815182253,103796.76815182253,0,0.0059776445707531156,-0.00050962930145603824,0,113.07949943542481,-0.16336316322281147,0
2002-04-22,103796.76815182253,103796.76815182253,0,0,-0.00050962930145603824,0,112.87749938964843,-1.5461133837024763,0
2002-04-23,103796.76815182253,103796.76815182253,0,0,-0.00050962930145603824,0,112.72299919128417,-1.6887310765093084,0
2002-04-24,103796.76815182253,103796.76815182253,0,0,-0.00050962930145603824,0,112.47999954223633,-2.132821183882438,1
2002-04-25,103990.88489395018,0,949.94869584676019,0.0018701617168244145,0,1,112.22499961853028,-1.8401592880819309,1
2002-04-26,102014.98986718091,0,949.94869584676019,-0.019000655959263035,-0.019000655959263035,1,111.86849975585938,-2.577137231635926,1
2002-04-29,101511.51821798747,0,949.94869584676019,-0.0049352712758089501,-0.02384215384349464,1,111.48299980163574,-2.3839329320953211,1
2002-04-30,102461.46691383423,0,949.94869584676019,0.0093580385016684975,-0.014707231135456245,1,111.178999710083,-1.6548172456431582,1
2002-05-01,103715.39890245062,0,949.94869584676019,0.012238083509685582,-0.00264913594860261,1,110.98099975585937,-0.90151585780291421,0
2002-05-02,103586.58156674118,103586.58156674118,0,-0.0012420270960014079,-0.0038878727459747964,0,110.78549995422364,-1.0056373543345445,0
2002-05-03,103586.58156674118,103586.58156674118,0,0,-0.0038878727459747964,0,110.52999992370606,-1.4186786391763402,0
2002-05-06,103586.58156674118,103586.58156674118,0,0,-0.0038878727459747964,0,110.15699996948243,-2.0599559641511354,1
2002-05-07,102558.00112361142,0,975.81353580004486,-0.009929668761846755,-0.013778936219265847,1,109.80499992370605,-1.89954327623444,1
2002-05-08,106373.4356221255,0,975.81353580004486,0.037202699513569915,0,1,109.58499984741211,-0.24588518027335984,1
2002-05-09,105143.90848245483,0,975.81353580004486,-0.011558591978154786,-0.011558591978154786,1,109.44300003051758,-0.71759275314402426,1
2002-05-10,103163.00819595938,0,975.81353580004486,-0.018839895863544065,-0.030180725172501255,1,109.15800018310547,-1.405600005500385,1
2002-05-13,105261.00878690276,0,975.81353580004486,0.020336752753062459,-0.010457750365180041,1,109.02300033569335,-0.4727779912206177,0
2002-05-14,106914.19813331557,106914.19813331557,0,0.01570561944508464,0,0,108.87400054931641,0.59458207817389497,0
2002-05-15,106914.19813331557,106914.19813331557,0,0,0,0,108.71550064086914,0.51776421422853969,0
2002-05-16,106914.19813331557,106914.19813331557,0,0,0,0,108.61000061035156,0.90659965111260654,0
2002-05-17,106914.19813331557,106914.19813331557,0,0,0,0,108.51100082397461,1.3641905183963181,0
2002-05-20,106914.19813331557,106914.19813331557,0,0,0,0,108.44600067138671,0.74628307368931746,0
2002-05-21,106914.19813331557,106914.19813331557,0,0,0,0,108.35500068664551,0.21381966317992793,0
2002-05-22,106914.19813331557,106914.19813331557,0,0,0,0,108.33150062561035,0.37999736308531151,0
2002-05-23,106914.19813331557,106914.19813331557,0,0,0,0,108.36300048828124,1.0660561014588144,0
2002-05-24,106914.19813331557,106914.19813331557,0,0,0,0,108.42800064086914,0.16221775070737726,0
2002-05-28,106914.19813331557,106914.19813331557,0,0,0,0,108.49000053405761,-0.24729135220190177,0
2002-05-29,106914.19813331557,106914.19813331557,0,0,0,0,108.46200065612793,-0.72947477400777261,0
2002-05-30,106914.19813331557,106914.19813331557,0,0,0,0,108.35300064086914,-0.83802905001094741,0
2002-05-31,106914.19813331557,106914.19813331557,0,0,0,0,108.27600059509277,-0.64788972726080862,0
2002-06-03,106914.19813331557,106914.19813331557,0,0,0,0,108.11550064086914,-2.0404681107047993,1
2002-06-04,107352.25246862405,0,1026.0179230303588,0.0040972512814645423,0,1,108.07350044250488,-1.8085683364542764,1
2002-06-05,108357.75347746784,0,1026.0179230303588,0.0093663708559601488,0,1,108.0990005493164,-1.3331146770869611,1
2002-06-06,106151.81337737346,0,1026.0179230303588,-0.020357934982041526,-0.020357934982041526,1,107.82150039672851,-2.0690818719781348,1
2002-06-07,106028.68840856742,0,1026.0179230303588,-0.0011598951057795182,-0.021494217018671602,1,107.60100021362305,-1.833859641029147,1
2002-06-10,106439.09714335868,0,1026.0179230303588,0.0038707329209788366,-0.017706682471117507,1,107.50200004577637,-1.5413138053959186,0
2002-06-11,106784.82388535532,106784.82388535532,0,0.0032481179498449197,-0.014516077914439207,0,107.2064998626709,-1.9287842032956115,0
2002-06-12,106784.82388535532,106784.82388535532,0,0,-0.014516077914439207,0,106.82449989318847,-1.5130745020740275,0
2002-06-13,106784.82388535532,106784.82388535532,0,0,-0.014516077914439207,0,106.41249999999999,-1.653223187866856,0
2002-06-14,106784.82388535532,106784.82388535532,0,0,-0.014516077914439207,0,105.96450004577636,-1.5276903871285934,0
2002-06-17,106784.82388535532,106784.82388535532,0,0,-0.014516077914439207,0,105.62550010681153,-0.54028776861791772,0
2002-06-18,106784.82388535532,106784.82388535532,0,0,-0.014516077914439207,0,105.38900032043458,-0.15951129254091559,0
2002-06-19,106784.82388535532,106784.82388535532,0,0,-0.014516077914439207,0,105.08000030517579,-0.99139707276558575,0
2002-06-20,106784.82388535532,106784.82388535532,0,0,-0.014516077914439207,0,104.6935001373291,-1.3640002246544103,0
2002-06-21,106784.82388535532,106784.82388535532,0,0,-0.014516077914439207,0,104.15250015258789,-1.9515875305821129,0
2002-06-24,106784.82388535532,106784.82388535532,0,0,-0.014516077914439207,0,103.70800018310547,-1.6016346396692491,0
2002-06-25,106784.82388535532,106784.82388535532,0,0,-0.014516077914439207,0,103.18100013732911,-2.1877549219216101,1
2002-06-26,109555.68155977521,0,1121.1182991324458,0.025948047424741771,0,1,102.70200004577637,-1.881046286634749,1
2002-06-27,111472.79282487724,0,1121.1182991324458,0.017498967080552763,0,1,102.32350006103516,-1.1364037204370092,1
2002-06-28,110945.86585573238,0,1121.1182991324458,-0.0047269558408987722,-0.0047269558408987722,1,101.91049995422364,-1.2380696869713681,1
2002-07-01,108782.10719626861,0,1121.1182991324458,-0.019502832690290517,-0.024137599502289886,1,101.54349975585937,-1.7795078995102778,1
2002-07-02,106472.60623716099,0,1121.1182991324458,-0.021230522359166448,-0.044855668015526429,1,101.06049995422363,-2.1690813345869011,0
2002-07-03,106026.17643488382,106026.17643488382,0,-0.0041929076224805906,-0.048860499965673321,0,100.55550003051758,-1.7690315225116153,0
2002-07-05,106026.17643488382,106026.17643488382,0,0,-0.048860499965673321,0,100.34799995422364,-0.37292606992927985,0
2002-07-08,106026.17643488382,106026.17643488382,0,0,-0.048860499965673321,0,100.08450012207031,-0.73609496006623232,0
2002-07-09,106026.17643488382,106026.17643488382,0,0,-0.048860499965673321,0,99.677500152587896,-1.4731169449085695,0
2002-07-10,106026.17643488382,106026.17643488382,0,0,-0.048860499965673321,0,99.185500335693362,-2.2326621895831353,1
2002-07-11,107254.11267209073,0,1154.8843490912689,0.011581444115935424,-0.037844930999566984,1,98.700000381469721,-1.7422652426075464,1
2002-07-12,106076.12570181937,0,1154.8843490912689,-0.010983140328360563,-0.048412415140042131,1,98.215000152587891,-1.7720295103489636,1
2002-07-15,106642.01656577496,0,1154.8843490912689,0.0053347618063117608,-0.043335922036970786,1,97.761999893188474,-1.4534945651855644,1
2002-07-16,104586.32383416344,0,1154.8843490912689,-0.019276574072880526,-0.061777127998689063,1,97.083999633789062,-1.7418809685748635,1
2002-07-17,104794.20336944261,0,1154.8843490912689,0.0019876359322925641,-0.059912282505800607,1,96.372499465942383,-1.5979458909022202,0
2002-07-18,104694.63293468168,104694.63293468168,0,-0.00095015212253579673,-0.060805508845947598,0,95.636499786376959,-2.1197076344708479,1
2002-07-19,102168.80185635359,0,1206.1008494932346,-0.024125697827356074,-0.083464231340647732,1,94.811499786376956,-2.4214273082875568,1
2002-07-22,99141.48614761619,0,1206.1008494932346,-0.02963052961112056,-0.11062167157355984,1,93.957499694824222,-2.4188090547215602,1
2002-07-23,96427.759236256417,0,1206.1008494932346,-0.027372263789945395,-0.1349659697883091,1,92.96499938964844,-2.3471720694164735,1
2002-07-24,102180.86544135791,0,1206.1008494932346,0.059662344647103849,-0.083356011346345849,1,92.322999572753901,-1.3300200525008639,1
2002-07-25,101312.4713574317,0,1206.1008494932346,-0.0084985978556286756,-0.091146199982692799,1,91.636999511718756,-1.3056229169549312,0
2002-07-26,102044.39053059118,102044.39053059118,0,0.0072243738934889556,-0.084580300316849488,0,90.945499420166016,-0.93734514783613188,0
2002-07-29,102044.39053059118,102044.39053059118,0,0,-0.084580300316849488,0,90.485999298095706,-0.13257404167346279,0
2002-07-30,102044.39053059118,102044.39053059118,0,0,-0.084580300316849488,0,90.181499481201172,0.14612349958102172,0
2002-07-31,102044.39053059118,102044.39053059118,0,0,-0.084580300316849488,0,89.99099960327149,0.23010347187903515,0
2002-08-01,102044.39053059118,102044.39053059118,0,0,-0.084580300316849488,0,89.65449943542481,-0.17759521040692947,0
2002-08-02,102044.39053059118,102044.39053059118,0,0,-0.084580300316849488,0,89.028499603271484,-0.50557441466415387,0
2002-08-05,102044.39053059118,102044.39053059118,0,0,-0.084580300316849488,0,88.313499450683594,-1.1223529189965191,0
2002-08-06,102044.39053059118,102044.39053059118,0,0,-0.084580300316849488,0,87.862999343872076,-0.34419572457964692,0
2002-08-07,102044.39053059118,102044.39053059118,0,0,-0.084580300316849488,0,87.661999130249029,0.12273608514227551,0
2002-08-08,102044.39053059118,102044.39053059118,0,0,-0.084580300316849488,0,87.565998840332028,0.98054917494150973,0
2002-08-09,102044.39053059118,102044.39053059118,0,0,-0.084580300316849488,0,87.537998962402341,1.0975994558212396,0
2002-08-12,102044.39053059118,102044.39053059118,0,0,-0.084580300316849488,0,87.451999282836908,0.95519586346508378,0
2002-08-13,102044.39053059118,102044.39053059118,0,0,-0.084580300316849488,0,87.372499465942383,0.4900737507512723,0
2002-08-14,102044.39053059118,102044.39053059118,0,0,-0.084580300316849488,0,87.44649963378906,1.4245647197720654,0
2002-08-15,102044.39053059118,102044.39053059118,0,0,-0.084580300316849488,0,87.731499481201169,1.6015606308371269,0
2002-08-16,102044.39053059118,102044.39053059118,0,0,-0.084580300316849488,0,88.156999588012695,1.3608636409203625,0
2002-08-19,102044.39053059118,102044.39053059118,0,0,-0.084580300316849488,0,88.816999816894537,1.7435873919059317,0
2002-08-20,102044.39053059118,102044.39053059118,0,0,-0.084580300316849488,0,89.538999938964849,1.4395719212993989,0
2002-08-21,102044.39053059118,102044.39053059118,0,0,-0.084580300316849488,0,90.090499877929688,1.6462360315654871,0
2002-08-22,102044.39053059118,102044.39053059118,0,0,-0.084580300316849488,0,90.724499893188479,1.7386435641845179,0
2002-08-23,102044.39053059118,102044.39053059118,0,0,-0.084580300316849488,0,91.174499893188482,1.0343030377200502,0
2002-08-26,102044.39053059118,102044.39053059118,0,0,-0.084580300316849488,0,91.449000167846677,1.1175428174558502,0
2002-08-27,102044.39053059118,102044.39053059118,0,0,-0.084580300316849488,0,91.61000022888183,0.73742015926645654,0
2002-08-28,102044.39053059118,102044.39053059118,0,0,-0.084580300316849488,0,91.656999969482428,0.12810983561738826,0
2002-08-29,102044.39053059118,102044.39053059118,0,0,-0.084580300316849488,0,91.825000000000003,0.092779155297844695,0
2002-08-30,102044.39053059118,102044.39053059118,0,0,-0.084580300316849488,0,92.074499893188474,-0.092223850157118301,0
2002-09-03,102044.39053059118,102044.39053059118,0,0,-0.084580300316849488,0,92.299999999999997,-1.4759704666688085,0
2002-09-04,102044.39053059118,102044.39053059118,0,0,-0.084580300316849488,0,92.447500228881836,-1.1726942930095376,0
2002-09-05,102044.39053059118,102044.39053059118,0,0,-0.084580300316849488,0,92.481500244140619,-1.5273277164654826,0
2002-09-06,102044.39053059118,102044.39053059118,0,0,-0.084580300316849488,0,92.434000396728521,-0.9885994657127376,0
2002-09-09,102044.39053059118,102044.39053059118,0,0,-0.084580300316849488,0,92.402500534057623,-0.70248782600737336,0
2002-09-10,102044.39053059118,102044.39053059118,0,0,-0.084580300316849488,0,92.456500244140628,-0.30844035818607257,0
2002-09-11,102044.39053059118,102044.39053059118,0,0,-0.084580300316849488,0,92.56450004577637,-0.61255805120163276,0
2002-09-12,102044.39053059118,102044.39053059118,0,0,-0.084580300316849488,0,92.425999832153323,-1.2206550601970421,0
2002-09-13,102044.39053059118,102044.39053059118,0,0,-0.084580300316849488,0,92.234499740600583,-1.0274905307979405,0
2002-09-16,102044.39053059118,102044.39053059118,0,0,-0.084580300316849488,0,92.067999649047849,-0.85905243616761495,0
2002-09-17,102044.39053059118,102044.39053059118,0,0,-0.084580300316849488,0,91.689499664306638,-1.4991685836842872,0
2002-09-18,102044.39053059118,102044.39053059118,0,0,-0.084580300316849488,0,91.317499542236334,-1.6222968051289057,0
2002-09-19,102044.39053059118,102044.39053059118,0,0,-0.084580300316849488,0,90.764999389648438,-2.1245103404924013,1
2002-09-20,101307.80136477196,0,1201.0409389142264,-0.0072183209874568943,-0.09118809354740387,1,90.1484992980957,-2.0401671734135727,1
2002-09-23,100479.08934790747,0,1201.0409389142264,-0.008180140183682405,-0.098622302342785795,1,89.601499557495117,-1.9923826598060781,1
2002-09-24,98857.676749801118,0,1201.0409389142264,-0.016136816213493277,-0.11316766858882199,1,88.953999328613278,-2.1520829232638548,1
2002-09-25,101307.80136477196,0,1201.0409389142264,0.024784363698652001,-0.09118809354740387,1,88.463499069213867,-1.371533218751015,1
2002-09-26,102965.24372493131,0,1201.0409389142264,0.016360461265875426,-0.076319511553919805,1,88.144999313354489,-0.82321277612873955,0
2002-09-27,102036.43556780541,102036.43556780541,0,-0.0090205988304866702,-0.084651662687739937,0,87.675499343872076,-1.6379237388761005,0
2002-09-30,102036.43556780541,102036.43556780541,0,0,-0.084651662687739937,0,87.175999450683591,-1.7308463904276574,0
2002-10-01,102036.43556780541,102036.43556780541,0,0,-0.084651662687739937,0,87.047999572753909,-0.42613558906158017,0
2002-10-02,102036.43556780541,102036.43556780541,0,0,-0.084651662687739937,0,86.728499603271487,-1.1283008187300825,0
2002-10-03,102036.43556780541,102036.43556780541,0,0,-0.084651662687739937,0,86.404999542236325,-1.2507101225946262,0
2002-10-04,102036.43556780541,102036.43556780541,0,0,-0.084651662687739937,0,85.944999694824219,-1.5216156854625891,0
2002-10-07,102036.43556780541,102036.43556780541,0,0,-0.084651662687739937,0,85.368499374389643,-1.7779862725576374,0
2002-10-08,102036.43556780541,102036.43556780541,0,0,-0.084651662687739937,0,84.801999664306635,-1.3222343534467209,0
2002-10-09,102036.43556780541,102036.43556780541,0,0,-0.084651662687739937,0,84.150499725341803,-1.8197969344897151,0
2002-10-10,102036.43556780541,102036.43556780541,0,0,-0.084651662687739937,0,83.709499740600592,-0.97017230131275389,0
2002-10-11,102036.43556780541,102036.43556780541,0,0,-0.084651662687739937,0,83.434000015258789,0.25301830940768177,0
2002-10-14,102036.43556780541,102036.43556780541,0,0,-0.084651662687739937,0,83.170999908447271,0.58824557995677673,0
2002-10-15,102036.43556780541,102036.43556780541,0,0,-0.084651662687739937,0,83.214499664306643,2.1363708659196678,0
2002-10-16,102036.43556780541,102036.43556780541,0,0,-0.084651662687739937,0,83.194499969482422,1.3211137658157104,0
2002-10-17,102036.43556780541,102036.43556780541,0,0,-0.084651662687739937,0,83.37299995422363,1.7770335599444713,0
2002-10-18,102036.43556780541,102036.43556780541,0,0,-0.084651662687739937,0,83.587500000000006,1.6948123851932806,0
2002-10-21,102036.43556780541,102036.43556780541,0,0,-0.084651662687739937,0,83.912999725341791,1.8910707682396826,0
2002-10-22,102036.43556780541,102036.43556780541,0,0,-0.084651662687739937,0,84.273499679565433,1.4983253761121629,0
2002-10-23,102036.43556780541,102036.43556780541,0,0,-0.084651662687739937,0,84.565999603271479,1.5094551223201453,0
2002-10-24,102036.43556780541,102036.43556780541,0,0,-0.084651662687739937,0,84.697499465942386,0.95963760960093625,0
2002-10-25,102036.43556780541,102036.43556780541,0,0,-0.084651662687739937,0,85.069999313354487,1.2925761893962757,0
2002-10-28,102036.43556780541,102036.43556780541,0,0,-0.084651662687739937,0,85.4609992980957,1.0343040400096497,0
2002-10-29,102036.43556780541,102036.43556780541,0,0,-0.084651662687739937,0,85.603499221801755,0.72917770146358374,0
2002-10-30,102036.43556780541,102036.43556780541,0,0,-0.084651662687739937,0,85.917499160766596,0.8548421763858618,0
2002-10-31,102036.43556780541,102036.43556780541,0,0,-0.084651662687739937,0,86.22799911499024,0.56467906085468245,0
2002-11-01,102036.43556780541,102036.43556780541,0,0,-0.084651662687739937,0,86.701498794555661,0.90364860805009528,0
2002-11-04,102036.43556780541,102036.43556780541,0,0,-0.084651662687739937,0,87.30149879455567,1.0478735321983632,0
2002-11-05,102036.43556780541,102036.43556780541,0,0,-0.084651662687739937,0,87.875498580932614,1.1643768958872853,0
2002-11-06,102036.43556780541,102036.43556780541,0,0,-0.084651662687739937,0,88.622498703002933,1.5972591303033106,0
2002-11-07,102036.43556780541,102036.43556780541,0,0,-0.084651662687739937,0,89.128998947143558,0.77518719297671146,0
2002-11-08,102036.43556780541,102036.43556780541,0,0,-0.084651662687739937,0,89.403498840332034,0.13931947240133274,0
2002-11-11,102036.43556780541,102036.43556780541,0,0,-0.084651662687739937,0,89.584999084472656,-0.93142025161976105,0
2002-11-12,102036.43556780541,102036.43556780541,0,0,-0.084651662687739937,0,89.597999191284174,-0.45069894730147148,0
2002-11-13,102036.43556780541,102036.43556780541,0,0,-0.084651662687739937,0,89.722999191284174,-0.54253760254858363,0
2002-11-14,102036.43556780541,102036.43556780541,0,0,-0.084651662687739937,0,89.845999526977536,0.72942334011193921,0
2002-11-15,102036.43556780541,102036.43556780541,0,0,-0.084651662687739937,0,89.983999633789068,1.1570349841055787,0
2002-11-18,102036.43556780541,102036.43556780541,0,0,-0.084651662687739937,0,89.999499893188471,0.39127896420161956,0
2002-11-19,102036.43556780541,102036.43556780541,0,0,-0.084651662687739937,0,90.041500091552734,0.25994172519509023,0
2002-11-20,102036.43556780541,102036.43556780541,0,0,-0.084651662687739937,0,90.150000381469724,1.6736890132656177,0
2002-11-21,102036.43556780541,102036.43556780541,0,0,-0.084651662687739937,0,90.436500167846674,2.4125805457286571,0
2002-11-22,102036.43556780541,102036.43556780541,0,0,-0.084651662687739937,0,90.597500228881842,1.714669639800809,0
2002-11-25,102036.43556780541,102036.43556780541,0,0,-0.084651662687739937,0,90.791000366210938,1.5425411787709375,0
2002-11-26,102036.43556780541,102036.43556780541,0,0,-0.084651662687739937,0,90.947500228881836,0.44897958688203121,0
2002-11-27,102036.43556780541,102036.43556780541,0,0,-0.084651662687739937,0,91.190000152587885,1.7299698654279998,0
2002-11-29,102036.43556780541,102036.43556780541,0,0,-0.084651662687739937,0,91.463000488281253,1.4184881109257266,0
2002-12-02,102036.43556780541,102036.43556780541,0,0,-0.084651662687739937,0,91.656000518798834,1.3425384317806612,0
2002-12-03,102036.43556780541,102036.43556780541,0,0,-0.084651662687739937,0,91.743000793457028,0.60692389313654294,0
2002-12-04,102036.43556780541,102036.43556780541,0,0,-0.084651662687739937,0,91.773000717163086,0.36334540407879079,0
2002-12-05,102036.43556780541,102036.43556780541,0,0,-0.084651662687739937,0,91.692500686645502,-0.1425545415703692,0
2002-12-06,102036.43556780541,102036.43556780541,0,0,-0.084651662687739937,0,91.756000518798828,0.14972468775820622,0
2002-12-09,102036.43556780541,102036.43556780541,0,0,-0.084651662687739937,0,91.748500442504877,-1.2227318353396333,0
2002-12-10,102036.43556780541,102036.43556780541,0,0,-0.084651662687739937,0,91.870500183105463,-0.69786482881855316,0
2002-12-11,102036.43556780541,102036.43556780541,0,0,-0.084651662687739937,0,91.96150016784668,-0.75624846634296095,0
2002-12-12,102036.43556780541,102036.43556780541,0,0,-0.084651662687739937,0,92.047499847412112,-0.88566389123686728,0
2002-12-13,102036.43556780541,102036.43556780541,0,0,-0.084651662687739937,0,91.977999496459958,-1.7188344758937641,0
2002-12-16,102036.43556780541,102036.43556780541,0,0,-0.084651662687739937,0,91.990499496459961,-0.22239974401846427,0
2002-12-17,102036.43556780541,102036.43556780541,0,0,-0.084651662687739937,0,92.008999252319342,-0.76511610794902651,0
2002-12-18,102036.43556780541,102036.43556780541,0,0,-0.084651662687739937,0,91.980999374389654,-1.4072789544609656,0
2002-12-19,102036.43556780541,102036.43556780541,0,0,-0.084651662687739937,0,91.820499420166016,-1.5995639334408815,0
2002-12-20,102036.43556780541,102036.43556780541,0,0,-0.084651662687739937,0,91.615499496459961,-1.001485030198292,0
2002-12-23,102036.43556780541,102036.43556780541,0,0,-0.084651662687739937,0,91.445499420166016,-0.88920489090775601,0
2002-12-24,102036.43556780541,102036.43556780541,0,0,-0.084651662687739937,0,91.238999176025388,-1.1852762248875128,0
2002-12-26,102036.43556780541,102036.43556780541,0,0,-0.084651662687739937,0,91.123499298095709,-1.0575384832589119,0
2002-12-27,102036.43556780541,102036.43556780541,0,0,-0.084651662687739937,0,90.778499221801752,-2.0418092516713111,1
2002-12-30,102356.18261492428,1.4551915228366852e-11,1161.6863228451618,0.0031336555940979505,-0.081783276249973058,0.99999999999999989,90.484999084472662,-1.493788097655655,1
2002-12-31,102495.58816433248,1.4551915228366852e-11,1161.6863228451618,0.0013619651089633589,-0.080532697109758966,0.99999999999999989,90.189999389648435,-1.3753902164177223,1
2003-01-02,105794.77306699037,1.4551915228366852e-11,1161.6863228451618,0.032188555251454032,-0.050936373028771076,0.99999999999999989,90.099999237060544,0.74346264622761882,0
2003-01-03,105555.10341014403,105555.10341014403,0,-0.0022654205864648391,-0.053086401307176789,0,90.044999313354495,1.0650892692621829,0
2003-01-06,105555.10341014403,105555.10341014403,0,0,-0.053086401307176789,0,90.121499252319339,2.1015366355465566,0
2003-01-07,105555.10341014403,105555.10341014403,0,0,-0.053086401307176789,0,90.156499481201166,1.8283542699268396,0
2003-01-08,105555.10341014403,105555.10341014403,0,0,-0.053086401307176789,0,90.250999450683594,0.80005223392468294,0
2003-01-09,105555.10341014403,105555.10341014403,0,0,-0.053086401307176789,0,90.356499481201169,1.6063019460153254,0
2003-01-10,105555.10341014403,105555.10341014403,0,0,-0.053086401307176789,0,90.470499420166021,1.5828233957432682,0
2003-01-13,105555.10341014403,105555.10341014403,0,0,-0.053086401307176789,0,90.583499526977533,1.4156066714691424,0
2003-01-14,105555.10341014403,105555.10341014403,0,0,-0.053086401307176789,0,90.782999801635739,1.413509803033359,0
2003-01-15,105555.10341014403,105555.10341014403,0,0,-0.053086401307176789,0,90.820499801635748,0.86444812481858702,0
2003-01-16,105555.10341014403,105555.10341014403,0,0,-0.053086401307176789,0,90.878999710083008,0.61815118660341561,0
2003-01-17,105555.10341014403,105555.10341014403,0,0,-0.053086401307176789,0,90.921999740600583,-0.14315666849042047,0
2003-01-21,105555.10341014403,105555.10341014403,0,0,-0.053086401307176789,0,90.92649955749512,-0.91817544787884375,0
2003-01-22,105555.10341014403,105555.10341014403,0,0,-0.053086401307176789,0,90.835499572753903,-1.3929554895416274,0
2003-01-23,105555.10341014403,105555.10341014403,0,0,-0.053086401307176789,0,90.769999694824222,-1.0498666906549488,0
2003-01-24,105555.10341014403,105555.10341014403,0,0,-0.053086401307176789,0,90.621499633789057,-1.9583801958763289,0
2003-01-27,105555.10341014403,105555.10341014403,0,0,-0.053086401307176789,0,90.411999511718747,-2.1206111708845752,1
2003-01-28,105747.77050991201,0,1232.0606810432428,0.0018252750794942596,-0.051358023513048523,1,90.334499740600592,-1.7500917177696307,1
2003-01-29,106548.61183256553,0,1232.0606810432428,0.0075731272516847969,-0.044173837108823055,1,90.252999877929682,-1.4146290913533655,1
2003-01-30,104022.88367647606,0,1232.0606810432428,-0.023704937236146084,-0.066831636308824827,1,90.062999725341797,-1.9243968302428658,1
2003-01-31,106031.13920262082,0,1232.0606810432428,0.019305901309087714,-0.048815979974640156,1,89.812499618530268,-1.2334178166449188,1
2003-02-03,106240.59666230471,0,1232.0606810432428,0.0019754334552950503,-0.046936979239340149,1,89.556499862670904,-1.067306880584481,0
2003-02-04,105053.54014499247,105053.54014499247,0,-0.011173285491660079,-0.057585824461843016,0,89.177499771118164,-1.2091707029355654,0
2003-02-05,105053.54014499247,105053.54014499247,0,0,-0.057585824461843016,0,88.783499526977536,-1.2430507537455657,0
2003-02-06,105053.54014499247,105053.54014499247,0,0,-0.057585824461843016,0,88.436499404907224,-1.230716003563626,0
2003-02-07,105053.54014499247,105053.54014499247,0,0,-0.057585824461843016,0,87.96699943542481,-1.3983359064924068,0
2003-02-10,105053.54014499247,105053.54014499247,0,0,-0.057585824461843016,0,87.514499664306641,-1.116347704408817,0
2003-02-11,105053.54014499247,105053.54014499247,0,0,-0.057585824461843016,0,87.03449974060058,-1.2056849265337177,0
2003-02-12,105053.54014499247,105053.54014499247,0,0,-0.057585824461843016,0,86.472999572753906,-1.5599821182893996,0
2003-02-13,105053.54014499247,105053.54014499247,0,0,-0.057585824461843016,0,85.970499420166021,-1.3988127841965665,0
2003-02-14,105053.54014499247,105053.54014499247,0,0,-0.057585824461843016,0,85.576999664306641,-0.64596020792958164,0
2003-02-18,105053.54014499247,105053.54014499247,0,0,-0.057585824461843016,0,85.325499343872067,0.16217783352701137,0
2003-02-19,105053.54014499247,105053.54014499247,0,0,-0.057585824461843016,0,85.121999359130854,0.035202058226454148,0
2003-02-20,105053.54014499247,105053.54014499247,0,0,-0.057585824461843016,0,84.929999542236331,-0.40046502200397827,0
2003-02-21,105053.54014499247,105053.54014499247,0,0,-0.057585824461843016,0,84.753499603271479,0.34796813279063338,0
2003-02-24,105053.54014499247,105053.54014499247,0,0,-0.057585824461843016,0,84.624499893188471,-0.6971119972119888,0
2003-02-25,105053.54014499247,105053.54014499247,0,0,-0.057585824461843016,0,84.588000106811521,-0.10036891287699931,0
2003-02-26,105053.54014499247,105053.54014499247,0,0,-0.057585824461843016,0,84.458499908447266,-1.0375910419364969,0
2003-02-27,105053.54014499247,105053.54014499247,0,0,-0.057585824461843016,0,84.351499557495117,-0.01066190700171701,0
2003-02-28,105053.54014499247,105053.54014499247,0,0,-0.057585824461843016,0,84.374999618530268,0.48366726079610922,0
2003-03-03,105053.54014499247,105053.54014499247,0,0,-0.057585824461843016,0,84.276499557495114,-0.18371148044264354,0
2003-03-04,105053.54014499247,105053.54014499247,0,0,-0.057585824461843016,0,84.102499389648443,-1.405465413601191,0
2003-03-05,105053.54014499247,105053.54014499247,0,0,-0.057585824461843016,0,84.005999374389646,-0.60080311246710272,0
2003-03-06,105053.54014499247,105053.54014499247,0,0,-0.057585824461843016,0,83.900999450683599,-1.2209768977131226,0
2003-03-07,105053.54014499247,105053.54014499247,0,0,-0.057585824461843016,0,83.844499588012695,-0.55682177553621981,0
2003-03-10,105053.54014499247,105053.54014499247,0,0,-0.057585824461843016,0,83.739499664306635,-2.2217872083010155,1
2003-03-11,103762.91764918974,0,1288.6602331735787,-0.012285378427242422,-0.069163739243526812,1,83.564999389648435,-2.3562612209833969,1
2003-03-12,104458.79535490714,0,1288.6602331735787,0.0067064199955333414,-0.062921160331822157,1,83.446499252319342,-1.7008109461093188,1
2003-03-13,108067.0479404721,0,1288.6602331735787,0.034542353023559569,-0.030552252241096478,1,83.534499359130862,0.23745957622193914,0
2003-03-14,108449.93510668613,108449.93510668613,0,0.0035430519618240286,-0.027117448496513319,0,83.623499298095709,0.37558015251450361,0
2003-03-17,108449.93510668613,108449.93510668613,0,0,-0.027117448496513319,0,83.754999160766602,2.0008658530887202,0
2003-03-18,108449.93510668613,108449.93510668613,0,0,-0.027117448496513319,0,83.83799934387207,2.0900817773634981,0
2003-03-19,108449.93510668613,108449.93510668613,0,0,-0.027117448496513319,0,83.976999282836914,2.1388049674872081,0
2003-03-20,108449.93510668613,108449.93510668613,0,0,-0.027117448496513319,0,84.167999267578125,1.9211905377499143,0
2003-03-21,108449.93510668613,108449.93510668613,0,0,-0.027117448496513319,0,84.392499160766604,2.2089571274100828,0
2003-03-24,108449.93510668613,108449.93510668613,0,0,-0.027117448496513319,0,84.536999130249029,0.88387436517557283,0
2003-03-25,108449.93510668613,108449.93510668613,0,0,-0.027117448496513319,0,84.689498901367188,1.1228158853634438,0
2003-03-26,108449.93510668613,108449.93510668613,0,0,-0.027117448496513319,0,84.881499099731442,0.86240958710000137,0
2003-03-27,108449.93510668613,108449.93510668613,0,0,-0.027117448496513319,0,85.021999359130859,0.82079638534014487,0
2003-03-28,108449.93510668613,108449.93510668613,0,0,-0.027117448496513319,0,85.112499237060547,0.61014435546142087,0
2003-03-31,108449.93510668613,108449.93510668613,0,0,-0.027117448496513319,0,85.144999313354489,-0.15521116101067581,0
2003-04-01,108449.93510668613,108449.93510668613,0,0,-0.027117448496513319,0,85.309499359130854,0.28575932319847974,0
2003-04-02,108449.93510668613,108449.93510668613,0,0,-0.027117448496513319,0,85.542999649047857,0.99539934451001966,0
2003-04-03,108449.93510668613,108449.93510668613,0,0,-0.027117448496513319,0,85.790499496459958,0.74990113403166525,0
2003-04-04,108449.93510668613,108449.93510668613,0,0,-0.027117448496513319,0,86.035499572753906,0.86257477732210686,0
2003-04-07,108449.93510668613,108449.93510668613,0,0,-0.027117448496513319,0,86.371999740600586,0.72265857899748609,0
2003-04-08,108449.93510668613,108449.93510668613,0,0,-0.027117448496513319,0,86.755500030517581,0.74601360737743527,0
2003-04-09,108449.93510668613,108449.93510668613,0,0,-0.027117448496513319,0,87.054000091552737,-0.017013073369717739,0
2003-04-10,108449.93510668613,108449.93510668613,0,0,-0.027117448496513319,0,87.236500167846685,0.22656575976320376,0
2003-04-11,108449.93510668613,108449.93510668613,0,0,-0.027117448496513319,0,87.387500381469721,-0.24337434144435671,0
2003-04-14,108449.93510668613,108449.93510668613,0,0,-0.027117448496513319,0,87.496000289916992,1.4229289772244982,0
2003-04-15,108449.93510668613,108449.93510668613,0,0,-0.027117448496513319,0,87.620500183105463,1.903285193090652,0
2003-04-16,108449.93510668613,108449.93510668613,0,0,-0.027117448496513319,0,87.635000228881836,0.53914281179605428,0
2003-04-17,108449.93510668613,108449.93510668613,0,0,-0.027117448496513319,0,87.705500030517584,1.5304782554821399,0
2003-04-21,108449.93510668613,108449.93510668613,0,0,-0.027117448496513319,0,87.704500198364258,1.6077235866772894,0
2003-04-22,108449.93510668613,108449.93510668613,0,0,-0.027117448496513319,0,87.936999893188471,2.394541637195998,0
2003-04-23,108449.93510668613,108449.93510668613,0,0,-0.027117448496513319,0,88.170000076293945,2.3724785748596884,0
2003-04-24,108449.93510668613,108449.93510668613,0,0,-0.027117448496513319,0,88.384000015258792,1.648144818305801,0
2003-04-25,108449.93510668613,108449.93510668613,0,0,-0.027117448496513319,0,88.538000106811523,0.92707763360049777,0
2003-04-28,108449.93510668613,108449.93510668613,0,0,-0.027117448496513319,0,88.792000198364263,1.5739443128768509,0
2003-04-29,108449.93510668613,108449.93510668613,0,0,-0.027117448496513319,0,89.160500335693357,1.6432142199295146,0
2003-04-30,108449.93510668613,108449.93510668613,0,0,-0.027117448496513319,0,89.454000473022461,1.4116723521985477,0
2003-05-01,108449.93510668613,108449.93510668613,0,0,-0.027117448496513319,0,89.643000411987302,1.2614474373001909,0
2003-05-02,108449.93510668613,108449.93510668613,0,0,-0.027117448496513319,0,89.918500518798822,1.741362507352332,0
2003-05-05,108449.93510668613,108449.93510668613,0,0,-0.027117448496513319,0,90.159000396728516,1.4622872702479042,0
2003-05-06,108449.93510668613,108449.93510668613,0,0,-0.027117448496513319,0,90.452000427246091,1.6773687253752372,0
2003-05-07,108449.93510668613,108449.93510668613,0,0,-0.027117448496513319,0,90.712000274658209,1.2827927682718863,0
2003-05-08,108449.93510668613,108449.93510668613,0,0,-0.027117448496513319,0,90.983000183105474,0.75675305510175139,0
2003-05-09,108449.93510668613,108449.93510668613,0,0,-0.027117448496513319,0,91.294000244140619,1.3142771112430534,0
2003-05-12,108449.93510668613,108449.93510668613,0,0,-0.027117448496513319,0,91.680500030517578,1.8259347910437944,0
2003-05-13,108449.93510668613,108449.93510668613,0,0,-0.027117448496513319,0,91.968500137329102,1.5637515684397738,0
2003-05-14,108449.93510668613,108449.93510668613,0,0,-0.027117448496513319,0,92.205000305175787,1.3089198088180141,0
2003-05-15,108449.93510668613,108449.93510668613,0,0,-0.027117448496513319,0,92.548000335693359,1.581811400957861,0
2003-05-16,108449.93510668613,108449.93510668613,0,0,-0.027117448496513319,0,92.813500595092776,1.334156130708632,0
2003-05-19,108449.93510668613,108449.93510668613,0,0,-0.027117448496513319,0,92.963500595092768,-0.230212851215398,0
2003-05-20,108449.93510668613,108449.93510668613,0,0,-0.027117448496513319,0,93.019500732421875,-0.42511175578278532,0
2003-05-21,108449.93510668613,108449.93510668613,0,0,-0.027117448496513319,0,93.043000793457026,-0.30113073124988127,0
2003-05-22,108449.93510668613,108449.93510668613,0,0,-0.027117448496513319,0,93.153500747680667,0.33311583319017357,0
2003-05-23,108449.93510668613,108449.93510668613,0,0,-0.027117448496513319,0,93.330000686645505,0.40573760321178354,0
2003-05-27,108449.93510668613,108449.93510668613,0,0,-0.027117448496513319,0,93.510500717163083,1.7348273192498185,0
2003-05-28,108449.93510668613,108449.93510668613,0,0,-0.027117448496513319,0,93.688500595092776,1.7448261915922891,0
2003-05-29,108449.93510668613,108449.93510668613,0,0,-0.027117448496513319,0,93.86400032043457,1.3913740929767768,0
2003-05-30,108449.93510668613,108449.93510668613,0,0,-0.027117448496513319,0,94.116500091552737,2.3368842752201591,0
2003-06-02,108449.93510668613,108449.93510668613,0,0,-0.027117448496513319,0,94.323500061035162,2.1904586989306205,0
2003-06-03,108449.93510668613,108449.93510668613,0,0,-0.027117448496513319,0,94.559500122070318,2.078286326364303,0
2003-06-04,108449.93510668613,108449.93510668613,0,0,-0.027117448496513319,0,94.822000122070307,2.3790172684572659,0
2003-06-05,108449.93510668613,108449.93510668613,0,0,-0.027117448496513319,0,95.135000228881836,2.1798820572247766,0
2003-06-06,108449.93510668613,108449.93510668613,0,0,-0.027117448496513319,0,95.475500488281256,1.7523272797174307,0
2003-06-09,108449.93510668613,108449.93510668613,0,0,-0.027117448496513319,0,95.701500320434576,1.1577174429672332,0
2003-06-10,108449.93510668613,108449.93510668613,0,0,-0.027117448496513319,0,95.920000457763678,1.4338149857058873,0
2003-06-11,108449.93510668613,108449.93510668613,0,0,-0.027117448496513319,0,96.199500656127924,1.6465642492860892,0
2003-06-12,108449.93510668613,108449.93510668613,0,0,-0.027117448496513319,0,96.504500579833987,1.5585762695760514,0
2003-06-13,108449.93510668613,108449.93510668613,0,0,-0.027117448496513319,0,96.727000427246097,1.0515157044521446,0
2003-06-16,108449.93510668613,108449.93510668613,0,0,-0.027117448496513319,0,97.066500473022458,1.6053179472179959,0
2003-06-17,108449.93510668613,108449.93510668613,0,0,-0.027117448496513319,0,97.51700057983399,1.4588974640369587,0
2003-06-18,108449.93510668613,108449.93510668613,0,0,-0.027117448496513319,0,97.97250061035156,1.3224882217468195,0
2003-06-19,108449.93510668613,108449.93510668613,0,0,-0.027117448496513319,0,98.341000366210935,0.68220705465292164,0
2003-06-20,108449.93510668613,108449.93510668613,0,0,-0.027117448496513319,0,98.634500503540039,0.36413929002730394,0
2003-06-23,108449.93510668613,108449.93510668613,0,0,-0.027117448496513319,0,98.867500305175781,-0.23412966432523569,0
2003-06-24,108449.93510668613,108449.93510668613,0,0,-0.027117448496513319,0,99.023500061035151,-0.28907597647072097,0
2003-06-25,108449.93510668613,108449.93510668613,0,0,-0.027117448496513319,0,99.116500091552737,-0.98879837381559377,0
2003-06-26,108449.93510668613,108449.93510668613,0,0,-0.027117448496513319,0,99.285500335693357,-0.35526091231132262,0
2003-06-27,108449.93510668613,108449.93510668613,0,0,-0.027117448496513319,0,99.321000671386713,-1.2644046515936536,0
2003-06-30,108449.93510668613,108449.93510668613,0,0,-0.027117448496513319,0,99.335000610351557,-1.31770065482124,0
2003-07-01,108449.93510668613,108449.93510668613,0,0,-0.027117448496513319,0,99.374000549316406,-0.67155672166925362,0
2003-07-02,108449.93510668613,108449.93510668613,0,0,-0.027117448496513319,0,99.404500198364261,0.29039436520449163,0
2003-07-03,108449.93510668613,108449.93510668613,0,0,-0.027117448496513319,0,99.359000015258786,-0.48919280348981897,0
2003-07-07,108449.93510668613,108449.93510668613,0,0,-0.027117448496513319,0,99.430999755859375,0.97749425966698622,0
2003-07-08,108449.93510668613,108449.93510668613,0,0,-0.027117448496513319,0,99.575999832153315,1.1924439620821752,0
2003-07-09,108449.93510668613,108449.93510668613,0,0,-0.027117448496513319,0,99.642499923706055,0.70209380459195725,0
2003-07-10,108449.93510668613,108449.93510668613,0,0,-0.027117448496513319,0,99.592499923706058,-0.22018022318203179,0
2003-07-11,108449.93510668613,108449.93510668613,0,0,-0.027117448496513319,0,99.573999786376959,0.50582064138603344,0
2003-07-14,108449.93510668613,108449.93510668613,0,0,-0.027117448496513319,0,99.632500076293951,0.81871298293527683,0
2003-07-15,108449.93510668613,108449.93510668613,0,0,-0.027117448496513319,0,99.575000000000003,0.73310243379236328,0
2003-07-16,108449.93510668613,108449.93510668613,0,0,-0.027117448496513319,0,99.487999725341794,0.36410841388758186,0
2003-07-17,108449.93510668613,108449.93510668613,0,0,-0.027117448496513319,0,99.334499740600592,-0.7567044709460683,0
2003-07-18,108449.93510668613,108449.93510668613,0,0,-0.027117448496513319,0,99.309000015258789,0.18398180484017104,0
2003-07-21,108449.93510668613,108449.93510668613,0,0,-0.027117448496513319,0,99.250999832153326,-0.87117709115293229,0
2003-07-22,108449.93510668613,108449.93510668613,0,0,-0.027117448496513319,0,99.28849983215332,-0.10787627074293803,0
2003-07-23,108449.93510668613,108449.93510668613,0,0,-0.027117448496513319,0,99.324499893188474,-0.077923089752575725,0
2003-07-24,108449.93510668613,108449.93510668613,0,0,-0.027117448496513319,0,99.372499847412115,-0.8622652150156267,0
2003-07-25,108449.93510668613,108449.93510668613,0,0,-0.027117448496513319,0,99.443999862670893,0.7624438504719836,0
2003-07-28,108449.93510668613,108449.93510668613,0,0,-0.027117448496513319,0,99.553999710083005,0.32252175415341872,0
2003-07-29,108449.93510668613,108449.93510668613,0,0,-0.027117448496513319,0,99.642499923706055,-0.28810931636671261,0
2003-07-30,108449.93510668613,108449.93510668613,0,0,-0.027117448496513319,0,99.674000167846685,-0.63402987815484158,0
2003-07-31,108449.93510668613,108449.93510668613,0,0,-0.027117448496513319,0,99.655000305175776,-0.32609080139816932,0
2003-08-01,108449.93510668613,108449.93510668613,0,0,-0.027117448496513319,0,99.643500518798831,-1.37057022134155,0
2003-08-04,108449.93510668613,108449.93510668613,0,0,-0.027117448496513319,0,99.534000778198248,-1.2414020711464582,0
2003-08-05,108449.93510668613,108449.93510668613,0,0,-0.027117448496513319,0,99.297500610351562,-2.9085566791657422,1
2003-08-06,108719.84449537846,0,1121.054245535923,0.0024887925329490912,-0.024696145666894931,1,99.117500686645513,-2.0084262600526306,1
2003-08-07,109863.31606252045,0,1121.054245535923,0.010517597522783362,-0.014438292264600028,1,99.052500534057614,-0.96514626380810198,1
2003-08-08,110177.20988279609,0,1121.054245535923,0.0028571304009885612,-0.011622413947379062,1,98.95450057983399,-0.63202383093777648,1
2003-08-11,110592.00303271183,0,1121.054245535923,0.00376478175801509,-0.0079013880413771886,1,98.850500488281256,-0.20303908893279904,1
2003-08-12,111600.95356428718,0,1121.054245535923,0.0091231780228893111,0,1,98.802500534057614,0.80624051220606741,0
2003-08-13,111846.6826300536,111846.6826300536,0,0.0022018545354531849,0,0,98.758500671386713,0.31511237046633217,0
2003-08-14,111846.6826300536,111846.6826300536,0,0,0,0,98.799000549316403,0.56838185297220056,0
2003-08-15,111846.6826300536,111846.6826300536,0,0,0,0,98.804500579833984,0.90240814093459931,0
2003-08-18,111846.6826300536,111846.6826300536,0,0,0,0,98.914500808715815,1.6223252397063603,0
2003-08-19,111846.6826300536,111846.6826300536,0,0,0,0,98.999000930786138,1.766366719979209,0
2003-08-20,111846.6826300536,111846.6826300536,0,0,0,0,99.059500885009768,1.2647536607625907,0
2003-08-21,111846.6826300536,111846.6826300536,0,0,0,0,99.173500823974607,1.3865271283773475,0
2003-08-22,111846.6826300536,111846.6826300536,0,0,0,0,99.150500488281253,0.54601741946815496,0
2003-08-25,111846.6826300536,111846.6826300536,0,0,0,0,99.154000473022464,0.68258103525383573,0
2003-08-26,111846.6826300536,111846.6826300536,0,0,0,0,99.189500427246088,0.79701797594084156,0
2003-08-27,111846.6826300536,111846.6826300536,0,0,0,0,99.238500213623041,0.76835644207836873,0
2003-08-28,111846.6826300536,111846.6826300536,0,0,0,0,99.307000350952151,1.1917458122015119,0
2003-08-29,111846.6826300536,111846.6826300536,0,0,0,0,99.453500366210932,1.5414705403094877,0
2003-09-02,111846.6826300536,111846.6826300536,0,0,0,0,99.668000411987308,2.1459136054474386,0
2003-09-03,111846.6826300536,111846.6826300536,0,0,0,0,100.01500053405762,2.2739558400927491,0
2003-09-04,111846.6826300536,111846.6826300536,0,0,0,0,100.33650054931641,2.0834388983464254,0
2003-09-05,111846.6826300536,111846.6826300536,0,0,0,0,100.57800064086913,1.5337745526777709,0
2003-09-08,111846.6826300536,111846.6826300536,0,0,0,0,100.84800071716309,1.8673620786899052,0
2003-09-09,111846.6826300536,111846.6826300536,0,0,0,0,101.06550064086915,1.291764457978243,0
2003-09-10,111846.6826300536,111846.6826300536,0,0,0,0,101.18600044250488,0.5274524094225016,0
2003-09-11,111846.6826300536,111846.6826300536,0,0,0,0,101.34700050354004,0.65300526644233514,0
2003-09-12,111846.6826300536,111846.6826300536,0,0,0,0,101.50400047302246,0.70834924807585453,0
2003-09-15,111846.6826300536,111846.6826300536,0,0,0,0,101.62750015258788,0.36472575409940433,0
2003-09-16,111846.6826300536,111846.6826300536,0,0,0,0,101.78250007629394,1.3750902078233851,0
2003-09-17,111846.6826300536,111846.6826300536,0,0,0,0,101.90849990844727,1.1035804967307188,0
2003-09-18,111846.6826300536,111846.6826300536,0,0,0,0,102.11599998474121,1.760547948849907,0
2003-09-19,111846.6826300536,111846.6826300536,0,0,0,0,102.26100006103516,0.99635212272745932,0
2003-09-22,111846.6826300536,111846.6826300536,0,0,0,0,102.40000038146972,0.11592157012930497,0
2003-09-23,111846.6826300536,111846.6826300536,0,0,0,0,102.55050048828124,0.33383266802220568,0
2003-09-24,111846.6826300536,111846.6826300536,0,0,0,0,102.60050048828126,-1.381055219074395,0
2003-09-25,111846.6826300536,111846.6826300536,0,0,0,0,102.60750045776368,-2.1883111707693921,1
2003-09-26,111244.41130509342,0,1113.0006473406888,-0.0053847938159441444,-0.0053847938159441444,1,102.56700019836425,-2.2846802884883672,1
2003-09-29,112335.15567575657,0,1113.0006473406888,0.009804936336727188,0,1,102.54150009155273,-1.3708543822614592,1
2003-09-30,111244.41130509342,0,1113.0006473406888,-0.0097097330225941469,-0.0097097330225941469,1,102.39899978637695,-1.8815946449024252,1
2003-10-01,113615.10811850257,0,1113.0006473406888,0.021310704830891591,0,1,102.33499984741211,-0.19858389645231908,1
2003-10-02,114026.91292344515,0,1113.0006473406888,0.0036245602522604337,0,1,102.28699951171875,0.12928805457332043,0
2003-10-03,115326.08268430825,115326.08268430825,0,0.011393536206100174,0,0,102.31499938964843,0.84078181468816682,0
2003-10-06,115326.08268430825,115326.08268430825,0,0,0,0,102.32399940490723,1.1918611850771694,0
2003-10-07,115326.08268430825,115326.08268430825,0,0,0,0,102.38699951171876,1.3878119953301398,0
2003-10-08,115326.08268430825,115326.08268430825,0,0,0,0,102.48899955749512,1.0870758041072306,0
2003-10-09,115326.08268430825,115326.08268430825,0,0,0,0,102.58999938964844,1.1719244220273439,0
2003-10-10,115326.08268430825,115326.08268430825,0,0,0,0,102.69599952697754,1.2456364468894452,0
2003-10-13,115326.08268430825,115326.08268430825,0,0,0,0,102.83649978637695,1.3134654789863847,0
2003-10-14,115326.08268430825,115326.08268430825,0,0,0,0,102.92099952697754,1.4218157667083926,0
2003-10-15,115326.08268430825,115326.08268430825,0,0,0,0,103.00149955749512,1.1623888828101399,0
2003-10-16,115326.08268430825,115326.08268430825,0,0,0,0,103.04199981689453,1.3477346469026923,0
2003-10-17,115326.08268430825,115326.08268430825,0,0,0,0,103.07150001525879,0.67063313614043429,0
2003-10-20,115326.08268430825,115326.08268430825,0,0,0,0,103.19599990844726,1.0142632308924295,0
2003-10-21,115326.08268430825,115326.08268430825,0,0,0,0,103.29199981689453,0.84647690276043852,0
2003-10-22,115326.08268430825,115326.08268430825,0,0,0,0,103.41349983215332,0.070920604835885886,0
2003-10-23,115326.08268430825,115326.08268430825,0,0,0,0,103.56699981689454,-0.13287027069901469,0
2003-10-24,115326.08268430825,115326.08268430825,0,0,0,0,103.74850006103516,-0.11973999880893785,0
2003-10-27,115326.08268430825,115326.08268430825,0,0,0,0,103.88349990844726,-0.20260807499680478,0
2003-10-28,115326.08268430825,115326.08268430825,0,0,0,0,104.13800010681152,1.0122856887532372,0
2003-10-29,115326.08268430825,115326.08268430825,0,0,0,0,104.29300003051758,1.1333933577735784,0
2003-10-30,115326.08268430825,115326.08268430825,0,0,0,0,104.44050025939941,1.3818220702651327,0
2003-10-31,115326.08268430825,115326.08268430825,0,0,0,0,104.53600044250489,1.1328886074793463,0
2003-11-03,115326.08268430825,115326.08268430825,0,0,0,0,104.64250030517579,1.8574092211451212,0
2003-11-04,115326.08268430825,115326.08268430825,0,0,0,0,104.71750030517578,1.3738442688362471,0
2003-11-05,115326.08268430825,115326.08268430825,0,0,0,0,104.80950012207032,1.325289016256751,0
2003-11-06,115326.08268430825,115326.08268430825,0,0,0,0,104.91550025939941,1.7669692633981815,0
2003-11-07,115326.08268430825,115326.08268430825,0,0,0,0,104.96750030517578,0.75652226011072543,0
2003-11-10,115326.08268430825,115326.08268430825,0,0,0,0,104.98150024414062,0.23343048586561552,0
2003-11-11,115326.08268430825,115326.08268430825,0,0,0,0,104.97550048828126,0.20560360749916667,0
2003-11-12,115326.08268430825,115326.08268430825,0,0,0,0,105.04250068664551,1.4327081759036537,0
2003-11-13,115326.08268430825,115326.08268430825,0,0,0,0,105.09000053405762,1.349727686619461,0
2003-11-14,115326.08268430825,115326.08268430825,0,0,0,0,105.15000038146972,0.33542287820081718,0
2003-11-17,115326.08268430825,115326.08268430825,0,0,0,0,105.14450035095214,-0.23184991197920105,0
2003-11-18,115326.08268430825,115326.08268430825,0,0,0,0,105.0935001373291,-1.2967771224767657,0
2003-11-19,115326.08268430825,115326.08268430825,0,0,0,0,105.15250015258789,-0.47843275571617983,0
2003-11-20,115326.08268430825,115326.08268430825,0,0,0,0,105.17400016784669,-1.6112931742770944,0
2003-11-21,115326.08268430825,115326.08268430825,0,0,0,0,105.20550003051758,-1.2190158002114779,0
2003-11-24,115326.08268430825,115326.08268430825,0,0,0,0,105.30349998474121,0.3896616781655925,0
2003-11-25,115326.08268430825,115326.08268430825,0,0,0,0,105.35099983215332,0.85510445381589895,0
2003-11-26,115326.08268430825,115326.08268430825,0,0,0,0,105.41049995422364,1.2332414047286038,0
2003-11-28,115326.08268430825,115326.08268430825,0,0,0,0,105.4629997253418,1.218049505005286,0
2003-12-01,115326.08268430825,115326.08268430825,0,0,0,0,105.57799949645997,2.1673290714858586,0
2003-12-02,115326.08268430825,115326.08268430825,0,0,0,0,105.64499969482422,1.6759049120151615,0
2003-12-03,115326.08268430825,115326.08268430825,0,0,0,0,105.71499977111816,1.3653475997093891,0
2003-12-04,115326.08268430825,115326.08268430825,0,0,0,0,105.80299987792969,1.5826461782255818,0
2003-12-05,115326.08268430825,115326.08268430825,0,0,0,0,105.8254997253418,0.88979067964929281,0
2003-12-08,115326.08268430825,115326.08268430825,0,0,0,0,105.92349967956542,1.359887787171731,0
2003-12-09,115326.08268430825,115326.08268430825,0,0,0,0,106.00149955749512,0.61002639658862401,0
2003-12-10,115326.08268430825,115326.08268430825,0,0,0,0,106.08049964904785,0.53945859454504919,0
2003-12-11,115326.08268430825,115326.08268430825,0,0,0,0,106.16049957275391,1.3940787468709763,0
2003-12-12,115326.08268430825,115326.08268430825,0,0,0,0,106.24949951171875,1.4102216054640735,0
2003-12-15,115326.08268430825,115326.08268430825,0,0,0,0,106.35649948120117,0.91530198800807172,0
2003-12-16,115326.08268430825,115326.08268430825,0,0,0,0,106.51799964904785,1.1973927061314149,0
2003-12-17,115326.08268430825,115326.08268430825,0,0,0,0,106.75099983215333,1.3558343663188197,0
2003-12-18,115326.08268430825,115326.08268430825,0,0,0,0,107.00099983215333,2.0066289345452204,0
2003-12-19,115326.08268430825,115326.08268430825,0,0,0,0,107.25699996948242,1.3729474275989033,0
2003-12-22,115326.08268430825,115326.08268430825,0,0,0,0,107.52950019836426,1.9593480682201034,0
2003-12-23,115326.08268430825,115326.08268430825,0,0,0,0,107.7365005493164,1.8247481664187608,0
2003-12-24,115326.08268430825,115326.08268430825,0,0,0,0,107.91800079345703,1.5632219246576515,0
2003-12-26,115326.08268430825,115326.08268430825,0,0,0,0,108.08450050354004,1.4767862415671265,0
2003-12-29,115326.08268430825,115326.08268430825,0,0,0,0,108.3200008392334,2.3340170181843036,0
2003-12-30,115326.08268430825,115326.08268430825,0,0,0,0,108.49900093078614,1.980991055145096,0
2003-12-31,115326.08268430825,115326.08268430825,0,0,0,0,108.69650077819824,1.7781514891370163,0
2004-01-02,115326.08268430825,115326.08268430825,0,0,0,0,108.90000076293946,1.5456492039300564,0
2004-01-05,115326.08268430825,115326.08268430825,0,0,0,0,109.14200096130371,1.986622285339404,0
2004-01-06,115326.08268430825,115326.08268430825,0,0,0,0,109.42700119018555,1.8052385412188476,0
2004-01-07,115326.08268430825,115326.08268430825,0,0,0,0,109.69500122070312,1.7642888884795422,0
2004-01-08,115326.08268430825,115326.08268430825,0,0,0,0,110.02700119018554,1.7937334038578681,0
2004-01-09,115326.08268430825,115326.08268430825,0,0,0,0,110.31000099182128,1.1719817129054229,0
2004-01-12,115326.08268430825,115326.08268430825,0,0,0,0,110.57450103759766,1.4742717308024302,0
2004-01-13,115326.08268430825,115326.08268430825,0,0,0,0,110.79550094604492,1.0067295389977153,0
2004-01-14,115326.08268430825,115326.08268430825,0,0,0,0,111.09050102233887,1.4297513650327052,0
2004-01-15,115326.08268430825,115326.08268430825,0,0,0,0,111.37150077819824,1.4675570999232734,0
2004-01-16,115326.08268430825,115326.08268430825,0,0,0,0,111.65800094604492,1.5927606948270625,0
2004-01-20,115326.08268430825,115326.08268430825,0,0,0,0,111.88200073242187,1.4125923518002215,0
2004-01-21,115326.08268430825,115326.08268430825,0,0,0,0,112.19200057983399,1.7797381328266371,0
2004-01-22,115326.08268430825,115326.08268430825,0,0,0,0,112.44900054931641,1.4515493533948109,0
2004-01-23,115326.08268430825,115326.08268430825,0,0,0,0,112.68400039672852,1.1283050390394334,0
2004-01-26,115326.08268430825,115326.08268430825,0,0,0,0,112.99650039672852,1.8804437800796892,0
2004-01-27,115326.08268430825,115326.08268430825,0,0,0,0,113.2455005645752,1.0486052583872474,0
2004-01-28,115326.08268430825,115326.08268430825,0,0,0,0,113.35600051879882,0.010925431861555319,0
2004-01-29,115326.08268430825,115326.08268430825,0,0,0,0,113.47100067138672,0.0076268230192018888,0
2004-01-30,115326.08268430825,115326.08268430825,0,0,0,0,113.58100090026855,-0.09454234761277458,0
2004-02-02,115326.08268430825,115326.08268430825,0,0,0,0,113.71800079345704,0.27274686224324801,0
2004-02-03,115326.08268430825,115326.08268430825,0,0,0,0,113.78500061035156,-0.0057086645876125875,0
2004-02-04,115326.08268430825,115326.08268430825,0,0,0,0,113.80000038146973,-1.1081642923955157,0
2004-02-05,115326.08268430825,115326.08268430825,0,0,0,0,113.81250038146973,-0.74741480503459956,0
2004-02-06,115326.08268430825,115326.08268430825,0,0,0,0,113.86600036621094,0.68622677988042868,0
2004-02-09,115326.08268430825,115326.08268430825,0,0,0,0,113.97050056457519,0.6453822755462395,0
2004-02-10,115326.08268430825,115326.08268430825,0,0,0,0,114.0520004272461,1.0076917612318295,0
2004-02-11,115326.08268430825,115326.08268430825,0,0,0,0,114.22750053405761,2.220315818735072,0
2004-02-12,115326.08268430825,115326.08268430825,0,0,0,0,114.33500061035156,1.5166285577260263,0
2004-02-13,115326.08268430825,115326.08268430825,0,0,0,0,114.40250053405762,0.83262009425592365,0
2004-02-17,115326.08268430825,115326.08268430825,0,0,0,0,114.4995002746582,1.7523769352199132,0
2004-02-18,115326.08268430825,115326.08268430825,0,0,0,0,114.57250061035157,1.1063278967103605,0
2004-02-19,115326.08268430825,115326.08268430825,0,0,0,0,114.57900085449219,0.65966170405978419,0
2004-02-20,115326.08268430825,115326.08268430825,0,0,0,0,114.5830005645752,0.30062754405552405,0
2004-02-23,115326.08268430825,115326.08268430825,0,0,0,0,114.59100036621093,-0.0010169448585088782,0
2004-02-24,115326.08268430825,115326.08268430825,0,0,0,0,114.51700019836426,-0.13465763291586674,0
2004-02-25,115326.08268430825,115326.08268430825,0,0,0,0,114.52650032043456,0.36323091010688302,0
2004-02-26,115326.08268430825,115326.08268430825,0,0,0,0,114.60500030517578,0.36774920688660129,0
2004-02-27,115326.08268430825,115326.08268430825,0,0,0,0,114.68199996948242,0.38537417042592592,0
2004-03-01,115326.08268430825,115326.08268430825,0,0,0,0,114.81599998474121,1.5137854509788409,0
2004-03-02,115326.08268430825,115326.08268430825,0,0,0,0,114.89150009155273,0.6711744025218217,0
2004-03-03,115326.08268430825,115326.08268430825,0,0,0,0,114.9870002746582,0.82290757430243466,0
2004-03-04,115326.08268430825,115326.08268430825,0,0,0,0,115.14400024414063,1.1652321116123732,0
2004-03-05,115326.08268430825,115326.08268430825,0,0,0,0,115.30400009155274,1.7340264072182714,0
2004-03-08,115326.08268430825,115326.08268430825,0,0,0,0,115.32950019836426,-0.62116826649423906,0
2004-03-09,115326.08268430825,115326.08268430825,0,0,0,0,115.33050003051758,-1.3994791160785034,0
2004-03-10,115326.08268430825,115326.08268430825,0,0,0,0,115.21700019836426,-3.1383922462165112,1
2004-03-11,113954.79600646273,0,1025.5110978204857,-0.011890516402948137,-0.011890516402948137,1,114.96950035095215,-3.1994453925837818,1
2004-03-12,115452.04127039718,0,1025.5110978204857,0.013138940320243764,0,1,114.81600036621094,-1.7218324381959003,1
2004-03-15,114036.8309480265,0,1025.5110978204857,-0.012257993074857421,-0.012257993074857421,1,114.61950035095215,-2.2564051527867455,1
2004-03-16,114641.88656423555,0,1025.5110978204857,0.0053057912183196443,-0.0070172402085484364,1,114.40050048828125,-1.6416045247316167,1
2004-03-17,115923.77543651116,0,1025.5110978204857,0.011181679844018966,0,1,114.26950035095214,-0.77376846104639163,0
2004-03-18,115516.31004595986,115516.31004595986,0,-0.0035149423749958331,-0.0035149423749958331,0,114.16150016784668,-0.6850042227047346,0
2004-03-19,115516.31004595986,115516.31004595986,0,0,-0.0035149423749958331,0,113.97050018310547,-1.6923628798402977,0
2004-03-22,115516.31004595986,115516.31004595986,0,0,-0.0035149423749958331,0,113.72350044250489,-2.0866968374612398,1
2004-03-23,114630.26520185117,0,1047.2342971005189,-0.0076703007891800734,-0.011158282498903049,1,113.4770004272461,-1.8655091828685757,1
2004-03-24,114724.52044326729,0,1047.2342971005189,0.00082225441291750023,-0.010345203033010897,1,113.21100044250488,-1.5993158889491264,1
2004-03-25,116243.0069781576,0,1047.2342971005189,0.013235937086712113,0,1,113.01400032043458,-0.87514513934278515,1
2004-03-26,116274.42272870844,0,1047.2342971005189,0.00027025927294488383,0,1,112.81450042724609,-0.77867613845172901,1
2004-03-29,117908.10567546089,0,1047.2342971005189,0.014050234853147048,0,1,112.63600006103516,-0.021303995251909156,0
2004-03-30,117544.61255291358,117544.61255291358,0,-0.0030828510089697669,-0.0030828510089697669,0,112.51049995422363,0.22293300502115199,0
2004-03-31,117544.61255291358,117544.61255291358,0,0,-0.0030828510089697669,0,112.38099975585938,0.37160974156300086,0
2004-04-01,117544.61255291358,117544.61255291358,0,0,-0.0030828510089697669,0,112.27049980163574,0.84675895177410221,0
2004-04-02,117544.61255291358,117544.61255291358,0,0,-0.0030828510089697669,0,112.18349990844726,1.5214967093179754,0
2004-04-05,117544.61255291358,117544.61255291358,0,0,-0.0030828510089697669,0,112.19899978637696,1.8698714942797785,0
2004-04-06,117544.61255291358,117544.61255291358,0,0,-0.0030828510089697669,0,112.2189998626709,1.6030704089142007,0
2004-04-07,117544.61255291358,117544.61255291358,0,0,-0.0030828510089697669,0,112.32149963378906,1.3174003259090297,0
2004-04-08,117544.61255291358,117544.61255291358,0,0,-0.0030828510089697669,0,112.48399963378907,1.0573133710199654,0
2004-04-12,117544.61255291358,117544.61255291358,0,0,-0.0030828510089697669,0,112.59599952697754,1.1988090740620718,0
2004-04-13,117544.61255291358,117544.61255291358,0,0,-0.0030828510089697669,0,112.69649963378906,0.28042996869302061,0
2004-04-14,117544.61255291358,117544.61255291358,0,0,-0.0030828510089697669,0,112.77649955749511,0.33621899346477002,0
2004-04-15,117544.61255291358,117544.61255291358,0,0,-0.0030828510089697669,0,112.77249946594239,0.10278408467056174,0
2004-04-16,117544.61255291358,117544.61255291358,0,0,-0.0030828510089697669,0,112.81049957275391,0.55471803566763245,0
2004-04-19,117544.61255291358,117544.61255291358,0,0,-0.0030828510089697669,0,112.94899978637696,0.48813977672420161,0
2004-04-20,117544.61255291358,117544.61255291358,0,0,-0.0030828510089697669,0,113.06249961853027,-0.68854778413353457,0
2004-04-21,117544.61255291358,117544.61255291358,0,0,-0.0030828510089697669,0,113.22299957275391,-0.38285900895645897,0
2004-04-22,117544.61255291358,117544.61255291358,0,0,-0.0030828510089697669,0,113.45799942016602,0.6671607005074478,0
2004-04-23,117544.61255291358,117544.61255291358,0,0,-0.0030828510089697669,0,113.62599945068359,0.6936820832915408,0
2004-04-26,117544.61255291358,117544.61255291358,0,0,-0.0030828510089697669,0,113.78449935913086,0.47227366218598438,0
2004-04-27,117544.61255291358,117544.61255291358,0,0,-0.0030828510089697669,0,113.86999969482422,0.51080582582467049,0
2004-04-28,117544.61255291358,117544.61255291358,0,0,-0.0030828510089697669,0,113.86249961853028,-1.2258604854587938,0
2004-04-29,117544.61255291358,117544.61255291358,0,0,-0.0030828510089697669,0,113.79899978637695,-2.0793576456821277,1
2004-04-30,116217.53849975226,0,1047.3822950492015,-0.011289960673986021,-0.014338006416300786,1,113.65799980163574,-2.3849360972927549,1
2004-05-03,117463.9259879465,0,1047.3822950492015,0.010724607527261343,-0.0037671683805775569,1,113.53349990844727,-1.1997567718298132,1
2004-05-04,117369.65742612784,0,1047.3822950492015,-0.0008025320201567876,-0.0045666771274835982,1,113.37299995422363,-1.1688892644658098,1
2004-05-05,118123.77395710611,0,1047.3822950492015,0.006425140428248266,0,1,113.26699981689453,-0.45382670672302683,1
2004-05-06,117107.81185236554,0,1047.3822950492015,-0.0086008266643214926,-0.0086008266643214926,1,113.12599983215333,-1.2299003981733074,0
2004-05-07,116430.61520384808,116430.61520384808,0,-0.0057826769863242866,-0.014333767848230594,0,112.90549964904785,-2.3890410441894656,1
2004-05-10,115722.79424209827,0,1063.335406552173,-0.0060793371271855579,-0.020325965168363935,1,112.60599975585937,-2.6196862366502947,1
2004-05-11,116701.06086910098,0,1063.335406552173,0.0084535344433191995,-0.012044256971689316,1,112.43299980163575,-1.7185723048132682,1
2004-05-12,117445.39240864538,0,1063.335406552173,0.0063781043120016978,-0.0057429721870134731,1,112.28599967956544,-1.146048822570586,1
2004-05-13,116956.25909514402,0,1063.335406552173,-0.0041647722696471767,-0.009883826285350894,1,112.13749961853027,-1.2867576250688169,1
2004-05-14,117009.42911051377,0,1063.335406552173,0.00045461453522110951,-0.0094337050812226542,1,111.9479995727539,-1.1349604165729785,0
2004-05-17,115727.69847457246,115727.69847457246,0,-0.01095407990351549,-0.020284447425492291,0,111.71149940490723,-1.5080842790451459,0
2004-05-18,115727.69847457246,115727.69847457246,0,0,-0.020284447425492291,0,111.59799957275391,-1.0896271645979638,0
2004-05-19,115727.69847457246,115727.69847457246,0,0,-0.020284447425492291,0,111.42799949645996,-1.1736726064419487,0
2004-05-20,115727.69847457246,115727.69847457246,0,0,-0.020284447425492291,0,111.19649963378906,-0.89649067404600113,0
2004-05-21,115727.69847457246,115727.69847457246,0,0,-0.020284447425492291,0,110.96899948120117,-0.71380739720658537,0
2004-05-24,115727.69847457246,115727.69847457246,0,0,-0.020284447425492291,0,110.77249946594239,-0.34674173507719869,0
2004-05-25,115727.69847457246,115727.69847457246,0,0,-0.020284447425492291,0,110.64999923706054,0.97297598703828092,0
2004-05-26,115727.69847457246,115727.69847457246,0,0,-0.020284447425492291,0,110.62099914550781,1.3628541632119671,0
2004-05-27,115727.69847457246,115727.69847457246,0,0,-0.020284447425492291,0,110.67299919128418,1.7432523762079786,0
2004-05-28,115727.69847457246,115727.69847457246,0,0,-0.020284447425492291,0,110.76799926757812,1.5531130717916599,0
2004-06-01,115727.69847457246,115727.69847457246,0,0,-0.020284447425492291,0,110.79599914550781,1.3861473749402744,0
2004-06-02,115727.69847457246,115727.69847457246,0,0,-0.020284447425492291,0,110.84949913024903,1.5750985356341305,0
2004-06-03,115727.69847457246,115727.69847457246,0,0,-0.020284447425492291,0,110.81499900817872,0.90480784360473521,0
2004-06-04,115727.69847457246,115727.69847457246,0,0,-0.020284447425492291,0,110.87349929809571,1.4309435756837645,0
2004-06-07,115727.69847457246,115727.69847457246,0,0,-0.020284447425492291,0,111.11049919128418,2.1446319370457458,0
2004-06-08,115727.69847457246,115727.69847457246,0,0,-0.020284447425492291,0,111.41199913024903,1.9417067859153589,0
2004-06-09,115727.69847457246,115727.69847457246,0,0,-0.020284447425492291,0,111.61399917602539,1.2057039268728462,0
2004-06-10,115727.69847457246,115727.69847457246,0,0,-0.020284447425492291,0,111.80899925231934,1.3532696198009531,0
2004-06-14,115727.69847457246,115727.69847457246,0,0,-0.020284447425492291,0,111.97049942016602,0.67430538793135109,0
2004-06-15,115727.69847457246,115727.69847457246,0,0,-0.020284447425492291,0,112.16949920654297,1.0009614925098933,0
2004-06-16,115727.69847457246,115727.69847457246,0,0,-0.020284447425492291,0,112.41449928283691,0.90723283590693748,0
2004-06-17,115727.69847457246,115727.69847457246,0,0,-0.020284447425492291,0,112.62349929809571,0.73040065456466019,0
2004-06-18,115727.69847457246,115727.69847457246,0,0,-0.020284447425492291,0,112.84149932861328,0.53534214347835285,0
2004-06-21,115727.69847457246,115727.69847457246,0,0,-0.020284447425492291,0,113.02049903869629,0.14081511099127342,0
2004-06-22,115727.69847457246,115727.69847457246,0,0,-0.020284447425492291,0,113.21849899291992,0.52621677033872649,0
2004-06-23,115727.69847457246,115727.69847457246,0,0,-0.020284447425492291,0,113.4424991607666,1.5294668199537431,0
2004-06-24,115727.69847457246,115727.69847457246,0,0,-0.020284447425492291,0,113.56949920654297,1.0314721898374122,0
2004-06-25,115727.69847457246,115727.69847457246,0,0,-0.020284447425492291,0,113.64949913024903,0.25884001662575451,0
2004-06-28,115727.69847457246,115727.69847457246,0,0,-0.020284447425492291,0,113.67849884033203,-0.31921241218923252,0
2004-06-29,115727.69847457246,115727.69847457246,0,0,-0.020284447425492291,0,113.73149871826172,0.27235282442122333,0
2004-06-30,115727.69847457246,115727.69847457246,0,0,-0.020284447425492291,0,113.82249870300294,1.054152958621476,0
2004-07-01,115727.69847457246,115727.69847457246,0,0,-0.020284447425492291,0,113.81299896240235,-1.2797826685435945,0
2004-07-02,115727.69847457246,115727.69847457246,0,0,-0.020284447425492291,0,113.85249900817871,-1.623434993826989,0
2004-07-06,115727.69847457246,115727.69847457246,0,0,-0.020284447425492291,0,113.79799880981446,-2.6707233413467653,1
2004-07-07,116093.01804384812,0,1034.5127141419998,0.0031567167937407437,-0.017191762887591278,1,113.6739990234375,-1.911115034111347,1
2004-07-08,115286.09938965026,0,1034.5127141419998,-0.0069506217324204478,-0.024022891179266592,1,113.50299911499023,-2.4165422784881461,1
2004-07-09,115586.10902387612,0,1034.5127141419998,0.0026023053587047595,-0.021483100719009163,1,113.39999923706054,-1.7891406821803959,1
2004-07-12,115637.82992395984,0,1034.5127141419998,0.00044746639990300707,-0.021045247284843582,1,113.27149925231933,-1.5376857799734835,1
2004-07-13,115720.59283534055,0,1034.5127141419998,0.00071570792564279451,-0.020344601609479707,1,113.20349922180176,-1.3201466278933749,0
2004-07-14,115041.33684200379,115041.33684200379,0,-0.0058697935837856985,-0.026094976581273466,0,113.07849922180176,-1.467128043218678,0
2004-07-15,115041.33684200379,115041.33684200379,0,0,-0.026094976581273466,0,112.91849937438965,-1.8439419518592002,0
2004-07-16,115041.33684200379,115041.33684200379,0,0,-0.026094976581273466,0,112.76249923706055,-1.6770021715630032,0
2004-07-19,115041.33684200379,115041.33684200379,0,0,-0.026094976581273466,0,112.59299926757812,-1.7788293990056361,0
2004-07-20,115041.33684200379,115041.33684200379,0,0,-0.026094976581273466,0,112.51499938964844,-0.65756894468931004,0
2004-07-21,115041.33684200379,115041.33684200379,0,0,-0.026094976581273466,0,112.30549964904785,-1.8903732235729771,0
2004-07-22,115041.33684200379,115041.33684200379,0,0,-0.026094976581273466,0,112.06199951171875,-1.5372296424341734,0
2004-07-23,115041.33684200379,115041.33684200379,0,0,-0.026094976581273466,0,111.79049949645996,-1.929831834126928,0
2004-07-26,115041.33684200379,115041.33684200379,0,0,-0.026094976581273466,0,111.53599967956544,-1.8217815447606027,0
2004-07-27,115041.33684200379,115041.33684200379,0,0,-0.026094976581273466,0,111.35199966430665,-1.0482621329289439,0
2004-07-28,115041.33684200379,115041.33684200379,0,0,-0.026094976581273466,0,111.16099967956544,-0.75217111195170638,0
2004-07-29,115041.33684200379,115041.33684200379,0,0,-0.026094976581273466,0,110.9629997253418,-0.33208610862247867,0
2004-07-30,115041.33684200379,115041.33684200379,0,0,-0.026094976581273466,0,110.85799942016601,-0.016470169894326186,0
2004-08-02,115041.33684200379,115041.33684200379,0,0,-0.026094976581273466,0,110.76749954223632,0.30488147451122033,0
2004-08-03,115041.33684200379,115041.33684200379,0,0,-0.026094976581273466,0,110.68349952697754,-0.49101721578451207,0
2004-08-04,115041.33684200379,115041.33684200379,0,0,-0.026094976581273466,0,110.58249931335449,-0.42412137848723652,0
2004-08-05,115041.33684200379,115041.33684200379,0,0,-0.026094976581273466,0,110.43049926757813,-2.0390133090221725,1
2004-08-06,114149.5602631498,0,1068.3159746679514,-0.0077517925585195435,-0.033644486294515552,1,110.18649902343751,-2.7345678860057783,1
2004-08-09,114309.8092894708,0,1068.3159746679514,0.0014038514555076986,-0.032287866700062118,1,109.94749908447265,-2.1894692479331814,1
2004-08-10,115784.08240029511,0,1068.3159746679514,0.012897170592691243,-0.019807118232275545,1,109.77349891662598,-1.061920267805573,1
2004-08-11,115549.05973237558,0,1068.3159746679514,-0.0020298357343023765,-0.02179674877019655,1,109.60549926757812,-1.1180815317751696,1
2004-08-12,114288.44655624323,0,1068.3159746679514,-0.010909765765745427,-0.032468717112404399,1,109.41449928283691,-1.7623412627692847,0
2004-08-13,114358.43093718839,114358.43093718839,0,0.0006123486936251421,-0.031876250595286759,0,109.23849945068359,-1.4339572450924913,0
2004-08-16,114358.43093718839,114358.43093718839,0,0,-0.031876250595286759,0,109.14149971008301,-0.59130421119516019,0
2004-08-17,114358.43093718839,114358.43093718839,0,0,-0.031876250595286759,0,109.00499992370605,-0.072919056027398357,0
2004-08-18,114358.43093718839,114358.43093718839,0,0,-0.031876250595286759,0,109.02749977111816,0.76159500713285089,0
2004-08-19,114358.43093718839,114358.43093718839,0,0,-0.031876250595286759,0,109.0189998626709,0.52694847367447273,0
2004-08-20,114358.43093718839,114358.43093718839,0,0,-0.031876250595286759,0,109.09500007629394,1.0265361958572519,0
2004-08-23,114358.43093718839,114358.43093718839,0,0,-0.031876250595286759,0,109.16749992370606,0.7549991033700032,0
2004-08-24,114358.43093718839,114358.43093718839,0,0,-0.031876250595286759,0,109.19650001525879,0.83222532429659324,0
2004-08-25,114358.43093718839,114358.43093718839,0,0,-0.031876250595286759,0,109.24650001525879,1.2917197916698102,0
2004-08-26,114358.43093718839,114358.43093718839,0,0,-0.031876250595286759,0,109.27299995422364,1.2481968649131223,0
2004-08-27,114358.43093718839,114358.43093718839,0,0,-0.031876250595286759,0,109.30349998474121,1.4291858696630513,0
2004-08-30,114358.43093718839,114358.43093718839,0,0,-0.031876250595286759,0,109.27649993896485,0.8501141934093821,0
2004-08-31,114358.43093718839,114358.43093718839,0,0,-0.031876250595286759,0,109.32150001525879,1.1801597345694705,0
2004-09-01,114358.43093718839,114358.43093718839,0,0,-0.031876250595286759,0,109.37750015258788,1.2398450493924211,0
2004-09-02,114358.43093718839,114358.43093718839,0,0,-0.031876250595286759,0,109.58650016784668,1.7651700666280052,0
2004-09-03,114358.43093718839,114358.43093718839,0,0,-0.031876250595286759,0,109.85000038146973,1.3681025821704993,0
2004-09-07,114358.43093718839,114358.43093718839,0,0,-0.031876250595286759,0,110.1430004119873,1.6492164810867216,0
2004-09-08,114358.43093718839,114358.43093718839,0,0,-0.031876250595286759,0,110.35300064086914,1.3281564211866501,0
2004-09-09,114358.43093718839,114358.43093718839,0,0,-0.031876250595286759,0,110.56900062561036,1.152248655862198,0
2004-09-10,114358.43093718839,114358.43093718839,0,0,-0.031876250595286759,0,110.87300033569336,1.4344713472338482,0
2004-09-13,114358.43093718839,114358.43093718839,0,0,-0.031876250595286759,0,111.18500022888183,1.6391863923075303,0
2004-09-14,114358.43093718839,114358.43093718839,0,0,-0.031876250595286759,0,111.45300025939942,1.6956631860503131,0
2004-09-15,114358.43093718839,114358.43093718839,0,0,-0.031876250595286759,0,111.64750022888184,0.96593478100725494,0
2004-09-16,114358.43093718839,114358.43093718839,0,0,-0.031876250595286759,0,111.80300025939941,1.1381361618820975,0
2004-09-17,114358.43093718839,114358.43093718839,0,0,-0.031876250595286759,0,111.97500038146973,1.062887279896451,0
2004-09-20,114358.43093718839,114358.43093718839,0,0,-0.031876250595286759,0,112.07450027465821,0.37493928758123768,0
2004-09-21,114358.43093718839,114358.43093718839,0,0,-0.031876250595286759,0,112.21250038146972,0.76404341485471861,0
2004-09-22,114358.43093718839,114358.43093718839,0,0,-0.031876250595286759,0,112.27250061035156,-0.8067387989015804,0
2004-09-23,114358.43093718839,114358.43093718839,0,0,-0.031876250595286759,0,112.26500053405762,-1.4515444808085323,0
2004-09-24,114358.43093718839,114358.43093718839,0,0,-0.031876250595286759,0,112.28300056457519,-0.92893320855349881,0
2004-09-27,114358.43093718839,114358.43093718839,0,0,-0.031876250595286759,0,112.24800071716308,-1.6092496707396031,0
2004-09-28,114358.43093718839,114358.43093718839,0,0,-0.031876250595286759,0,112.28550071716309,-1.1500761759224389,0
2004-09-29,114358.43093718839,114358.43093718839,0,0,-0.031876250595286759,0,112.32200050354004,-0.57451218377793323,0
2004-09-30,114358.43093718839,114358.43093718839,0,0,-0.031876250595286759,0,112.34400062561035,-0.71400337643669387,0
2004-10-01,114358.43093718839,114358.43093718839,0,0,-0.031876250595286759,0,112.39750061035156,1.4475863021725919,0
2004-10-04,114358.43093718839,114358.43093718839,0,0,-0.031876250595286759,0,112.48350028991699,1.4788061161963151,0
2004-10-05,114358.43093718839,114358.43093718839,0,0,-0.031876250595286759,0,112.53550033569336,1.4134365439248908,0
2004-10-06,114358.43093718839,114358.43093718839,0,0,-0.031876250595286759,0,112.64050025939942,1.9012026145712788,0
2004-10-07,114358.43093718839,114358.43093718839,0,0,-0.031876250595286759,0,112.68899993896484,0.70058432690137651,0
2004-10-08,114358.43093718839,114358.43093718839,0,0,-0.031876250595286759,0,112.66150016784668,-0.13982930571468763,0
2004-10-11,114358.43093718839,114358.43093718839,0,0,-0.031876250595286759,0,112.63850021362305,0.30931953808606766,0
2004-10-12,114358.43093718839,114358.43093718839,0,0,-0.031876250595286759,0,112.58199996948242,-0.049721821896413984,0
2004-10-13,114358.43093718839,114358.43093718839,0,0,-0.031876250595286759,0,112.5189998626709,-0.91622191545687237,0
2004-10-14,114358.43093718839,114358.43093718839,0,0,-0.031876250595286759,0,112.3939998626709,-1.5483046657660475,0
2004-10-15,114358.43093718839,114358.43093718839,0,0,-0.031876250595286759,0,112.29949989318848,-0.90816326410754455,0
2004-10-18,114358.43093718839,114358.43093718839,0,0,-0.031876250595286759,0,112.2599998474121,-0.50362063248508193,0
2004-10-19,114358.43093718839,114358.43093718839,0,0,-0.031876250595286759,0,112.14899978637695,-1.1886950539742784,0
2004-10-20,114358.43093718839,114358.43093718839,0,0,-0.031876250595286759,0,112.09749946594238,-1.2807420324759911,0
2004-10-21,114358.43093718839,114358.43093718839,0,0,-0.031876250595286759,0,112.11199951171875,-0.71489313715056446,0
2004-10-22,114358.43093718839,114358.43093718839,0,0,-0.031876250595286759,0,112.03849945068359,-1.5774917956726324,0
2004-10-25,114358.43093718839,114358.43093718839,0,0,-0.031876250595286759,0,111.99399948120117,-1.5737973239067293,0
2004-10-26,114358.43093718839,114358.43093718839,0,0,-0.031876250595286759,0,112.00699958801269,-0.34585267300207084,0
2004-10-27,114358.43093718839,114358.43093718839,0,0,-0.031876250595286759,0,112.05899963378906,0.60242701240845697,0
2004-10-28,114358.43093718839,114358.43093718839,0,0,-0.031876250595286759,0,112.13199958801269,0.78624929446697633,0
2004-10-29,114358.43093718839,114358.43093718839,0,0,-0.031876250595286759,0,112.10949935913087,0.80041507783321708,0
2004-11-01,114358.43093718839,114358.43093718839,0,0,-0.031876250595286759,0,112.09299964904785,1.0549289457193047,0
2004-11-02,114358.43093718839,114358.43093718839,0,0,-0.031876250595286759,0,112.0754997253418,1.1156351205099453,0
2004-11-03,114358.43093718839,114358.43093718839,0,0,-0.031876250595286759,0,112.09049987792969,2.1364337671333544,0
2004-11-04,114358.43093718839,114358.43093718839,0,0,-0.031876250595286759,0,112.24550018310546,2.6161759760284156,0
2004-11-05,114358.43093718839,114358.43093718839,0,0,-0.031876250595286759,0,112.48400001525879,2.4241772436402629,0
2004-11-08,114358.43093718839,114358.43093718839,0,0,-0.031876250595286759,0,112.69099998474121,1.9903364022841965,0
2004-11-09,114358.43093718839,114358.43093718839,0,0,-0.031876250595286759,0,112.90849990844727,1.6550498967345832,0
2004-11-10,114358.43093718839,114358.43093718839,0,0,-0.031876250595286759,0,113.17999992370605,1.4963031986902049,0
2004-11-11,114358.43093718839,114358.43093718839,0,0,-0.031876250595286759,0,113.54099998474121,1.6257246504589751,0
2004-11-12,114358.43093718839,114358.43093718839,0,0,-0.031876250595286759,0,113.91749992370606,1.719087998836009,0
2004-11-15,114358.43093718839,114358.43093718839,0,0,-0.031876250595286759,0,114.27000007629394,1.5020179025602733,0
2004-11-16,114358.43093718839,114358.43093718839,0,0,-0.031876250595286759,0,114.62700004577637,1.1017242098581397,0
2004-11-17,114358.43093718839,114358.43093718839,0,0,-0.031876250595286759,0,115.03000030517578,1.2180974893773817,0
2004-11-18,114358.43093718839,114358.43093718839,0,0,-0.031876250595286759,0,115.40500030517578,1.1559942435833408,0
2004-11-19,114358.43093718839,114358.43093718839,0,0,-0.031876250595286759,0,115.77650032043456,0.62467918858243543,0
2004-11-22,114358.43093718839,114358.43093718839,0,0,-0.031876250595286759,0,116.18250045776367,0.78452678868848602,0
2004-11-23,114358.43093718839,114358.43093718839,0,0,-0.031876250595286759,0,116.51350059509278,0.79793063032165001,0
2004-11-24,114358.43093718839,114358.43093718839,0,0,-0.031876250595286759,0,116.79150085449218,0.85631388999204483,0
2004-11-26,114358.43093718839,114358.43093718839,0,0,-0.031876250595286759,0,117.04800071716309,0.73664659842771163,0
2004-11-29,114358.43093718839,114358.43093718839,0,0,-0.031876250595286759,0,117.27850074768067,0.3460130171258477,0
2004-11-30,114358.43093718839,114358.43093718839,0,0,-0.031876250595286759,0,117.49750061035157,0.30836309598757855,0
2004-12-01,114358.43093718839,114358.43093718839,0,0,-0.031876250595286759,0,117.78150062561035,1.5180908671850568,0
2004-12-02,114358.43093718839,114358.43093718839,0,0,-0.031876250595286759,0,117.99900054931641,1.7319503361775181,0
2004-12-03,114358.43093718839,114358.43093718839,0,0,-0.031876250595286759,0,118.13400039672851,1.5108202678564981,0
2004-12-06,114358.43093718839,114358.43093718839,0,0,-0.031876250595286759,0,118.23050041198731,1.3115525674742452,0
2004-12-07,114358.43093718839,114358.43093718839,0,0,-0.031876250595286759,0,118.28000030517578,-0.25626545780999377,0
2004-12-08,114358.43093718839,114358.43093718839,0,0,-0.031876250595286759,0,118.37550048828125,0.65599355836916895,0
2004-12-09,114358.43093718839,114358.43093718839,0,0,-0.031876250595286759,0,118.48750038146973,1.2717378735226303,0
2004-12-10,114358.43093718839,114358.43093718839,0,0,-0.031876250595286759,0,118.56100044250488,1.3322963126449989,0
2004-12-13,114358.43093718839,114358.43093718839,0,0,-0.031876250595286759,0,118.64000053405762,2.4766909483698254,0
2004-12-14,114358.43093718839,114358.43093718839,0,0,-0.031876250595286759,0,118.74300041198731,2.432716057019463,0
2004-12-15,114358.43093718839,114358.43093718839,0,0,-0.031876250595286759,0,118.8930004119873,2.1222115958955388,0
2004-12-16,114358.43093718839,114358.43093718839,0,0,-0.031876250595286759,0,119.00450019836425,1.7678500022487882,0
2004-12-17,114358.43093718839,114358.43093718839,0,0,-0.031876250595286759,0,119.0395004272461,0.39125918431788859,0
2004-12-20,114358.43093718839,114358.43093718839,0,0,-0.031876250595286759,0,119.14200057983399,0.34281765675552039,0
2004-12-21,114358.43093718839,114358.43093718839,0,0,-0.031876250595286759,0,119.26250038146972,1.1811171860775778,0
2004-12-22,114358.43093718839,114358.43093718839,0,0,-0.031876250595286759,0,119.38850021362305,1.3355783941301105,0
2004-12-23,114358.43093718839,114358.43093718839,0,0,-0.031876250595286759,0,119.50499992370605,1.2831172260034178,0
2004-12-27,114358.43093718839,114358.43093718839,0,0,-0.031876250595286759,0,119.61349983215332,0.93250714582571803,0
2004-12-28,114358.43093718839,114358.43093718839,0,0,-0.031876250595286759,0,119.78199996948243,1.4931052574686272,0
2004-12-29,114358.43093718839,114358.43093718839,0,0,-0.031876250595286759,0,119.95550003051758,1.5781066881987038,0
2004-12-30,114358.43093718839,114358.43093718839,0,0,-0.031876250595286759,0,120.05049972534179,1.1879738768533394,0
2004-12-31,114358.43093718839,114358.43093718839,0,0,-0.031876250595286759,0,120.12749977111817,0.81627839163721228,0
2005-01-03,114358.43093718839,114358.43093718839,0,0,-0.031876250595286759,0,120.17999992370605,0.13521623293505178,0
2005-01-04,114358.43093718839,114358.43093718839,0,0,-0.031876250595286759,0,120.16100006103515,-1.4597665359862486,0
2005-01-05,114358.43093718839,114358.43093718839,0,0,-0.031876250595286759,0,120.15650024414063,-2.3278055052664399,1
2005-01-06,114464.33718014749,0,965.04794360617962,0.00092609038171631575,-0.030979680502651985,1,120.14750022888184,-1.6423174478294016,1
2005-01-07,114300.28079679,0,965.04794360617962,-0.0014332532507420614,-0.032368532025606633,1,120.10900039672852,-1.6887217991591774,1
2005-01-10,114840.70528913537,0,965.04794360617962,0.0047281116772246445,-0.02779346238262681,1,120.09250030517578,-1.0883416300466999,1
2005-01-11,114049.36626988757,0,965.04794360617962,-0.0068907537380185069,-0.034492698215839779,1,119.98300018310547,-1.6635367574333455,1
2005-01-12,114425.73437887545,0,965.04794360617962,0.0033000455968974496,-0.031306480095814715,1,119.87200012207032,-1.174144189885229,0
2005-01-13,114435.04079669842,114435.04079669842,0,8.1331510551230224e-05,-0.031227694788579674,0,119.70900039672851,-1.7618501130457054,0
2005-01-14,114435.04079669842,114435.04079669842,0,0,-0.031227694788579674,0,119.5805004119873,-1.118397546603656,0
2005-01-18,114435.04079669842,114435.04079669842,0,0,-0.031227694788579674,0,119.58200035095214,-0.093454553084081238,0
2005-01-19,114435.04079669842,114435.04079669842,0,0,-0.031227694788579674,0,119.51950035095214,-1.0524889209041843,0
2005-01-20,114435.04079669842,114435.04079669842,0,0,-0.031227694788579674,0,119.37500038146973,-1.4510867718208786,0
2005-01-21,114435.04079669842,114435.04079669842,0,0,-0.031227694788579674,0,119.18000030517578,-1.7489215851185287,0
2005-01-24,114435.04079669842,114435.04079669842,0,0,-0.031227694788579674,0,118.96900062561035,-1.686190493542455,0
2005-01-25,114435.04079669842,114435.04079669842,0,0,-0.031227694788579674,0,118.78700065612793,-1.3088554505504917,0
2005-01-26,114435.04079669842,114435.04079669842,0,0,-0.031227694788579674,0,118.58950080871583,-0.98145621648198034,0
2005-01-27,114435.04079669842,114435.04079669842,0,0,-0.031227694788579674,0,118.39300079345703,-0.77013893709599279,0
2005-01-28,114435.04079669842,114435.04079669842,0,0,-0.031227694788579674,0,118.20800094604492,-0.70987494209600399,0
2005-01-31,114435.04079669842,114435.04079669842,0,0,-0.031227694788579674,0,118.07250099182129,0.096128377759246916,0
2005-02-01,114435.04079669842,114435.04079669842,0,0,-0.031227694788579674,0,118.00300102233886,1.1605927552869546,0
2005-02-02,114435.04079669842,114435.04079669842,0,0,-0.031227694788579674,0,118.02500076293946,1.536768661821817,0
2005-02-03,114435.04079669842,114435.04079669842,0,0,-0.031227694788579674,0,118.07250061035157,1.0624584447785634,0
2005-02-04,114435.04079669842,114435.04079669842,0,0,-0.031227694788579674,0,118.15350074768067,2.177360850589567,0
2005-02-07,114435.04079669842,114435.04079669842,0,0,-0.031227694788579674,0,118.23500061035156,1.7637659325315718,0
2005-02-08,114435.04079669842,114435.04079669842,0,0,-0.031227694788579674,0,118.29550056457519,1.7161492230864031,0
2005-02-09,114435.04079669842,114435.04079669842,0,0,-0.031227694788579674,0,118.3520004272461,0.84277868169341896,0
2005-02-10,114435.04079669842,114435.04079669842,0,0,-0.031227694788579674,0,118.41050033569336,1.1306608661597055,0
2005-02-11,114435.04079669842,114435.04079669842,0,0,-0.031227694788579674,0,118.56800003051758,1.7381420775843339,0
2005-02-14,114435.04079669842,114435.04079669842,0,0,-0.031227694788579674,0,118.69000015258788,1.4800885669812394,0
2005-02-15,114435.04079669842,114435.04079669842,0,0,-0.031227694788579674,0,118.77299995422364,1.6389831762806848,0
2005-02-16,114435.04079669842,114435.04079669842,0,0,-0.031227694788579674,0,118.92249984741211,1.4994285538614436,0
2005-02-17,114435.04079669842,114435.04079669842,0,0,-0.031227694788579674,0,119.05900001525879,0.77330310206836217,0
2005-02-18,114435.04079669842,114435.04079669842,0,0,-0.031227694788579674,0,119.23950004577637,0.79593653555278598,0
2005-02-22,114435.04079669842,114435.04079669842,0,0,-0.031227694788579674,0,119.34199981689453,-0.56289086816812206,0
2005-02-23,114435.04079669842,114435.04079669842,0,0,-0.031227694788579674,0,119.47049980163574,-0.017213840746158778,0
2005-02-24,114435.04079669842,114435.04079669842,0,0,-0.031227694788579674,0,119.62099952697754,0.57114062167566226,0
2005-02-25,114435.04079669842,114435.04079669842,0,0,-0.031227694788579674,0,119.82099952697754,1.5641223436920841,0
2005-02-28,114435.04079669842,114435.04079669842,0,0,-0.031227694788579674,0,119.98099937438965,0.73508663649492967,0
2005-03-01,114435.04079669842,114435.04079669842,0,0,-0.031227694788579674,0,120.13449935913086,1.3402476556049219,0
2005-03-02,114435.04079669842,114435.04079669842,0,0,-0.031227694788579674,0,120.24749908447265,1.158567778490823,0
2005-03-03,114435.04079669842,114435.04079669842,0,0,-0.031227694788579674,0,120.34499931335449,1.1076809567355206,0
2005-03-04,114435.04079669842,114435.04079669842,0,0,-0.031227694788579674,0,120.53349952697754,2.4918885334993233,0
2005-03-07,114435.04079669842,114435.04079669842,0,0,-0.031227694788579674,0,120.66149940490723,2.1173356934990335,0
2005-03-08,114435.04079669842,114435.04079669842,0,0,-0.031227694788579674,0,120.77449951171874,1.4701349667502761,0
2005-03-09,114435.04079669842,114435.04079669842,0,0,-0.031227694788579674,0,120.81249961853027,0.14989678742148482,0
2005-03-10,114435.04079669842,114435.04079669842,0,0,-0.031227694788579674,0,120.90899963378907,0.33249934242319396,0
2005-03-11,114435.04079669842,114435.04079669842,0,0,-0.031227694788579674,0,120.94149971008301,-0.57032528143437422,0
2005-03-14,114435.04079669842,114435.04079669842,0,0,-0.031227694788579674,0,120.95999984741211,0.1861280192306288,0
2005-03-15,114435.04079669842,114435.04079669842,0,0,-0.031227694788579674,0,120.93299980163575,-0.80758677075018903,0
2005-03-16,114435.04079669842,114435.04079669842,0,0,-0.031227694788579674,0,120.83250007629394,-1.6206847706339729,0
2005-03-17,114435.04079669842,114435.04079669842,0,0,-0.031227694788579674,0,120.7400001525879,-1.2549384634749645,0
2005-03-18,114435.04079669842,114435.04079669842,0,0,-0.031227694788579674,0,120.65550003051757,-1.7683915793187464,0
2005-03-21,114435.04079669842,114435.04079669842,0,0,-0.031227694788579674,0,120.54099998474121,-1.849991833517129,0
2005-03-22,114435.04079669842,114435.04079669842,0,0,-0.031227694788579674,0,120.4560001373291,-2.39297930032942,1
2005-03-23,114425.75525053214,0,977.99790812420633,-8.1142507588949364e-05,-0.031306303402707236,1,120.333500289917,-2.0139060470258343,1
2005-03-24,114562.67436074698,0,977.99790812420633,0.0011965759799013043,-0.030147187793477137,1,120.17850036621094,-1.6919028229515001,1
2005-03-28,114728.93221436044,0,977.99790812420633,0.0014512392848819999,-0.02873969929184983,1,119.97250022888184,-1.4199356878753533,1
2005-03-29,113966.09503986865,0,977.99790812420633,-0.0066490392594824588,-0.035197647162435008,1,119.76750030517579,-1.6097510032938742,1
2005-03-30,115579.79308057998,0,977.99790812420633,0.014159457162648437,-0.021536569577009224,1,119.6150001525879,-0.71388106304645493,0
2005-03-31,115530.78036131572,115530.78036131572,0,-0.00042405958652391718,-0.02195149637474314,0,119.45450019836426,-0.74437655385471935,0
2005-04-01,115530.78036131572,115530.78036131572,0,0,-0.02195149637474314,0,119.26500015258789,-0.9124816958461559,0
2005-04-04,115530.78036131572,115530.78036131572,0,0,-0.02195149637474314,0,119.0099998474121,-0.73633484598145704,0
2005-04-05,115530.78036131572,115530.78036131572,0,0,-0.02195149637474314,0,118.77999992370606,-0.353937134731036,0
2005-04-06,115530.78036131572,115530.78036131572,0,0,-0.02195149637474314,0,118.59349975585937,0.0044681323045435636,0
2005-04-07,115530.78036131572,115530.78036131572,0,0,-0.02195149637474314,0,118.50699958801269,0.53942437487379313,0
2005-04-08,115530.78036131572,115530.78036131572,0,0,-0.02195149637474314,0,118.34499969482422,-0.28556043644972229,0
2005-04-11,115530.78036131572,115530.78036131572,0,0,-0.02195149637474314,0,118.22999954223633,-0.1256987003681177,0
2005-04-12,115530.78036131572,115530.78036131572,0,0,-0.02195149637474314,0,118.10799942016601,0.65643670188100434,0
2005-04-13,115530.78036131572,115530.78036131572,0,0,-0.02195149637474314,0,117.96599960327148,-0.84627114962836614,0
2005-04-14,115530.78036131572,115530.78036131572,0,0,-0.02195149637474314,0,117.79849929809571,-2.3180043405488822,1
2005-04-15,113885.72905474385,0,997.68486668767025,-0.014239073789920509,-0.035878001187984454,1,117.53799934387207,-3.0405322997495836,1
2005-04-18,114234.91723573825,0,997.68486668767025,0.0030661276341881205,-0.032921880084698318,1,117.3359992980957,-2.2336362590111705,1
2005-04-19,115142.81411805513,0,997.68486668767025,0.0079476302367631479,-0.025235900777547449,1,117.20149955749511,-1.3541349635383504,1
2005-04-20,113536.54087374946,0,997.68486668767025,-0.01395026912108277,-0.038834122291270479,1,117.04649963378907,-2.1405742170733379,1
2005-04-21,115741.42351572144,0,997.68486668767025,0.019420026583545136,-0.020168255394970358,1,116.99699974060059,-0.64365759793998178,0
2005-04-22,115413.30831697657,115413.30831697657,0,-0.0028348985935904292,-0.022945979029706409,0,116.91849975585937,-0.86222756539887191,0
2005-04-25,115413.30831697657,115413.30831697657,0,0,-0.022945979029706409,0,116.86949996948242,-0.34444353088986945,0
2005-04-26,115413.30831697657,115413.30831697657,0,0,-0.022945979029706409,0,116.80299987792969,-0.99751480659156122,0
2005-04-27,115413.30831697657,115413.30831697657,0,0,-0.022945979029706409,0,116.67649993896484,-0.64432346155129694,0
2005-04-28,115413.30831697657,115413.30831697657,0,0,-0.022945979029706409,0,116.48849983215332,-1.3858163192272654,0
2005-04-29,115413.30831697657,115413.30831697657,0,0,-0.022945979029706409,0,116.40449981689453,-0.39809977776125527,0
2005-05-02,115413.30831697657,115413.30831697657,0,0,-0.022945979029706409,0,116.34300003051757,0.035188394304004889,0
2005-05-03,115413.30831697657,115413.30831697657,0,0,-0.022945979029706409,0,116.26349983215331,0.21496046788799289,0
2005-05-04,115413.30831697657,115413.30831697657,0,0,-0.022945979029706409,0,116.20849990844727,0.86082206218085544,0
2005-05-05,115413.30831697657,115413.30831697657,0,0,-0.022945979029706409,0,116.11949996948242,0.98242028600896314,0
2005-05-06,115413.30831697657,115413.30831697657,0,0,-0.022945979029706409,0,116.07399978637696,0.77244073050453843,0
2005-05-09,115413.30831697657,115413.30831697657,0,0,-0.022945979029706409,0,116.06049995422363,1.35786206479876,0
2005-05-10,115413.30831697657,115413.30831697657,0,0,-0.022945979029706409,0,115.95550003051758,0.55796147961152109,0
2005-05-11,115413.30831697657,115413.30831697657,0,0,-0.022945979029706409,0,115.95249977111817,1.11793856142662,0
2005-05-12,115413.30831697657,115413.30831697657,0,0,-0.022945979029706409,0,115.96149978637695,-0.0099945305653719816,0
2005-05-13,115413.30831697657,115413.30831697657,0,0,-0.022945979029706409,0,116.03999977111816,-0.29746028087600884,0
2005-05-16,115413.30831697657,115413.30831697657,0,0,-0.022945979029706409,0,116.15499992370606,0.62815750691840744,0
2005-05-17,115413.30831697657,115413.30831697657,0,0,-0.022945979029706409,0,116.26349983215331,1.2460024572148301,0
2005-05-18,115413.30831697657,115413.30831697657,0,0,-0.022945979029706409,0,116.5129997253418,2.2014330766704595,0
2005-05-19,115413.30831697657,115413.30831697657,0,0,-0.022945979029706409,0,116.67699966430663,2.1959758778535012,0
2005-05-20,115413.30831697657,115413.30831697657,0,0,-0.022945979029706409,0,116.85449981689453,1.7791199876840267,0
2005-05-23,115413.30831697657,115413.30831697657,0,0,-0.022945979029706409,0,117.02699966430664,1.9437882445928392,0
2005-05-24,115413.30831697657,115413.30831697657,0,0,-0.022945979029706409,0,117.24199981689453,1.5586924721516979,0
2005-05-25,115413.30831697657,115413.30831697657,0,0,-0.022945979029706409,0,117.42999992370605,1.3436397476707518,0
2005-05-26,115413.30831697657,115413.30831697657,0,0,-0.022945979029706409,0,117.72250022888184,1.6852026930364721,0
2005-05-27,115413.30831697657,115413.30831697657,0,0,-0.022945979029706409,0,117.94750022888184,1.635571718021599,0
2005-05-31,115413.30831697657,115413.30831697657,0,0,-0.022945979029706409,0,118.10150032043457,0.98570787874911003,0
2005-06-01,115413.30831697657,115413.30831697657,0,0,-0.022945979029706409,0,118.29650039672852,1.5232216737944138,0
2005-06-02,115413.30831697657,115413.30831697657,0,0,-0.022945979029706409,0,118.45950050354004,1.5045867968984679,0
2005-06-03,115413.30831697657,115413.30831697657,0,0,-0.022945979029706409,0,118.59400062561035,1.0017542133529502,0
2005-06-06,115413.30831697657,115413.30831697657,0,0,-0.022945979029706409,0,118.74150085449219,0.84127649439729912,0
2005-06-07,115413.30831697657,115413.30831697657,0,0,-0.022945979029706409,0,118.85700073242188,0.81781443124183784,0
2005-06-08,115413.30831697657,115413.30831697657,0,0,-0.022945979029706409,0,119.02250099182129,0.59885798526764433,0
2005-06-09,115413.30831697657,115413.30831697657,0,0,-0.022945979029706409,0,119.18450126647949,0.89029941270975255,0
2005-06-10,115413.30831697657,115413.30831697657,0,0,-0.022945979029706409,0,119.39700126647949,0.63468301388803605,0
2005-06-13,115413.30831697657,115413.30831697657,0,0,-0.022945979029706409,0,119.64000129699707,0.97180374128154279,0
2005-06-14,115413.30831697657,115413.30831697657,0,0,-0.022945979029706409,0,119.84300117492675,1.3523372212673772,0
2005-06-15,115413.30831697657,115413.30831697657,0,0,-0.022945979029706409,0,120.01850090026855,1.7947168181112405,0
2005-06-16,115413.30831697657,115413.30831697657,0,0,-0.022945979029706409,0,120.14900093078613,2.0868037809602455,0
2005-06-17,115413.30831697657,115413.30831697657,0,0,-0.022945979029706409,0,120.25250091552735,1.7846703084625644,0
2005-06-20,115413.30831697657,115413.30831697657,0,0,-0.022945979029706409,0,120.36650085449219,1.6903786140552921,0
2005-06-21,115413.30831697657,115413.30831697657,0,0,-0.022945979029706409,0,120.4510009765625,1.5907158817113469,0
2005-06-22,115413.30831697657,115413.30831697657,0,0,-0.022945979029706409,0,120.55450096130372,1.5725109947312164,0
2005-06-23,115413.30831697657,115413.30831697657,0,0,-0.022945979029706409,0,120.57700080871582,-1.1706215077692981,0
2005-06-24,115413.30831697657,115413.30831697657,0,0,-0.022945979029706409,0,120.52350082397462,-2.2142295761706747,1
2005-06-27,115529.16129121826,0,969.61107689222968,0.0010038094907001138,-0.021965202930529615,1,120.46850090026855,-1.7410854276256904,1
2005-06-28,116498.77236811048,0,969.61107689222968,0.0083927820998206393,-0.013756769992683382,1,120.50200080871582,-0.48415935172458296,1
2005-06-29,116188.49711940679,0,969.61107689222968,-0.0026633349210177792,-0.016383466027779181,1,120.46850090026855,-0.86092689382980192,1
2005-06-30,115558.24843991775,0,969.61107689222968,-0.0054243638149595874,-0.021718959962454099,1,120.38950080871582,-1.5329130333719787,1
2005-07-01,115897.61083732094,0,969.61107689222968,0.0029367215407356539,-0.01884602095928245,1,120.35850067138672,-1.0231832342162059,0
2005-07-05,115567.30785893869,115567.30785893869,0,-0.002849955024921802,-0.021642265672071614,0,120.38100051879883,0.13509603779975735,0
2005-07-06,115567.30785893869,115567.30785893869,0,0,-0.021642265672071614,0,120.3485008239746,-1.0475754285172241,0
2005-07-07,115567.30785893869,115567.30785893869,0,0,-0.021642265672071614,0,120.35050048828126,-0.48367516940968042,0
2005-07-08,115567.30785893869,115567.30785893869,0,0,-0.021642265672071614,0,120.39250030517579,1.0855201712883515,0
2005-07-11,115567.30785893869,115567.30785893869,0,0,-0.021642265672071614,0,120.47950057983398,1.5931927281237148,0
2005-07-12,115567.30785893869,115567.30785893869,0,0,-0.021642265672071614,0,120.56350059509278,1.7039190245730238,0
2005-07-13,115567.30785893869,115567.30785893869,0,0,-0.021642265672071614,0,120.64200057983399,1.6637445729923439,0
2005-07-14,115567.30785893869,115567.30785893869,0,0,-0.021642265672071614,0,120.73300094604492,1.8439764792851634,0
2005-07-15,115567.30785893869,115567.30785893869,0,0,-0.021642265672071614,0,120.80500068664551,1.6146871286185072,0
2005-07-18,115567.30785893869,115567.30785893869,0,0,-0.021642265672071614,0,120.85450057983398,1.1504292720260103,0
2005-07-19,115567.30785893869,115567.30785893869,0,0,-0.021642265672071614,0,120.93550033569336,1.5111025057012051,0
2005-07-20,115567.30785893869,115567.30785893869,0,0,-0.021642265672071614,0,121.03400039672852,1.6248861360379319,0
2005-07-21,115567.30785893869,115567.30785893869,0,0,-0.021642265672071614,0,121.09150047302246,1.06985695113476,0
2005-07-22,115567.30785893869,115567.30785893869,0,0,-0.021642265672071614,0,121.27550048828125,1.4301767135866268,0
2005-07-25,115567.30785893869,115567.30785893869,0,0,-0.021642265672071614,0,121.48600044250489,1.1039482167744059,0
2005-07-26,115567.30785893869,115567.30785893869,0,0,-0.021642265672071614,0,121.69550018310547,1.09934353645938,0
2005-07-27,115567.30785893869,115567.30785893869,0,0,-0.021642265672071614,0,121.87750015258788,1.2598395666778073,0
2005-07-28,115567.30785893869,115567.30785893869,0,0,-0.021642265672071614,0,122.11450004577637,1.5846302759906548,0
2005-07-29,115567.30785893869,115567.30785893869,0,0,-0.021642265672071614,0,122.34249992370606,0.97587901812830935,0
2005-08-01,115567.30785893869,115567.30785893869,0,0,-0.021642265672071614,0,122.54850006103516,0.84524254216532924,0
2005-08-02,115567.30785893869,115567.30785893869,0,0,-0.021642265672071614,0,122.74350013732911,1.2944383602025546,0
2005-08-03,115567.30785893869,115567.30785893869,0,0,-0.021642265672071614,0,123.00550003051758,1.5572895251545296,0
2005-08-04,115567.30785893869,115567.30785893869,0,0,-0.021642265672071614,0,123.19400024414062,0.61342155550153754,0
2005-08-05,115567.30785893869,115567.30785893869,0,0,-0.021642265672071614,0,123.27200012207031,-0.52452200075505773,0
2005-08-08,115567.30785893869,115567.30785893869,0,0,-0.021642265672071614,0,123.30750007629395,-0.94129435144386786,0
2005-08-09,115567.30785893869,115567.30785893869,0,0,-0.021642265672071614,0,123.36399993896484,0.039639834656211695,0
2005-08-10,115567.30785893869,115567.30785893869,0,0,-0.021642265672071614,0,123.40900001525878,-0.12738174470113608,0
2005-08-11,115567.30785893869,115567.30785893869,0,0,-0.021642265672071614,0,123.45449981689453,0.59406512007593804,0
2005-08-12,115567.30785893869,115567.30785893869,0,0,-0.021642265672071614,0,123.46549987792969,-0.66907363778837325,0
2005-08-15,115567.30785893869,115567.30785893869,0,0,-0.021642265672071614,0,123.53899993896485,0.50799561828734974,0
2005-08-16,115567.30785893869,115567.30785893869,0,0,-0.021642265672071614,0,123.49850006103516,-2.0924753931641371,1
2005-08-17,115518.00158120909,0,945.31918548358669,-0.0004266455509180922,-0.022059677646628972,1,123.43649978637696,-1.8241685681937447,1
2005-08-18,115508.55358214762,0,945.31918548358669,-8.1788110356306731e-05,-0.022139661537635469,1,123.40999984741211,-1.70701590404741,1
2005-08-19,115773.24180012895,0,945.31918548358669,0.0022915031811310271,-0.019898891461347157,1,123.3564998626709,-1.1939844499393439,1
2005-08-22,115773.24180012895,0,945.31918548358669,0,-0.019898891461347157,1,123.32049980163575,-1.1092543608247103,1
2005-08-23,115555.81521409399,0,945.31918548358669,-0.0018780383329881634,-0.021739558913386969,1,123.26549987792968,-1.2786797257495792,0
2005-08-24,115213.58767388384,115213.58767388384,0,-0.0029615778277890525,-0.024636753345512297,0,123.13349990844726,-2.1696144440253287,1
2005-08-25,115382.75600143548,0,948.94941587788503,0.0014683018814627413,-0.023204625655339872,1,122.98449974060058,-1.5310950764546303,1
2005-08-26,114595.13348858805,0,948.94941587788503,-0.0068261717794090293,-0.029872398673948641,1,122.83549995422364,-2.0488167775716208,1
2005-08-29,115477.65673495087,0,948.94941587788503,0.0077012279622739044,-0.02240122486364271,1,122.7375,-1.0227164358954439,1
2005-08-30,114870.32968798178,0,948.94941587788503,-0.00525926022523171,-0.027542671217952619,1,122.57050018310547,-1.5003739185652465,1
2005-08-31,116322.22113588943,0,948.94941587788503,0.012639394801524206,-0.015251399111840702,1,122.46350021362305,0.13152971346310965,0
2005-09-01,116206.1466081744,116206.1466081744,0,-0.00099787062679479455,-0.016234050815444268,0,122.40200004577636,0.10503842350384075,0
2005-09-02,116206.1466081744,116206.1466081744,0,0,-0.016234050815444268,0,122.37150001525879,-0.12216277792172091,0
2005-09-06,116206.1466081744,116206.1466081744,0,0,-0.016234050815444268,0,122.42399978637695,1.4522651023006914,0
2005-09-07,116206.1466081744,116206.1466081744,0,0,-0.016234050815444268,0,122.45,1.5977001079193174,0
2005-09-08,116206.1466081744,116206.1466081744,0,0,-0.016234050815444268,0,122.45849990844727,1.1287416127441672,0
2005-09-09,116206.1466081744,116206.1466081744,0,0,-0.016234050815444268,0,122.49749984741212,2.1168490157551383,0
2005-09-12,116206.1466081744,116206.1466081744,0,0,-0.016234050815444268,0,122.56199989318847,1.6760151745135008,0
2005-09-13,116206.1466081744,116206.1466081744,0,0,-0.016234050815444268,0,122.55400009155274,1.0454564003926363,0
2005-09-14,116206.1466081744,116206.1466081744,0,0,-0.016234050815444268,0,122.60400009155273,0.56950085181263388,0
2005-09-15,116206.1466081744,116206.1466081744,0,0,-0.016234050815444268,0,122.65150032043456,0.46755161260769684,0
2005-09-16,116206.1466081744,116206.1466081744,0,0,-0.016234050815444268,0,122.71700019836426,0.72767795738025565,0
2005-09-19,116206.1466081744,116206.1466081744,0,0,-0.016234050815444268,0,122.74799995422363,0.31742964023614628,0
2005-09-20,116206.1466081744,116206.1466081744,0,0,-0.016234050815444268,0,122.72700004577636,-0.62300720629884709,0
2005-09-21,116206.1466081744,116206.1466081744,0,0,-0.016234050815444268,0,122.66050033569336,-1.5180883345278871,0
2005-09-22,116206.1466081744,116206.1466081744,0,0,-0.016234050815444268,0,122.67000007629395,-1.1653083077362536,0
2005-09-23,116206.1466081744,116206.1466081744,0,0,-0.016234050815444268,0,122.66250038146973,-1.0640853868144879,0
2005-09-26,116206.1466081744,116206.1466081744,0,0,-0.016234050815444268,0,122.70350036621093,-1.0273910273142415,0
2005-09-27,116206.1466081744,116206.1466081744,0,0,-0.016234050815444268,0,122.69650039672851,-1.041856656384446,0
2005-09-28,116206.1466081744,116206.1466081744,0,0,-0.016234050815444268,0,122.72750015258789,-0.99607651739312331,0
2005-09-29,116206.1466081744,116206.1466081744,0,0,-0.016234050815444268,0,122.73150024414062,-0.067369856388547075,0
2005-09-30,116206.1466081744,116206.1466081744,0,0,-0.016234050815444268,0,122.75900039672851,0.26465380338399036,0
2005-10-03,116206.1466081744,116206.1466081744,0,0,-0.016234050815444268,0,122.77550048828125,-0.16610220575978338,0
2005-10-04,116206.1466081744,116206.1466081744,0,0,-0.016234050815444268,0,122.6515007019043,-1.3182200911778053,0
2005-10-05,116206.1466081744,116206.1466081744,0,0,-0.016234050815444268,0,122.43750038146973,-2.2841553018749909,1
2005-10-06,115584.66268810438,0,969.6700138196511,-0.0053481157254576805,-0.021495344958447959,1,122.22250022888184,-2.1744406271182699,1
2005-10-07,115982.23094480808,0,969.6700138196511,0.0034396281258917139,-0.018129652825651155,1,121.97300033569336,-1.7015760778358548,1
2005-10-10,115002.8621594116,0,969.6700138196511,-0.0084441278411219178,-0.02642069156059812,1,121.68550033569336,-2.1130517300648486,1
2005-10-11,114838.02003258109,0,969.6700138196511,-0.0014333741242197329,-0.027816194949190853,1,121.42400016784669,-1.9330957537881075,1
2005-10-12,113936.22662380901,0,969.6700138196511,-0.0078527425718087907,-0.035450504102736424,1,121.13850021362305,-2.1264677149919651,0
2005-10-13,113839.49021602907,113839.49021602907,0,-0.00084903994670060268,-0.036269445155323154,0,120.85250015258789,-1.8751664369754859,0
2005-10-14,113839.49021602907,113839.49021602907,0,0,-0.036269445155323154,0,120.61100006103516,-1.0917899185061923,0
2005-10-17,113839.49021602907,113839.49021602907,0,0,-0.036269445155323154,0,120.4120002746582,-0.76110291646466877,0
2005-10-18,113839.49021602907,113839.49021602907,0,0,-0.036269445155323154,0,120.20050010681152,-1.3556576060921799,0
2005-10-19,113839.49021602907,113839.49021602907,0,0,-0.036269445155323154,0,120.1439998626709,-0.20795220822329746,0
2005-10-20,113839.49021602907,113839.49021602907,0,0,-0.036269445155323154,0,119.96049995422364,-1.2676649820632171,0
2005-10-21,113839.49021602907,113839.49021602907,0,0,-0.036269445155323154,0,119.79499969482421,-0.91718369870058114,0
2005-10-24,113839.49021602907,113839.49021602907,0,0,-0.036269445155323154,0,119.71399955749511,0.13902591156701274,0
2005-10-25,113839.49021602907,113839.49021602907,0,0,-0.036269445155323154,0,119.62249946594238,0.056728878573260366,0
2005-10-26,113839.49021602907,113839.49021602907,0,0,-0.036269445155323154,0,119.50749969482422,-0.083150097044753207,0
2005-10-27,113839.49021602907,113839.49021602907,0,0,-0.036269445155323154,0,119.27949943542481,-0.78036606520109741,0
2005-10-28,113839.49021602907,113839.49021602907,0,0,-0.036269445155323154,0,119.11749954223633,0.54560499244009109,0
2005-10-31,113839.49021602907,113839.49021602907,0,0,-0.036269445155323154,0,118.99399948120117,1.1391950084782956,0
2005-11-01,113839.49021602907,113839.49021602907,0,0,-0.036269445155323154,0,118.95749931335449,1.6552239171096939,0
2005-11-02,113839.49021602907,113839.49021602907,0,0,-0.036269445155323154,0,119.06349945068359,2.4389867026643688,0
2005-11-03,113839.49021602907,113839.49021602907,0,0,-0.036269445155323154,0,119.21699943542481,2.3395813098959399,0
2005-11-04,113839.49021602907,113839.49021602907,0,0,-0.036269445155323154,0,119.34199943542481,1.9110235148394035,0
2005-11-07,113839.49021602907,113839.49021602907,0,0,-0.036269445155323154,0,119.52349967956543,1.7275241842362972,0
2005-11-08,113839.49021602907,113839.49021602907,0,0,-0.036269445155323154,0,119.71349983215332,1.5244805795036884,0
2005-11-09,113839.49021602907,113839.49021602907,0,0,-0.036269445155323154,0,119.95799980163574,1.4590553258220562,0
2005-11-10,113839.49021602907,113839.49021602907,0,0,-0.036269445155323154,0,120.25349960327148,1.7990526273723342,0
2005-11-11,113839.49021602907,113839.49021602907,0,0,-0.036269445155323154,0,120.50799980163575,1.7720051397715189,0
2005-11-14,113839.49021602907,113839.49021602907,0,0,-0.036269445155323154,0,120.73699989318848,1.5302188473078966,0
2005-11-15,113839.49021602907,113839.49021602907,0,0,-0.036269445155323154,0,121.00799980163575,1.1865520813344455,0
2005-11-16,113839.49021602907,113839.49021602907,0,0,-0.036269445155323154,0,121.19349975585938,1.1880208773279055,0
2005-11-17,113839.49021602907,113839.49021602907,0,0,-0.036269445155323154,0,121.54199981689453,1.6354314876427665,0
2005-11-18,113839.49021602907,113839.49021602907,0,0,-0.036269445155323154,0,121.89199981689453,1.7240289334341827,0
2005-11-21,113839.49021602907,113839.49021602907,0,0,-0.036269445155323154,0,122.18199996948242,1.7879252293683958,0
2005-11-22,113839.49021602907,113839.49021602907,0,0,-0.036269445155323154,0,122.51100006103516,1.7978978464391402,0
2005-11-23,113839.49021602907,113839.49021602907,0,0,-0.036269445155323154,0,122.8939998626709,1.8834103923155061,0
2005-11-25,113839.49021602907,113839.49021602907,0,0,-0.036269445155323154,0,123.34549980163574,1.8110557665468179,0
2005-11-28,113839.49021602907,113839.49021602907,0,0,-0.036269445155323154,0,123.66699981689453,1.2734373645064103,0
2005-11-29,113839.49021602907,113839.49021602907,0,0,-0.036269445155323154,0,123.96499977111816,1.1153270356501239,0
2005-11-30,113839.49021602907,113839.49021602907,0,0,-0.036269445155323154,0,124.21100006103515,0.68429092381895229,0
2005-12-01,113839.49021602907,113839.49021602907,0,0,-0.036269445155323154,0,124.45800018310547,1.285738998466013,0
2005-12-02,113839.49021602907,113839.49021602907,0,0,-0.036269445155323154,0,124.6870002746582,1.2471748574999288,0
2005-12-05,113839.49021602907,113839.49021602907,0,0,-0.036269445155323154,0,124.91050033569336,0.99682228299064712,0
2005-12-06,113839.49021602907,113839.49021602907,0,0,-0.036269445155323154,0,125.14000015258789,1.0468515944247672,0
2005-12-07,113839.49021602907,113839.49021602907,0,0,-0.036269445155323154,0,125.33250007629394,0.50871180172856378,0
2005-12-08,113839.49021602907,113839.49021602907,0,0,-0.036269445155323154,0,125.51300010681152,0.37177491960572179,0
2005-12-09,113839.49021602907,113839.49021602907,0,0,-0.036269445155323154,0,125.66250038146973,0.54668275975788838,0
2005-12-12,113839.49021602907,113839.49021602907,0,0,-0.036269445155323154,0,125.79700012207032,0.56776077524770108,0
2005-12-13,113839.49021602907,113839.49021602907,0,0,-0.036269445155323154,0,125.97799987792969,1.2248977680598558,0
2005-12-14,113839.49021602907,113839.49021602907,0,0,-0.036269445155323154,0,126.2064998626709,1.6687875973254682,0
2005-12-15,113839.49021602907,113839.49021602907,0,0,-0.036269445155323154,0,126.40400009155273,1.3471817845922773,0
2005-12-16,113839.49021602907,113839.49021602907,0,0,-0.036269445155323154,0,126.4900001525879,-0.19859431847384151,0
2005-12-19,113839.49021602907,113839.49021602907,0,0,-0.036269445155323154,0,126.51900024414063,-1.3379728866569573,0
2005-12-20,113839.49021602907,113839.49021602907,0,0,-0.036269445155323154,0,126.52250022888184,-1.1533350793581831,0
2005-12-21,113839.49021602907,113839.49021602907,0,0,-0.036269445155323154,0,126.50900001525879,-0.7874859110033352,0
2005-12-22,113839.49021602907,113839.49021602907,0,0,-0.036269445155323154,0,126.49200019836425,0.33103284913729547,0
2005-12-23,113839.49021602907,113839.49021602907,0,0,-0.036269445155323154,0,126.47350044250489,0.49086859947334999,0
2005-12-27,113839.49021602907,113839.49021602907,0,0,-0.036269445155323154,0,126.43550033569336,-1.5528111186555071,0
2005-12-28,113839.49021602907,113839.49021602907,0,0,-0.036269445155323154,0,126.41850051879882,-1.0519521657026314,0
2005-12-29,113839.49021602907,113839.49021602907,0,0,-0.036269445155323154,0,126.40750045776367,-1.8602871047594149,0
2005-12-30,113839.49021602907,113839.49021602907,0,0,-0.036269445155323154,0,126.29850044250489,-2.3235448096374252,1
2006-01-03,115153.99007649414,0,908.87129321349028,0.011546958423396037,-0.025141288507175341,1,126.29100036621094,0.53461187209395811,0
2006-01-04,115240.7631053885,115240.7631053885,0,0.00075353905528330323,-0.024406694394682238,0,126.32700042724609,1.2251777319188151,0
2006-01-05,115240.7631053885,115240.7631053885,0,0,-0.024406694394682238,0,126.35500030517578,1.2492404612453605,0
2006-01-06,115240.7631053885,115240.7631053885,0,0,-0.024406694394682238,0,126.47300033569336,2.1053773765246997,0
2006-01-09,115240.7631053885,115240.7631053885,0,0,-0.024406694394682238,0,126.6115005493164,2.0521722297097473,0
2006-01-10,115240.7631053885,115240.7631053885,0,0,-0.024406694394682238,0,126.7400001525879,1.8606130892229624,0
2006-01-11,115240.7631053885,115240.7631053885,0,0,-0.024406694394682238,0,126.88300018310547,1.8875345678351103,0
2006-01-12,115240.7631053885,115240.7631053885,0,0,-0.024406694394682238,0,126.95750045776367,1.3648663867015898,0
2006-01-13,115240.7631053885,115240.7631053885,0,0,-0.024406694394682238,0,127.00100021362304,1.2077874220670748,0
2006-01-17,115240.7631053885,115240.7631053885,0,0,-0.024406694394682238,0,127.04550018310547,0.90620191859012378,0
2006-01-18,115240.7631053885,115240.7631053885,0,0,-0.024406694394682238,0,127.11850013732911,0.49475650778600294,0
2006-01-19,115240.7631053885,115240.7631053885,0,0,-0.024406694394682238,0,127.24850006103516,0.75720099379269235,0
2006-01-20,115240.7631053885,115240.7631053885,0,0,-0.024406694394682238,0,127.25550003051758,-0.92143655048150808,0
2006-01-23,115240.7631053885,115240.7631053885,0,0,-0.024406694394682238,0,127.27500000000001,-0.61934829959804716,0
2006-01-24,115240.7631053885,115240.7631053885,0,0,-0.024406694394682238,0,127.26800003051758,-0.51886422717004499,0
2006-01-25,115240.7631053885,115240.7631053885,0,0,-0.024406694394682238,0,127.26300010681152,-0.43512781603428058,0
2006-01-26,115240.7631053885,115240.7631053885,0,0,-0.024406694394682238,0,127.35750007629395,0.0018895696211912614,0
2006-01-27,115240.7631053885,115240.7631053885,0,0,-0.024406694394682238,0,127.49699974060059,0.80649699778307082,0
2006-01-30,115240.7631053885,115240.7631053885,0,0,-0.024406694394682238,0,127.65949974060058,0.65396808259460459,0
2006-01-31,115240.7631053885,115240.7631053885,0,0,-0.024406694394682238,0,127.80899963378906,-0.32438920643000962,0
2006-02-01,115240.7631053885,115240.7631053885,0,0,-0.024406694394682238,0,127.89349975585938,0.53676083106700989,0
2006-02-02,115240.7631053885,115240.7631053885,0,0,-0.024406694394682238,0,127.87349967956543,-1.033678244245116,0
2006-02-03,115240.7631053885,115240.7631053885,0,0,-0.024406694394682238,0,127.81799964904785,-1.5478061537777914,0
2006-02-06,115240.7631053885,115240.7631053885,0,0,-0.024406694394682238,0,127.72599945068359,-1.1006361495083774,0
2006-02-07,115240.7631053885,115240.7631053885,0,0,-0.024406694394682238,0,127.56149940490722,-1.8865947564815317,0
2006-02-08,115240.7631053885,115240.7631053885,0,0,-0.024406694394682238,0,127.4474998474121,-0.7686311528861991,0
2006-02-09,115240.7631053885,115240.7631053885,0,0,-0.024406694394682238,0,127.3025001525879,-0.88440306911977173,0
2006-02-10,115240.7631053885,115240.7631053885,0,0,-0.024406694394682238,0,127.19449996948242,-0.57919638981973665,0
2006-02-13,115240.7631053885,115240.7631053885,0,0,-0.024406694394682238,0,127.08100051879883,-0.73914782768566989,0
2006-02-14,115240.7631053885,115240.7631053885,0,0,-0.024406694394682238,0,127.0520004272461,0.79666932989776562,0
2006-02-15,115240.7631053885,115240.7631053885,0,0,-0.024406694394682238,0,127.071000289917,1.259366157350605,0
2006-02-16,115240.7631053885,115240.7631053885,0,0,-0.024406694394682238,0,127.11350059509277,2.1070987340616609,0
2006-02-17,115240.7631053885,115240.7631053885,0,0,-0.024406694394682238,0,127.2555004119873,1.5531985262397432,0
2006-02-21,115240.7631053885,115240.7631053885,0,0,-0.024406694394682238,0,127.35900077819824,1.1131928074098121,0
2006-02-22,115240.7631053885,115240.7631053885,0,0,-0.024406694394682238,0,127.4950008392334,1.6454736551290459,0
2006-02-23,115240.7631053885,115240.7631053885,0,0,-0.024406694394682238,0,127.61600074768066,1.3148476485648599,0
2006-02-24,115240.7631053885,115240.7631053885,0,0,-0.024406694394682238,0,127.71850090026855,1.4363252671773263,0
2006-02-27,115240.7631053885,115240.7631053885,0,0,-0.024406694394682238,0,127.76450157165527,1.3831452814016563,0
2006-02-28,115240.7631053885,115240.7631053885,0,0,-0.024406694394682238,0,127.75400123596191,0.38987459872058028,0
2006-03-01,115240.7631053885,115240.7631053885,0,0,-0.024406694394682238,0,127.84750099182129,1.2001994216808023,0
2006-03-02,115240.7631053885,115240.7631053885,0,0,-0.024406694394682238,0,127.89600105285645,1.1206977385662322,0
2006-03-03,115240.7631053885,115240.7631053885,0,0,-0.024406694394682238,0,127.9890007019043,0.59385116287644091,0
2006-03-06,115240.7631053885,115240.7631053885,0,0,-0.024406694394682238,0,128.08400077819823,0.069514926657159165,0
2006-03-07,115240.7631053885,115240.7631053885,0,0,-0.024406694394682238,0,128.15250091552736,-0.15335146670285688,0
2006-03-08,115240.7631053885,115240.7631053885,0,0,-0.024406694394682238,0,128.29050102233887,-0.049502937992047552,0
2006-03-09,115240.7631053885,115240.7631053885,0,0,-0.024406694394682238,0,128.32850074768066,-0.97779551968981993,0
2006-03-10,115240.7631053885,115240.7631053885,0,0,-0.024406694394682238,0,128.43750038146973,0.17626474649220261,0
2006-03-13,115240.7631053885,115240.7631053885,0,0,-0.024406694394682238,0,128.54700050354003,0.37075241271146564,0
2006-03-14,115240.7631053885,115240.7631053885,0,0,-0.024406694394682238,0,128.73549995422363,2.1482800855515363,0
2006-03-15,115240.7631053885,115240.7631053885,0,0,-0.024406694394682238,0,128.88599967956543,2.4483944539596041,0
2006-03-16,115240.7631053885,115240.7631053885,0,0,-0.024406694394682238,0,129.02749977111816,2.2789279317327309,0
2006-03-17,115240.7631053885,115240.7631053885,0,0,-0.024406694394682238,0,129.10049934387206,1.6082131361789962,0
2006-03-20,115240.7631053885,115240.7631053885,0,0,-0.024406694394682238,0,129.18049964904785,1.2497687719072621,0
2006-03-21,115240.7631053885,115240.7631053885,0,0,-0.024406694394682238,0,129.23549919128419,0.36383019339411588,0
2006-03-22,115240.7631053885,115240.7631053885,0,0,-0.024406694394682238,0,129.29099922180177,1.0826857898870721,0
2006-03-23,115240.7631053885,115240.7631053885,0,0,-0.024406694394682238,0,129.34249916076661,0.75246381779577509,0
2006-03-24,115240.7631053885,115240.7631053885,0,0,-0.024406694394682238,0,129.38249931335449,0.79768539190193088,0
2006-03-27,115240.7631053885,115240.7631053885,0,0,-0.024406694394682238,0,129.41049919128417,0.58235781750672089,0
2006-03-28,115240.7631053885,115240.7631053885,0,0,-0.024406694394682238,0,129.45999946594239,-0.23704295369049708,0
2006-03-29,115240.7631053885,115240.7631053885,0,0,-0.024406694394682238,0,129.49299964904785,0.52661122845046326,0
2006-03-30,115240.7631053885,115240.7631053885,0,0,-0.024406694394682238,0,129.51499977111817,0.27904173931227105,0
2006-03-31,115240.7631053885,115240.7631053885,0,0,-0.024406694394682238,0,129.5685001373291,0.25933460870044173,0
2006-04-03,115240.7631053885,115240.7631053885,0,0,-0.024406694394682238,0,129.64650001525879,0.087325418964990464,0
2006-04-04,115240.7631053885,115240.7631053885,0,0,-0.024406694394682238,0,129.77599983215333,0.8772857198327989,0
2006-04-05,115240.7631053885,115240.7631053885,0,0,-0.024406694394682238,0,129.91449928283691,1.275536258132137,0
2006-04-06,115240.7631053885,115240.7631053885,0,0,-0.024406694394682238,0,130.0889991760254,1.1887457595984172,0
2006-04-07,115240.7631053885,115240.7631053885,0,0,-0.024406694394682238,0,130.13649902343749,-1.0350924765036427,0
2006-04-10,115240.7631053885,115240.7631053885,0,0,-0.024406694394682238,0,130.18199920654297,-0.87952212241363303,0
2006-04-11,115240.7631053885,115240.7631053885,0,0,-0.024406694394682238,0,130.10499954223633,-2.4232132385219631,1
2006-04-12,115280.5653470434,0,894.47983379473999,0.00034538335726308489,-0.024069740703468789,1,130.01100006103516,-1.765784352785394,1
2006-04-13,115128.50541313979,0,894.47983379473999,-0.0013190422292417292,-0.025357033928275818,1,129.89500045776367,-1.8081435915381703,1
2006-04-17,115083.77869171424,0,894.47983379473999,-0.00038849389440998028,-0.025735676769824356,1,129.79700088500977,-1.6586941559298043,1
2006-04-18,116908.51154723669,0,894.47983379473999,0.015855691186596577,-0.01028804252656812,1,129.81150054931641,1.267148396953429,0
2006-04-19,116893.76164952794,116893.76164952794,0,-0.00012616615773775042,-0.010412910681509624,0,129.87950057983397,1.4442688091270361,0
2006-04-20,116893.76164952794,116893.76164952794,0,0,-0.010412910681509624,0,129.917000579834,1.5484816311255447,0
2006-04-21,116893.76164952794,116893.76164952794,0,0,-0.010412910681509624,0,129.96900024414063,1.4268394992896618,0
2006-04-24,116893.76164952794,116893.76164952794,0,0,-0.010412910681509624,0,130.00400009155274,1.0638778747631958,0
2006-04-25,116893.76164952794,116893.76164952794,0,0,-0.010412910681509624,0,130.02149963378906,0.40743422748255786,0
2006-04-26,116893.76164952794,116893.76164952794,0,0,-0.010412910681509624,0,130.08049926757812,0.38100701442533946,0
2006-04-27,116893.76164952794,116893.76164952794,0,0,-0.010412910681509624,0,130.13049926757813,1.0416978611304906,0
2006-04-28,116893.76164952794,116893.76164952794,0,0,-0.010412910681509624,0,130.2139991760254,1.3845752309094346,0
2006-05-01,116893.76164952794,116893.76164952794,0,0,-0.010412910681509624,0,130.24249877929688,0.17430242422817668,0
2006-05-02,116893.76164952794,116893.76164952794,0,0,-0.010412910681509624,0,130.32499923706055,1.1368473455774943,0
2006-05-03,116893.76164952794,116893.76164952794,0,0,-0.010412910681509624,0,130.34149932861328,0.58666287121395555,0
2006-05-04,116893.76164952794,116893.76164952794,0,0,-0.010412910681509624,0,130.35899963378907,1.0531911712062136,0
2006-05-05,116893.76164952794,116893.76164952794,0,0,-0.010412910681509624,0,130.44150009155274,1.9666534700626341,0
2006-05-08,116893.76164952794,116893.76164952794,0,0,-0.010412910681509624,0,130.58250045776367,1.5959223079442726,0
2006-05-09,116893.76164952794,116893.76164952794,0,0,-0.010412910681509624,0,130.72649993896485,1.604979292411266,0
2006-05-10,116893.76164952794,116893.76164952794,0,0,-0.010412910681509624,0,130.9220001220703,1.4266439858534674,0
2006-05-11,116893.76164952794,116893.76164952794,0,0,-0.010412910681509624,0,131.0254997253418,-0.07255040561527247,0
2006-05-12,116893.76164952794,116893.76164952794,0,0,-0.010412910681509624,0,131.05199966430663,-1.8363345062259142,0
2006-05-15,116893.76164952794,116893.76164952794,0,0,-0.010412910681509624,0,131.09399948120117,-1.7752192080191562,0
2006-05-16,116893.76164952794,116893.76164952794,0,0,-0.010412910681509624,0,131.02449951171874,-1.7564591008990027,0
2006-05-17,116893.76164952794,116893.76164952794,0,0,-0.010412910681509624,0,130.81949958801269,-2.973750016409928,1
2006-05-18,115788.47810123944,0,917.42713684469584,-0.0094554536759828833,-0.019769905562911361,1,130.5734992980957,-2.6175929643153739,1
2006-05-19,116604.98769307813,0,917.42713684469584,0.0070517343800371446,-0.012857583305622255,1,130.37099952697753,-1.7939820305171383,1
2006-05-22,115715.08225043259,0,917.42713684469584,-0.0076317956911748919,-0.020391252547926397,1,130.13199920654296,-1.9639970958677093,1
2006-05-23,114834.35303899132,0,917.42713684469584,-0.0076111877061555422,-0.027847238603376012,1,129.87199935913085,-2.0399589591883949,1
2006-05-24,115751.78017583601,0,917.42713684469584,0.0079891348935730022,-0.020080579055418823,1,129.66049957275391,-1.4322473456739975,0
2006-05-25,116380.6306032053,116380.6306032053,0,0.0054327495129147252,-0.014756922298586495,0,129.49549980163573,-0.72047886157506957,0
2006-05-26,116380.6306032053,116380.6306032053,0,0,-0.014756922298586495,0,129.34099998474122,-0.39738670570104523,0
2006-05-30,116380.6306032053,116380.6306032053,0,0,-0.014756922298586495,0,129.12600021362306,-1.2083705775055826,0
2006-05-31,116380.6306032053,116380.6306032053,0,0,-0.014756922298586495,0,128.93250007629393,-0.57547534399772449,0
2006-06-01,116380.6306032053,116380.6306032053,0,0,-0.014756922298586495,0,128.82449989318849,-0.038877379180532419,0
2006-06-02,116380.6306032053,116380.6306032053,0,0,-0.014756922298586495,0,128.70649986267091,0.12430315487653387,0
2006-06-05,116380.6306032053,116380.6306032053,0,0,-0.014756922298586495,0,128.43649978637694,-0.59467792476691395,0
2006-06-06,116380.6306032053,116380.6306032053,0,0,-0.014756922298586495,0,128.15899963378905,-0.65930767229568354,0
2006-06-07,116380.6306032053,116380.6306032053,0,0,-0.014756922298586495,0,127.82099990844726,-1.072773173386695,0
2006-06-08,116380.6306032053,116380.6306032053,0,0,-0.014756922298586495,0,127.48099975585937,-1.1359283601494023,0
2006-06-09,116380.6306032053,116380.6306032053,0,0,-0.014756922298586495,0,127.20099983215331,-1.3539044089082384,0
2006-06-12,116380.6306032053,116380.6306032053,0,0,-0.014756922298586495,0,126.93849945068359,-2.0308602828639399,1
2006-06-13,115202.81827575041,0,940.0474533411118,-0.010120346670663638,-0.024727923799796492,1,126.59099960327148,-2.4955889630052992,1
2006-06-14,116095.8604876273,0,940.0474533411118,0.0077519128893122069,-0.017167699621713717,1,126.30049972534179,-1.7217420905513849,1
2006-06-15,118558.78739729847,0,940.0474533411118,0.021214597138316194,0,1,126.26399993896484,-0.088777884164031928,1
2006-06-16,117698.64282997248,521.72633660431711,940.0474533411118,-0.0072550047635321357,-0.0072550047635321357,0.99556726973175036,126.18600006103516,-0.92542052766452476,1
2006-06-19,116777.39317002131,521.72633660431711,940.0474533411118,-0.0078271901680464495,-0.015025408629624204,0.99553230019576888,126.01450004577637,-1.3535501646850183,0
2006-06-20,117037.7253902451,117037.7253902451,0,0.0022293032337583618,-0.012829601587912465,0,125.91249999999999,-1.0229216097365001,0
2006-06-21,117037.7253902451,117037.7253902451,0,0,-0.012829601587912465,0,125.90450019836426,-0.5010249477056592,0
2006-06-22,117037.7253902451,117037.7253902451,0,0,-0.012829601587912465,0,125.81900024414062,-0.75027759614228073,0
2006-06-23,117037.7253902451,117037.7253902451,0,0,-0.012829601587912465,0,125.65450019836426,-0.68252345733169073,0
2006-06-26,117037.7253902451,117037.7253902451,0,0,-0.012829601587912465,0,125.48499984741211,-0.2964416303458548,0
2006-06-27,117037.7253902451,117037.7253902451,0,0,-0.012829601587912465,0,125.37550010681153,-0.86334171227102585,0
2006-06-28,117037.7253902451,117037.7253902451,0,0,-0.012829601587912465,0,125.2375,-0.29923650864542145,0
2006-06-29,117037.7253902451,117037.7253902451,0,0,-0.012829601587912465,0,125.16450004577636,1.4050814569525674,0
2006-06-30,117037.7253902451,117037.7253902451,0,0,-0.012829601587912465,0,125.07849998474121,1.6755701799071654,0
2006-07-03,117037.7253902451,117037.7253902451,0,0,-0.012829601587912465,0,125.1125,1.9563889361705471,0
2006-07-05,117037.7253902451,117037.7253902451,0,0,-0.012829601587912465,0,125.12550010681153,1.3980834977814798,0
2006-07-06,117037.7253902451,117037.7253902451,0,0,-0.012829601587912465,0,125.20450019836426,1.5178919264479938,0
2006-07-07,117037.7253902451,117037.7253902451,0,0,-0.012829601587912465,0,125.24750022888183,0.90811388191497422,0
2006-07-10,117037.7253902451,117037.7253902451,0,0,-0.012829601587912465,0,125.32250022888184,0.99151861081356818,0
2006-07-11,117037.7253902451,117037.7253902451,0,0,-0.012829601587912465,0,125.49350051879883,1.218651882598776,0
2006-07-12,117037.7253902451,117037.7253902451,0,0,-0.012829601587912465,0,125.66850051879882,0.26810233299527703,0
2006-07-13,117037.7253902451,117037.7253902451,0,0,-0.012829601587912465,0,125.69350051879883,-1.2195443869970843,0
2006-07-14,117037.7253902451,117037.7253902451,0,0,-0.012829601587912465,0,125.56350021362304,-1.3973954025019224,0
2006-07-17,117037.7253902451,117037.7253902451,0,0,-0.012829601587912465,0,125.49799995422363,-1.4108219552401255,0
2006-07-18,117037.7253902451,117037.7253902451,0,0,-0.012829601587912465,0,125.51300010681152,-1.0198354196908483,0
2006-07-19,117037.7253902451,117037.7253902451,0,0,-0.012829601587912465,0,125.5930004119873,0.065652115691254495,0
2006-07-20,117037.7253902451,117037.7253902451,0,0,-0.012829601587912465,0,125.58400039672851,-0.50891446586171951,0
2006-07-21,117037.7253902451,117037.7253902451,0,0,-0.012829601587912465,0,125.55850028991699,-1.068834403492182,0
2006-07-24,117037.7253902451,117037.7253902451,0,0,-0.012829601587912465,0,125.64700012207031,0.37823490852060515,0
2006-07-25,117037.7253902451,117037.7253902451,0,0,-0.012829601587912465,0,125.73050041198731,0.62127836583663731,0
2006-07-26,117037.7253902451,117037.7253902451,0,0,-0.012829601587912465,0,125.87650032043457,0.65614145705149107,0
2006-07-27,117037.7253902451,117037.7253902451,0,0,-0.012829601587912465,0,125.9745002746582,0.51078058962090545,0
2006-07-28,117037.7253902451,117037.7253902451,0,0,-0.012829601587912465,0,126.01000061035157,1.3313917482442659,0
2006-07-31,117037.7253902451,117037.7253902451,0,0,-0.012829601587912465,0,126.03850059509277,1.2004293719794823,0
2006-08-01,117037.7253902451,117037.7253902451,0,0,-0.012829601587912465,0,126.00950050354004,0.81779048866952286,0
2006-08-02,117037.7253902451,117037.7253902451,0,0,-0.012829601587912465,0,126.06000061035157,1.318662314118531,0
2006-08-03,117037.7253902451,117037.7253902451,0,0,-0.012829601587912465,0,126.10900039672852,1.453646896916363,0
2006-08-04,117037.7253902451,117037.7253902451,0,0,-0.012829601587912465,0,126.18850021362304,1.2180413341800342,0
2006-08-07,117037.7253902451,117037.7253902451,0,0,-0.012829601587912465,0,126.24100036621094,0.98287791633977528,0
2006-08-08,117037.7253902451,117037.7253902451,0,0,-0.012829601587912465,0,126.24100036621094,0.69257789060071706,0
2006-08-09,117037.7253902451,117037.7253902451,0,0,-0.012829601587912465,0,126.28750038146973,0.40860563403669081,0
2006-08-10,117037.7253902451,117037.7253902451,0,0,-0.012829601587912465,0,126.45600051879883,0.56243393887464088,0
2006-08-11,117037.7253902451,117037.7253902451,0,0,-0.012829601587912465,0,126.63050079345703,0.25616344921171574,0
2006-08-14,117037.7253902451,117037.7253902451,0,0,-0.012829601587912465,0,126.81900100708008,0.22797188707548563,0
2006-08-15,117037.7253902451,117037.7253902451,0,0,-0.012829601587912465,0,127.05200119018555,1.3666406466977357,0
2006-08-16,117037.7253902451,117037.7253902451,0,0,-0.012829601587912465,0,127.25250091552735,1.9653189842662511,0
2006-08-17,117037.7253902451,117037.7253902451,0,0,-0.012829601587912465,0,127.51250076293945,2.0056220504822875,0
2006-08-18,117037.7253902451,117037.7253902451,0,0,-0.012829601587912465,0,127.84950103759766,2.4609337563543323,0
2006-08-21,117037.7253902451,117037.7253902451,0,0,-0.012829601587912465,0,128.04550132751464,1.7495943976481501,0
2006-08-22,117037.7253902451,117037.7253902451,0,0,-0.012829601587912465,0,128.21850090026857,1.5480542916691338,0
2006-08-23,117037.7253902451,117037.7253902451,0,0,-0.012829601587912465,0,128.36500053405763,1.1353417493640303,0
2006-08-24,117037.7253902451,117037.7253902451,0,0,-0.012829601587912465,0,128.51200027465819,0.95040841175340507,0
2006-08-25,117037.7253902451,117037.7253902451,0,0,-0.012829601587912465,0,128.60349998474121,0.98660873316941178,0
2006-08-28,117037.7253902451,117037.7253902451,0,0,-0.012829601587912465,0,128.73249969482421,1.3348329854574152,0
2006-08-29,117037.7253902451,117037.7253902451,0,0,-0.012829601587912465,0,128.9004997253418,1.309376449151584,0
2006-08-30,117037.7253902451,117037.7253902451,0,0,-0.012829601587912465,0,129.02949981689454,1.2326361201456253,0
2006-08-31,117037.7253902451,117037.7253902451,0,0,-0.012829601587912465,0,129.1404998779297,1.1028918579201403,0
2006-09-01,117037.7253902451,117037.7253902451,0,0,-0.012829601587912465,0,129.30149993896484,1.4839044095874823,0
2006-09-05,117037.7253902451,117037.7253902451,0,0,-0.012829601587912465,0,129.48999977111816,1.4748126231349492,0
2006-09-06,117037.7253902451,117037.7253902451,0,0,-0.012829601587912465,0,129.6449993133545,0.61216282756991292,0
2006-09-07,117037.7253902451,117037.7253902451,0,0,-0.012829601587912465,0,129.79149932861327,0.093003949952701254,0
2006-09-08,117037.7253902451,117037.7253902451,0,0,-0.012829601587912465,0,129.93699913024903,0.29841526818845826,0
2006-09-11,117037.7253902451,117037.7253902451,0,0,-0.012829601587912465,0,130.10699920654298,0.32391609519221815,0
2006-09-12,117037.7253902451,117037.7253902451,0,0,-0.012829601587912465,0,130.33599929809571,1.9171436946693918,0
2006-09-13,117037.7253902451,117037.7253902451,0,0,-0.012829601587912465,0,130.51549911499023,2.4140662225099727,0
2006-09-14,117037.7253902451,117037.7253902451,0,0,-0.012829601587912465,0,130.64199905395509,2.0565200046572563,0
2006-09-15,117037.7253902451,117037.7253902451,0,0,-0.012829601587912465,0,130.73849945068361,1.5092136982681765,0
2006-09-18,117037.7253902451,117037.7253902451,0,0,-0.012829601587912465,0,130.81099929809571,1.536739104803116,0
2006-09-19,117037.7253902451,117037.7253902451,0,0,-0.012829601587912465,0,130.89499893188477,1.044389047806928,0
2006-09-20,117037.7253902451,117037.7253902451,0,0,-0.012829601587912465,0,131.01449890136718,1.6186062978769444,0
2006-09-21,117037.7253902451,117037.7253902451,0,0,-0.012829601587912465,0,131.11999893188477,0.83829069381502774,0
2006-09-22,117037.7253902451,117037.7253902451,0,0,-0.012829601587912465,0,131.21099929809571,0.31174783685806345,0
2006-09-25,117037.7253902451,117037.7253902451,0,0,-0.012829601587912465,0,131.34449920654296,1.4032454920603423,0
2006-09-26,117037.7253902451,117037.7253902451,0,0,-0.012829601587912465,0,131.50199966430665,2.2699299382501144,0
2006-09-27,117037.7253902451,117037.7253902451,0,0,-0.012829601587912465,0,131.65999984741211,2.0584936173776631,0
2006-09-28,117037.7253902451,117037.7253902451,0,0,-0.012829601587912465,0,131.81149978637694,1.7485957108306553,0
2006-09-29,117037.7253902451,117037.7253902451,0,0,-0.012829601587912465,0,131.95849990844727,1.4678861176981597,0
2006-10-02,117037.7253902451,117037.7253902451,0,0,-0.012829601587912465,0,132.04150009155273,0.9245276031807329,0
2006-10-03,117037.7253902451,117037.7253902451,0,0,-0.012829601587912465,0,132.12600021362306,1.0681543332430492,0
2006-10-04,117037.7253902451,117037.7253902451,0,0,-0.012829601587912465,0,132.34650039672852,2.0699145912682928,0
2006-10-05,117037.7253902451,117037.7253902451,0,0,-0.012829601587912465,0,132.6099998474121,2.0439695232280806,0
2006-10-06,117037.7253902451,117037.7253902451,0,0,-0.012829601587912465,0,132.84649963378905,1.7425115741106494,0
2006-10-09,117037.7253902451,117037.7253902451,0,0,-0.012829601587912465,0,133.08049926757812,1.6736267960996931,0
2006-10-10,117037.7253902451,117037.7253902451,0,0,-0.012829601587912465,0,133.25949935913087,1.6135113328625239,0
2006-10-11,117037.7253902451,117037.7253902451,0,0,-0.012829601587912465,0,133.40399932861328,1.3285496381512691,0
2006-10-12,117037.7253902451,117037.7253902451,0,0,-0.012829601587912465,0,133.60649948120118,1.9132665550645409,0
2006-10-13,117037.7253902451,117037.7253902451,0,0,-0.012829601587912465,0,133.83999938964843,1.8727013006299633,0
2006-10-16,117037.7253902451,117037.7253902451,0,0,-0.012829601587912465,0,134.07499923706055,1.7593733000921299,0
2006-10-17,117037.7253902451,117037.7253902451,0,0,-0.012829601587912465,0,134.30499954223632,1.3495095807710678,0
2006-10-18,117037.7253902451,117037.7253902451,0,0,-0.012829601587912465,0,134.50899963378907,1.3184051908996599,0
2006-10-19,117037.7253902451,117037.7253902451,0,0,-0.012829601587912465,0,134.75599975585936,1.3407616365141548,0
2006-10-20,117037.7253902451,117037.7253902451,0,0,-0.012829601587912465,0,135.02449951171874,1.2994105750646139,0
2006-10-23,117037.7253902451,117037.7253902451,0,0,-0.012829601587912465,0,135.27399978637695,1.6079699473108249,0
2006-10-24,117037.7253902451,117037.7253902451,0,0,-0.012829601587912465,0,135.48899993896484,1.6843962435256727,0
2006-10-25,117037.7253902451,117037.7253902451,0,0,-0.012829601587912465,0,135.71949996948243,1.7662057399923654,0
2006-10-26,117037.7253902451,117037.7253902451,0,0,-0.012829601587912465,0,135.97399978637696,1.8053333489921597,0
2006-10-27,117037.7253902451,117037.7253902451,0,0,-0.012829601587912465,0,136.19049987792968,1.1413331474186381,0
2006-10-30,117037.7253902451,117037.7253902451,0,0,-0.012829601587912465,0,136.42699966430663,1.0137324087032797,0
2006-10-31,117037.7253902451,117037.7253902451,0,0,-0.012829601587912465,0,136.64849929809571,0.95299520698300499,0
2006-11-01,117037.7253902451,117037.7253902451,0,0,-0.012829601587912465,0,136.74549942016603,0.10127863233509615,0
2006-11-02,117037.7253902451,117037.7253902451,0,0,-0.012829601587912465,0,136.82549972534179,-0.042443207651410991,0
2006-11-03,117037.7253902451,117037.7253902451,0,0,-0.012829601587912465,0,136.90199966430663,-0.36517955012708975,0
2006-11-06,117037.7253902451,117037.7253902451,0,0,-0.012829601587912465,0,137.05149993896484,1.1054922963060196,0
2006-11-07,117037.7253902451,117037.7253902451,0,0,-0.012829601587912465,0,137.21849975585937,1.5553233601107932,0
2006-11-08,117037.7253902451,117037.7253902451,0,0,-0.012829601587912465,0,137.40849990844725,1.8140443513830864,0
2006-11-09,117037.7253902451,117037.7253902451,0,0,-0.012829601587912465,0,137.50349960327148,0.84419018868836015,0
2006-11-10,117037.7253902451,117037.7253902451,0,0,-0.012829601587912465,0,137.58399963378906,0.83001728018577059,0
2006-11-13,117037.7253902451,117037.7253902451,0,0,-0.012829601587912465,0,137.67099990844727,1.1371310969033075,0
2006-11-14,117037.7253902451,117037.7253902451,0,0,-0.012829601587912465,0,137.83149948120118,2.1024040525597738,0
2006-11-15,117037.7253902451,117037.7253902451,0,0,-0.012829601587912465,0,138.00299987792968,2.1792104906934373,0
2006-11-16,117037.7253902451,117037.7253902451,0,0,-0.012829601587912465,0,138.18150024414064,2.1598063258415285,0
2006-11-17,117037.7253902451,117037.7253902451,0,0,-0.012829601587912465,0,138.36050033569336,1.9083524637255558,0
2006-11-20,117037.7253902451,117037.7253902451,0,0,-0.012829601587912465,0,138.51200027465819,1.7232001796206009,0
2006-11-21,117037.7253902451,117037.7253902451,0,0,-0.012829601587912465,0,138.65000000000001,1.6149781296485268,0
2006-11-22,117037.7253902451,117037.7253902451,0,0,-0.012829601587912465,0,138.77849960327148,1.6165199709573039,0
2006-11-24,117037.7253902451,117037.7253902451,0,0,-0.012829601587912465,0,138.85699996948242,1.0911221601258125,0
2006-11-27,117037.7253902451,117037.7253902451,0,0,-0.012829601587912465,0,138.88249969482422,-0.34129817384393601,0
2006-11-28,117037.7253902451,117037.7253902451,0,0,-0.012829601587912465,0,138.94300003051757,0.057779891501748178,0
2006-11-29,117037.7253902451,117037.7253902451,0,0,-0.012829601587912465,0,139.07700042724611,1.0358976902010273,0
2006-11-30,117037.7253902451,117037.7253902451,0,0,-0.012829601587912465,0,139.26050033569337,0.99300024329381154,0
2006-12-01,117037.7253902451,117037.7253902451,0,0,-0.012829601587912465,0,139.43250045776367,0.67947834461940515,0
2006-12-04,117037.7253902451,117037.7253902451,0,0,-0.012829601587912465,0,139.67000045776368,1.5877637028996252,0
2006-12-05,117037.7253902451,117037.7253902451,0,0,-0.012829601587912465,0,139.86100006103516,1.9208740492926593,0
2006-12-06,117037.7253902451,117037.7253902451,0,0,-0.012829601587912465,0,140.01949996948241,1.6020945215907392,0
2006-12-07,117037.7253902451,117037.7253902451,0,0,-0.012829601587912465,0,140.13199996948242,0.93907876478878582,0
2006-12-08,117037.7253902451,117037.7253902451,0,0,-0.012829601587912465,0,140.29400024414062,1.0913308816840408,0
2006-12-11,117037.7253902451,117037.7253902451,0,0,-0.012829601587912465,0,140.47350006103517,1.399615525514599,0
2006-12-12,117037.7253902451,117037.7253902451,0,0,-0.012829601587912465,0,140.63050003051757,1.2082370692746078,0
2006-12-13,117037.7253902451,117037.7253902451,0,0,-0.012829601587912465,0,140.74300003051758,1.2398654535140381,0
2006-12-14,117037.7253902451,117037.7253902451,0,0,-0.012829601587912465,0,140.89799957275392,2.1596574373339084,0
2006-12-15,117037.7253902451,117037.7253902451,0,0,-0.012829601587912465,0,140.99599914550782,1.2590389294237374,0
2006-12-18,117037.7253902451,117037.7253902451,0,0,-0.012829601587912465,0,141.07249908447267,0.81383346257254519,0
2006-12-19,117037.7253902451,117037.7253902451,0,0,-0.012829601587912465,0,141.15849914550782,0.96715059827521088,0
2006-12-20,117037.7253902451,117037.7253902451,0,0,-0.012829601587912465,0,141.23349914550781,0.81612738092387604,0
2006-12-21,117037.7253902451,117037.7253902451,0,0,-0.012829601587912465,0,141.26849899291992,0.316283567799652,0
2006-12-22,117037.7253902451,117037.7253902451,0,0,-0.012829601587912465,0,141.28849868774415,-0.49037171233946819,0
2006-12-26,117037.7253902451,117037.7253902451,0,0,-0.012829601587912465,0,141.44649887084961,0.15176771154911897,0
2006-12-27,117037.7253902451,117037.7253902451,0,0,-0.012829601587912465,0,141.62099838256836,1.250375722576293,0
2006-12-28,117037.7253902451,117037.7253902451,0,0,-0.012829601587912465,0,141.70799865722657,0.74915322394076944,0
2006-12-29,117037.7253902451,117037.7253902451,0,0,-0.012829601587912465,0,141.76249847412109,-0.23206809483583349,0
2007-01-03,117037.7253902451,117037.7253902451,0,0,-0.012829601587912465,0,141.81999816894532,-0.87831681341277901,0
2007-01-04,117037.7253902451,117037.7253902451,0,0,-0.012829601587912465,0,141.83899841308593,-0.33853018860248002,0
2007-01-05,117037.7253902451,117037.7253902451,0,0,-0.012829601587912465,0,141.77099838256837,-2.146880394395692,1
2007-01-08,117285.58873615372,0,830.69329774129835,0.0021178072718188723,-0.010738964939631002,1,141.74149856567382,-0.93922549867019089,1
2007-01-09,117185.90959654438,0,830.69329774129835,-0.00084988395150209506,-0.011579722017175165,1,141.73699874877929,-1.1267768957189526,1
2007-01-10,117576.3237851389,0,830.69329774129835,0.0033315796236821349,-0.0082867211594132018,1,141.74299850463868,-0.34448235975501362,1
2007-01-11,118091.36224899269,0,830.69329774129835,0.0043804606852224648,-0.0039425601304389213,1,141.75949859619141,0.67188580003107934,0
2007-01-12,118023.00568017416,118023.00568017416,0,-0.00057884478184277999,-0.0045191227819231239,0,141.83549880981445,2.0729389057708278,0
2007-01-16,118023.00568017416,118023.00568017416,0,0,-0.0045191227819231239,0,141.88999938964844,1.484887904677304,0
2007-01-17,118023.00568017416,118023.00568017416,0,0,-0.0045191227819231239,0,141.8849998474121,1.5933317887204652,0
2007-01-18,118023.00568017416,118023.00568017416,0,0,-0.0045191227819231239,0,141.89499969482421,0.89579215380603572,0
2007-01-19,118023.00568017416,118023.00568017416,0,0,-0.0045191227819231239,0,141.93850021362306,1.178831253392091,0
2007-01-22,118023.00568017416,118023.00568017416,0,0,-0.0045191227819231239,0,141.94650039672851,0.57677889596152632,0
2007-01-23,118023.00568017416,118023.00568017416,0,0,-0.0045191227819231239,0,141.979500579834,1.0607163719226229,0
2007-01-24,118023.00568017416,118023.00568017416,0,0,-0.0045191227819231239,0,142.09600067138672,2.1094489873587423,0
2007-01-25,118023.00568017416,118023.00568017416,0,0,-0.0045191227819231239,0,142.1715003967285,0.10751069471280136,0
2007-01-26,118023.00568017416,118023.00568017416,0,0,-0.0045191227819231239,0,142.19900054931639,-0.084968910242417414,0
2007-01-29,118023.00568017416,118023.00568017416,0,0,-0.0045191227819231239,0,142.17600097656251,-0.15567088998819065,0
2007-01-30,118023.00568017416,118023.00568017416,0,0,-0.0045191227819231239,0,142.20500030517579,0.71305772358642827,0
2007-01-31,118023.00568017416,118023.00568017416,0,0,-0.0045191227819231239,0,142.31150054931641,1.6457958321202004,0
2007-02-01,118023.00568017416,118023.00568017416,0,0,-0.0045191227819231239,0,142.4735008239746,2.1833507378012844,0
2007-02-02,118023.00568017416,118023.00568017416,0,0,-0.0045191227819231239,0,142.63050079345703,2.0118741790102268,0
2007-02-05,118023.00568017416,118023.00568017416,0,0,-0.0045191227819231239,0,142.84600143432618,1.8647483738171715,0
2007-02-06,118023.00568017416,118023.00568017416,0,0,-0.0045191227819231239,0,143.03100128173827,1.7023618606252335,0
2007-02-07,118023.00568017416,118023.00568017416,0,0,-0.0045191227819231239,0,143.23800125122071,1.8041239711808992,0
2007-02-08,118023.00568017416,118023.00568017416,0,0,-0.0045191227819231239,0,143.4120018005371,1.4808468958743324,0
2007-02-09,118023.00568017416,118023.00568017416,0,0,-0.0045191227819231239,0,143.50100173950196,0.41729238024808668,0
2007-02-12,118023.00568017416,118023.00568017416,0,0,-0.0045191227819231239,0,143.51150131225586,-0.058552650051582424,0
2007-02-13,118023.00568017416,118023.00568017416,0,0,-0.0045191227819231239,0,143.59650115966798,0.99306730622915063,0
2007-02-14,118023.00568017416,118023.00568017416,0,0,-0.0045191227819231239,0,143.72600097656249,1.64217301584922,0
2007-02-15,118023.00568017416,118023.00568017416,0,0,-0.0045191227819231239,0,143.88900146484374,1.5956179411158384,0
2007-02-16,118023.00568017416,118023.00568017416,0,0,-0.0045191227819231239,0,144.03450088500978,1.3727305239945071,0
2007-02-20,118023.00568017416,118023.00568017416,0,0,-0.0045191227819231239,0,144.21750030517578,1.4609055334685244,0
2007-02-21,118023.00568017416,118023.00568017416,0,0,-0.0045191227819231239,0,144.37649993896486,1.2733165947366385,0
2007-02-22,118023.00568017416,118023.00568017416,0,0,-0.0045191227819231239,0,144.47249984741211,1.0784902407613777,0
2007-02-23,118023.00568017416,118023.00568017416,0,0,-0.0045191227819231239,0,144.6245002746582,0.56185814177428728,0
2007-02-26,118023.00568017416,118023.00568017416,0,0,-0.0045191227819231239,0,144.77649993896483,0.37081376915337422,0
2007-02-27,118023.00568017416,118023.00568017416,0,0,-0.0045191227819231239,0,144.64899978637695,-3.5278551644695391,1
2007-02-28,118416.75478522544,0,840.25233051456257,0.0033362063843576095,-0.0011979931238421671,1,144.55599975585938,-2.2315155551827379,1
2007-03-01,118063.85034495727,0,840.25233051456257,-0.0029801900998572828,-0.0041746129764521633,1,144.39399948120118,-2.1063641492952287,1
2007-03-02,116517.78913390642,0,840.25233051456257,-0.013095127818833596,-0.017215073704764938,1,144.09699935913085,-2.4398040047410396,1
2007-03-05,115408.66272466839,0,840.25233051456257,-0.0095189448536771026,-0.026570149221194383,1,143.72399978637696,-2.3989990175972906,1
2007-03-06,117383.24800863778,0,840.25233051456257,0.017109506663985696,-0.0099152447023718171,1,143.46649932861328,-1.3539066603964607,0
2007-03-07,117231.17432956216,117231.17432956216,0,-0.0012955313612077468,-0.011197930553113578,0,143.19999923706055,-1.2611895514505254,0
2007-03-08,117231.17432956216,117231.17432956216,0,0,-0.011197930553113578,0,142.97649917602538,-0.77255762401112726,0
2007-03-09,117231.17432956216,117231.17432956216,0,0,-0.011197930553113578,0,142.76449890136718,-0.68602303572851753,0
2007-03-12,117231.17432956216,117231.17432956216,0,0,-0.011197930553113578,0,142.61699905395508,-0.56021165758385827,0
2007-03-13,117231.17432956216,117231.17432956216,0,0,-0.011197930553113578,0,142.35699920654298,-1.3477604588051946,0
2007-03-14,117231.17432956216,117231.17432956216,0,0,-0.011197930553113578,0,142.08799896240234,-0.91481141295971047,0
2007-03-15,117231.17432956216,117231.17432956216,0,0,-0.011197930553113578,0,141.78099899291993,-0.76820327215053319,0
2007-03-16,117231.17432956216,117231.17432956216,0,0,-0.011197930553113578,0,141.41749877929686,-0.98242364210269051,0
2007-03-19,117231.17432956216,117231.17432956216,0,0,-0.011197930553113578,0,141.14099884033203,-0.33897178317837873,0
2007-03-20,117231.17432956216,117231.17432956216,0,0,-0.011197930553113578,0,140.88749923706055,0.032501166403937208,0
2007-03-21,117231.17432956216,117231.17432956216,0,0,-0.011197930553113578,0,140.75299911499025,1.0899870441829393,0
2007-03-22,117231.17432956216,117231.17432956216,0,0,-0.011197930553113578,0,140.61849899291991,1.2232716079892418,0
2007-03-23,117231.17432956216,117231.17432956216,0,0,-0.011197930553113578,0,140.52299880981445,1.4978226316863834,0
2007-03-26,117231.17432956216,117231.17432956216,0,0,-0.011197930553113578,0,140.42449874877929,1.6207142804116674,0
2007-03-27,117231.17432956216,117231.17432956216,0,0,-0.011197930553113578,0,140.59249877929688,1.275905895559047,0
2007-03-28,117231.17432956216,117231.17432956216,0,0,-0.011197930553113578,0,140.63699951171876,0.65865141398860794,0
2007-03-29,117231.17432956216,117231.17432956216,0,0,-0.011197930553113578,0,140.70999984741212,0.69269478322896061,0
2007-03-30,117231.17432956216,117231.17432956216,0,0,-0.011197930553113578,0,140.87649993896486,0.63240767562559586,0
2007-04-02,117231.17432956216,117231.17432956216,0,0,-0.011197930553113578,0,141.11699981689452,0.65202647701921501,0
2007-04-03,117231.17432956216,117231.17432956216,0,0,-0.011197930553113578,0,141.31650009155274,1.4313664821990715,0
2007-04-04,117231.17432956216,117231.17432956216,0,0,-0.011197930553113578,0,141.53100051879883,1.3687921276988633,0
2007-04-05,117231.17432956216,117231.17432956216,0,0,-0.011197930553113578,0,141.70600051879882,1.4220427905712372,0
2007-04-09,117231.17432956216,117231.17432956216,0,0,-0.011197930553113578,0,141.88900070190431,1.3689149179831523,0
2007-04-10,117231.17432956216,117231.17432956216,0,0,-0.011197930553113578,0,142.07000045776368,1.3082131107441488,0
2007-04-11,117231.17432956216,117231.17432956216,0,0,-0.011197930553113578,0,142.35850067138671,0.93659653792997422,0
2007-04-12,117231.17432956216,117231.17432956216,0,0,-0.011197930553113578,0,142.62750091552735,1.2006626067153374,0
2007-04-13,117231.17432956216,117231.17432956216,0,0,-0.011197930553113578,0,142.92000122070311,1.4759659850948712,0
2007-04-16,117231.17432956216,117231.17432956216,0,0,-0.011197930553113578,0,143.3285011291504,2.2587315090189803,0
2007-04-17,117231.17432956216,117231.17432956216,0,0,-0.011197930553113578,0,143.67300109863282,2.2398030892001457,0
2007-04-18,117231.17432956216,117231.17432956216,0,0,-0.011197930553113578,0,143.98800125122071,2.0716745593058654,0
2007-04-19,117231.17432956216,117231.17432956216,0,0,-0.011197930553113578,0,144.18500137329102,1.7662510466799777,0
2007-04-20,117231.17432956216,117231.17432956216,0,0,-0.011197930553113578,0,144.45700149536134,2.1268837283082758,0
2007-04-23,117231.17432956216,117231.17432956216,0,0,-0.011197930553113578,0,144.69050140380858,1.6120816487431084,0
2007-04-24,117231.17432956216,117231.17432956216,0,0,-0.011197930553113578,0,144.93650131225587,1.4553030014715023,0
2007-04-25,117231.17432956216,117231.17432956216,0,0,-0.011197930553113578,0,145.26750106811522,1.7974846512427252,0
2007-04-26,117231.17432956216,117231.17432956216,0,0,-0.011197930553113578,0,145.65900039672852,1.6709097834435207,0
2007-04-27,117231.17432956216,117231.17432956216,0,0,-0.011197930553113578,0,146.0370002746582,1.4720034969872819,0
2007-04-30,117231.17432956216,117231.17432956216,0,0,-0.011197930553113578,0,146.35149993896485,0.86945113529555518,0
2007-05-01,117231.17432956216,117231.17432956216,0,0,-0.011197930553113578,0,146.67699966430663,0.96614101050247136,0
2007-05-02,117231.17432956216,117231.17432956216,0,0,-0.011197930553113578,0,146.96949920654296,1.2643218696232426,0
2007-05-03,117231.17432956216,117231.17432956216,0,0,-0.011197930553113578,0,147.29449920654298,1.50667481704714,0
2007-05-04,117231.17432956216,117231.17432956216,0,0,-0.011197930553113578,0,147.62849884033204,1.6076450877095958,0
2007-05-07,117231.17432956216,117231.17432956216,0,0,-0.011197930553113578,0,147.95399856567383,1.4743761650355245,0
2007-05-08,117231.17432956216,117231.17432956216,0,0,-0.011197930553113578,0,148.26099853515626,1.2657667219290178,0
2007-05-09,117231.17432956216,117231.17432956216,0,0,-0.011197930553113578,0,148.61799850463868,1.4078469272294654,0
2007-05-10,117231.17432956216,117231.17432956216,0,0,-0.011197930553113578,0,148.86399841308594,0.45626110464726899,0
2007-05-11,117231.17432956216,117231.17432956216,0,0,-0.011197930553113578,0,149.14099807739257,1.2287582176528771,0
2007-05-14,117231.17432956216,117231.17432956216,0,0,-0.011197930553113578,0,149.33249816894531,0.91335074112748349,0
2007-05-15,117231.17432956216,117231.17432956216,0,0,-0.011197930553113578,0,149.50649871826172,0.86436801258215912,0
2007-05-16,117231.17432956216,117231.17432956216,0,0,-0.011197930553113578,0,149.72299880981444,1.5663348718978409,0
2007-05-17,117231.17432956216,117231.17432956216,0,0,-0.011197930553113578,0,149.9264991760254,1.2495651299902995,0
2007-05-18,117231.17432956216,117231.17432956216,0,0,-0.011197930553113578,0,150.12649917602539,2.0738795178120881,0
2007-05-21,117231.17432956216,117231.17432956216,0,0,-0.011197930553113578,0,150.35049896240236,1.8039281474849564,0
2007-05-22,117231.17432956216,117231.17432956216,0,0,-0.011197930553113578,0,150.56549911499025,1.5716565505875397,0
2007-05-23,117231.17432956216,117231.17432956216,0,0,-0.011197930553113578,0,150.7134994506836,1.4157445607486292,0
2007-05-24,117231.17432956216,117231.17432956216,0,0,-0.011197930553113578,0,150.78399963378905,0.23066680176067342,0
2007-05-25,117231.17432956216,117231.17432956216,0,0,-0.011197930553113578,0,150.89199981689453,0.67871078528428164,0
2007-05-29,117231.17432956216,117231.17432956216,0,0,-0.011197930553113578,0,151.08950042724609,1.0990914389464872,0
2007-05-30,117231.17432956216,117231.17432956216,0,0,-0.011197930553113578,0,151.33000030517579,2.1174992933170573,0
2007-05-31,117231.17432956216,117231.17432956216,0,0,-0.011197930553113578,0,151.51900100708008,1.7719992624684504,0
2007-06-01,117231.17432956216,117231.17432956216,0,0,-0.011197930553113578,0,151.70550079345702,2.1171942529127481,0
2007-06-04,117231.17432956216,117231.17432956216,0,0,-0.011197930553113578,0,151.86450119018554,1.8323903745477508,0
2007-06-05,117231.17432956216,117231.17432956216,0,0,-0.011197930553113578,0,151.99150161743165,1.1987827318301989,0
2007-06-06,117231.17432956216,117231.17432956216,0,0,-0.011197930553113578,0,152.04600143432617,-0.16912591102706229,0
2007-06-07,117231.17432956216,117231.17432956216,0,0,-0.011197930553113578,0,151.9430015563965,-2.0802559918355557,1
2007-06-08,118315.25423890025,0,783.33725832973096,0.0092473688465366521,-0.0020541131007195679,1,152.0160011291504,-0.76587829987209044,1
2007-06-11,118518.9295758439,0,783.33725832973096,0.001721463037491322,-0.00033618614300601202,1,152.03800125122069,-0.58668634473599901,1
2007-06-12,117226.41592793305,0,783.33725832973096,-0.010905546080583917,-0.011238065930115781,1,151.99400100708007,-1.7709795615181421,1
2007-06-13,118981.09568959172,0,783.33725832973096,0.014968296588862673,0,1,152.06000061035155,-0.13248144927605107,1
2007-06-14,119740.9337863938,0,783.33725832973096,0.0063862086022843378,0,1,152.12300033569335,0.57132261144888419,0
2007-06-15,120413.15637033693,120413.15637033693,0,0.0056139747927999029,0,0,152.21150054931641,0.66488692785204062,0
2007-06-18,120413.15637033693,120413.15637033693,0,0,0,0,152.22500076293946,0.51279691738849165,0
2007-06-19,120413.15637033693,120413.15637033693,0,0,0,0,152.26150131225586,0.76674690578063043,0
2007-06-20,120413.15637033693,120413.15637033693,0,0,0,0,152.197501373291,-0.79095492152150049,0
2007-06-21,120413.15637033693,120413.15637033693,0,0,0,0,152.17450103759765,-0.14552451037540268,0
2007-06-22,120413.15637033693,120413.15637033693,0,0,0,0,152.14900131225585,-1.1738181653040172,0
2007-06-25,120413.15637033693,120413.15637033693,0,0,0,0,152.05600128173828,-1.5341335135591729,0
2007-06-26,120413.15637033693,120413.15637033693,0,0,0,0,151.85850067138671,-2.14264337719779,1
2007-06-27,122196.29054170204,1.4551915228366852e-11,812.47536902033335,0.014808466326395209,0,0.99999999999999989,151.70450057983399,-0.79025131917682712,1
2007-06-28,122180.04996044263,1.4551915228366852e-11,812.47536902033335,-0.00013290568140333914,-0.00013290568140333914,0.99999999999999989,151.55750045776367,-0.72188948018257415,1
2007-06-29,122220.66381098142,1.4551915228366852e-11,812.47536902033335,0.00033240983738291874,0,0.99999999999999989,151.375,-0.6134999407651297,1
2007-07-02,123325.6308087447,1.4551915228366852e-11,812.47536902033335,0.0090407543479893437,0,0.99999999999999989,151.25949935913087,0.37542765396467787,0
2007-07-03,123579.67445891364,123579.67445891364,0,0.0020599420291058657,0,0,151.20199890136718,0.84750988011091133,0
2007-07-05,123579.67445891364,123579.67445891364,0,0,0,0,151.21899871826173,0.71035391758356536,0
2007-07-06,123579.67445891364,123579.67445891364,0,0,0,0,151.41299819946289,1.1937544716175315,0
2007-07-09,123579.67445891364,123579.67445891364,0,0,0,0,151.51599884033203,1.1652725064488967,0
2007-07-10,123579.67445891364,123579.67445891364,0,0,0,0,151.49699859619142,-0.4227494254936765,0
2007-07-11,123579.67445891364,123579.67445891364,0,0,0,0,151.6139991760254,0.28916906983631296,0
2007-07-12,123579.67445891364,123579.67445891364,0,0,0,0,151.7389991760254,1.8485416395599836,0
2007-07-13,123579.67445891364,123579.67445891364,0,0,0,0,151.8384994506836,1.9170146489104229,0
2007-07-16,123579.67445891364,123579.67445891364,0,0,0,0,151.9264991760254,1.7254293463310382,0
2007-07-17,123579.67445891364,123579.67445891364,0,0,0,0,152.01949920654297,1.5323310620040418,0
2007-07-18,123579.67445891364,123579.67445891364,0,0,0,0,152.07949905395509,1.2976306456252615,0
2007-07-19,123579.67445891364,123579.67445891364,0,0,0,0,152.2759994506836,1.4412575449375138,0
2007-07-20,123579.67445891364,123579.67445891364,0,0,0,0,152.35199966430665,0.58714645460273196,0
2007-07-23,123579.67445891364,123579.67445891364,0,0,0,0,152.52299957275392,0.7460178763583285,0
2007-07-24,123579.67445891364,123579.67445891364,0,0,0,0,152.59649963378905,-0.69610095395538207,0
2007-07-25,123579.67445891364,123579.67445891364,0,0,0,0,152.76249999999999,-0.71992483002980123,0
2007-07-26,123579.67445891364,123579.67445891364,0,0,0,0,152.64350051879882,-2.5096265783358374,1
2007-07-27,120933.39818062534,0,833.39120441019725,-0.021413523622512032,-0.021413523622512032,1,152.38000030517577,-2.9914493175852837,1
2007-07-30,122825.19977526786,0,833.39120441019725,0.01564333445601962,-0.0061051680784012241,1,152.22750091552734,-1.8397160331725704,1
2007-07-31,121441.7673239772,0,833.39120441019725,-0.011263425207709066,-0.017299828182078758,1,151.92400131225585,-2.0727874904043837,1
2007-08-01,122033.4679578457,0,833.39120441019725,0.0048722992666105913,-0.01251181885563224,1,151.62850112915038,-1.6141861781722506,1
2007-08-02,123008.54685756135,0,833.39120441019725,0.00799025804996778,-0.0046215334669955643,1,151.39950180053711,-1.1396237441906651,0
2007-08-03,122679.48464042651,122679.48464042651,0,-0.0026751166934431136,-0.0072842870191117681,0,150.94050216674805,-1.931449754964607,0
2007-08-06,122679.48464042651,122679.48464042651,0,0,-0.0072842870191117681,0,150.59600219726562,-1.1544266171180326,0
2007-08-07,122679.48464042651,122679.48464042651,0,0,-0.0072842870191117681,0,150.43850250244139,-0.69355350850944941,0
2007-08-08,122679.48464042651,122679.48464042651,0,0,-0.0072842870191117681,0,150.33050231933595,-0.13058369524530147,0
2007-08-09,122679.48464042651,122679.48464042651,0,0,-0.0072842870191117681,0,149.88050231933593,-1.1639417636553042,0
2007-08-10,122679.48464042651,122679.48464042651,0,0,-0.0072842870191117681,0,149.37350234985351,-1.2151311518897301,0
2007-08-13,122679.48464042651,122679.48464042651,0,0,-0.0072842870191117681,0,148.89350204467775,-0.98374479798014047,0
2007-08-14,122679.48464042651,122679.48464042651,0,0,-0.0072842870191117681,0,148.30650177001954,-1.4394080881077278,0
2007-08-15,122679.48464042651,122679.48464042651,0,0,-0.0072842870191117681,0,147.635001373291,-1.7734202362261335,0
2007-08-16,122679.48464042651,122679.48464042651,0,0,-0.0072842870191117681,0,146.98650131225585,-1.4003305571842113,0
2007-08-17,122679.48464042651,122679.48464042651,0,0,-0.0072842870191117681,0,146.54700164794923,-0.57741172210981639,0
2007-08-20,122679.48464042651,122679.48464042651,0,0,-0.0072842870191117681,0,146.08050155639648,-0.53203763395370829,0
2007-08-21,122679.48464042651,122679.48464042651,0,0,-0.0072842870191117681,0,145.76200103759766,-0.34157152688886144,0
2007-08-22,122679.48464042651,122679.48464042651,0,0,-0.0072842870191117681,0,145.51400070190431,0.55422812979255687,0
2007-08-23,122679.48464042651,122679.48464042651,0,0,-0.0072842870191117681,0,145.43900070190429,0.54514272305905098,0
2007-08-24,122679.48464042651,122679.48464042651,0,0,-0.0072842870191117681,0,145.60000076293946,1.3136631778814569,0
2007-08-27,122679.48464042651,122679.48464042651,0,0,-0.0072842870191117681,0,145.57850036621093,0.66519635091576068,0
2007-08-28,122679.48464042651,122679.48464042651,0,0,-0.0072842870191117681,0,145.47850036621094,-0.83712560291659344,0
2007-08-29,122679.48464042651,122679.48464042651,0,0,-0.0072842870191117681,0,145.4840003967285,0.50207292184953145,0
2007-08-30,122679.48464042651,122679.48464042651,0,0,-0.0072842870191117681,0,145.41149978637696,0.35963076321271314,0
2007-08-31,122679.48464042651,122679.48464042651,0,0,-0.0072842870191117681,0,145.60099945068359,0.96048585066680636,0
2007-09-04,122679.48464042651,122679.48464042651,0,0,-0.0072842870191117681,0,145.74449920654297,1.5138954133779652,0
2007-09-05,122679.48464042651,122679.48464042651,0,0,-0.0072842870191117681,0,145.74549865722656,0.92755287368960515,0
2007-09-06,122679.48464042651,122679.48464042651,0,0,-0.0072842870191117681,0,145.66049880981444,1.1907181267817875,0
2007-09-07,122679.48464042651,122679.48464042651,0,0,-0.0072842870191117681,0,145.69449920654296,0.1809831017873865,0
2007-09-10,122679.48464042651,122679.48464042651,0,0,-0.0072842870191117681,0,145.74849853515624,0.020118506513383715,0
2007-09-11,122679.48464042651,122679.48464042651,0,0,-0.0072842870191117681,0,145.86149902343749,0.77818333628055236,0
2007-09-12,122679.48464042651,122679.48464042651,0,0,-0.0072842870191117681,0,146.10449905395507,0.87027234756873628,0
2007-09-13,122679.48464042651,122679.48464042651,0,0,-0.0072842870191117681,0,146.49799957275391,1.3762125442989872,0
2007-09-14,122679.48464042651,122679.48464042651,0,0,-0.0072842870191117681,0,146.83799896240234,1.3663369452869842,0
2007-09-17,122679.48464042651,122679.48464042651,0,0,-0.0072842870191117681,0,147.00749893188475,0.75354435266245112,0
2007-09-18,122679.48464042651,122679.48464042651,0,0,-0.0072842870191117681,0,147.39849929809571,2.8494178340601839,0
2007-09-19,122679.48464042651,122679.48464042651,0,0,-0.0072842870191117681,0,147.81999969482422,2.6262165424756354,0
2007-09-20,122679.48464042651,122679.48464042651,0,0,-0.0072842870191117681,0,148.10149993896485,1.8155588709081263,0
2007-09-21,122679.48464042651,122679.48464042651,0,0,-0.0072842870191117681,0,148.37399978637694,1.4872938358701582,0
2007-09-24,122679.48464042651,122679.48464042651,0,0,-0.0072842870191117681,0,148.54199981689453,1.247548225693303,0
2007-09-25,122679.48464042651,122679.48464042651,0,0,-0.0072842870191117681,0,148.76399993896484,1.022412920955577,0
2007-09-26,122679.48464042651,122679.48464042651,0,0,-0.0072842870191117681,0,149.1875,1.2540643399332998,0
2007-09-27,122679.48464042651,122679.48464042651,0,0,-0.0072842870191117681,0,149.5150001525879,1.4551237257683414,0
2007-09-28,122679.48464042651,122679.48464042651,0,0,-0.0072842870191117681,0,149.83650054931641,1.1356369842648941,0
2007-10-01,122679.48464042651,122679.48464042651,0,0,-0.0072842870191117681,0,150.17200088500977,1.6232039948699379,0
2007-10-02,122679.48464042651,122679.48464042651,0,0,-0.0072842870191117681,0,150.42250061035156,1.3751650706913419,0
2007-10-03,122679.48464042651,122679.48464042651,0,0,-0.0072842870191117681,0,150.72200088500978,1.1364917361157874,0
2007-10-04,122679.48464042651,122679.48464042651,0,0,-0.0072842870191117681,0,151.01650085449219,1.1070125856914905,0
2007-10-05,122679.48464042651,122679.48464042651,0,0,-0.0072842870191117681,0,151.50550079345703,1.6342811143914096,0
2007-10-08,122679.48464042651,122679.48464042651,0,0,-0.0072842870191117681,0,151.96700134277344,1.2635446394161096,0
2007-10-09,122679.48464042651,122679.48464042651,0,0,-0.0072842870191117681,0,152.4165008544922,1.7091841233693916,0
2007-10-10,122679.48464042651,122679.48464042651,0,0,-0.0072842870191117681,0,152.83400115966796,1.4894862337556731,0
2007-10-11,122679.48464042651,122679.48464042651,0,0,-0.0072842870191117681,0,153.16200103759766,1.0717282554815797,0
2007-10-12,122679.48464042651,122679.48464042651,0,0,-0.0072842870191117681,0,153.53350143432618,1.3822296837207269,0
2007-10-15,122679.48464042651,122679.48464042651,0,0,-0.0072842870191117681,0,153.87900085449218,0.70050400499194432,0
2007-10-16,122679.48464042651,122679.48464042651,0,0,-0.0072842870191117681,0,153.94500045776368,-0.10431023056884847,0
2007-10-17,122679.48464042651,122679.48464042651,0,0,-0.0072842870191117681,0,153.9895004272461,0.1651590391669954,0
2007-10-18,122679.48464042651,122679.48464042651,0,0,-0.0072842870191117681,0,154.06000061035155,-0.24181545138019664,0
2007-10-19,122679.48464042651,122679.48464042651,0,0,-0.0072842870191117681,0,153.94500045776368,-2.4386274921164039,1
2007-10-22,124000.99948951165,0,823.70801793395697,0.010772093255514648,0,1,153.88749999999999,-1.8167011760636902,1
2007-10-23,125005.92427689403,0,823.70801793395697,0.0081041668334889128,0,1,153.90599975585937,-1.1796618627734425,1
2007-10-24,124775.28703737547,0,823.70801793395697,-0.0018450104733251926,-0.0018450104733251926,1,153.87049942016603,-1.2860423677758592,1
2007-10-25,125071.82242658317,0,823.70801793395697,0.0023765554562007463,0,1,153.80799942016603,-1.0333690089764431,1
2007-10-26,126538.02169300267,0,823.70801793395697,0.011722858418251381,0,1,153.85999908447266,-0.12736999074166502,0
2007-10-29,126728.9724829725,126728.9724829725,0,0.0015090388439382707,0,0,153.85149917602538,0.14793012479110687,0
2007-10-30,126728.9724829725,126728.9724829725,0,0,0,0,153.79999923706055,-0.3916324733641825,0
2007-10-31,126728.9724829725,126728.9724829725,0,0,0,0,153.84349899291993,0.42479239371241145,0
2007-11-01,126728.9724829725,126728.9724829725,0,0,0,0,153.69399871826172,-1.3359433735963921,0
2007-11-02,126728.9724829725,126728.9724829725,0,0,0,0,153.46149826049805,-1.1306166804712932,0
2007-11-05,126728.9724829725,126728.9724829725,0,0,0,0,153.2129981994629,-1.5079564028695569,0
2007-11-06,126728.9724829725,126728.9724829725,0,0,0,0,152.99249877929688,-0.468161129951914,0
2007-11-07,126728.9724829725,126728.9724829725,0,0,0,0,152.57699890136718,-2.2047485582832773,1
2007-11-08,125954.24162675519,0,855.89996257376947,-0.0061132891795631084,-0.0061132891795631084,1,152.1614990234375,-2.1609441415646757,1
2007-11-09,124225.32004555702,0,855.89996257376947,-0.013726584820553667,-0.019755959417661062,1,151.60199890136718,-2.5077231195542886,1
2007-11-12,122992.82200985127,0,855.89996257376947,-0.0099214720095207598,-0.029481423228798209,1,151.0364990234375,-2.464513716194471,1
2007-11-13,126741.66802512342,0,855.89996257376947,0.030480201641132298,0,1,150.75149917602539,-0.89846334867312372,1
2007-11-14,126390.7459060689,0,855.89996257376947,-0.0027687983322498555,-0.0027687983322498555,1,150.42249908447266,-0.93882888263752551,0
2007-11-15,125385.53915134433,125385.53915134433,0,-0.0079531673582464713,-0.010699944973978637,0,150.01499862670897,-1.4844473786488532,0
2007-11-16,125385.53915134433,125385.53915134433,0,0,-0.010699944973978637,0,149.82099838256835,-1.2787681930734309,0
2007-11-19,125385.53915134433,125385.53915134433,0,0,-0.010699944973978637,0,149.48199844360352,-1.6776723613954232,0
2007-11-20,125385.53915134433,125385.53915134433,0,0,-0.010699944973978637,0,149.12599868774413,-1.2729741707006987,0
2007-11-21,125385.53915134433,125385.53915134433,0,0,-0.010699944973978637,0,148.63599853515626,-1.8158879141437598,0
2007-11-23,125385.53915134433,125385.53915134433,0,0,-0.010699944973978637,0,148.25049896240233,-1.0629478667419712,0
2007-11-26,125385.53915134433,125385.53915134433,0,0,-0.010699944973978637,0,147.61699905395508,-1.6746688681308648,0
2007-11-27,125385.53915134433,125385.53915134433,0,0,-0.010699944973978637,0,147.03899917602538,-1.1668898265680034,0
2007-11-28,125385.53915134433,125385.53915134433,0,0,-0.010699944973978637,0,146.74249954223632,0.10844883101074357,0
2007-11-29,125385.53915134433,125385.53915134433,0,0,-0.010699944973978637,0,146.36899948120117,0.2629668345843682,0
2007-11-30,125385.53915134433,125385.53915134433,0,0,-0.010699944973978637,0,146.2504997253418,0.81815547415166801,0
2007-12-03,125385.53915134433,125385.53915134433,0,0,-0.010699944973978637,0,146.07449951171876,0.58547849623499493,0
2007-12-04,125385.53915134433,125385.53915134433,0,0,-0.010699944973978637,0,145.88999938964844,0.18158532491399057,0
2007-12-05,125385.53915134433,125385.53915134433,0,0,-0.010699944973978637,0,145.72699890136718,1.3533469480028062,0
2007-12-06,125385.53915134433,125385.53915134433,0,0,-0.010699944973978637,0,145.87849884033204,2.0186227781237918,0
2007-12-07,125385.53915134433,125385.53915134433,0,0,-0.010699944973978637,0,146.06599884033204,1.7764225246292622,0
2007-12-10,125385.53915134433,125385.53915134433,0,0,-0.010699944973978637,0,146.41299896240236,1.8805844741592124,0
2007-12-11,125385.53915134433,125385.53915134433,0,0,-0.010699944973978637,0,146.62349929809571,0.43416281181615984,0
2007-12-12,125385.53915134433,125385.53915134433,0,0,-0.010699944973978637,0,146.68799896240233,0.89165416919478724,0
2007-12-13,125385.53915134433,125385.53915134433,0,0,-0.010699944973978637,0,146.75749893188475,0.75600881872010051,0
2007-12-14,125385.53915134433,125385.53915134433,0,0,-0.010699944973978637,0,146.8389991760254,0.10910689356925926,0
2007-12-17,125385.53915134433,125385.53915134433,0,0,-0.010699944973978637,0,146.80299987792969,-0.56816178566100695,0
2007-12-18,125385.53915134433,125385.53915134433,0,0,-0.010699944973978637,0,146.90900039672852,-0.34546529964074074,0
2007-12-19,125385.53915134433,125385.53915134433,0,0,-0.010699944973978637,0,146.97100067138672,-0.37065823071734821,0
2007-12-20,125385.53915134433,125385.53915134433,0,0,-0.010699944973978637,0,147.22700119018555,-0.15913505823001059,0
2007-12-21,125385.53915134433,125385.53915134433,0,0,-0.010699944973978637,0,147.42700119018554,0.2711694249037005,0
2007-12-24,125385.53915134433,125385.53915134433,0,0,-0.010699944973978637,0,147.84100112915038,0.64659939611115358,0
2007-12-26,125385.53915134433,125385.53915134433,0,0,-0.010699944973978637,0,148.19000091552735,0.75443672798465622,0
2007-12-27,125385.53915134433,125385.53915134433,0,0,-0.010699944973978637,0,148.21700057983398,-0.30548600004619825,0
2007-12-28,125385.53915134433,125385.53915134433,0,0,-0.010699944973978637,0,148.22300109863281,-0.51641738315345909,0
2007-12-31,125385.53915134433,125385.53915134433,0,0,-0.010699944973978637,0,148.10050125122069,-1.029431613530311,0
2008-01-02,125385.53915134433,125385.53915134433,0,0,-0.010699944973978637,0,147.9630012512207,-1.546288755894502,0
2008-01-03,125385.53915134433,125385.53915134433,0,0,-0.010699944973978637,0,147.88800125122071,-1.4784436910658767,0
2008-01-04,125385.53915134433,125385.53915134433,0,0,-0.010699944973978637,0,147.51300125122071,-2.4962054895095314,1
2008-01-07,124773.96936303137,0,883.73091015996317,-0.0048775145240216311,-0.01552527036098339,1,147.0255012512207,-2.152568290343039,1
2008-01-08,122759.06396663973,0,883.73091015996317,-0.01614844351492295,-0.031423004924428177,1,146.42550125122071,-2.4347855075965978,1
2008-01-09,124049.30354406169,0,883.73091015996317,0.010510340627658987,-0.021242930782069513,1,145.84000091552736,-1.7822422027859572,1
2008-01-10,124862.33436324923,0,883.73091015996317,0.0065540941864197233,-0.014828064764791149,1,145.50900039672851,-1.3255047471848951,1
2008-01-11,123854.88166505341,0,883.73091015996317,-0.0080685076354967133,-0.022776932046513543,1,145.04800033569336,-1.5037587347643502,0
2008-01-14,124684.0847852424,124684.0847852424,0,0.0066949571065872959,-0.016234465522997121,0,144.65900039672852,-1.0496548623508828,0
2008-01-15,124684.0847852424,124684.0847852424,0,0,-0.016234465522997121,0,144.20900039672853,-1.7469121033063773,0
2008-01-16,124684.0847852424,124684.0847852424,0,0,-0.016234465522997121,0,143.80449981689452,-1.8007422932404762,0
2008-01-17,124684.0847852424,124684.0847852424,0,0,-0.016234465522997121,0,143.18199920654297,-2.2289834642779756,1
2008-01-18,122142.04016483159,0,924.89809497867316,-0.020387883704558352,-0.036291362832466922,1,142.49099884033203,-2.1080290042979692,1
2008-01-22,120902.68010463814,0,924.89809497867316,-0.010146875379852149,-0.046069994276293103,1,141.6869987487793,-2.0077203253558236,1
2008-01-23,123806.85955835819,0,924.89809497867316,0.024020802940071695,-0.023155829590182364,1,140.97349853515624,-1.2919471343992519,1
2008-01-24,124851.99892178806,0,924.89809497867316,0.0084416918994478785,-0.014909612069811007,1,140.26149902343749,-0.99283757255788718,1
2008-01-25,123048.43634631971,0,924.89809497867316,-0.014445604323869654,-0.029139838037097854,1,139.43599853515624,-1.2591324857202641,0
2008-01-28,123189.28909871289,123189.28909871289,0,0.0011446935578827144,-0.028028500664093792,0,138.81449890136719,-0.74683850111411521,0
2008-01-29,123189.28909871289,123189.28909871289,0,0,-0.028028500664093792,0,138.24499893188477,-0.53006950240673179,0
2008-01-30,123189.28909871289,123189.28909871289,0,0,-0.028028500664093792,0,137.67999877929688,-0.68255696117755804,0
2008-01-31,123189.28909871289,123189.28909871289,0,0,-0.028028500664093792,0,137.3019989013672,0.018368440079453926,0
2008-02-01,123189.28909871289,123189.28909871289,0,0,-0.028028500664093792,0,137.03799896240236,0.7651606667848484,0
2008-02-04,123189.28909871289,123189.28909871289,0,0,-0.028028500664093792,0,136.86349945068361,0.30060854464742559,0
2008-02-05,123189.28909871289,123189.28909871289,0,0,-0.028028500664093792,0,136.5104995727539,-0.77488437279595312,0
2008-02-06,123189.28909871289,123189.28909871289,0,0,-0.028028500664093792,0,136.21749954223634,-1.0189880935698348,0
2008-02-07,123189.28909871289,123189.28909871289,0,0,-0.028028500664093792,0,135.895499420166,-0.6566886911101828,0
2008-02-08,123189.28909871289,123189.28909871289,0,0,-0.028028500664093792,0,135.4845001220703,-0.86822985018440235,0
2008-02-11,123189.28909871289,123189.28909871289,0,0,-0.028028500664093792,0,135.16450042724608,-0.54674281246608858,0
2008-02-12,123189.28909871289,123189.28909871289,0,0,-0.028028500664093792,0,134.85000076293946,0.06440187615730078,0
2008-02-13,123189.28909871289,123189.28909871289,0,0,-0.028028500664093792,0,134.76000061035157,0.77801648045380178,0
2008-02-14,123189.28909871289,123189.28909871289,0,0,-0.028028500664093792,0,134.66950073242188,0.2491289819580759,0
2008-02-15,123189.28909871289,123189.28909871289,0,0,-0.028028500664093792,0,134.75500106811523,0.1933962606060449,0
2008-02-19,123189.28909871289,123189.28909871289,0,0,-0.028028500664093792,0,134.92800140380859,0.31204944747430441,0
2008-02-20,123189.28909871289,123189.28909871289,0,0,-0.028028500664093792,0,135.1880012512207,0.44585938340119119,0
2008-02-21,123189.28909871289,123189.28909871289,0,0,-0.028028500664093792,0,135.23450088500977,-0.27498658517847652,0
2008-02-22,123189.28909871289,123189.28909871289,0,0,-0.028028500664093792,0,135.26600036621093,0.21884805517436187,0
2008-02-25,123189.28909871289,123189.28909871289,0,0,-0.028028500664093792,0,135.48050079345703,1.1614719249574657,0
2008-02-26,123189.28909871289,123189.28909871289,0,0,-0.028028500664093792,0,135.63650054931639,1.5929864109806557,0
2008-02-27,123189.28909871289,123189.28909871289,0,0,-0.028028500664093792,0,135.75200042724609,1.371184424656638,0
2008-02-28,123189.28909871289,123189.28909871289,0,0,-0.028028500664093792,0,135.84999999999999,0.56517453723093847,0
2008-02-29,123189.28909871289,123189.28909871289,0,0,-0.028028500664093792,0,135.67250061035156,-1.0172827501037822,0
2008-03-03,123189.28909871289,123189.28909871289,0,0,-0.028028500664093792,0,135.36850051879884,-1.1379213373115447,0
2008-03-04,123189.28909871289,123189.28909871289,0,0,-0.028028500664093792,0,135.12700042724609,-1.3201626463347835,0
2008-03-05,123189.28909871289,123189.28909871289,0,0,-0.028028500664093792,0,135.11200027465821,-0.78685879276043791,0
2008-03-06,123189.28909871289,123189.28909871289,0,0,-0.028028500664093792,0,135.01249999999999,-2.1914641720896801,1
2008-03-07,123069.79961502676,0,948.80728737075515,-0.00096996650082448177,-0.028971280458205739,1,134.8015007019043,-2.3854495947604262,1
2008-03-10,121447.33278345666,0,948.80728737075515,-0.0131833060315798,-0.041772649233378312,1,134.54800033569336,-2.5383467679030969,1
2008-03-11,125811.85209642224,0,948.80728737075515,0.03593754768371582,-0.0073363081233621674,1,134.49050064086913,-0.72448757011679654,1
2008-03-12,124635.32584812841,0,948.80728737075515,-0.0093514738769773231,-0.016619176706570427,1,134.30900039672852,-1.0949537437465959,1
2008-03-13,124910.47359129981,0,948.80728737075515,0.0022076224481226703,-0.014448243126014559,1,134.07300033569337,-0.89440239493794094,0
2008-03-14,125909.16102415825,125909.16102415825,0,0.007995225733640865,-0.0065685343576206145,0,133.79500045776368,-1.4616818143660526,0
2008-03-17,125909.16102415825,125909.16102415825,0,0,-0.0065685343576206145,0,133.45300064086913,-1.6718614378729542,0
2008-03-18,125909.16102415825,125909.16102415825,0,0,-0.0065685343576206145,0,133.35850067138671,0.089130823485303906,0
2008-03-19,125909.16102415825,125909.16102415825,0,0,-0.0065685343576206145,0,133.0785011291504,-0.90289311851642617,0
2008-03-20,125909.16102415825,125909.16102415825,0,0,-0.0065685343576206145,0,132.9430015563965,-0.28422760669643449,0
2008-03-24,125909.16102415825,125909.16102415825,0,0,-0.0065685343576206145,0,132.89800186157225,0.60677203127236612,0
2008-03-25,125909.16102415825,125909.16102415825,0,0,-0.0065685343576206145,0,132.77400207519531,0.72454534363375667,0
2008-03-26,125909.16102415825,125909.16102415825,0,0,-0.0065685343576206145,0,132.51600189208983,0.26640618372020997,0
2008-03-27,125909.16102415825,125909.16102415825,0,0,-0.0065685343576206145,0,132.24400177001954,0.24226927845123325,0
2008-03-28,125909.16102415825,125909.16102415825,0,0,-0.0065685343576206145,0,131.97600173950195,-0.23969314882526394,0
2008-03-31,125909.16102415825,125909.16102415825,0,0,-0.0065685343576206145,0,131.88350143432618,0.045581329641313291,0
2008-04-01,125909.16102415825,125909.16102415825,0,0,-0.0065685343576206145,0,132.03900146484375,2.1397619932849534,0
2008-04-02,125909.16102415825,125909.16102415825,0,0,-0.0065685343576206145,0,132.22450103759766,1.8963211786084684,0
2008-04-03,125909.16102415825,125909.16102415825,0,0,-0.0065685343576206145,0,132.38500061035157,1.8154157418834986,0
2008-04-04,125909.16102415825,125909.16102415825,0,0,-0.0065685343576206145,0,132.6765007019043,1.5471528719348855,0
2008-04-07,125909.16102415825,125909.16102415825,0,0,-0.0065685343576206145,0,133.03900070190429,1.4073001110266123,0
2008-04-08,125909.16102415825,125909.16102415825,0,0,-0.0065685343576206145,0,133.48000106811523,1.2611791907798857,0
2008-04-09,125909.16102415825,125909.16102415825,0,0,-0.0065685343576206145,0,133.64150085449219,0.81419818979886038,0
2008-04-10,125909.16102415825,125909.16102415825,0,0,-0.0065685343576206145,0,133.87450103759767,0.79995770948896083,0
2008-04-11,125909.16102415825,125909.16102415825,0,0,-0.0065685343576206145,0,133.96100158691405,-0.22037576379608403,0
2008-04-14,125909.16102415825,125909.16102415825,0,0,-0.0065685343576206145,0,134.12700119018555,-0.48747609486541682,0
2008-04-15,125909.16102415825,125909.16102415825,0,0,-0.0065685343576206145,0,134.37400131225587,-0.54621235034023463,0
2008-04-16,125909.16102415825,125909.16102415825,0,0,-0.0065685343576206145,0,134.53500137329101,1.083725238844373,0
2008-04-17,125909.16102415825,125909.16102415825,0,0,-0.0065685343576206145,0,134.87150115966796,1.1062693827811456,0
2008-04-18,125909.16102415825,125909.16102415825,0,0,-0.0065685343576206145,0,135.19150085449218,1.6367121695433131,0
2008-04-21,125909.16102415825,125909.16102415825,0,0,-0.0065685343576206145,0,135.38300094604492,1.484207150676961,0
2008-04-22,125909.16102415825,125909.16102415825,0,0,-0.0065685343576206145,0,135.53750076293946,1.0918270331033466,0
2008-04-23,125909.16102415825,125909.16102415825,0,0,-0.0065685343576206145,0,135.76350097656251,0.89715285909563947,0
2008-04-24,125909.16102415825,125909.16102415825,0,0,-0.0065685343576206145,0,136.04050140380861,1.0673793969000513,0
2008-04-25,125909.16102415825,125909.16102415825,0,0,-0.0065685343576206145,0,136.44500198364258,1.576627741578982,0
2008-04-28,125909.16102415825,125909.16102415825,0,0,-0.0065685343576206145,0,136.82800216674804,1.5277816010358163,0
2008-04-29,125909.16102415825,125909.16102415825,0,0,-0.0065685343576206145,0,136.95150222778321,1.1218761152177237,0
2008-04-30,125909.16102415825,125909.16102415825,0,0,-0.0065685343576206145,0,137.02950210571288,0.64178856972006626,0
2008-05-01,125909.16102415825,125909.16102415825,0,0,-0.0065685343576206145,0,137.23350219726564,1.8380483071331015,0
2008-05-02,125909.16102415825,125909.16102415825,0,0,-0.0065685343576206145,0,137.46450195312499,1.7529337716212956,0
2008-05-05,125909.16102415825,125909.16102415825,0,0,-0.0065685343576206145,0,137.65800170898439,1.3123254987758304,0
2008-05-06,125909.16102415825,125909.16102415825,0,0,-0.0065685343576206145,0,137.91950149536132,1.595361286367557,0
2008-05-07,125909.16102415825,125909.16102415825,0,0,-0.0065685343576206145,0,138.10400161743163,0.55205635249248775,0
2008-05-08,125909.16102415825,125909.16102415825,0,0,-0.0065685343576206145,0,138.26100158691406,0.35555689954673864,0
2008-05-09,125909.16102415825,125909.16102415825,0,0,-0.0065685343576206145,0,138.53700103759766,0.16001575125236947,0
2008-05-12,125909.16102415825,125909.16102415825,0,0,-0.0065685343576206145,0,138.91350173950195,0.81313630900065748,0
2008-05-13,125909.16102415825,125909.16102415825,0,0,-0.0065685343576206145,0,139.2755012512207,0.85182292802161286,0
2008-05-14,125909.16102415825,125909.16102415825,0,0,-0.0065685343576206145,0,139.47150115966798,0.97366270720437564,0
2008-05-15,125909.16102415825,125909.16102415825,0,0,-0.0065685343576206145,0,139.74550094604493,2.0318721431209412,0
2008-05-16,125909.16102415825,125909.16102415825,0,0,-0.0065685343576206145,0,139.95450134277343,1.8328247713703218,0
2008-05-19,125909.16102415825,125909.16102415825,0,0,-0.0065685343576206145,0,140.17950134277345,1.8122655233240166,0
2008-05-20,125909.16102415825,125909.16102415825,0,0,-0.0065685343576206145,0,140.37700119018555,0.98376341046966342,0
2008-05-21,125909.16102415825,125909.16102415825,0,0,-0.0065685343576206145,0,140.46550140380859,-0.68233620893548208,0
2008-05-22,125909.16102415825,125909.16102415825,0,0,-0.0065685343576206145,0,140.52500076293944,-0.7450751670701925,0
2008-05-23,125909.16102415825,125909.16102415825,0,0,-0.0065685343576206145,0,140.4270004272461,-1.8706799594304055,0
2008-05-27,125909.16102415825,125909.16102415825,0,0,-0.0065685343576206145,0,140.37850036621094,-1.1230315130390844,0
2008-05-28,125909.16102415825,125909.16102415825,0,0,-0.0065685343576206145,0,140.38950042724611,-0.71601010311823754,0
2008-05-29,125909.16102415825,125909.16102415825,0,0,-0.0065685343576206145,0,140.47650070190429,-0.32971185141935244,0
2008-05-30,125909.16102415825,125909.16102415825,0,0,-0.0065685343576206145,0,140.4380012512207,-0.061201869121307304,0
2008-06-02,125909.16102415825,125909.16102415825,0,0,-0.0065685343576206145,0,140.30750122070313,-0.96873590931358522,0
2008-06-03,125909.16102415825,125909.16102415825,0,0,-0.0065685343576206145,0,140.17050094604491,-1.3646076996592669,0
2008-06-04,125909.16102415825,125909.16102415825,0,0,-0.0065685343576206145,0,139.96900100708007,-1.27451813039546,0
2008-06-05,125909.16102415825,125909.16102415825,0,0,-0.0065685343576206145,0,140.03200073242186,0.48718419664497725,0
2008-06-06,125909.16102415825,125909.16102415825,0,0,-0.0065685343576206145,0,139.88850021362305,-2.0780083701735856,1
2008-06-09,125624.54902624006,0,919.5180318846011,-0.0022604550423744874,-0.0088141415233853326,1,139.77450027465821,-1.6931536268701493,1
2008-06-10,124999.28349930975,0,919.5180318846011,-0.0049772558928725674,-0.013747527178419983,1,139.54850006103516,-1.7752564793170929,1
2008-06-11,123160.24743554054,0,919.5180318846011,-0.014712372841556021,-0.028257641274477718,1,139.22150039672852,-2.2410299065719026,1
2008-06-12,123629.19658073828,0,919.5180318846011,0.0038076339968640127,-0.024557602033201675,1,138.90550003051757,-1.7512628470906453,1
2008-06-13,125192.37442879577,0,919.5180318846011,0.01264408320437993,-0.012224027192229703,1,138.58649978637695,-0.98701333653061618,0
2008-06-16,124577.35169208999,124577.35169208999,0,-0.0049126213917731754,-0.017076596566524715,0,138.26499938964844,-0.87262646461089688,0
2008-06-17,124577.35169208999,124577.35169208999,0,0,-0.017076596566524715,0,137.8909996032715,-1.0920785400178448,0
2008-06-18,124577.35169208999,124577.35169208999,0,0,-0.017076596566524715,0,137.50899963378907,-1.5837916421746179,0
2008-06-19,124577.35169208999,124577.35169208999,0,0,-0.017076596566524715,0,137.25549926757813,-1.3440316713405727,0
2008-06-20,124577.35169208999,124577.35169208999,0,0,-0.017076596566524715,0,136.85899963378907,-2.2208831384686278,1
2008-06-23,123910.80183846431,0,942.64590882610366,-0.0053504898327999539,-0.022335718243016722,1,136.54949951171875,-1.9292758638413579,1
2008-06-24,123665.71908027816,0,942.64590882610366,-0.0019778966365309181,-0.024269437137560246,1,136.17599945068361,-1.7561756238813835,1
2008-06-25,124250.15494098711,0,942.64590882610366,0.0047259326598794171,-0.019658200203286236,1,135.8014991760254,-1.378389710069454,1
2008-06-26,120875.48086135346,0,942.64590882610366,-0.027160320896472578,-0.046284598073990435,1,135.21299896240234,-2.2055554044036181,1
2008-06-27,120215.63160190219,0,942.64590882610366,-0.0054589173482431086,-0.051490851626850964,1,134.57199859619141,-2.0999598588222783,0
2008-06-30,120493.7072120728,120493.7072120728,0,0.0023131402003648827,-0.049296816985335279,0,134.02599906921387,-1.7321493883149672,0
2008-07-01,120493.7072120728,120493.7072120728,0,0,-0.049296816985335279,0,133.54049949645997,-1.4471783060198782,0
2008-07-02,120493.7072120728,120493.7072120728,0,0,-0.049296816985335279,0,132.9484992980957,-1.8044047999226813,0
2008-07-03,120493.7072120728,120493.7072120728,0,0,-0.049296816985335279,0,132.22499923706056,-1.660826271795619,0
2008-07-07,120493.7072120728,120493.7072120728,0,0,-0.049296816985335279,0,131.66149940490723,-1.7664563820058743,0
2008-07-08,120493.7072120728,120493.7072120728,0,0,-0.049296816985335279,0,131.19249954223633,-1.0692517179893182,0
2008-07-09,120493.7072120728,120493.7072120728,0,0,-0.049296816985335279,0,130.63499946594237,-1.546964390932891,0
2008-07-10,120493.7072120728,120493.7072120728,0,0,-0.049296816985335279,0,130.20299949645997,-1.2673690323061981,0
2008-07-11,120493.7072120728,120493.7072120728,0,0,-0.049296816985335279,0,129.67249946594239,-1.4669773674277475,0
2008-07-14,120493.7072120728,120493.7072120728,0,0,-0.049296816985335279,0,129.00099983215333,-1.5864167581756332,0
2008-07-15,120493.7072120728,120493.7072120728,0,0,-0.049296816985335279,0,128.23899993896484,-1.8300195920893529,0
2008-07-16,120493.7072120728,120493.7072120728,0,0,-0.049296816985335279,0,127.65849952697754,-1.0035565033142033,0
2008-07-17,120493.7072120728,120493.7072120728,0,0,-0.049296816985335279,0,127.20599937438965,-0.591353127925622,0
2008-07-18,120493.7072120728,120493.7072120728,0,0,-0.049296816985335279,0,126.78399963378907,-0.27099374062628073,0
2008-07-21,120493.7072120728,120493.7072120728,0,0,-0.049296816985335279,0,126.50749969482422,-0.16592342816992375,0
2008-07-22,120493.7072120728,120493.7072120728,0,0,-0.049296816985335279,0,126.30900001525879,0.46327650619305616,0
2008-07-23,120493.7072120728,120493.7072120728,0,0,-0.049296816985335279,0,126.15799980163574,0.87000936180590627,0
2008-07-24,120493.7072120728,120493.7072120728,0,0,-0.049296816985335279,0,125.84300003051757,-0.17375926693303273,0
2008-07-25,120493.7072120728,120493.7072120728,0,0,-0.049296816985335279,0,125.7055004119873,-0.12273581256785428,0
2008-07-28,120493.7072120728,120493.7072120728,0,0,-0.049296816985335279,0,125.51100044250488,-1.0170056964311833,0
2008-07-29,120493.7072120728,120493.7072120728,0,0,-0.049296816985335279,0,125.42600021362304,0.48487462966411771,0
2008-07-30,120493.7072120728,120493.7072120728,0,0,-0.049296816985335279,0,125.43349990844726,1.7453794631158257,0
2008-07-31,120493.7072120728,120493.7072120728,0,0,-0.049296816985335279,0,125.46599998474122,0.76059335640203385,0
2008-08-01,120493.7072120728,120493.7072120728,0,0,-0.049296816985335279,0,125.458500289917,0.39187842205612339,0
2008-08-04,120493.7072120728,120493.7072120728,0,0,-0.049296816985335279,0,125.45700035095214,-0.26082472828804093,0
2008-08-05,120493.7072120728,120493.7072120728,0,0,-0.049296816985335279,0,125.51300048828125,1.5294270591260928,0
2008-08-06,120493.7072120728,120493.7072120728,0,0,-0.049296816985335279,0,125.72000007629394,1.6090401171058868,0
2008-08-07,120493.7072120728,120493.7072120728,0,0,-0.049296816985335279,0,125.80550003051758,0.59874408184330197,0
2008-08-08,120493.7072120728,120493.7072120728,0,0,-0.049296816985335279,0,126.08199996948242,1.565239328168641,0
2008-08-11,120493.7072120728,120493.7072120728,0,0,-0.049296816985335279,0,126.48150024414062,1.9383702270756173,0
2008-08-12,120493.7072120728,120493.7072120728,0,0,-0.049296816985335279,0,126.89950065612793,1.3121587206242724,0
2008-08-13,120493.7072120728,120493.7072120728,0,0,-0.049296816985335279,0,127.13000106811523,0.81237590766374379,0
2008-08-14,120493.7072120728,120493.7072120728,0,0,-0.049296816985335279,0,127.34700088500976,1.2260867123037467,0
2008-08-15,120493.7072120728,120493.7072120728,0,0,-0.049296816985335279,0,127.55650062561035,1.4049698859099058,0
2008-08-18,120493.7072120728,120493.7072120728,0,0,-0.049296816985335279,0,127.67350044250489,0.39042689090831911,0
2008-08-19,120493.7072120728,120493.7072120728,0,0,-0.049296816985335279,0,127.64900016784668,-0.3579880810759018,0
2008-08-20,120493.7072120728,120493.7072120728,0,0,-0.049296816985335279,0,127.61950035095215,-0.021501787259139267,0
2008-08-21,120493.7072120728,120493.7072120728,0,0,-0.049296816985335279,0,127.73400039672852,0.037244228899008941,0
2008-08-22,120493.7072120728,120493.7072120728,0,0,-0.049296816985335279,0,127.94249992370605,0.98148079447371339,0
2008-08-25,120493.7072120728,120493.7072120728,0,0,-0.049296816985335279,0,128.11149978637695,-0.7505308633525889,0
2008-08-26,120493.7072120728,120493.7072120728,0,0,-0.049296816985335279,0,128.16699981689453,-0.55355612891057315,0
2008-08-27,120493.7072120728,120493.7072120728,0,0,-0.049296816985335279,0,128.1720001220703,0.32595557437707373,0
2008-08-28,120493.7072120728,120493.7072120728,0,0,-0.049296816985335279,0,128.34000015258789,1.289054600767056,0
2008-08-29,120493.7072120728,120493.7072120728,0,0,-0.049296816985335279,0,128.47149963378905,0.23641444343782966,0
2008-09-02,120493.7072120728,120493.7072120728,0,0,-0.049296816985335279,0,128.62149963378906,-0.57697192118991558,0
2008-09-03,120493.7072120728,120493.7072120728,0,0,-0.049296816985335279,0,128.59749946594238,-0.64921050258991986,0
2008-09-04,120493.7072120728,120493.7072120728,0,0,-0.049296816985335279,0,128.35249977111818,-2.9148921877045861,1
2008-09-05,121536.29811237557,0,976.82285726564578,0.0086526585033008807,-0.041070707004708273,1,128.22299957275391,-2.2466642423916743,1
2008-09-08,124046.7325574456,0,976.82285726564578,0.020655840963238914,-0.021263216033606369,1,128.103999710083,-0.65856000014142979,1
2008-09-09,120364.11366468358,0,976.82285726564578,-0.029687351023587993,-0.050319318498914245,1,127.7294994354248,-2.3852519002050627,1
2008-09-10,120852.52509331641,0,976.82285726564578,0.004057782787263875,-0.046465720576122083,1,127.44799919128418,-1.8261484796959297,1
2008-09-11,122601.03890212995,0,976.82285726564578,0.014468161153136316,-0.03266983295637782,1,127.29499893188476,-0.86392454120209672,0
2008-09-12,121347.60916694322,121347.60916694322,0,-0.01022364693163258,-0.042559475050549023,0,127.12249908447265,-0.51243406292297,0
2008-09-15,121347.60916694322,121347.60916694322,0,0,-0.042559475050549023,0,126.61849899291992,-2.7074908286240018,1
2008-09-16,126356.79753917143,1.4551915228366852e-11,1034.8632196416656,0.04127966267004779,-0.0030366531540022557,0.99999999999999989,126.30399894714355,-1.6389816282583132,1
2008-09-17,120675.40067404503,1.4551915228366852e-11,1034.8632196416656,-0.044963128029302357,-0.04786324375876061,0.99999999999999989,125.78499908447266,-2.7682474083229174,1
2008-09-18,124256.02646655962,1.4551915228366852e-11,1034.8632196416656,0.029671546748671451,-0.019611873484820186,0.99999999999999989,125.40949897766113,-1.5214772596184387,1
2008-09-19,129162.31614903266,715.09048477240549,1034.8632196416656,0.039485325758372269,0,0.99446362912889152,125.22549896240234,-0.31807643693443544,1
2008-09-22,126254.34513298133,715.09048477240549,1034.8632196416656,-0.022514082301652194,-0.022514082301652194,0.99433611188573978,124.80849914550781,-1.0230834792403072,0
2008-09-23,125714.77739013443,125714.77739013443,0,-0.0042736568177401679,-0.026691521658068762,0,124.38499946594239,-1.6043302783271467,0
2008-09-24,125714.77739013443,125714.77739013443,0,0,-0.026691521658068762,0,123.96199951171874,-1.3407750401839937,0
2008-09-25,125714.77739013443,125714.77739013443,0,0,-0.026691521658068762,0,123.56999931335449,-0.76099237009401055,0
2008-09-26,125714.77739013443,125714.77739013443,0,0,-0.026691521658068762,0,123.10299911499024,-0.67005196829923974,0
2008-09-29,125714.77739013443,125714.77739013443,0,0,-0.026691521658068762,0,122.2324993133545,-2.7300283417726452,1
2008-09-30,128396.2062357691,0,1106.9592947710084,0.021329464214961069,-0.0059313732991562729,1,121.63249931335449,-1.4225225581765528,1
2008-10-01,128473.6930485859,0,1106.9592947710084,0.00060349768181255925,-0.0053314551873798743,1,121.04149932861328,-1.2868495787038796,1
2008-10-02,123813.39543105145,0,1106.9592947710084,-0.036274333732836839,-0.041412393935468028,1,120.4324993133545,-2.0012391845223969,1
2008-10-03,122141.88453122706,0,1106.9592947710084,-0.013500242796872675,-0.054353559359412107,1,119.72849922180175,-1.9928528558228,1
2008-10-06,115920.77869968867,0,1106.9592947710084,-0.050933435777699043,-0.10251858161218919,1,118.61499938964843,-2.5547827630524398,0
2008-10-07,118207.39323602877,118207.39323602877,0,0.019725665769239953,-0.084815163118967751,0,117.45549926757812,-2.6137761074735302,1
2008-10-08,118135.21104225994,0,1211.518905283318,-0.00061064026363144563,-0.085374011829032259,1,116.14499931335449,-2.3926907220173534,1
2008-10-09,109884.76101193465,0,1211.518905283318,-0.069839042547389929,-0.14925061513185311,1,114.40449905395508,-2.5618548755777595,1
2008-10-10,107219.42311757363,0,1211.518905283318,-0.024255755482523456,-0.16988618418812218,1,112.52499923706054,-2.3032108258794159,1
2008-10-13,122787.43920183313,0,1211.518905283318,0.14519772287142474,-0.049355548408128169,1,111.58799934387207,-0.97038415947306822,1
2008-10-14,120970.16084390816,0,1211.518905283318,-0.014800197558789363,-0.063425274099854767,1,110.47549934387207,-1.0065416701581367,0
2008-10-15,118014.59408403363,118014.59408403363,0,-0.024432196661193228,-0.086307851990950257,0,109.14599914550782,-1.6858419487696414,0
2008-10-16,118014.59408403363,118014.59408403363,0,0,-0.086307851990950257,0,107.83099899291992,-1.2199965239889579,0
2008-10-17,118014.59408403363,118014.59408403363,0,0,-0.086307851990950257,0,106.28549880981446,-1.1563118558530172,0
2008-10-20,118014.59408403363,118014.59408403363,0,0,-0.086307851990950257,0,105.16049880981446,-0.58433587137695941,0
2008-10-21,118014.59408403363,118014.59408403363,0,0,-0.086307851990950257,0,104.02599868774413,-0.77097751004670156,0
2008-10-22,118014.59408403363,118014.59408403363,0,0,-0.086307851990950257,0,102.61149864196777,-1.1517604473719738,0
2008-10-23,118014.59408403363,118014.59408403363,0,0,-0.086307851990950257,0,101.15649871826172,-0.96940143099983234,0
2008-10-24,118014.59408403363,118014.59408403363,0,0,-0.086307851990950257,0,99.465998840332034,-1.3633115090639345,0
2008-10-27,118014.59408403363,118014.59408403363,0,0,-0.086307851990950257,0,98.094498825073245,-1.5240493945453042,0
2008-10-28,118014.59408403363,118014.59408403363,0,0,-0.086307851990950257,0,96.982999038696292,-0.38570138289418926,0
2008-10-29,118014.59408403363,118014.59408403363,0,0,-0.086307851990950257,0,95.83399925231933,-0.38536895775313612,0
2008-10-30,118014.59408403363,118014.59408403363,0,0,-0.086307851990950257,0,95.056499481201172,0.20265392682834985,0
2008-10-31,118014.59408403363,118014.59408403363,0,0,-0.086307851990950257,0,94.380999755859378,0.4833345681278951,0
2008-11-03,118014.59408403363,118014.59408403363,0,0,-0.086307851990950257,0,94.000499725341797,0.68583444724671483,0
2008-11-04,118014.59408403363,118014.59408403363,0,0,-0.086307851990950257,0,94.019499969482425,1.4014740849341403,0
2008-11-05,118014.59408403363,118014.59408403363,0,0,-0.086307851990950257,0,93.953499984741214,0.49499773863962004,0
2008-11-06,118014.59408403363,118014.59408403363,0,0,-0.086307851990950257,0,93.96150016784668,-0.68730109310538223,0
2008-11-07,118014.59408403363,118014.59408403363,0,0,-0.086307851990950257,0,94.229500198364263,-0.085217254403831627,0
2008-11-10,118014.59408403363,118014.59408403363,0,0,-0.086307851990950257,0,93.793500137329104,-0.28904429735648085,0
2008-11-11,118014.59408403363,118014.59408403363,0,0,-0.086307851990950257,0,93.289500045776364,-0.91101979482362727,0
2008-11-12,118014.59408403363,118014.59408403363,0,0,-0.086307851990950257,0,93.079500198364258,-1.7536947938526435,0
2008-11-13,118014.59408403363,118014.59408403363,0,0,-0.086307851990950257,0,92.949500274658206,-0.42811372460162828,0
2008-11-14,118014.59408403363,118014.59408403363,0,0,-0.086307851990950257,0,92.620000457763666,-1.3704277729983676,0
2008-11-17,118014.59408403363,118014.59408403363,0,0,-0.086307851990950257,0,91.953000640869135,-1.4732564219730657,0
2008-11-18,118014.59408403363,118014.59408403363,0,0,-0.086307851990950257,0,91.514000701904294,-1.0016567833315804,0
2008-11-19,118014.59408403363,118014.59408403363,0,0,-0.086307851990950257,0,91.057000732421869,-1.9362534960190496,0
2008-11-20,118014.59408403363,118014.59408403363,0,0,-0.086307851990950257,0,90.245000457763666,-2.4705779119415081,1
2008-11-21,121091.54196870846,0,1522.7810246552219,0.0260726049058293,-0.062485517610351704,1,89.869000244140622,-1.6170676067371892,1
2008-11-24,129482.06866756997,0,1522.7810246552219,0.069290774255973409,0,1,89.923000335693359,-0.77005660379210061,1
2008-11-25,130441.42814855698,0,1522.7810246552219,0.007409207242819571,0,1,89.518000411987302,-0.60710446384875982,1
2008-11-26,135481.82962243864,0,1522.7810246552219,0.038641109235183047,0,1,89.312500381469732,-0.054343568515274381,1
2008-11-28,137187.33693459828,0,1522.7810246552219,0.012588457927624308,0,1,89.00200004577637,0.17835097130334887,0
2008-12-01,133190.94143522941,133190.94143522941,0,-0.029130935760303345,-0.029130935760303345,0,88.265999984741214,-1.0262394710751483,0
2008-12-02,133190.94143522941,133190.94143522941,0,0,-0.029130935760303345,0,87.673999786376953,-0.42384267574381435,0
2008-12-03,133190.94143522941,133190.94143522941,0,0,-0.029130935760303345,0,87.019499588012692,0.061806810530044463,0
2008-12-04,133190.94143522941,133190.94143522941,0,0,-0.029130935760303345,0,86.474999618530276,-0.26756506351213638,0
2008-12-05,133190.94143522941,133190.94143522941,0,0,-0.029130935760303345,0,86.328499603271482,0.37327323652396871,0
2008-12-08,133190.94143522941,133190.94143522941,0,0,-0.029130935760303345,0,86.185499572753912,1.1801711932266139,0
2008-12-09,133190.94143522941,133190.94143522941,0,0,-0.029130935760303345,0,86.028999710083013,0.89351729266205138,0
2008-12-10,133190.94143522941,133190.94143522941,0,0,-0.029130935760303345,0,86.045999908447271,1.0416003472231306,0
2008-12-11,133190.94143522941,133190.94143522941,0,0,-0.029130935760303345,0,86.152000045776362,0.45579171041053945,0
2008-12-12,133190.94143522941,133190.94143522941,0,0,-0.029130935760303345,0,86.043000030517575,0.77337130158947454,0
2008-12-15,133190.94143522941,133190.94143522941,0,0,-0.029130935760303345,0,86.099499893188479,0.43127057602386953,0
2008-12-16,133190.94143522941,133190.94143522941,0,0,-0.029130935760303345,0,86.419999694824213,1.356773741136307,0
2008-12-17,133190.94143522941,133190.94143522941,0,0,-0.029130935760303345,0,86.615499496459961,1.0554347309820047,0
2008-12-18,133190.94143522941,133190.94143522941,0,0,-0.029130935760303345,0,87.004999542236334,0.56989209798137408,0
2008-12-19,133190.94143522941,133190.94143522941,0,0,-0.029130935760303345,0,87.641999816894526,0.18201250757389104,0
2008-12-22,133190.94143522941,133190.94143522941,0,0,-0.029130935760303345,0,88.018999862670896,-0.40376427420694272,0
2008-12-23,133190.94143522941,133190.94143522941,0,0,-0.029130935760303345,0,88.075500106811518,-0.82704055996218484,0
2008-12-24,133190.94143522941,133190.94143522941,0,0,-0.029130935760303345,0,88.125500106811529,-0.64451205491238628,0
2008-12-26,133190.94143522941,133190.94143522941,0,0,-0.029130935760303345,0,88.035000228881842,-0.38471289468938102,0
2008-12-29,133190.94143522941,133190.94143522941,0,0,-0.029130935760303345,0,87.876000595092776,-0.43201514321904377,0
2008-12-30,133190.94143522941,133190.94143522941,0,0,-0.029130935760303345,0,88.219000625610349,0.41469184387672997,0
2008-12-31,133190.94143522941,133190.94143522941,0,0,-0.029130935760303345,0,88.467500686645508,1.0255240897168081,0
2009-01-02,133190.94143522941,133190.94143522941,0,0,-0.029130935760303345,0,88.749500656127935,2.1455708897350543,0
2009-01-05,133190.94143522941,133190.94143522941,0,0,-0.029130935760303345,0,89.127000427246088,1.8722212327034646,0
2009-01-06,133190.94143522941,133190.94143522941,0,0,-0.029130935760303345,0,89.404000473022464,1.865799902042049,0
2009-01-07,133190.94143522941,133190.94143522941,0,0,-0.029130935760303345,0,89.387500381469721,0.59147566125979156,0
2009-01-08,133190.94143522941,133190.94143522941,0,0,-0.029130935760303345,0,89.464500427246094,0.71676557735071167,0
2009-01-09,133190.94143522941,133190.94143522941,0,0,-0.029130935760303345,0,89.413500213623053,-0.1474271289320486,0
2009-01-12,133190.94143522941,133190.94143522941,0,0,-0.029130935760303345,0,89.363999938964838,-1.0787640746346046,0
2009-01-13,133190.94143522941,133190.94143522941,0,0,-0.029130935760303345,0,89.27000007629394,-0.9430859647636628,0
2009-01-14,133190.94143522941,133190.94143522941,0,0,-0.029130935760303345,0,89.101000213623053,-1.8845554883965587,0
2009-01-15,133190.94143522941,133190.94143522941,0,0,-0.029130935760303345,0,88.727000427246097,-1.64952274482369,0
2009-01-16,133190.94143522941,133190.94143522941,0,0,-0.029130935760303345,0,88.43050041198731,-1.2552877912642788,0
2009-01-20,133190.94143522941,133190.94143522941,0,0,-0.029130935760303345,0,87.994500350952151,-2.3394494996216952,1
2009-01-21,136551.38077227428,0,1624.6445664991377,0.025230239390409581,-0.0046356768527927583,1,87.787500381469727,-1.1370213546337282,1
2009-01-22,134439.33787780366,0,1624.6445664991377,-0.015467019685380223,-0.020030996433035853,1,87.572000503540039,-1.3919387794122906,1
2009-01-23,135024.21091334769,0,1624.6445664991377,0.0043504605480551017,-0.015767679944700852,1,87.419500350952148,-1.2011010365685151,1
2009-01-26,135950.25782045,0,1624.6445664991377,0.0068583767373142646,-0.0090174438967208781,1,87.270500183105469,-0.97642979066119784,1
2009-01-27,137331.20322296341,0,1624.6445664991377,0.010157725514115867,0,1,87.138999938964844,-0.70031264774441715,0
2009-01-28,140298.1083780241,140298.1083780241,0,0.021604013402866551,0,0,87.162999725341791,0.060931751518913196,0
2009-01-29,140298.1083780241,140298.1083780241,0,0,0,0,86.941999816894537,-0.63909538078852968,0
2009-01-30,140298.1083780241,140298.1083780241,0,0,0,0,86.571500015258792,-0.99384429881094039,0
2009-02-02,140298.1083780241,140298.1083780241,0,0,0,0,86.052500152587896,-0.97596955344135883,0
2009-02-03,140298.1083780241,140298.1083780241,0,0,0,0,85.597000122070312,-0.57558411893083261,0
2009-02-04,140298.1083780241,140298.1083780241,0,0,0,0,85.090000152587891,-0.65097377355345354,0
2009-02-05,140298.1083780241,140298.1083780241,0,0,0,0,84.785000228881842,-0.090265139187177046,0
2009-02-06,140298.1083780241,140298.1083780241,0,0,0,0,84.582000350952143,1.2116716597879154,0
2009-02-09,140298.1083780241,140298.1083780241,0,0,0,0,84.482500457763678,1.4614464080329195,0
2009-02-10,140298.1083780241,140298.1083780241,0,0,0,0,84.290500640869141,-0.68607124306142286,0
2009-02-11,140298.1083780241,140298.1083780241,0,0,0,0,84.115000534057614,-0.32211199936061086,0
2009-02-12,140298.1083780241,140298.1083780241,0,0,0,0,84.07950057983399,-0.2620783960663623,0
2009-02-13,140298.1083780241,140298.1083780241,0,0,0,0,83.997500610351565,-0.76201915798701525,0
2009-02-17,140298.1083780241,140298.1083780241,0,0,0,0,83.705500793457034,-2.3520733508899583,1
2009-02-18,138891.32857598946,0,1757.4507240454898,-0.010027076047555594,-0.010027076047555594,1,83.628500747680661,-2.2352545452612604,1
2009-02-19,137397.4981422078,0,1757.4507240454898,-0.010755390196763526,-0.020674621128895065,1,83.335000610351557,-2.1741951820119212,1
2009-02-20,136061.83183761343,0,1757.4507240454898,-0.0097211835925276047,-0.030194822933722665,1,83.068500518798828,-2.0930668660347291,1
2009-02-23,131193.6992316528,0,1757.4507240454898,-0.03577882599560045,-0.064893313613609505,1,82.645500564575201,-2.4503283943937841,1
2009-02-24,136167.28799868992,0,1757.4507240454898,0.037910271576801158,-0.029443165179418918,1,82.335500717163086,-1.4115841387054133,0
2009-02-25,135500.96290631621,135500.96290631621,0,-0.0048934300019261023,-0.034192517113504461,0,81.952500915527338,-1.4130055473654495,0
2009-02-26,135500.96290631621,135500.96290631621,0,0,-0.034192517113504461,0,81.364001083374021,-1.5858952172209826,0
2009-02-27,135500.96290631621,135500.96290631621,0,0,-0.034192517113504461,0,80.833000946044919,-1.7769009865277081,0
2009-03-02,135500.96290631621,135500.96290631621,0,0,-0.034192517113504461,0,80.221500778198248,-2.1647620225244792,1
2009-03-03,132519.72364006808,0,1891.247669719296,-0.022001609452099058,-0.055441836157887892,1,79.596000671386719,-1.9349266795598352,1
2009-03-04,135659.20169775793,0,1891.247669719296,0.023690647485931082,-0.033064641668346217,1,78.995500946044928,-1.4218166183785035,1
2009-03-05,130117.84544831741,0,1891.247669719296,-0.040847625373665375,-0.072561654946028509,1,78.269001007080078,-1.7333530286132437,1
2009-03-06,130344.78593407598,0,1891.247669719296,0.0017441149980361725,-0.070944095818666009,1,77.486500930786136,-1.5235466920750145,1
2009-03-09,128812.87993890722,0,1891.247669719296,-0.011752721707974922,-0.081863031311660173,1,76.543000793457026,-1.5241155128820267,0
2009-03-10,131393.89924754802,131393.89924754802,0,0.020036966100477782,-0.063466351994456494,0,75.796500778198237,-0.71898712408669874,0
2009-03-11,131393.89924754802,131393.89924754802,0,0,-0.063466351994456494,0,75.273000717163086,-0.54912934890011944,0
2009-03-12,131393.89924754802,131393.89924754802,0,0,-0.063466351994456494,0,74.868000793457028,0.14362749865526767,0
2009-03-13,131393.89924754802,131393.89924754802,0,0,-0.063466351994456494,0,74.489500427246099,0.4074636033586202,0
2009-03-16,131393.89924754802,131393.89924754802,0,0,-0.063466351994456494,0,74.144500350952143,0.49556090786939944,0
2009-03-17,131393.89924754802,131393.89924754802,0,0,-0.063466351994456494,0,74.092500305175776,1.2049645715170583,0
2009-03-18,131393.89924754802,131393.89924754802,0,0,-0.063466351994456494,0,74.137500381469721,1.6728492848237153,0
2009-03-19,131393.89924754802,131393.89924754802,0,0,-0.063466351994456494,0,74.175500488281244,1.3571575652048276,0
2009-03-20,131393.89924754802,131393.89924754802,0,0,-0.063466351994456494,0,74.14000053405762,0.7382666370405776,0
2009-03-23,131393.89924754802,131393.89924754802,0,0,-0.063466351994456494,0,74.518500518798831,1.9736874283976718,0
2009-03-24,131393.89924754802,131393.89924754802,0,0,-0.063466351994456494,0,74.6745002746582,1.4538022643012589,0
2009-03-25,131393.89924754802,131393.89924754802,0,0,-0.063466351994456494,0,74.903499984741217,1.5173384278274151,0
2009-03-26,131393.89924754802,131393.89924754802,0,0,-0.063466351994456494,0,75.277999877929688,1.6768156219597321,0
2009-03-27,131393.89924754802,131393.89924754802,0,0,-0.063466351994456494,0,75.661999893188479,1.2248337638805522,0
2009-03-30,131393.89924754802,131393.89924754802,0,0,-0.063466351994456494,0,76.071500015258792,0.57155372439871777,0
2009-03-31,131393.89924754802,131393.89924754802,0,0,-0.063466351994456494,0,76.543999862670901,0.64644932004538347,0
2009-04-01,131393.89924754802,131393.89924754802,0,0,-0.063466351994456494,0,77.010499572753901,0.88713243649812912,0
2009-04-02,131393.89924754802,131393.89924754802,0,0,-0.063466351994456494,0,77.741999435424802,1.3052148011064764,0
2009-04-03,131393.89924754802,131393.89924754802,0,0,-0.063466351994456494,0,78.50899963378906,1.4100054255006664,0
2009-04-06,131393.89924754802,131393.89924754802,0,0,-0.063466351994456494,0,79.283499526977536,1.2499795082710727,0
2009-04-07,131393.89924754802,131393.89924754802,0,0,-0.063466351994456494,0,79.757499694824219,0.6156237013184922,0
2009-04-08,131393.89924754802,131393.89924754802,0,0,-0.063466351994456494,0,80.251999664306638,0.85751316861041393,0
2009-04-09,131393.89924754802,131393.89924754802,0,0,-0.063466351994456494,0,80.767499542236322,1.8783361341852112,0
2009-04-13,131393.89924754802,131393.89924754802,0,0,-0.063466351994456494,0,81.254499816894537,1.7102840349841479,0
2009-04-14,131393.89924754802,131393.89924754802,0,0,-0.063466351994456494,0,81.678999710083005,1.0903362630801698,0
2009-04-15,131393.89924754802,131393.89924754802,0,0,-0.063466351994456494,0,82.032499694824224,1.3244522794504043,0
2009-04-16,131393.89924754802,131393.89924754802,0,0,-0.063466351994456494,0,82.360999679565424,1.6147139488157658,0
2009-04-17,131393.89924754802,131393.89924754802,0,0,-0.063466351994456494,0,82.767999649047852,1.6376210031856688,0
2009-04-20,131393.89924754802,131393.89924754802,0,0,-0.063466351994456494,0,83.103999710083002,0.1456869480650706,0
2009-04-21,131393.89924754802,131393.89924754802,0,0,-0.063466351994456494,0,83.245999526977542,0.80017735320866368,0
2009-04-22,131393.89924754802,131393.89924754802,0,0,-0.063466351994456494,0,83.442999649047849,0.49894046636101153,0
2009-04-23,131393.89924754802,131393.89924754802,0,0,-0.063466351994456494,0,83.638999938964844,0.79151369556521034,0
2009-04-24,131393.89924754802,131393.89924754802,0,0,-0.063466351994456494,0,83.81650009155274,1.2477285752079088,0
2009-04-27,131393.89924754802,131393.89924754802,0,0,-0.063466351994456494,0,84.027999877929688,0.80156839186485951,0
2009-04-28,131393.89924754802,131393.89924754802,0,0,-0.063466351994456494,0,84.366999816894534,0.62186656466775769,0
2009-04-29,131393.89924754802,131393.89924754802,0,0,-0.063466351994456494,0,84.760499954223633,1.5522266355159537,0
2009-04-30,131393.89924754802,131393.89924754802,0,0,-0.063466351994456494,0,85.078499984741214,1.499749073215408,0
2009-05-01,131393.89924754802,131393.89924754802,0,0,-0.063466351994456494,0,85.301499938964838,1.5909575422208169,0
2009-05-04,131393.89924754802,131393.89924754802,0,0,-0.063466351994456494,0,85.632499694824219,2.6109417082577426,0
2009-05-05,131393.89924754802,131393.89924754802,0,0,-0.063466351994456494,0,85.980999755859372,2.0667234765215787,0
2009-05-06,131393.89924754802,131393.89924754802,0,0,-0.063466351994456494,0,86.505499649047849,2.3780476793852365,0
2009-05-07,131393.89924754802,131393.89924754802,0,0,-0.063466351994456494,0,86.921999740600583,1.6643550391472839,0
2009-05-08,131393.89924754802,131393.89924754802,0,0,-0.063466351994456494,0,87.280500030517572,2.1177700445250487,0
2009-05-11,131393.89924754802,131393.89924754802,0,0,-0.063466351994456494,0,87.550999832153323,1.3167874052768225,0
2009-05-12,131393.89924754802,131393.89924754802,0,0,-0.063466351994456494,0,87.881999969482422,1.1048975945157022,0
2009-05-13,131393.89924754802,131393.89924754802,0,0,-0.063466351994456494,0,88.053499984741208,0.22926848028823543,0
2009-05-14,131393.89924754802,131393.89924754802,0,0,-0.063466351994456494,0,88.200500106811518,0.45500571758796687,0
2009-05-15,131393.89924754802,131393.89924754802,0,0,-0.063466351994456494,0,88.281999969482428,0.15771396606545351,0
2009-05-18,131393.89924754802,131393.89924754802,0,0,-0.063466351994456494,0,88.672000122070315,1.0056643372541423,0
2009-05-19,131393.89924754802,131393.89924754802,0,0,-0.063466351994456494,0,88.975000381469727,0.87384757402514623,0
2009-05-20,131393.89924754802,131393.89924754802,0,0,-0.063466351994456494,0,89.273500442504883,0.54911585788780659,0
2009-05-21,131393.89924754802,131393.89924754802,0,0,-0.063466351994456494,0,89.46550025939942,-0.12361532626706384,0
2009-05-22,131393.89924754802,131393.89924754802,0,0,-0.063466351994456494,0,89.583499908447266,-0.28627631754002963,0
2009-05-26,131393.89924754802,131393.89924754802,0,0,-0.063466351994456494,0,89.856500244140619,0.80112356850772048,0
2009-05-27,131393.89924754802,131393.89924754802,0,0,-0.063466351994456494,0,90.061500167846674,-0.25884376581676383,0
2009-05-28,131393.89924754802,131393.89924754802,0,0,-0.063466351994456494,0,90.238000106811526,0.49008601800482388,0
2009-05-29,131393.89924754802,131393.89924754802,0,0,-0.063466351994456494,0,90.493500137329107,1.5452674870688512,0
2009-06-01,131393.89924754802,131393.89924754802,0,0,-0.063466351994456494,0,90.837500000000006,2.6549001165054333,0
2009-06-02,131393.89924754802,131393.89924754802,0,0,-0.063466351994456494,0,91.036000061035153,2.2170162793344939,0
2009-06-03,131393.89924754802,131393.89924754802,0,0,-0.063466351994456494,0,91.190000152587885,1.3610896156023162,0
2009-06-04,131393.89924754802,131393.89924754802,0,0,-0.063466351994456494,0,91.309500122070318,1.6597456773402159,0
2009-06-05,131393.89924754802,131393.89924754802,0,0,-0.063466351994456494,0,91.494000244140622,1.4830973870392368,0
2009-06-08,131393.89924754802,131393.89924754802,0,0,-0.063466351994456494,0,91.553000259399411,1.2306812162995788,0
2009-06-09,131393.89924754802,131393.89924754802,0,0,-0.063466351994456494,0,91.723000335693357,1.3137434521386997,0
2009-06-10,131393.89924754802,131393.89924754802,0,0,-0.063466351994456494,0,91.894500350952143,1.0955157513202392,0
2009-06-11,131393.89924754802,131393.89924754802,0,0,-0.063466351994456494,0,92.201500320434576,1.165490060303477,0
2009-06-12,131393.89924754802,131393.89924754802,0,0,-0.063466351994456494,0,92.483500289916989,1.1610625710469624,0
2009-06-15,131393.89924754802,131393.89924754802,0,0,-0.063466351994456494,0,92.693000411987299,0.10036398851021851,0
2009-06-16,131393.89924754802,131393.89924754802,0,0,-0.063466351994456494,0,92.71350021362305,-0.5236947991867168,0
2009-06-17,131393.89924754802,131393.89924754802,0,0,-0.063466351994456494,0,92.73500022888183,-0.58224058638644649,0
2009-06-18,131393.89924754802,131393.89924754802,0,0,-0.063466351994456494,0,92.820500183105466,-0.30405081179414561,0
2009-06-19,131393.89924754802,131393.89924754802,0,0,-0.063466351994456494,0,92.962000274658209,-0.5107063631833838,0
2009-06-22,131393.89924754802,131393.89924754802,0,0,-0.063466351994456494,0,92.975000381469727,-2.0786087518703784,1
2009-06-23,131151.09134939814,0,1467.8354067055091,-0.0018479389038635885,-0.065197008957383229,1,92.877500152587885,-1.8420385197019278,1
2009-06-24,132281.33088383081,0,1467.8354067055091,0.008617843151770721,-0.057141023402771829,1,92.900000381469724,-1.479119652498279,1
2009-06-25,135158.28693713018,0,1467.8354067055091,0.021748768583420786,-0.036635001713957616,1,92.958000564575201,-0.4785081728762311,1
2009-06-26,134805.99837646013,0,1467.8354067055091,-0.0026064887966056327,-0.03914600178903227,1,92.923500442504888,-0.58598761150274048,1
2009-06-29,136068.33772212252,0,1467.8354067055091,0.0093641185174651032,-0.030148451071804416,1,92.820000457763669,-0.066666649952265247,0
2009-06-30,136028.65185117529,136028.65185117529,0,-0.0002916613196839446,-0.030431319254462297,0,92.675000381469729,-0.41506997638695992,0
2009-07-01,136028.65185117529,136028.65185117529,0,0,-0.030431319254462297,0,92.609000396728518,-0.16094501003467079,0
2009-07-02,136028.65185117529,136028.65185117529,0,0,-0.030431319254462297,0,92.373000335693362,-1.4425908412903194,0
2009-07-06,136028.65185117529,136028.65185117529,0,0,-0.030431319254462297,0,92.135500335693365,-1.306770289154048,0
2009-07-07,136028.65185117529,136028.65185117529,0,0,-0.030431319254462297,0,91.830500030517584,-1.9531520469740395,0
2009-07-08,136028.65185117529,136028.65185117529,0,0,-0.030431319254462297,0,91.498500061035159,-1.7590700320874015,0
2009-07-09,136028.65185117529,136028.65185117529,0,0,-0.030431319254462297,0,91.186999893188471,-1.5101169784962298,0
2009-07-10,136028.65185117529,136028.65185117529,0,0,-0.030431319254462297,0,90.843999862670898,-1.4923717784411072,0
2009-07-13,136028.65185117529,136028.65185117529,0,0,-0.030431319254462297,0,90.594999694824224,-0.2956600631205154,0
2009-07-14,136028.65185117529,136028.65185117529,0,0,-0.030431319254462297,0,90.480499649047857,0.081508816187810404,0
2009-07-15,136028.65185117529,136028.65185117529,0,0,-0.030431319254462297,0,90.561499786376956,1.6021766173696315,0
2009-07-16,136028.65185117529,136028.65185117529,0,0,-0.030431319254462297,0,90.639499664306641,1.4016642639216965,0
2009-07-17,136028.65185117529,136028.65185117529,0,0,-0.030431319254462297,0,90.73499946594238,1.7938772828163219,0
2009-07-20,136028.65185117529,136028.65185117529,0,0,-0.030431319254462297,0,90.889499282836908,2.012788060820407,0
2009-07-21,136028.65185117529,136028.65185117529,0,0,-0.030431319254462297,0,91.203999328613278,1.895497973467009,0
2009-07-22,136028.65185117529,136028.65185117529,0,0,-0.030431319254462297,0,91.513999557495112,1.6501886448699474,0
2009-07-23,136028.65185117529,136028.65185117529,0,0,-0.030431319254462297,0,91.890999603271482,2.0883509814711192,0
2009-07-24,136028.65185117529,136028.65185117529,0,0,-0.030431319254462297,0,92.189999389648435,1.910231040805348,0
2009-07-27,136028.65185117529,136028.65185117529,0,0,-0.030431319254462297,0,92.515499496459967,1.7412089158141804,0
2009-07-28,136028.65185117529,136028.65185117529,0,0,-0.030431319254462297,0,92.774999618530273,1.4407994532903408,0
2009-07-29,136028.65185117529,136028.65185117529,0,0,-0.030431319254462297,0,93.059999847412115,1.2411611640196509,0
2009-07-30,136028.65185117529,136028.65185117529,0,0,-0.030431319254462297,0,93.376999664306638,1.3610866377619455,0
2009-07-31,136028.65185117529,136028.65185117529,0,0,-0.030431319254462297,0,93.826999664306641,1.2551993983529344,0
2009-08-03,136028.65185117529,136028.65185117529,0,0,-0.030431319254462297,0,94.358999633789068,1.4812902824163479,0
2009-08-04,136028.65185117529,136028.65185117529,0,0,-0.030431319254462297,0,94.99099960327149,1.4063174206818598,0
2009-08-05,136028.65185117529,136028.65185117529,0,0,-0.030431319254462297,0,95.611499786376953,1.2340667210915854,0
2009-08-06,136028.65185117529,136028.65185117529,0,0,-0.030431319254462297,0,96.197499847412104,1.0271822841951144,0
2009-08-07,136028.65185117529,136028.65185117529,0,0,-0.030431319254462297,0,96.859499740600583,1.3496565841733612,0
2009-08-10,136028.65185117529,136028.65185117529,0,0,-0.030431319254462297,0,97.403999710083013,1.2217720859308472,0
2009-08-11,136028.65185117529,136028.65185117529,0,0,-0.030431319254462297,0,97.859999847412112,0.74096024358890056,0
2009-08-12,136028.65185117529,136028.65185117529,0,0,-0.030431319254462297,0,98.236999893188482,1.0829309870992199,0
2009-08-13,136028.65185117529,136028.65185117529,0,0,-0.030431319254462297,0,98.659999847412109,1.3475094017138274,0
2009-08-14,136028.65185117529,136028.65185117529,0,0,-0.030431319254462297,0,98.993000030517578,0.92753192363545556,0
2009-08-17,136028.65185117529,136028.65185117529,0,0,-0.030431319254462297,0,99.152000045776362,-0.48569140764301116,0
2009-08-18,136028.65185117529,136028.65185117529,0,0,-0.030431319254462297,0,99.327999877929685,-0.15581751366121011,0
2009-08-19,136028.65185117529,136028.65185117529,0,0,-0.030431319254462297,0,99.548499679565424,0.32625890272997454,0
2009-08-20,136028.65185117529,136028.65185117529,0,0,-0.030431319254462297,0,99.71499938964844,1.0449944080853382,0
2009-08-21,136028.65185117529,136028.65185117529,0,0,-0.030431319254462297,0,99.960499572753903,2.2300707799301036,0
2009-08-24,136028.65185117529,136028.65185117529,0,0,-0.030431319254462297,0,100.19099960327148,1.9161778525035793,0
2009-08-25,136028.65185117529,136028.65185117529,0,0,-0.030431319254462297,0,100.45449981689453,1.8262112889668283,0
2009-08-26,136028.65185117529,136028.65185117529,0,0,-0.030431319254462297,0,100.73049964904786,1.6858011483992266,0
2009-08-27,136028.65185117529,136028.65185117529,0,0,-0.030431319254462297,0,100.96699981689453,1.6470235658188623,0
2009-08-28,136028.65185117529,136028.65185117529,0,0,-0.030431319254462297,0,101.19549980163575,1.476674073260023,0
2009-08-31,136028.65185117529,136028.65185117529,0,0,-0.030431319254462297,0,101.29649963378907,0.77919909154712508,0
2009-09-01,136028.65185117529,136028.65185117529,0,0,-0.030431319254462297,0,101.27149963378906,-0.71097087754483013,0
2009-09-02,136028.65185117529,136028.65185117529,0,0,-0.030431319254462297,0,101.2419994354248,-0.92984714213718411,0
2009-09-03,136028.65185117529,136028.65185117529,0,0,-0.030431319254462297,0,101.27999954223633,-0.41875437027613788,0
2009-09-04,136028.65185117529,136028.65185117529,0,0,-0.030431319254462297,0,101.3229995727539,0.48684744433481053,0
2009-09-08,136028.65185117529,136028.65185117529,0,0,-0.030431319254462297,0,101.42049980163574,0.9793410904658798,0
2009-09-09,136028.65185117529,136028.65185117529,0,0,-0.030431319254462297,0,101.62049980163575,1.3365409280440608,0
2009-09-10,136028.65185117529,136028.65185117529,0,0,-0.030431319254462297,0,101.81999969482422,1.7380755429775125,0
2009-09-11,136028.65185117529,136028.65185117529,0,0,-0.030431319254462297,0,101.97999954223633,1.5297469533572972,0
2009-09-14,136028.65185117529,136028.65185117529,0,0,-0.030431319254462297,0,102.20449943542481,1.5882556787799378,0
2009-09-15,136028.65185117529,136028.65185117529,0,0,-0.030431319254462297,0,102.57499961853027,1.6878493051542414,0
2009-09-16,136028.65185117529,136028.65185117529,0,0,-0.030431319254462297,0,102.98649978637695,2.2168882047025407,0
2009-09-17,136028.65185117529,136028.65185117529,0,0,-0.030431319254462297,0,103.34650001525878,1.8823373535788126,0
2009-09-18,136028.65185117529,136028.65185117529,0,0,-0.030431319254462297,0,103.63300018310547,1.4863142176634265,0
2009-09-21,136028.65185117529,136028.65185117529,0,0,-0.030431319254462297,0,103.80699996948242,1.2245756441019064,0
2009-09-22,136028.65185117529,136028.65185117529,0,0,-0.030431319254462297,0,104.0125,1.3522274767700659,0
2009-09-23,136028.65185117529,136028.65185117529,0,0,-0.030431319254462297,0,104.16349983215332,0.87688318346541971,0
2009-09-24,136028.65185117529,136028.65185117529,0,0,-0.030431319254462297,0,104.25550003051758,0.32878244843340187,0
2009-09-25,136028.65185117529,136028.65185117529,0,0,-0.030431319254462297,0,104.30799980163575,0.062098035189094722,0
2009-09-28,136028.65185117529,136028.65185117529,0,0,-0.030431319254462297,0,104.45499992370605,0.80506496220275769,0
2009-09-29,136028.65185117529,136028.65185117529,0,0,-0.030431319254462297,0,104.63199996948242,0.59672727344186527,0
2009-09-30,136028.65185117529,136028.65185117529,0,0,-0.030431319254462297,0,104.90149993896485,0.33409944471778635,0
2009-10-01,136028.65185117529,136028.65185117529,0,0,-0.030431319254462297,0,105.05900001525879,-1.1831655635024028,0
2009-10-02,136028.65185117529,136028.65185117529,0,0,-0.030431319254462297,0,105.15099983215332,-1.6942152129381189,0
2009-10-05,136028.65185117529,136028.65185117529,0,0,-0.030431319254462297,0,105.24899978637696,-0.859726742507125,0
2009-10-06,136028.65185117529,136028.65185117529,0,0,-0.030431319254462297,0,105.37749977111817,0.099767796252241081,0
2009-10-07,136028.65185117529,136028.65185117529,0,0,-0.030431319254462297,0,105.48099975585937,0.25014129881421132,0
2009-10-08,136028.65185117529,136028.65185117529,0,0,-0.030431319254462297,0,105.57199974060059,0.80614336113939988,0
2009-10-09,136028.65185117529,136028.65185117529,0,0,-0.030431319254462297,0,105.69650001525879,1.1809673843437953,0
2009-10-12,136028.65185117529,136028.65185117529,0,0,-0.030431319254462297,0,105.81650009155274,1.3426314315596515,0
2009-10-13,136028.65185117529,136028.65185117529,0,0,-0.030431319254462297,0,105.90349998474122,1.0862018928870061,0
2009-10-14,136028.65185117529,136028.65185117529,0,0,-0.030431319254462297,0,106.00299987792968,2.0818079607463336,0
2009-10-15,136028.65185117529,136028.65185117529,0,0,-0.030431319254462297,0,106.13049964904785,2.0241242602944953,0
2009-10-16,136028.65185117529,136028.65185117529,0,0,-0.030431319254462297,0,106.23899955749512,1.4213098827533686,0
2009-10-19,136028.65185117529,136028.65185117529,0,0,-0.030431319254462297,0,106.40599975585937,1.6754812020045466,0
2009-10-20,136028.65185117529,136028.65185117529,0,0,-0.030431319254462297,0,106.5129997253418,1.2800990562169019,0
2009-10-21,136028.65185117529,136028.65185117529,0,0,-0.030431319254462297,0,106.61549987792969,0.75521255656148545,0
2009-10-22,136028.65185117529,136028.65185117529,0,0,-0.030431319254462297,0,106.8314998626709,1.1448095943869059,0
2009-10-23,136028.65185117529,136028.65185117529,0,0,-0.030431319254462297,0,107.01300010681152,0.5016228433274984,0
2009-10-26,136028.65185117529,136028.65185117529,0,0,-0.030431319254462297,0,107.04250030517578,-0.062458127421228762,0
2009-10-27,136028.65185117529,136028.65185117529,0,0,-0.030431319254462297,0,107.06350021362304,-0.30454340908145494,0
2009-10-28,136028.65185117529,136028.65185117529,0,0,-0.030431319254462297,0,107.00450057983399,-1.1961409340364753,0
2009-10-29,136028.65185117529,136028.65185117529,0,0,-0.030431319254462297,0,107.18850059509278,-0.27396913214578117,0
2009-10-30,136028.65185117529,136028.65185117529,0,0,-0.030431319254462297,0,107.24200057983398,-1.9924515131540028,0
2009-11-02,136028.65185117529,136028.65185117529,0,0,-0.030431319254462297,0,107.25700073242187,-1.6112506370481172,0
2009-11-03,136028.65185117529,136028.65185117529,0,0,-0.030431319254462297,0,107.2140007019043,-1.3689509720960644,0
2009-11-04,136028.65185117529,136028.65185117529,0,0,-0.030431319254462297,0,107.17000045776368,-1.174616458800064,0
2009-11-05,136028.65185117529,136028.65185117529,0,0,-0.030431319254462297,0,107.18200035095215,-0.17357535137061736,0
2009-11-06,136028.65185117529,136028.65185117529,0,0,-0.030431319254462297,0,107.17550010681153,-0.023790232394536651,0
2009-11-09,136028.65185117529,136028.65185117529,0,0,-0.030431319254462297,0,107.27000007629394,1.1611821315339375,0
2009-11-10,136028.65185117529,136028.65185117529,0,0,-0.030431319254462297,0,107.37649993896484,1.082746892052447,0
2009-11-11,136028.65185117529,136028.65185117529,0,0,-0.030431319254462297,0,107.4185001373291,1.3058726964878606,0
2009-11-12,136028.65185117529,136028.65185117529,0,0,-0.030431319254462297,0,107.38450012207031,0.79899526269687104,0
2009-11-13,136028.65185117529,136028.65185117529,0,0,-0.030431319254462297,0,107.42100028991699,1.0511332978081209,0
2009-11-16,136028.65185117529,136028.65185117529,0,0,-0.030431319254462297,0,107.49200019836425,1.6954790386481755,0
2009-11-17,136028.65185117529,136028.65185117529,0,0,-0.030431319254462297,0,107.59850006103515,1.6115463852883041,0
2009-11-18,136028.65185117529,136028.65185117529,0,0,-0.030431319254462297,0,107.7504997253418,1.4343025902917648,0
2009-11-19,136028.65185117529,136028.65185117529,0,0,-0.030431319254462297,0,107.77499961853027,0.82732171092865758,0
2009-11-20,136028.65185117529,136028.65185117529,0,0,-0.030431319254462297,0,107.84249954223633,0.63562627156872364,0
2009-11-23,136028.65185117529,136028.65185117529,0,0,-0.030431319254462297,0,108.03799934387207,1.082951749447534,0
2009-11-24,136028.65185117529,136028.65185117529,0,0,-0.030431319254462297,0,108.26649932861328,1.0404525393571531,0
2009-11-25,136028.65185117529,136028.65185117529,0,0,-0.030431319254462297,0,108.61499900817871,1.0869075442981595,0
2009-11-27,136028.65185117529,136028.65185117529,0,0,-0.030431319254462297,0,108.76099891662598,0.32224411981501311,0
2009-11-30,136028.65185117529,136028.65185117529,0,0,-0.030431319254462297,0,109.0799991607666,0.38780067329520312,0
2009-12-01,136028.65185117529,136028.65185117529,0,0,-0.030431319254462297,0,109.42899932861329,0.94624615017515845,0
2009-12-02,136028.65185117529,136028.65185117529,0,0,-0.030431319254462297,0,109.75899925231934,0.88714850655565392,0
2009-12-03,136028.65185117529,136028.65185117529,0,0,-0.030431319254462297,0,110.03199920654296,0.27523738588295799,0
2009-12-04,136028.65185117529,136028.65185117529,0,0,-0.030431319254462297,0,110.23999938964843,0.73520547031845218,0
2009-12-07,136028.65185117529,136028.65185117529,0,0,-0.030431319254462297,0,110.42549934387208,0.53650824139699704,0
2009-12-08,136028.65185117529,136028.65185117529,0,0,-0.030431319254462297,0,110.42749938964843,-1.0611159829656476,0
2009-12-09,136028.65185117529,136028.65185117529,0,0,-0.030431319254462297,0,110.44899940490723,-0.57007724645255575,0
2009-12-10,136028.65185117529,136028.65185117529,0,0,-0.030431319254462297,0,110.4734992980957,0.22188932284787222,0
2009-12-11,136028.65185117529,136028.65185117529,0,0,-0.030431319254462297,0,110.57749938964844,0.77812654727085784,0
2009-12-14,136028.65185117529,136028.65185117529,0,0,-0.030431319254462297,0,110.68999938964843,1.6799862280281892,0
2009-12-15,136028.65185117529,136028.65185117529,0,0,-0.030431319254462297,0,110.69699935913086,0.92204215320305027,0
2009-12-16,136028.65185117529,136028.65185117529,0,0,-0.030431319254462297,0,110.70599937438965,1.1346369100294844,0
2009-12-17,136028.65185117529,136028.65185117529,0,0,-0.030431319254462297,0,110.65149955749511,-0.66046888959888028,0
2009-12-18,136028.65185117529,136028.65185117529,0,0,-0.030431319254462297,0,110.67099952697754,-0.66234808201828088,0
2009-12-21,136028.65185117529,136028.65185117529,0,0,-0.030431319254462297,0,110.76599960327148,0.87015602243854839,0
2009-12-22,136028.65185117529,136028.65185117529,0,0,-0.030431319254462297,0,110.81149978637696,1.3478820793235997,0
2009-12-23,136028.65185117529,136028.65185117529,0,0,-0.030431319254462297,0,110.85949974060058,1.5046350731462839,0
2009-12-24,136028.65185117529,136028.65185117529,0,0,-0.030431319254462297,0,110.91450004577636,1.9568704113835595,0
2009-12-28,136028.65185117529,136028.65185117529,0,0,-0.030431319254462297,0,111.07200012207031,1.9871203441801739,0
2009-12-29,136028.65185117529,136028.65185117529,0,0,-0.030431319254462297,0,111.20299987792968,1.6022641867501433,0
2009-12-30,136028.65185117529,136028.65185117529,0,0,-0.030431319254462297,0,111.26399955749511,1.4044101531762023,0
2009-12-31,136028.65185117529,136028.65185117529,0,0,-0.030431319254462297,0,111.27349967956543,0.1860089245757309,0
2010-01-04,136028.65185117529,136028.65185117529,0,0,-0.030431319254462297,0,111.42099990844727,1.9575133324384408,0
2010-01-05,136028.65185117529,136028.65185117529,0,0,-0.030431319254462297,0,111.55199966430663,1.9215805393786918,0
2010-01-06,136028.65185117529,136028.65185117529,0,0,-0.030431319254462297,0,111.69549980163575,1.7297513269631271,0
2010-01-07,136028.65185117529,136028.65185117529,0,0,-0.030431319254462297,0,111.92449989318848,1.9163728852410424,0
2010-01-08,136028.65185117529,136028.65185117529,0,0,-0.030431319254462297,0,112.15200004577636,1.9648950914697747,0
2010-01-11,136028.65185117529,136028.65185117529,0,0,-0.030431319254462297,0,112.35650024414062,1.8254727315122175,0
2010-01-12,136028.65185117529,136028.65185117529,0,0,-0.030431319254462297,0,112.48400039672852,0.90688386630900775,0
2010-01-13,136028.65185117529,136028.65185117529,0,0,-0.030431319254462297,0,112.62150039672852,1.4606942885052399,0
2010-01-14,136028.65185117529,136028.65185117529,0,0,-0.030431319254462297,0,112.80050048828124,1.4962692097269008,0
2010-01-15,136028.65185117529,136028.65185117529,0,0,-0.030431319254462297,0,112.90650062561035,0.52292367108532678,0
2010-01-19,136028.65185117529,136028.65185117529,0,0,-0.030431319254462297,0,113.15050048828125,1.4360023427914936,0
2010-01-20,136028.65185117529,136028.65185117529,0,0,-0.030431319254462297,0,113.33450050354004,0.48179736993245309,0
2010-01-21,136028.65185117529,136028.65185117529,0,0,-0.030431319254462297,0,113.35300025939941,-1.4716307093906493,0
2010-01-22,136028.65185117529,136028.65185117529,0,0,-0.030431319254462297,0,113.22700004577636,-2.860309109157305,1
2010-01-25,135416.86656995933,0,1233.6418940622505,-0.0044974736784519909,-0.034791928875566813,1,113.11800003051758,-2.1275082668643419,1
2010-01-26,134849.39242812357,0,1233.6418940622505,-0.0041905720920117906,-0.038836702881405394,1,112.95949974060059,-2.0543000871797759,1
2010-01-27,135490.89148372275,0,1233.6418940622505,0.0047571519904407999,-0.034264302989378992,1,112.81499977111817,-1.5684560219286621,1
2010-01-28,133936.50006186089,0,1233.6418940622505,-0.011472294593681931,-0.04534350740511961,1,112.61549987792969,-1.9113389098699516,1
2010-01-29,132480.80225038982,0,1233.6418940622505,-0.010868566901469867,-0.05571925536280975,1,112.35900001525879,-2.0670191755912986,0
2010-02-01,133350.66353885792,133350.66353885792,0,0.0065659421870352119,-0.049519162585191401,0,112.23999977111816,-1.2703014402871267,0
2010-02-02,133350.66353885792,133350.66353885792,0,0,-0.049519162585191401,0,112.09249954223633,-0.67912859052529129,0
2010-02-03,133350.66353885792,133350.66353885792,0,0,-0.049519162585191401,0,111.90249977111816,-0.81540060426842842,0
2010-02-04,133350.66353885792,133350.66353885792,0,0,-0.049519162585191401,0,111.53899993896485,-1.842744243590692,0
2010-02-05,133350.66353885792,133350.66353885792,0,0,-0.049519162585191401,0,111.16249999999999,-1.5578034131892968,0
2010-02-08,133350.66353885792,133350.66353885792,0,0,-0.049519162585191401,0,110.72849998474121,-1.6150959231828743,0
2010-02-09,133350.66353885792,133350.66353885792,0,0,-0.049519162585191401,0,110.35299987792969,-1.0653327879248917,0
2010-02-10,133350.66353885792,133350.66353885792,0,0,-0.049519162585191401,0,110.02049980163574,-1.0295629551224432,0
2010-02-11,133350.66353885792,133350.66353885792,0,0,-0.049519162585191401,0,109.69599952697754,-0.5693341808374337,0
2010-02-12,133350.66353885792,133350.66353885792,0,0,-0.049519162585191401,0,109.35149955749512,-0.52609916461420414,0
2010-02-16,133350.66353885792,133350.66353885792,0,0,-0.049519162585191401,0,109.15649948120117,0.25431157188859121,0
2010-02-17,133350.66353885792,133350.66353885792,0,0,-0.049519162585191401,0,108.916499710083,0.71557104755672596,0
2010-02-18,133350.66353885792,133350.66353885792,0,0,-0.049519162585191401,0,108.76749992370605,1.3646751536901569,0
2010-02-19,133350.66353885792,133350.66353885792,0,0,-0.049519162585191401,0,108.73950004577637,1.5775379790734019,0
2010-02-22,133350.66353885792,133350.66353885792,0,0,-0.049519162585191401,0,108.83700027465821,1.4440406377793664,0
2010-02-23,133350.66353885792,133350.66353885792,0,0,-0.049519162585191401,0,108.83900032043456,0.60315407492272155,0
2010-02-24,133350.66353885792,133350.66353885792,0,0,-0.049519162585191401,0,108.9145004272461,1.144677470979085,0
2010-02-25,133350.66353885792,133350.66353885792,0,0,-0.049519162585191401,0,108.95650024414063,1.0094234366748907,0
2010-02-26,133350.66353885792,133350.66353885792,0,0,-0.049519162585191401,0,109.06500015258788,0.96364332085579407,0
2010-03-01,133350.66353885792,133350.66353885792,0,0,-0.049519162585191401,0,109.29000015258789,1.4468040910111888,0
2010-03-02,133350.66353885792,133350.66353885792,0,0,-0.049519162585191401,0,109.44700012207031,1.4458354372295552,0
2010-03-03,133350.66353885792,133350.66353885792,0,0,-0.049519162585191401,0,109.54300041198731,1.3819971297845055,0
2010-03-04,133350.66353885792,133350.66353885792,0,0,-0.049519162585191401,0,109.68350028991699,1.403803829973769,0
2010-03-05,133350.66353885792,133350.66353885792,0,0,-0.049519162585191401,0,110.07400016784668,1.9061453784796936,0
2010-03-08,133350.66353885792,133350.66353885792,0,0,-0.049519162585191401,0,110.45449981689453,1.7145203819957322,0
2010-03-09,133350.66353885792,133350.66353885792,0,0,-0.049519162585191401,0,110.88299980163575,1.6807564557244898,0
2010-03-10,133350.66353885792,133350.66353885792,0,0,-0.049519162585191401,0,111.27049980163574,1.7356095929621118,0
2010-03-11,133350.66353885792,133350.66353885792,0,0,-0.049519162585191401,0,111.69249954223633,1.8054986823272066,0
2010-03-12,133350.66353885792,133350.66353885792,0,0,-0.049519162585191401,0,112.05899963378906,1.6454819173363158,0
2010-03-15,133350.66353885792,133350.66353885792,0,0,-0.049519162585191401,0,112.43149948120117,1.545924777366301,0
2010-03-16,133350.66353885792,133350.66353885792,0,0,-0.049519162585191401,0,112.76499977111817,1.7718083233797359,0
2010-03-17,133350.66353885792,133350.66353885792,0,0,-0.049519162585191401,0,113.1069995880127,1.8338400080345945,0
2010-03-18,133350.66353885792,133350.66353885792,0,0,-0.049519162585191401,0,113.41349945068359,1.5935157546451137,0
2010-03-19,133350.66353885792,133350.66353885792,0,0,-0.049519162585191401,0,113.65499954223633,1.0162487013805146,0
2010-03-22,133350.66353885792,133350.66353885792,0,0,-0.049519162585191401,0,113.92649917602539,1.1641125158677357,0
2010-03-23,133350.66353885792,133350.66353885792,0,0,-0.049519162585191401,0,114.30649948120117,1.4092235653981802,0
2010-03-24,133350.66353885792,133350.66353885792,0,0,-0.049519162585191401,0,114.6074993133545,1.0556302091122012,0
2010-03-25,133350.66353885792,133350.66353885792,0,0,-0.049519162585191401,0,114.90649948120117,0.89245350495921838,0
2010-03-26,133350.66353885792,133350.66353885792,0,0,-0.049519162585191401,0,115.19849967956543,0.79716515923194842,0
2010-03-29,133350.66353885792,133350.66353885792,0,0,-0.049519162585191401,0,115.46999969482422,1.1456984023480543,0
2010-03-30,133350.66353885792,133350.66353885792,0,0,-0.049519162585191401,0,115.72999992370606,1.1281295937235369,0
2010-03-31,133350.66353885792,133350.66353885792,0,0,-0.049519162585191401,0,115.96499977111816,0.81103641938698334,0
2010-04-01,133350.66353885792,133350.66353885792,0,0,-0.049519162585191401,0,116.22299995422364,1.4532505041254198,0
2010-04-05,133350.66353885792,133350.66353885792,0,0,-0.049519162585191401,0,116.44850006103516,2.0642565316294159,0
2010-04-06,133350.66353885792,133350.66353885792,0,0,-0.049519162585191401,0,116.6870002746582,2.0672889671134427,0
2010-04-07,133350.66353885792,133350.66353885792,0,0,-0.049519162585191401,0,116.88200035095215,1.3785674962117953,0
2010-04-08,133350.66353885792,133350.66353885792,0,0,-0.049519162585191401,0,117.07200012207031,1.6125409318025434,0
2010-04-09,133350.66353885792,133350.66353885792,0,0,-0.049519162585191401,0,117.27700042724609,2.0393653924207618,0
2010-04-12,133350.66353885792,133350.66353885792,0,0,-0.049519162585191401,0,117.49100036621094,1.9466919956463131,0
2010-04-13,133350.66353885792,133350.66353885792,0,0,-0.049519162585191401,0,117.7080005645752,1.8189617856589846,0
2010-04-14,133350.66353885792,133350.66353885792,0,0,-0.049519162585191401,0,117.94700050354004,2.4000437233166751,0
2010-04-15,133350.66353885792,133350.66353885792,0,0,-0.049519162585191401,0,118.15650062561035,2.0640010994228137,0
2010-04-16,133350.66353885792,133350.66353885792,0,0,-0.049519162585191401,0,118.27250061035156,0.71684723484993518,0
2010-04-19,133350.66353885792,133350.66353885792,0,0,-0.049519162585191401,0,118.46450042724609,0.92458730658621557,0
2010-04-20,133350.66353885792,133350.66353885792,0,0,-0.049519162585191401,0,118.67900047302246,1.4880575634658997,0
2010-04-21,133350.66353885792,133350.66353885792,0,0,-0.049519162585191401,0,118.84150047302246,1.2051122020030633,0
2010-04-22,133350.66353885792,133350.66353885792,0,0,-0.049519162585191401,0,119.05050048828124,1.3070958676165314,0
2010-04-23,133350.66353885792,133350.66353885792,0,0,-0.049519162585191401,0,119.30850028991699,1.6507232815584345,0
2010-04-26,133350.66353885792,133350.66353885792,0,0,-0.049519162585191401,0,119.54700012207032,1.2514518548538671,0
2010-04-27,133350.66353885792,133350.66353885792,0,0,-0.049519162585191401,0,119.60500030517578,-0.82021071883017072,0
2010-04-28,133350.66353885792,133350.66353885792,0,0,-0.049519162585191401,0,119.70400009155273,-0.25370839610285995,0
2010-04-29,133350.66353885792,133350.66353885792,0,0,-0.049519162585191401,0,119.89700012207031,0.84627240484688082,0
2010-04-30,133350.66353885792,133350.66353885792,0,0,-0.049519162585191401,0,119.9474998474121,-1.0693399364268119,0
2010-05-03,133350.66353885792,133350.66353885792,0,0,-0.049519162585191401,0,120.02699966430664,0.31330762149748731,0
2010-05-04,133350.66353885792,133350.66353885792,0,0,-0.049519162585191401,0,119.9509994506836,-2.1138440758124291,1
2010-05-05,133580.32703107267,0,1143.4713865779186,0.0017222523392081968,-0.04788219473958133,1,119.87399940490722,-2.3560335131099208,1
2010-05-06,129143.66119178831,0,1143.4713865779186,-0.033213467416143727,-0.079505328440928502,1,119.58249969482422,-3.3471397466537396,1
2010-05-07,127222.62891337763,0,1143.4713865779186,-0.014875157330082156,-0.093197831501871997,1,119.16799964904786,-2.9410785346770361,1
2010-05-10,132825.64045240832,0,1143.4713865779186,0.044040997948923355,-0.053261359058966784,1,118.98899993896484,-1.0239175761799821,1
2010-05-11,132448.29280107896,0,1143.4713865779186,-0.0028409247645567737,-0.055950972309579017,1,118.78899993896485,-1.0424376735714842,0
2010-05-12,132906.80144772946,132906.80144772946,0,0.003461793556970294,-0.052682869468056115,0,118.60199966430665,-0.4118571152319237,0
2010-05-13,132906.80144772946,132906.80144772946,0,0,-0.052682869468056115,0,118.33699951171874,-0.84397413307861002,0
2010-05-14,132906.80144772946,132906.80144772946,0,0,-0.052682869468056115,0,118.06349945068359,-1.4235633762597724,0
2010-05-17,132906.80144772946,132906.80144772946,0,0,-0.052682869468056115,0,117.77049942016602,-1.2593968806123637,0
2010-05-18,132906.80144772946,132906.80144772946,0,0,-0.052682869468056115,0,117.34649963378907,-1.5656612846661302,0
2010-05-19,132906.80144772946,132906.80144772946,0,0,-0.052682869468056115,0,116.90149955749511,-1.5648661316038954,0
2010-05-20,132906.80144772946,132906.80144772946,0,0,-0.052682869468056115,0,116.22749977111816,-2.3323038574083452,1
2010-05-21,136853.03109619464,0,1254.2666147067275,0.029691705807976865,-0.024555407921444838,1,115.59249992370606,-1.7055628996294359,1
2010-05-24,135097.05592174624,0,1254.2666147067275,-0.012831101805952039,-0.037071436788470136,1,114.91049995422364,-1.8330616652221015,1
2010-05-25,135235.02601490758,0,1254.2666147067275,0.0010212664681696904,-0.036088030135619342,1,114.37749977111817,-1.5893622827430989,1
2010-05-26,134419.75080148922,0,1254.2666147067275,-0.0060285802978917724,-0.041899050846045838,1,113.76699981689453,-1.5550907524105499,1
2010-05-27,138922.57292431971,0,1254.2666147067275,0.033498218051901008,-0.0098043763355533109,1,113.26199989318847,-0.63189456457744131,0
2010-05-28,138701.67145686594,138701.67145686594,0,-0.001590104925382585,-0.011378891273834402,0,112.79000015258789,-0.89281383283160787,0
2010-06-01,138701.67145686594,138701.67145686594,0,0,-0.011378891273834402,0,112.14900016784668,-1.2916463282179209,0
2010-06-02,138701.67145686594,138701.67145686594,0,0,-0.011378891273834402,0,111.7895004272461,-0.43260777041716703,0
2010-06-03,138701.67145686594,138701.67145686594,0,0,-0.011378891273834402,0,111.48400039672852,-0.24376762442210362,0
2010-06-04,138701.67145686594,138701.67145686594,0,0,-0.011378891273834402,0,111.17800025939941,-1.3158027364600009,0
2010-06-07,138701.67145686594,138701.67145686594,0,0,-0.011378891273834402,0,110.88950004577637,-1.5269804713052355,0
2010-06-08,138701.67145686594,138701.67145686594,0,0,-0.011378891273834402,0,110.41249999999999,-1.1040972797077411,0
2010-06-09,138701.67145686594,138701.67145686594,0,0,-0.011378891273834402,0,109.92350006103516,-1.1655888103255037,0
2010-06-10,138701.67145686594,138701.67145686594,0,0,-0.011378891273834402,0,109.508500289917,-0.12620527814715654,0
2010-06-11,138701.67145686594,138701.67145686594,0,0,-0.011378891273834402,0,109.1930004119873,0.20099865384482815,0
2010-06-14,138701.67145686594,138701.67145686594,0,0,-0.011378891273834402,0,108.9740005493164,0.24659918400216294,0
2010-06-15,138701.67145686594,138701.67145686594,0,0,-0.011378891273834402,0,108.87650070190429,1.5746507523389162,0
2010-06-16,138701.67145686594,138701.67145686594,0,0,-0.011378891273834402,0,108.85450057983398,1.5954219729834074,0
2010-06-17,138701.67145686594,138701.67145686594,0,0,-0.011378891273834402,0,108.87350044250488,1.652752801116727,0
2010-06-18,138701.67145686594,138701.67145686594,0,0,-0.011378891273834402,0,109.0830005645752,1.294485149744343,0
2010-06-21,138701.67145686594,138701.67145686594,0,0,-0.011378891273834402,0,109.19800071716308,1.0499099371474727,0
2010-06-22,138701.67145686594,138701.67145686594,0,0,-0.011378891273834402,0,109.29100074768067,0.1341344128245652,0
2010-06-23,138701.67145686594,138701.67145686594,0,0,-0.011378891273834402,0,109.36150093078614,-0.064062102824841108,0
2010-06-24,138701.67145686594,138701.67145686594,0,0,-0.011378891273834402,0,109.37400093078614,-0.95784620026047973,0
2010-06-25,138701.67145686594,138701.67145686594,0,0,-0.011378891273834402,0,109.22950096130371,-0.6667287304159849,0
2010-06-28,138701.67145686594,138701.67145686594,0,0,-0.011378891273834402,0,109.13750076293945,-0.77586336903176079,0
2010-06-29,138701.67145686594,138701.67145686594,0,0,-0.011378891273834402,0,108.97150077819825,-2.058581642854429,1
2010-06-30,137697.54585128382,0,1334.01999828368,-0.0072394629065042349,-0.018535977119044533,1,108.61600074768066,-2.0715108486895502,1
2010-07-01,137083.89787340513,0,1334.01999828368,-0.0044564917557894379,-0.022909863445617407,1,108.21850090026855,-1.9152399081132478,1
2010-07-02,136336.83975348616,0,1334.01999828368,-0.0054496416538204473,-0.028234654553321303,1,107.98750076293945,-1.8503878720294957,1
2010-07-06,137230.64088743753,0,1334.01999828368,0.0065558299251140539,-0.021863926221453278,1,107.85650100708008,-1.5199444312991843,1
2010-07-07,141552.86283210249,0,1334.01999828368,0.031496041384884599,0,1,107.83100090026855,-0.52275325134204653,0
2010-07-08,142667.76974644559,142667.76974644559,0,0.0078762583252414142,0,0,107.88650093078613,-0.22210381057628878,0
2010-07-09,142667.76974644559,142667.76974644559,0,0,0,0,107.82700080871582,0.040818872285247304,0
2010-07-12,142667.76974644559,142667.76974644559,0,0,0,0,107.74450073242187,0.088360288841999007,0
2010-07-13,142667.76974644559,142667.76974644559,0,0,0,0,107.75200080871582,0.58974014053579082,0
2010-07-14,142667.76974644559,142667.76974644559,0,0,0,0,107.63450088500977,0.64609378543237694,0
2010-07-15,142667.76974644559,142667.76974644559,0,0,0,0,107.52050094604492,0.72014933903923284,0
2010-07-16,142667.76974644559,142667.76974644559,0,0,0,0,107.24650115966797,-0.20883759713431521,0
2010-07-19,142667.76974644559,142667.76974644559,0,0,0,0,107.02450103759766,0.10157005505248218,0
2010-07-20,142667.76974644559,142667.76974644559,0,0,0,0,106.87800102233886,0.6564476478282284,0
2010-07-21,142667.76974644559,142667.76974644559,0,0,0,0,106.75300102233886,0.13420245349657964,0
2010-07-22,142667.76974644559,142667.76974644559,0,0,0,0,106.76450080871582,1.1351135955692206,0
2010-07-23,142667.76974644559,142667.76974644559,0,0,0,0,106.91400108337402,1.3973264813370689,0
2010-07-26,142667.76974644559,142667.76974644559,0,0,0,0,107.0985008239746,1.6559144448986911,0
2010-07-27,142667.76974644559,142667.76974644559,0,0,0,0,107.29950103759765,1.4843192083755925,0
2010-07-28,142667.76974644559,142667.76974644559,0,0,0,0,107.63050117492676,1.1148264648746355,0
2010-07-29,142667.76974644559,142667.76974644559,0,0,0,0,107.98400115966797,0.842442420190473,0
2010-07-30,142667.76974644559,142667.76974644559,0,0,0,0,108.35950088500977,0.76429152034645953,0
2010-08-02,142667.76974644559,142667.76974644559,0,0,0,0,108.88750114440919,1.7247886534853867,0
2010-08-03,142667.76974644559,142667.76974644559,0,0,0,0,109.35500106811523,1.5169256214892046,0
2010-08-04,142667.76974644559,142667.76974644559,0,0,0,0,109.69800109863282,1.7301745906394779,0
2010-08-05,142667.76974644559,142667.76974644559,0,0,0,0,109.9825008392334,1.4967913409970757,0
2010-08-06,142667.76974644559,142667.76974644559,0,0,0,0,110.20400085449219,1.1354706173854225,0
2010-08-09,142667.76974644559,142667.76974644559,0,0,0,0,110.45200080871582,1.3025421082304138,0
2010-08-10,142667.76974644559,142667.76974644559,0,0,0,0,110.58800048828125,0.90364011194068805,0
2010-08-11,142667.76974644559,142667.76974644559,0,0,0,0,110.5705005645752,-0.63754151605324183,0
2010-08-12,142667.76974644559,142667.76974644559,0,0,0,0,110.5180004119873,-0.93047387324903352,0
2010-08-13,142667.76974644559,142667.76974644559,0,0,0,0,110.60050010681152,-1.2055436434313815,0
2010-08-16,142667.76974644559,142667.76974644559,0,0,0,0,110.64900016784668,-1.3084796602562543,0
2010-08-17,142667.76974644559,142667.76974644559,0,0,0,0,110.70449981689453,-0.62782749503805824,0
2010-08-18,142667.76974644559,142667.76974644559,0,0,0,0,110.84049987792969,-0.66253015155201778,0
2010-08-19,142667.76974644559,142667.76974644559,0,0,0,0,110.76149978637696,-1.7066201707829085,0
2010-08-20,142667.76974644559,142667.76974644559,0,0,0,0,110.61749954223633,-1.6878898482503584,0
2010-08-23,142667.76974644559,142667.76974644559,0,0,0,0,110.39549980163574,-1.6663370684596841,0
2010-08-24,142667.76974644559,142667.76974644559,0,0,0,0,110.0944995880127,-2.0640678654998634,1
2010-08-25,143940.59163593478,0,1358.6991534717592,0.0089215797776280858,0,1,109.84999961853028,-1.6425516308062083,1
2010-08-26,142975.91648089606,0,1358.6991534717592,-0.0067018979432753589,-0.0067018979432753589,1,109.59699974060058,-1.6921731148473331,1
2010-08-27,145190.59236927633,0,1358.6991534717592,0.01548985271709169,0,1,109.42649993896484,-0.97123465391810382,1
2010-08-30,143084.60453497435,0,1358.6991534717592,-0.014504988236053395,-0.014504988236053395,1,109.053999710083,-1.4015716895898525,1
2010-08-31,143084.60453497435,0,1358.6991534717592,0,-0.014504988236053395,1,108.70849952697753,-1.2651322843597526,0
2010-09-01,144940.45822849814,144940.45822849814,0,0.012970324092905328,-0.0017227985415335656,0,108.48299942016601,-0.0091925421756875927,0
2010-09-02,144940.45822849814,144940.45822849814,0,0,-0.0017227985415335656,0,108.31399955749512,0.50086362239785298,0
2010-09-03,144940.45822849814,144940.45822849814,0,0,-0.0017227985415335656,0,108.23899955749512,1.2071947420431486,0
2010-09-07,144940.45822849814,144940.45822849814,0,0,-0.0017227985415335656,0,108.07149963378906,0.80847267779424226,0
2010-09-08,144940.45822849814,144940.45822849814,0,0,-0.0017227985415335656,0,107.97299995422364,1.3842430994148363,0
2010-09-09,144940.45822849814,144940.45822849814,0,0,-0.0017227985415335656,0,108.053999710083,1.5454441815073261,0
2010-09-10,144940.45822849814,144940.45822849814,0,0,-0.0017227985415335656,0,108.19650001525879,1.6439965099394191,0
2010-09-13,144940.45822849814,144940.45822849814,0,0,-0.0017227985415335656,0,108.41700019836426,1.9315355579528128,0
2010-09-14,144940.45822849814,144940.45822849814,0,0,-0.0017227985415335656,0,108.63650016784668,1.6651633718336121,0
2010-09-15,144940.45822849814,144940.45822849814,0,0,-0.0017227985415335656,0,108.81100044250488,1.6467109032701956,0
2010-09-16,144940.45822849814,144940.45822849814,0,0,-0.0017227985415335656,0,108.9740005493164,1.4839283616377963,0
2010-09-17,144940.45822849814,144940.45822849814,0,0,-0.0017227985415335656,0,109.20450057983399,1.1579958885667794,0
2010-09-20,144940.45822849814,144940.45822849814,0,0,-0.0017227985415335656,0,109.53850059509277,1.55278534501887,0
2010-09-21,144940.45822849814,144940.45822849814,0,0,-0.0017227985415335656,0,109.88150062561036,1.3209232208192161,0
2010-09-22,144940.45822849814,144940.45822849814,0,0,-0.0017227985415335656,0,110.27600059509277,1.0393317529507995,0
2010-09-23,144940.45822849814,144940.45822849814,0,0,-0.0017227985415335656,0,110.60400047302247,0.65612132998627604,0
2010-09-24,144940.45822849814,144940.45822849814,0,0,-0.0017227985415335656,0,111.083500289917,1.358481283793997,0
2010-09-27,144940.45822849814,144940.45822849814,0,0,-0.0017227985415335656,0,111.45400009155273,1.0610355531301732,0
2010-09-28,144940.45822849814,144940.45822849814,0,0,-0.0017227985415335656,0,111.92200012207032,1.1766352673488187,0
2010-09-29,144940.45822849814,144940.45822849814,0,0,-0.0017227985415335656,0,112.38000030517578,1.1362478226856967,0
2010-09-30,144940.45822849814,144940.45822849814,0,0,-0.0017227985415335656,0,112.66350021362305,0.89450804622935198,0
2010-10-01,144940.45822849814,144940.45822849814,0,0,-0.0017227985415335656,0,112.92050018310547,1.1137201665385295,0
2010-10-04,144940.45822849814,144940.45822849814,0,0,-0.0017227985415335656,0,113.06350021362304,0.47271111385371922,0
2010-10-05,144940.45822849814,144940.45822849814,0,0,-0.0017227985415335656,0,113.383500289917,1.9459474723770418,0
2010-10-06,144940.45822849814,144940.45822849814,0,0,-0.0017227985415335656,0,113.66450004577636,1.8181229561515464,0
2010-10-07,144940.45822849814,144940.45822849814,0,0,-0.0017227985415335656,0,113.91300010681152,1.613111561320413,0
2010-10-08,144940.45822849814,144940.45822849814,0,0,-0.0017227985415335656,0,114.16599998474121,1.9467373973959121,0
2010-10-11,144940.45822849814,144940.45822849814,0,0,-0.0017227985415335656,0,114.3625,1.7794813805855902,0
2010-10-12,144940.45822849814,144940.45822849814,0,0,-0.0017227985415335656,0,114.58050003051758,1.806440809588588,0
2010-10-13,144940.45822849814,144940.45822849814,0,0,-0.0017227985415335656,0,114.8224998474121,2.090586612020306,0
2010-10-14,144940.45822849814,144940.45822849814,0,0,-0.0017227985415335656,0,115.04299964904786,1.5809299537936781,0
2010-10-15,144940.45822849814,144940.45822849814,0,0,-0.0017227985415335656,0,115.30349960327149,1.5813719231675223,0
2010-10-18,144940.45822849814,144940.45822849814,0,0,-0.0017227985415335656,0,115.50699958801269,1.7071867136918109,0
2010-10-19,144940.45822849814,144940.45822849814,0,0,-0.0017227985415335656,0,115.64449958801269,0.67610979096933421,0
2010-10-20,144940.45822849814,144940.45822849814,0,0,-0.0017227985415335656,0,115.86699981689453,1.2596775495189441,0
2010-10-21,144940.45822849814,144940.45822849814,0,0,-0.0017227985415335656,0,116.14849967956543,1.3550389921723054,0
2010-10-22,144940.45822849814,144940.45822849814,0,0,-0.0017227985415335656,0,116.32499961853027,1.3466204010695497,0
2010-10-25,144940.45822849814,144940.45822849814,0,0,-0.0017227985415335656,0,116.54649963378907,1.425213088648533,0
2010-10-26,144940.45822849814,144940.45822849814,0,0,-0.0017227985415335656,0,116.74899978637696,1.2990023818900716,0
2010-10-27,144940.45822849814,144940.45822849814,0,0,-0.0017227985415335656,0,116.94449958801269,0.98189328577065438,0
2010-10-28,144940.45822849814,144940.45822849814,0,0,-0.0017227985415335656,0,117.15799980163574,0.92531597345945416,0
2010-10-29,144940.45822849814,144940.45822849814,0,0,-0.0017227985415335656,0,117.35199966430665,0.92059346920870377,0
2010-11-01,144940.45822849814,144940.45822849814,0,0,-0.0017227985415335656,0,117.59099960327148,0.99442829402514066,0
2010-11-02,144940.45822849814,144940.45822849814,0,0,-0.0017227985415335656,0,117.76249961853027,1.7816777343754961,0
2010-11-03,144940.45822849814,144940.45822849814,0,0,-0.0017227985415335656,0,117.95849952697753,2.0228611649081252,0
2010-11-04,144940.45822849814,144940.45822849814,0,0,-0.0017227985415335656,0,118.27699966430664,3.1697094985066263,0
2010-11-05,144940.45822849814,144940.45822849814,0,0,-0.0017227985415335656,0,118.58599967956543,2.7142955359782657,0
2010-11-08,144940.45822849814,144940.45822849814,0,0,-0.0017227985415335656,0,118.87799949645996,2.1550957601070588,0
2010-11-09,144940.45822849814,144940.45822849814,0,0,-0.0017227985415335656,0,119.10799942016601,1.4555163369724389,0
2010-11-10,144940.45822849814,144940.45822849814,0,0,-0.0017227985415335656,0,119.3169994354248,1.5347272670160106,0
2010-11-11,144940.45822849814,144940.45822849814,0,0,-0.0017227985415335656,0,119.5259994506836,1.1563910325837721,0
2010-11-12,144940.45822849814,144940.45822849814,0,0,-0.0017227985415335656,0,119.6509994506836,0.30774984786153931,0
2010-11-15,144940.45822849814,144940.45822849814,0,0,-0.0017227985415335656,0,119.73849945068359,0.16588529541613978,0
2010-11-16,144940.45822849814,144940.45822849814,0,0,-0.0017227985415335656,0,119.80999946594238,-0.99411947884920493,0
2010-11-17,144940.45822849814,144940.45822849814,0,0,-0.0017227985415335656,0,119.82749938964844,-0.9796157512576471,0
2010-11-18,144940.45822849814,144940.45822849814,0,0,-0.0017227985415335656,0,119.91899948120117,0.025719672698055033,0
2010-11-19,144940.45822849814,144940.45822849814,0,0,-0.0017227985415335656,0,120.01599960327148,0.17629783115674563,0
2010-11-22,144940.45822849814,144940.45822849814,0,0,-0.0017227985415335656,0,120.09049987792969,0.065257834548442889,0
2010-11-23,144940.45822849814,144940.45822849814,0,0,-0.0017227985415335656,0,120.07699966430664,-1.0578876281797398,0
2010-11-24,144940.45822849814,144940.45822849814,0,0,-0.0017227985415335656,0,120.16799964904786,0.021505009382165881,0
2010-11-26,144940.45822849814,144940.45822849814,0,0,-0.0017227985415335656,0,120.1879997253418,-0.94644616249705915,0
2010-11-29,144940.45822849814,144940.45822849814,0,0,-0.0017227985415335656,0,120.22150001525878,-0.73988819952415041,0
2010-11-30,144940.45822849814,144940.45822849814,0,0,-0.0017227985415335656,0,120.21949996948243,-1.2035054001155441,0
2010-12-01,144940.45822849814,144940.45822849814,0,0,-0.0017227985415335656,0,120.29650001525879,0.4968369194325033,0
2010-12-02,144940.45822849814,144940.45822849814,0,0,-0.0017227985415335656,0,120.42700004577637,1.4078379741779565,0
2010-12-03,144940.45822849814,144940.45822849814,0,0,-0.0017227985415335656,0,120.45849990844727,1.5598651269607946,0
2010-12-06,144940.45822849814,144940.45822849814,0,0,-0.0017227985415335656,0,120.46049995422364,1.4724243459010842,0
2010-12-07,144940.45822849814,144940.45822849814,0,0,-0.0017227985415335656,0,120.47750015258789,1.4838700006710643,0
2010-12-08,144940.45822849814,144940.45822849814,0,0,-0.0017227985415335656,0,120.56100006103516,1.6148402841482141,0
2010-12-09,144940.45822849814,144940.45822849814,0,0,-0.0017227985415335656,0,120.64400024414063,1.7361015973629306,0
2010-12-10,144940.45822849814,144940.45822849814,0,0,-0.0017227985415335656,0,120.78600044250489,1.8735636905451669,0
2010-12-13,144940.45822849814,144940.45822849814,0,0,-0.0017227985415335656,0,121.00400047302246,1.6698606825484918,0
2010-12-14,144940.45822849814,144940.45822849814,0,0,-0.0017227985415335656,0,121.23600044250489,1.5197711640083267,0
2010-12-15,144940.45822849814,144940.45822849814,0,0,-0.0017227985415335656,0,121.53300018310547,1.1532686217156243,0
2010-12-16,144940.45822849814,144940.45822849814,0,0,-0.0017227985415335656,0,121.86300010681153,1.3445199217580124,0
2010-12-17,144940.45822849814,144940.45822849814,0,0,-0.0017227985415335656,0,122.08000030517579,1.0023122188108204,0
2010-12-20,144940.45822849814,144940.45822849814,0,0,-0.0017227985415335656,0,122.29550018310547,1.0288990477893536,0
2010-12-21,144940.45822849814,144940.45822849814,0,0,-0.0017227985415335656,0,122.55550003051758,1.2422800195712005,0
2010-12-22,144940.45822849814,144940.45822849814,0,0,-0.0017227985415335656,0,122.92200012207032,1.311491013028071,0
2010-12-23,144940.45822849814,144940.45822849814,0,0,-0.0017227985415335656,0,123.19200019836425,1.1149905430342593,0
2010-12-27,144940.45822849814,144940.45822849814,0,0,-0.0017227985415335656,0,123.53450012207031,1.0733714750684291,0
2010-12-28,144940.45822849814,144940.45822849814,0,0,-0.0017227985415335656,0,123.86800003051758,1.1179803387531311,0
2010-12-29,144940.45822849814,144940.45822849814,0,0,-0.0017227985415335656,0,124.23950004577637,1.2865266432403819,0
2010-12-30,144940.45822849814,144940.45822849814,0,0,-0.0017227985415335656,0,124.47499999999999,1.1185472282289199,0
2010-12-31,144940.45822849814,144940.45822849814,0,0,-0.0017227985415335656,0,124.63450012207031,1.0581357033292869,0
2011-01-03,144940.45822849814,144940.45822849814,0,0,-0.0017227985415335656,0,124.84250030517578,2.0087569209313605,0
2011-01-04,144940.45822849814,144940.45822849814,0,0,-0.0017227985415335656,0,125.05350036621094,1.7774455895471992,0
2011-01-05,144940.45822849814,144940.45822849814,0,0,-0.0017227985415335656,0,125.29400024414062,2.1378432356938122,0
2011-01-06,144940.45822849814,144940.45822849814,0,0,-0.0017227985415335656,0,125.4995002746582,1.741205146736166,0
2011-01-07,144940.45822849814,144940.45822849814,0,0,-0.0017227985415335656,0,125.6685001373291,1.3821048043173563,0
2011-01-10,144940.45822849814,144940.45822849814,0,0,-0.0017227985415335656,0,125.7935001373291,1.1145449647889691,0
2011-01-11,144940.45822849814,144940.45822849814,0,0,-0.0017227985415335656,0,125.9370002746582,1.3799652648806335,0
2011-01-12,144940.45822849814,144940.45822849814,0,0,-0.0017227985415335656,0,126.13250045776367,2.0675417965624372,0
2011-01-13,144940.45822849814,144940.45822849814,0,0,-0.0017227985415335656,0,126.34600028991699,1.7108911625052279,0
2011-01-14,144940.45822849814,144940.45822849814,0,0,-0.0017227985415335656,0,126.57000045776367,2.1130454318049239,0
2011-01-18,144940.45822849814,144940.45822849814,0,0,-0.0017227985415335656,0,126.83100051879883,2.0163087283509888,0
2011-01-19,144940.45822849814,144940.45822849814,0,0,-0.0017227985415335656,0,127.01350059509278,0.97843669059932215,0
2011-01-20,144940.45822849814,144940.45822849814,0,0,-0.0017227985415335656,0,127.14800071716309,0.75994863413431735,0
2011-01-21,144940.45822849814,144940.45822849814,0,0,-0.0017227985415335656,0,127.27750053405762,0.90157152428116061,0
2011-01-24,144940.45822849814,144940.45822849814,0,0,-0.0017227985415335656,0,127.45250091552734,1.3620259386408118,0
2011-01-25,144940.45822849814,144940.45822849814,0,0,-0.0017227985415335656,0,127.62850074768066,1.2948761835627243,0
2011-01-26,144940.45822849814,144940.45822849814,0,0,-0.0017227985415335656,0,127.8205005645752,1.5482605537420062,0
2011-01-27,144940.45822849814,144940.45822849814,0,0,-0.0017227985415335656,0,128.02400093078614,1.6381580587349047,0
2011-01-28,144940.45822849814,144940.45822849814,0,0,-0.0017227985415335656,0,128.12400093078614,-0.37357531640679209,0
2011-01-31,144940.45822849814,144940.45822849814,0,0,-0.0017227985415335656,0,128.2705005645752,0.43609529863896257,0
2011-02-01,144940.45822849814,144940.45822849814,0,0,-0.0017227985415335656,0,128.45500068664552,2.2006663845488488,0
2011-02-02,144940.45822849814,144940.45822849814,0,0,-0.0017227985415335656,0,128.63050079345703,1.7373254328646803,0
2011-02-03,144940.45822849814,144940.45822849814,0,0,-0.0017227985415335656,0,128.78750076293946,1.7455828539512688,0
2011-02-04,144940.45822849814,144940.45822849814,0,0,-0.0017227985415335656,0,128.97550048828126,1.806450467875679,0
2011-02-07,144940.45822849814,144940.45822849814,0,0,-0.0017227985415335656,0,129.21700057983398,2.129977588279639,0
2011-02-08,144940.45822849814,144940.45822849814,0,0,-0.0017227985415335656,0,129.49650077819825,2.2271983251981089,0
2011-02-09,144940.45822849814,144940.45822849814,0,0,-0.0017227985415335656,0,129.73850097656251,1.7825290739122661,0
2011-02-10,144940.45822849814,144940.45822849814,0,0,-0.0017227985415335656,0,129.92550125122071,1.597036407175042,0
2011-02-11,144940.45822849814,144940.45822849814,0,0,-0.0017227985415335656,0,130.16250152587889,1.8357681256948635,0
2011-02-14,144940.45822849814,144940.45822849814,0,0,-0.0017227985415335656,0,130.36900100708007,1.7579365400986759,0
2011-02-15,144940.45822849814,144940.45822849814,0,0,-0.0017227985415335656,0,130.54350051879882,1.3548537877497824,0
2011-02-16,144940.45822849814,144940.45822849814,0,0,-0.0017227985415335656,0,130.8235008239746,1.6132667444663271,0
2011-02-17,144940.45822849814,144940.45822849814,0,0,-0.0017227985415335656,0,131.13200073242189,1.6354108551186637,0
2011-02-18,144940.45822849814,144940.45822849814,0,0,-0.0017227985415335656,0,131.44000091552735,1.5986613575353374,0
2011-02-22,144940.45822849814,144940.45822849814,0,0,-0.0017227985415335656,0,131.57650070190431,0.13645739713951477,0
2011-02-23,144940.45822849814,144940.45822849814,0,0,-0.0017227985415335656,0,131.66900100708008,-0.36459744789329296,0
2011-02-24,144940.45822849814,144940.45822849814,0,0,-0.0017227985415335656,0,131.73200073242188,-0.46365302087948279,0
2011-02-25,144940.45822849814,144940.45822849814,0,0,-0.0017227985415335656,0,131.8490005493164,0.285194354096096,0
2011-02-28,144940.45822849814,144940.45822849814,0,0,-0.0017227985415335656,0,132.12050018310546,0.72741371796352128,0
2011-03-01,144940.45822849814,144940.45822849814,0,0,-0.0017227985415335656,0,132.23300018310547,-1.074932631698142,0
2011-03-02,144940.45822849814,144940.45822849814,0,0,-0.0017227985415335656,0,132.25650024414062,-0.88140266562092739,0
2011-03-03,144940.45822849814,144940.45822849814,0,0,-0.0017227985415335656,0,132.40550003051757,0.93180490878188615,0
2011-03-04,144940.45822849814,144940.45822849814,0,0,-0.0017227985415335656,0,132.4900001525879,-0.018520303638223223,0
2011-03-07,144940.45822849814,144940.45822849814,0,0,-0.0017227985415335656,0,132.50400009155274,-1.0093347865873274,0
2011-03-08,144940.45822849814,144940.45822849814,0,0,-0.0017227985415335656,0,132.53450012207031,0.043045925182146144,0
2011-03-09,144940.45822849814,144940.45822849814,0,0,-0.0017227985415335656,0,132.5254997253418,-0.12813562086079647,0
2011-03-10,144940.45822849814,144940.45822849814,0,0,-0.0017227985415335656,0,132.40899963378905,-2.0606059392973544,1
2011-03-11,146343.42463012907,0,1118.4915066200497,0.0096796051204637301,0,1,132.33499908447266,-1.1997027959845088,1
2011-03-14,145459.82384930266,0,1118.4915066200497,-0.0060378577517892218,-0.0060378577517892218,1,132.18199920654297,-1.606826388510278,1
2011-03-15,143793.26536038143,0,1118.4915066200497,-0.011457173842364887,-0.017425854808256425,1,131.93849945068359,-2.2378239503954158,1
2011-03-16,141131.2586466544,0,1118.4915066200497,-0.018512735676843972,-0.035615990241092077,1,131.59699974060058,-2.7923930372791124,1
2011-03-17,142999.13741469075,0,1118.4915066200497,0.013235046480474466,-0.022852323046906542,1,131.29699935913087,-1.6979144039800178,0
2011-03-18,144651.91419924141,144651.91419924141,0,0.011557949330545103,-0.011558499708222758,0,130.97249946594238,-1.5664815914536117,0
2011-03-21,144651.91419924141,144651.91419924141,0,0,-0.011558499708222758,0,130.73299980163574,-0.52397511132419938,0
2011-03-22,144651.91419924141,144651.91419924141,0,0,-0.011558499708222758,0,130.60599937438965,-0.69174592777397292,0
2011-03-23,144651.91419924141,144651.91419924141,0,0,-0.011558499708222758,0,130.53799934387206,-0.45951140816900099,0
2011-03-24,144651.91419924141,144651.91419924141,0,0,-0.011558499708222758,0,130.53649940490723,0.19026949387372277,0
2011-03-25,144651.91419924141,144651.91419924141,0,0,-0.011558499708222758,0,130.48499946594239,0.43468474177765842,0
2011-03-28,144651.91419924141,144651.91419924141,0,0,-0.011558499708222758,0,130.37649955749512,0.33945377131580701,0
2011-03-29,144651.91419924141,144651.91419924141,0,0,-0.011558499708222758,0,130.42299995422363,0.79670122493096762,0
2011-03-30,144651.91419924141,144651.91419924141,0,0,-0.011558499708222758,0,130.50099983215333,1.2142815017470077,0
2011-03-31,144651.91419924141,144651.91419924141,0,0,-0.011558499708222758,0,130.45699958801271,1.18006051607804,0
2011-04-01,144651.91419924141,144651.91419924141,0,0,-0.011558499708222758,0,130.49099922180176,1.4365565214964482,0
2011-04-04,144651.91419924141,144651.91419924141,0,0,-0.011558499708222758,0,130.5824993133545,1.3813775182914312,0
2011-04-05,144651.91419924141,144651.91419924141,0,0,-0.011558499708222758,0,130.61549949645996,1.3273625740129524,0
2011-04-06,144651.91419924141,144651.91419924141,0,0,-0.011558499708222758,0,130.67899971008302,1.4526059962376339,0
2011-04-07,144651.91419924141,144651.91419924141,0,0,-0.011558499708222758,0,130.84799995422364,1.1647580916247582,0
2011-04-08,144651.91419924141,144651.91419924141,0,0,-0.011558499708222758,0,130.94900016784669,0.88180615490191983,0
2011-04-11,144651.91419924141,144651.91419924141,0,0,-0.011558499708222758,0,131.06950035095215,0.63762308506988796,0
2011-04-12,144651.91419924141,144651.91419924141,0,0,-0.011558499708222758,0,131.21500053405762,0.12118584621997977,0
2011-04-13,144651.91419924141,144651.91419924141,0,0,-0.011558499708222758,0,131.4790008544922,-0.010799360008342855,0
2011-04-14,144651.91419924141,144651.91419924141,0,0,-0.011558499708222758,0,131.66450080871581,-0.067444109851772044,0
2011-04-15,144651.91419924141,144651.91419924141,0,0,-0.011558499708222758,0,131.87850036621094,0.1276759742384842,0
2011-04-18,144651.91419924141,144651.91419924141,0,0,-0.011558499708222758,0,131.91949996948242,-1.126495648353449,0
2011-04-19,144651.91419924141,144651.91419924141,0,0,-0.011558499708222758,0,132.02050018310547,-0.67162389552626933,0
2011-04-20,144651.91419924141,144651.91419924141,0,0,-0.011558499708222758,0,132.19250030517577,0.97338943288145907,0
2011-04-21,144651.91419924141,144651.91419924141,0,0,-0.011558499708222758,0,132.33650054931641,1.5292851762938682,0
2011-04-25,144651.91419924141,144651.91419924141,0,0,-0.011558499708222758,0,132.45350036621093,1.2448120791012378,0
2011-04-26,144651.91419924141,144651.91419924141,0,0,-0.011558499708222758,0,132.64400024414061,2.1077536219087754,0
2011-04-27,144651.91419924141,144651.91419924141,0,0,-0.011558499708222758,0,132.83450012207032,2.3733012929771617,0
2011-04-28,144651.91419924141,144651.91419924141,0,0,-0.011558499708222758,0,133.00149993896486,2.2342092783520329,0
2011-04-29,144651.91419924141,144651.91419924141,0,0,-0.011558499708222758,0,133.19349975585936,2.0559339283936966,0
2011-05-02,144651.91419924141,144651.91419924141,0,0,-0.011558499708222758,0,133.34700012207031,1.6834606394795724,0
2011-05-03,144651.91419924141,144651.91419924141,0,0,-0.011558499708222758,0,133.47050018310546,1.266902687695141,0
2011-05-04,144651.91419924141,144651.91419924141,0,0,-0.011558499708222758,0,133.55000000000001,0.70846727040045587,0
2011-05-05,144651.91419924141,144651.91419924141,0,0,-0.011558499708222758,0,133.5474998474121,0.034595786791012467,0
2011-05-06,144651.91419924141,144651.91419924141,0,0,-0.011558499708222758,0,133.59149932861328,0.33595745950142569,0
2011-05-09,144651.91419924141,144651.91419924141,0,0,-0.011558499708222758,0,133.68449935913085,0.56926293575116305,0
2011-05-10,144651.91419924141,144651.91419924141,0,0,-0.011558499708222758,0,133.85499877929686,1.0858417481825171,0
2011-05-11,144651.91419924141,144651.91419924141,0,0,-0.011558499708222758,0,134.00349884033204,0.24577537860275464,0
2011-05-12,144651.91419924141,144651.91419924141,0,0,-0.011558499708222758,0,134.18449859619142,0.52989426061393641,0
2011-05-13,144651.91419924141,144651.91419924141,0,0,-0.011558499708222758,0,134.30849838256836,-0.16991092109002837,0
2011-05-16,144651.91419924141,144651.91419924141,0,0,-0.011558499708222758,0,134.36599884033203,-0.77556526814894022,0
2011-05-17,144651.91419924141,144651.91419924141,0,0,-0.011558499708222758,0,134.49649887084962,-1.039186641337315,0
2011-05-18,144651.91419924141,144651.91419924141,0,0,-0.011558499708222758,0,134.64899902343751,-0.27562607206884288,0
2011-05-19,144651.91419924141,144651.91419924141,0,0,-0.011558499708222758,0,134.72799835205078,-0.048661565586575715,0
2011-05-20,144651.91419924141,144651.91419924141,0,0,-0.011558499708222758,0,134.71949844360353,-1.1146859336777613,0
2011-05-23,144651.91419924141,144651.91419924141,0,0,-0.011558499708222758,0,134.64049835205077,-2.2809926796297089,1
2011-05-24,144043.70855424978,0,1091.6537467655371,-0.0042046152542017934,-0.015714515918235694,1,134.49849853515624,-2.0019756991291211,1
2011-05-25,144524.03886799689,0,1091.6537467655371,0.0033346150176785105,-0.012432302761333669,1,134.33449859619139,-1.4710453186248873,1
2011-05-26,145189.94831981644,0,1091.6537467655371,0.0046076033927322513,-0.007881982488984085,1,134.17899856567382,-0.91659248018994111,1
2011-05-27,145746.68573403373,0,1091.6537467655371,0.0038345451641799144,-0.0040776611426412979,1,134.03299865722656,-0.44166582415560496,1
2011-05-31,147264.08377574527,0,1091.6537467655371,0.010411201009953519,0,1,133.96699829101561,0.85301350937753162,0
2011-06-01,146763.92031105887,146763.92031105887,0,-0.0033963710082089982,-0.0033963710082089982,0,133.77399826049805,-1.7213120699405402,0
2011-06-02,146763.92031105887,146763.92031105887,0,0,-0.0033963710082089982,0,133.61899795532227,-1.6242014034219028,0
2011-06-03,146763.92031105887,146763.92031105887,0,0,-0.0033963710082089982,0,133.45949783325196,-2.2414282118267095,1
2011-06-06,145505.59131008791,0,1127.6007352809168,-0.0085738306683549315,-0.01194108176665265,1,133.20149765014648,-2.5225849518516696,1
2011-06-07,145415.3983923886,0,1127.6007352809168,-0.00061985877578485393,-0.012553538758112048,1,132.91349792480469,-2.1369346810612582,1
2011-06-08,144806.48436007672,0,1127.6007352809168,-0.0041874109553982075,-0.016688382887785402,1,132.54099807739257,-2.0984696365934901,1
2011-06-09,145911.52826302193,0,1127.6007352809168,0.0076311769312580324,-0.0091845579590406068,1,132.28899765014648,-1.4257278298724305,1
2011-06-10,143881.8521012628,0,1127.6007352809168,-0.013910320767118622,-0.022967118578844703,1,131.91499748229981,-1.9954593242044851,0
2011-06-13,144135.75291817015,144135.75291817015,0,0.0017646479608051102,-0.021242999497005366,0,131.59799766540527,-1.7031657241577542,0
2011-06-14,144135.75291817015,144135.75291817015,0,0,-0.021242999497005366,0,131.40449790954591,-0.90260945790587921,0
2011-06-15,144135.75291817015,144135.75291817015,0,0,-0.021242999497005366,0,131.09699783325195,-1.658340415260372,0
2011-06-16,144135.75291817015,144135.75291817015,0,0,-0.021242999497005366,0,130.74399795532227,-1.3935161801202465,0
2011-06-17,144135.75291817015,144135.75291817015,0,0,-0.021242999497005366,0,130.36249847412108,-1.3671942399434953,0
2011-06-20,144135.75291817015,144135.75291817015,0,0,-0.021242999497005366,0,130.06699829101564,-0.99935102261485587,0
2011-06-21,144135.75291817015,144135.75291817015,0,0,-0.021242999497005366,0,129.93649826049804,-0.20909801070055062,0
2011-06-22,144135.75291817015,144135.75291817015,0,0,-0.021242999497005366,0,129.77249832153319,-0.48053147776215832,0
2011-06-23,144135.75291817015,144135.75291817015,0,0,-0.021242999497005366,0,129.56799850463867,-0.56774656171666626,0
2011-06-24,144135.75291817015,144135.75291817015,0,0,-0.021242999497005366,0,129.25849838256835,-1.1313841746158704,0
2011-06-27,144135.75291817015,144135.75291817015,0,0,-0.021242999497005366,0,128.97999877929686,-0.53426633604196849,0
2011-06-28,144135.75291817015,144135.75291817015,0,0,-0.021242999497005366,0,128.71549911499022,0.63461020408499214,0
2011-06-29,144135.75291817015,144135.75291817015,0,0,-0.021242999497005366,0,128.65799942016602,1.5876472825880983,0
2011-06-30,144135.75291817015,144135.75291817015,0,0,-0.021242999497005366,0,128.66999969482421,2.4851475437666126,0
2011-07-01,144135.75291817015,144135.75291817015,0,0,-0.021242999497005366,0,128.84499969482422,2.950947005286404,0
2011-07-05,144135.75291817015,144135.75291817015,0,0,-0.021242999497005366,0,129.08349990844727,2.3253515571900829,0
2011-07-06,144135.75291817015,144135.75291817015,0,0,-0.021242999497005366,0,129.33399963378906,2.0210423597611897,0
2011-07-07,144135.75291817015,144135.75291817015,0,0,-0.021242999497005366,0,129.68099975585938,2.1595689186618974,0
2011-07-08,144135.75291817015,144135.75291817015,0,0,-0.021242999497005366,0,129.93099975585938,1.5837665227479978,0
2011-07-11,144135.75291817015,144135.75291817015,0,0,-0.021242999497005366,0,130.14949989318848,0.64973448770250508,0
2011-07-12,144135.75291817015,144135.75291817015,0,0,-0.021242999497005366,0,130.33449974060059,0.38663042339885473,0
2011-07-13,144135.75291817015,144135.75291817015,0,0,-0.021242999497005366,0,130.46049919128419,0.49906230548232305,0
2011-07-14,144135.75291817015,144135.75291817015,0,0,-0.021242999497005366,0,130.65599899291993,0.1034002530789614,0
2011-07-15,144135.75291817015,144135.75291817015,0,0,-0.021242999497005366,0,130.87549896240233,0.3203685953928479,0
2011-07-18,144135.75291817015,144135.75291817015,0,0,-0.021242999497005366,0,131.05349884033203,-0.18569759090848351,0
2011-07-19,144135.75291817015,144135.75291817015,0,0,-0.021242999497005366,0,131.30499877929688,0.62377159302143492,0
2011-07-20,144135.75291817015,144135.75291817015,0,0,-0.021242999497005366,0,131.46499862670899,0.52412532950864876,0
2011-07-21,144135.75291817015,144135.75291817015,0,0,-0.021242999497005366,0,131.75599899291993,1.2113604418418238,0
2011-07-22,144135.75291817015,144135.75291817015,0,0,-0.021242999497005366,0,132.06999893188475,1.1460268009991317,0
2011-07-25,144135.75291817015,144135.75291817015,0,0,-0.021242999497005366,0,132.42099914550781,0.75911210630492088,0
2011-07-26,144135.75291817015,144135.75291817015,0,0,-0.021242999497005366,0,132.69049911499025,0.41194874878923882,0
2011-07-27,144135.75291817015,144135.75291817015,0,0,-0.021242999497005366,0,132.73999938964843,-1.4589609582757106,0
2011-07-28,144135.75291817015,144135.75291817015,0,0,-0.021242999497005366,0,132.71499938964843,-1.6580510676867146,0
2011-07-29,144135.75291817015,144135.75291817015,0,0,-0.021242999497005366,0,132.582999420166,-1.9467893089744315,0
2011-08-01,144135.75291817015,144135.75291817015,0,0,-0.021242999497005366,0,132.32599945068358,-1.9345582493421551,0
2011-08-02,144135.75291817015,144135.75291817015,0,0,-0.021242999497005366,0,131.90999946594238,-2.759362942040283,1
2011-08-03,144647.4039900903,0,1146.4484908401378,0.0035497859591480108,-0.017768621639202009,1,131.5199993133545,-2.0674594649538771,1
2011-08-04,137871.89795751317,0,1146.4484908401378,-0.046841532206421843,-0.063777844382847504,1,130.76499938964844,-3.0674494767341574,1
2011-08-05,137665.53687929362,0,1146.4484908401378,-0.0014967595374885123,-0.06517914382347556,1,130.04899978637695,-2.4719776111984952,1
2011-08-08,128700.31003079207,0,1146.4484908401378,-0.065123247631412196,-0.12605771393126808,1,129.06349983215333,-3.0214008592135215,1
2011-08-09,134684.77255245083,0,1146.4484908401378,0.046499208278728776,-0.085420089547769806,1,128.36750030517578,-1.7927619852292831,0
2011-08-10,132072.58567556084,132072.58567556084,0,-0.019394819676980979,-0.10315820199118031,0,127.39000053405762,-2.1738981879955102,1
2011-08-11,136749.20527437117,0,1165.5092741861413,0.035409464991459583,-0.071401513741709222,1,126.71000099182129,-1.2980441358693329,1
2011-08-12,137669.95866803383,0,1165.5092741861413,0.006733153525940283,-0.065149117569776482,1,126.03150100708008,-1.0745530558215117,1
2011-08-15,140583.73185349919,0,1165.5092741861413,0.021164916541388745,-0.045363076664497237,1,125.5320011138916,-0.66613317330582023,1
2011-08-16,139383.24983169819,0,1165.5092741861413,-0.0085392669974930779,-0.053514976238524414,1,124.87500114440918,-0.72514756611523201,1
2011-08-17,139476.4927077443,0,1165.5092741861413,0.00066896758512013932,-0.052881808437826305,1,124.22600135803222,-0.63779036908808895,0
2011-08-18,135712.93952746413,135712.93952746413,0,-0.026983422849370275,-0.078438299089079289,0,123.22700119018555,-1.2391935789972717,0
2011-08-19,135712.93952746413,135712.93952746413,0,0,-0.078438299089079289,0,122.13000106811523,-1.377835508793456,0
2011-08-22,135712.93952746413,135712.93952746413,0,0,-0.078438299089079289,0,121.07500114440919,-1.2594917596439668,0
2011-08-23,135712.93952746413,135712.93952746413,0,0,-0.078438299089079289,0,120.23050117492676,-0.625257776735341,0
2011-08-24,135712.93952746413,135712.93952746413,0,0,-0.078438299089079289,0,119.60450096130371,-0.27286582748152266,0
2011-08-25,135712.93952746413,135712.93952746413,0,0,-0.078438299089079289,0,118.90750083923339,-0.51883124660096325,0
2011-08-26,135712.93952746413,135712.93952746413,0,0,-0.078438299089079289,0,118.33950080871583,-0.082753606159446713,0
2011-08-29,135712.93952746413,135712.93952746413,0,0,-0.078438299089079289,0,117.96850090026855,0.88142752152091275,0
2011-08-30,135712.93952746413,135712.93952746413,0,0,-0.078438299089079289,0,117.77800102233887,1.0980056309154638,0
2011-08-31,135712.93952746413,135712.93952746413,0,0,-0.078438299089079289,0,117.58050117492675,1.4631080907965113,0
2011-09-01,135712.93952746413,135712.93952746413,0,0,-0.078438299089079289,0,117.61450119018555,1.038239001633033,0
2011-09-02,135712.93952746413,135712.93952746413,0,0,-0.078438299089079289,0,117.50300102233886,0.1100290939717827,0
2011-09-06,135712.93952746413,135712.93952746413,0,0,-0.078438299089079289,0,117.73950080871582,-0.25664713137127715,0
2011-09-07,135712.93952746413,135712.93952746413,0,0,-0.078438299089079289,0,117.8800006866455,0.81099892726220801,0
2011-09-08,135712.93952746413,135712.93952746413,0,0,-0.078438299089079289,0,118.21750068664551,0.30606817357886673,0
2011-09-09,135712.93952746413,135712.93952746413,0,0,-0.078438299089079289,0,118.14700050354004,-0.81639223846269704,0
2011-09-12,135712.93952746413,135712.93952746413,0,0,-0.078438299089079289,0,118.07450027465821,-0.51132016342357489,0
2011-09-13,135712.93952746413,135712.93952746413,0,0,-0.078438299089079289,0,117.93050003051758,-0.070967021614943587,0
2011-09-14,135712.93952746413,135712.93952746413,0,0,-0.078438299089079289,0,117.91950035095215,0.54163714950420516,0
2011-09-15,135712.93952746413,135712.93952746413,0,0,-0.078438299089079289,0,118.00750045776367,1.2392807564348196,0
2011-09-16,135712.93952746413,135712.93952746413,0,0,-0.078438299089079289,0,118.35800018310547,1.1538829541547737,0
2011-09-19,135712.93952746413,135712.93952746413,0,0,-0.078438299089079289,0,118.74150009155274,0.64475946830316155,0
2011-09-20,135712.93952746413,135712.93952746413,0,0,-0.078438299089079289,0,119.11349983215332,0.52338440835871169,0
2011-09-21,135712.93952746413,135712.93952746413,0,0,-0.078438299089079289,0,119.12299957275391,-1.2425277479440813,0
2011-09-22,135712.93952746413,135712.93952746413,0,0,-0.078438299089079289,0,118.86199951171875,-2.4784792979820969,1
2011-09-23,137374.30325340162,0,1209.9198709325956,0.012241748883504933,-0.067156772165872236,1,118.72499961853028,-1.9698389653978057,1
2011-09-26,140641.08321253723,0,1209.9198709325956,0.023780138510400173,-0.044973630999487924,1,118.6384994506836,-0.8937927594259385,1
2011-09-27,142213.982737132,0,1209.9198709325956,0.011183784202072777,-0.034292822181297034,1,118.44749946594239,-0.34661721301786358,1
2011-09-28,139310.17320070259,0,1209.9198709325956,-0.020418593731368895,-0.054011204708644067,1,118.12049942016601,-1.1453008062430816,1
2011-09-29,140411.20471411015,0,1209.9198709325956,0.0079034537687445727,-0.046534625999308354,1,117.81199951171875,-0.71628087757268155,0
2011-09-30,138405.08787308523,138405.08787308523,0,-0.014287441270157575,-0.060157206533472118,0,117.42249946594238,-1.6761975851044018,0
2011-10-03,138405.08787308523,138405.08787308523,0,0,-0.060157206533472118,0,117.02649955749511,-2.3475791718285506,1
2011-10-04,143429.11556474995,0,1276.7413231290398,0.036299443675594123,-0.026041435988120698,1,116.79399948120117,-1.3958365126147727,1
2011-10-05,146084.73985464155,0,1276.7413231290398,0.018515238551357616,-0.0080083608363029635,1,116.50049934387206,-0.66572976103823578,1
2011-10-06,148727.59400388814,0,1276.7413231290398,0.018091240412080767,0,1,116.37299919128418,0.038104416501790569,0
2011-10-07,149519.98060399981,149519.98060399981,0,0.0053277712546802025,0,0,116.36249923706055,-0.21237715939024848,0
2011-10-10,149519.98060399981,149519.98060399981,0,0,0,0,116.50799942016602,0.97481430859302109,0
2011-10-11,149519.98060399981,149519.98060399981,0,0,0,0,116.60599937438965,0.96148604133841986,0
2011-10-12,149519.98060399981,149519.98060399981,0,0,0,0,116.67499923706055,1.2384371632757345,0
2011-10-13,149519.98060399981,149519.98060399981,0,0,0,0,116.62899932861328,1.2017316050080133,0
2011-10-14,149519.98060399981,149519.98060399981,0,0,0,0,116.68149948120117,1.7758005797300618,0
2011-10-17,149519.98060399981,149519.98060399981,0,0,0,0,116.67749977111816,1.0727338358970291,0
2011-10-18,149519.98060399981,149519.98060399981,0,0,0,0,116.79799995422363,1.6632736785497815,0
2011-10-19,149519.98060399981,149519.98060399981,0,0,0,0,117.02299995422364,1.1403582684797988,0
2011-10-20,149519.98060399981,149519.98060399981,0,0,0,0,117.46300010681152,1.1646780743575578,0
2011-10-21,149519.98060399981,149519.98060399981,0,0,0,0,117.98450012207032,1.5961994674030173,0
2011-10-24,149519.98060399981,149519.98060399981,0,0,0,0,118.44700012207031,1.7332415927528257,0
2011-10-25,149519.98060399981,149519.98060399981,0,0,0,0,118.72250022888184,1.0358260971012812,0
2011-10-26,149519.98060399981,149519.98060399981,0,0,0,0,119.18050041198731,1.2014106842287955,0
2011-10-27,149519.98060399981,149519.98060399981,0,0,0,0,119.80950050354004,1.8918712051024529,0
2011-10-28,149519.98060399981,149519.98060399981,0,0,0,0,120.58200073242188,1.6796781997260852,0
2011-10-31,149519.98060399981,149519.98060399981,0,0,0,0,121.36050071716309,0.98346015179685475,0
2011-11-01,149519.98060399981,149519.98060399981,0,0,0,0,121.84350090026855,0.042696010308104777,0
2011-11-02,149519.98060399981,149519.98060399981,0,0,0,0,122.32200088500977,0.51036667258417545,0
2011-11-03,149519.98060399981,149519.98060399981,0,0,0,0,122.81000099182128,1.1152588975463835,0
2011-11-04,149519.98060399981,149519.98060399981,0,0,0,0,123.29850120544434,0.81804912365157623,0
2011-11-07,149519.98060399981,149519.98060399981,0,0,0,0,123.63250122070312,1.0115530720751513,0
2011-11-08,149519.98060399981,149519.98060399981,0,0,0,0,124.04150123596192,1.4819989731774805,0
2011-11-09,149519.98060399981,149519.98060399981,0,0,0,0,124.16200141906738,-0.40269958065623485,0
2011-11-10,149519.98060399981,149519.98060399981,0,0,0,0,124.35250129699708,-0.01387229283127147,0
2011-11-11,149519.98060399981,149519.98060399981,0,0,0,0,124.55700149536133,0.89228950688544761,0
2011-11-14,149519.98060399981,149519.98060399981,0,0,0,0,124.81850128173828,0.29939176920136518,0
2011-11-15,149519.98060399981,149519.98060399981,0,0,0,0,124.99350128173828,0.51859176279034302,0
2011-11-16,149519.98060399981,149519.98060399981,0,0,0,0,125.14100151062011,-0.55436096118683109,0
2011-11-17,149519.98060399981,149519.98060399981,0,0,0,0,125.16350135803222,-1.6284364961321449,0
2011-11-18,149519.98060399981,149519.98060399981,0,0,0,0,125.06400146484376,-1.5533694944713332,0
2011-11-21,149519.98060399981,149519.98060399981,0,0,0,0,124.77250175476074,-2.2191013489426537,1
2011-11-22,149181.41796338613,0,1251.6269394047847,-0.0022643304208976867,-0.0022643304208976867,1,124.57950172424316,-2.085199759790195,1
2011-11-23,145889.63300129186,0,1251.6269394047847,-0.022065650045652307,-0.024280016543894778,1,124.19250144958497,-2.4453192334115443,1
2011-11-25,145614.2735467579,0,1251.6269394047847,-0.0018874504573709316,-0.026121639672934904,1,123.57800102233887,-2.137790474205314,1
2011-11-28,149832.25977024809,0,1251.6269394047847,0.028966845905636696,0,1,123.13350067138671,-1.0440267916698134,1
2011-11-29,150257.81789520668,0,1251.6269394047847,0.0028402303056174194,0,1,122.86100082397461,-0.85245054488495742,0
2011-11-30,154485.1263692966,154485.1263692966,0,0.028133700683968144,0,0,123.01050071716308,0.59573038253641741,0
2011-12-01,154485.1263692966,154485.1263692966,0,0,0,0,123.05950088500977,0.57131366034986442,0
2011-12-02,154485.1263692966,154485.1263692966,0,0,0,0,122.99000091552735,0.56820912277717095,0
2011-12-05,154485.1263692966,154485.1263692966,0,0,0,0,123.02700080871583,0.96092695542490214,0
2011-12-06,154485.1263692966,154485.1263692966,0,0,0,0,123.02700080871583,0.97296514929033151,0
2011-12-07,154485.1263692966,154485.1263692966,0,0,0,0,122.9695011138916,1.1579851799422509,0
2011-12-08,154485.1263692966,154485.1263692966,0,0,0,0,123.00900077819824,0.28915231776614575,0
2011-12-09,154485.1263692966,154485.1263692966,0,0,0,0,123.09550094604492,0.89245586817320643,0
2011-12-12,154485.1263692966,154485.1263692966,0,0,0,0,122.97300071716309,0.38410495164855418,0
2011-12-13,154485.1263692966,154485.1263692966,0,0,0,0,122.85250091552734,0.062306478508692052,0
2011-12-14,154485.1263692966,154485.1263692966,0,0,0,0,122.63550071716308,-0.28990089547967762,0
2011-12-15,154485.1263692966,154485.1263692966,0,0,0,0,122.54050064086914,-0.11733958228685444,0
2011-12-16,154485.1263692966,154485.1263692966,0,0,0,0,122.51450042724609,-0.30035766272101183,0
2011-12-19,154485.1263692966,154485.1263692966,0,0,0,0,122.43000030517578,-0.68710726075632433,0
2011-12-20,154485.1263692966,154485.1263692966,0,0,0,0,122.6435001373291,0.419980667780046,0
2011-12-21,154485.1263692966,154485.1263692966,0,0,0,0,122.89249992370605,0.42963039264475156,0
2011-12-22,154485.1263692966,154485.1263692966,0,0,0,0,123.32799987792968,0.73772857066517583,0
2011-12-23,154485.1263692966,154485.1263692966,0,0,0,0,123.83050003051758,1.1800810780830764,0
2011-12-27,154485.1263692966,154485.1263692966,0,0,0,0,124.16949996948242,1.1468509423726212,0
2011-12-28,154485.1263692966,154485.1263692966,0,0,0,0,124.40849990844727,0.23525266117577209,0
2011-12-29,154485.1263692966,154485.1263692966,0,0,0,0,124.46500015258789,0.90604551820873491,0
2011-12-30,154485.1263692966,154485.1263692966,0,0,0,0,124.49150009155274,0.54882324835826701,0
2012-01-03,154485.1263692966,154485.1263692966,0,0,0,0,124.62350006103516,1.4746444141304496,0
2012-01-04,154485.1263692966,154485.1263692966,0,0,0,0,124.6974998474121,1.4746995881163625,0
2012-01-05,154485.1263692966,154485.1263692966,0,0,0,0,124.78649940490723,1.5212643356859057,0
2012-01-06,154485.1263692966,154485.1263692966,0,0,0,0,124.83549919128419,1.310656025703302,0
2012-01-09,154485.1263692966,154485.1263692966,0,0,0,0,125.03899955749512,1.3026982706118213,0
2012-01-10,154485.1263692966,154485.1263692966,0,0,0,0,125.19299964904785,1.6074830166366116,0
2012-01-11,154485.1263692966,154485.1263692966,0,0,0,0,125.44249954223633,1.4526576457017448,0
2012-01-12,154485.1263692966,154485.1263692966,0,0,0,0,125.76549911499023,1.4025818851885408,0
2012-01-13,154485.1263692966,154485.1263692966,0,0,0,0,126.12049903869629,1.0534870476812104,0
2012-01-17,154485.1263692966,154485.1263692966,0,0,0,0,126.47849884033204,1.1420918589512783,0
2012-01-18,154485.1263692966,154485.1263692966,0,0,0,0,126.93749923706055,1.5923542848926009,0
2012-01-19,154485.1263692966,154485.1263692966,0,0,0,0,127.49599952697754,1.9129409631776286,0
2012-01-20,154485.1263692966,154485.1263692966,0,0,0,0,127.89699935913086,1.9128720871556966,0
2012-01-23,154485.1263692966,154485.1263692966,0,0,0,0,128.26899948120118,1.6026740958543817,0
2012-01-24,154485.1263692966,154485.1263692966,0,0,0,0,128.5784999847412,1.3880751143224792,0
2012-01-25,154485.1263692966,154485.1263692966,0,0,0,0,128.88699989318849,1.6822204838228387,0
2012-01-26,154485.1263692966,154485.1263692966,0,0,0,0,129.15650024414063,1.2360013637209772,0
2012-01-27,154485.1263692966,154485.1263692966,0,0,0,0,129.50600051879883,1.1356332603424431,0
2012-01-30,154485.1263692966,154485.1263692966,0,0,0,0,129.76850013732911,0.83443711257746844,0
2012-01-31,154485.1263692966,154485.1263692966,0,0,0,0,130.05950050354005,0.75219620939141074,0
2012-02-01,154485.1263692966,154485.1263692966,0,0,0,0,130.3080005645752,1.3134619933997949,0
2012-02-02,154485.1263692966,154485.1263692966,0,0,0,0,130.55700035095214,1.3195061313078604,0
2012-02-03,154485.1263692966,154485.1263692966,0,0,0,0,130.88200035095215,2.1263539621154219,0
2012-02-06,154485.1263692966,154485.1263692966,0,0,0,0,131.21900024414063,1.8718684218459027,0
2012-02-07,154485.1263692966,154485.1263692966,0,0,0,0,131.55749969482423,1.8691821210447619,0
2012-02-08,154485.1263692966,154485.1263692966,0,0,0,0,131.86049957275389,1.8429099047585402,0
2012-02-09,154485.1263692966,154485.1263692966,0,0,0,0,132.16849975585939,1.7238640653933115,0
2012-02-10,154485.1263692966,154485.1263692966,0,0,0,0,132.41100006103517,1.0801980794696231,0
2012-02-13,154485.1263692966,154485.1263692966,0,0,0,0,132.73700027465821,1.5280905032123107,0
2012-02-14,154485.1263692966,154485.1263692966,0,0,0,0,133.02950057983398,1.3438282487629858,0
2012-02-15,154485.1263692966,154485.1263692966,0,0,0,0,133.21900024414063,0.86368439824801713,0
2012-02-16,154485.1263692966,154485.1263692966,0,0,0,0,133.44850006103516,1.6121224738682334,0
2012-02-17,154485.1263692966,154485.1263692966,0,0,0,0,133.6715003967285,1.6135132343652976,0
2012-02-21,154485.1263692966,154485.1263692966,0,0,0,0,133.91450042724608,1.4752635985856417,0
2012-02-22,154485.1263692966,154485.1263692966,0,0,0,0,134.14300003051758,1.1136739037755132,0
2012-02-23,154485.1263692966,154485.1263692966,0,0,0,0,134.34650039672852,1.315422839698084,0
2012-02-24,154485.1263692966,154485.1263692966,0,0,0,0,134.59899978637696,1.3504669856462381,0
2012-02-27,154485.1263692966,154485.1263692966,0,0,0,0,134.86599960327149,1.3588969217071845,0
2012-02-28,154485.1263692966,154485.1263692966,0,0,0,0,135.17549972534181,1.5063440627994742,0
2012-02-29,154485.1263692966,154485.1263692966,0,0,0,0,135.46049957275392,1.1461251010956623,0
2012-03-01,154485.1263692966,154485.1263692966,0,0,0,0,135.7234992980957,1.5899325697656417,0
2012-03-02,154485.1263692966,154485.1263692966,0,0,0,0,135.95499954223632,1.236034125612304,0
2012-03-05,154485.1263692966,154485.1263692966,0,0,0,0,136.06549987792968,0.64649314671784575,0
2012-03-06,154485.1263692966,154485.1263692966,0,0,0,0,136.08050003051758,-1.2821486258309678,0
2012-03-07,154485.1263692966,154485.1263692966,0,0,0,0,136.12550048828126,-0.43567810715804084,0
2012-03-08,154485.1263692966,154485.1263692966,0,0,0,0,136.21800003051757,0.82668793170768384,0
2012-03-09,154485.1263692966,154485.1263692966,0,0,0,0,136.32850036621093,1.2226688233703997,0
2012-03-12,154485.1263692966,154485.1263692966,0,0,0,0,136.4895004272461,1.1561276976706076,0
2012-03-13,154485.1263692966,154485.1263692966,0,0,0,0,136.7245002746582,2.8108865060634876,0
2012-03-14,154485.1263692966,154485.1263692966,0,0,0,0,136.96050033569335,2.2346999893146995,0
2012-03-15,154485.1263692966,154485.1263692966,0,0,0,0,137.26850051879882,2.4014239348469593,0
2012-03-16,154485.1263692966,154485.1263692966,0,0,0,0,137.48100051879882,1.8174409808351164,0
2012-03-19,154485.1263692966,154485.1263692966,0,0,0,0,137.70300064086913,1.8586764989770805,0
2012-03-20,154485.1263692966,154485.1263692966,0,0,0,0,137.9015007019043,1.4357921713143262,0
2012-03-21,154485.1263692966,154485.1263692966,0,0,0,0,138.11050109863282,1.1785440053138467,0
2012-03-22,154485.1263692966,154485.1263692966,0,0,0,0,138.2390007019043,0.54521387094937757,0
2012-03-23,154485.1263692966,154485.1263692966,0,0,0,0,138.37500076293946,0.72389675032075684,0
2012-03-26,154485.1263692966,154485.1263692966,0,0,0,0,138.59750061035157,1.6097680606348552,0
2012-03-27,154485.1263692966,154485.1263692966,0,0,0,0,138.77800064086915,1.2357862097859611,0
2012-03-28,154485.1263692966,154485.1263692966,0,0,0,0,138.95050048828125,0.78937101006199151,0
2012-03-29,154485.1263692966,154485.1263692966,0,0,0,0,139.07550048828125,0.60042184326718429,0
2012-03-30,154485.1263692966,154485.1263692966,0,0,0,0,139.25050048828126,0.81503578994166581,0
2012-04-02,154485.1263692966,154485.1263692966,0,0,0,0,139.50500030517577,1.2274137803788054,0
2012-04-03,154485.1263692966,154485.1263692966,0,0,0,0,139.83050003051758,0.89755205502411983,0
2012-04-04,154485.1263692966,154485.1263692966,0,0,0,0,140.03899993896485,-0.13994796953552097,0
2012-04-05,154485.1263692966,154485.1263692966,0,0,0,0,140.17649993896484,-0.35725830804541281,0
2012-04-09,154485.1263692966,154485.1263692966,0,0,0,0,140.20899963378906,-1.9683521316393973,0
2012-04-10,154485.1263692966,154485.1263692966,0,0,0,0,140.12499923706054,-3.3434766561960751,1
2012-04-11,154080.77407569598,0,1124.6771830342773,-0.0026174189263632464,-0.0026174189263632464,1,139.97199935913085,-2.0699425996167715,1
2012-04-12,156093.9386823941,0,1124.6771830342773,0.013065644424327116,0,1,139.91599884033204,-0.77188573491800616,1
2012-04-13,154238.2281948723,0,1124.6771830342773,-0.011888421185255904,-0.011888421185255904,1,139.73699874877929,-1.6595131582379725,1
2012-04-16,154137.01136709008,0,1124.6771830342773,-0.00065623697164318706,-0.012536856535382834,1,139.57449874877929,-1.5174510174919489,1
2012-04-17,156420.10467575272,0,1124.6771830342773,0.014812103130929843,0,1,139.48599853515626,-0.24750588264688428,0
2012-04-18,155643.94890870235,155643.94890870235,0,-0.0049619949344701375,-0.0049619949344701375,0,139.39449844360351,-0.47963409719907546,0
2012-04-19,155643.94890870235,155643.94890870235,0,0,-0.0049619949344701375,0,139.26999816894531,-0.93186016508217095,0
2012-04-20,155643.94890870235,155643.94890870235,0,0,-0.0049619949344701375,0,139.20749816894531,-0.74492427231761871,0
2012-04-23,155643.94890870235,155643.94890870235,0,0,-0.0049619949344701375,0,139.06449813842772,-1.2894146273242593,0
2012-04-24,155643.94890870235,155643.94890870235,0,0,-0.0049619949344701375,0,138.84949798583983,-0.90475241416922092,0
2012-04-25,155643.94890870235,155643.94890870235,0,0,-0.0049619949344701375,0,138.7504981994629,0.27141767522589821,0
2012-04-26,155643.94890870235,155643.94890870235,0,0,-0.0049619949344701375,0,138.7349983215332,0.88831265842010143,0
2012-04-27,155643.94890870235,155643.94890870235,0,0,-0.0049619949344701375,0,138.74299850463868,1.0217211763524794,0
2012-04-30,155643.94890870235,155643.94890870235,0,0,-0.0049619949344701375,0,138.69599838256835,0.7506253726151555,0
2012-05-01,155643.94890870235,155643.94890870235,0,0,-0.0049619949344701375,0,138.64099884033203,1.4289174060022201,0
2012-05-02,155643.94890870235,155643.94890870235,0,0,-0.0049619949344701375,0,138.59399948120117,1.2348810013848801,0
2012-05-03,155643.94890870235,155643.94890870235,0,0,-0.0049619949344701375,0,138.56349945068359,0.49882188379239634,0
2012-05-04,155643.94890870235,155643.94890870235,0,0,-0.0049619949344701375,0,138.42399978637695,-1.0272556193727742,0
2012-05-07,155643.94890870235,155643.94890870235,0,0,-0.0049619949344701375,0,138.36800003051758,-0.89570505371216569,0
2012-05-08,155643.94890870235,155643.94890870235,0,0,-0.0049619949344701375,0,138.40050048828124,-1.3555113624059421,0
2012-05-09,155643.94890870235,155643.94890870235,0,0,-0.0049619949344701375,0,138.33750076293944,-1.7858424966889115,0
2012-05-10,155643.94890870235,155643.94890870235,0,0,-0.0049619949344701375,0,138.19900131225586,-1.4200108187992073,0
2012-05-11,155643.94890870235,155643.94890870235,0,0,-0.0049619949344701375,0,138.12250137329102,-1.5498963915917008,0
2012-05-14,155643.94890870235,155643.94890870235,0,0,-0.0049619949344701375,0,137.97550125122069,-2.1107594293309582,1
2012-05-15,154775.83977672784,0,1160.7607921670979,-0.005577532169167343,-0.010511851417267182,1,137.68850097656249,-2.1007499633541937,1
2012-05-16,154183.8581489721,0,1160.7607921670979,-0.0038247676679364906,-0.014296413695772614,1,137.39950103759764,-1.977586526336039,1
2012-05-17,151897.1579714586,0,1160.7607921670979,-0.014830995961354732,-0.028915379603343561,1,137.05650100708007,-2.284907142922445,1
2012-05-18,150597.11155200875,0,1160.7607921670979,-0.0085587277392913386,-0.037226628481131674,1,136.64600143432617,-2.2034918281058613,1
2012-05-21,153185.60315923623,0,1160.7607921670979,0.017188188940353788,-0.02067829786472386,1,136.40500183105468,-1.3459925270579265,0
2012-05-22,153502.46744895118,153502.46744895118,0,0.0020684991486150661,-0.018652571757636793,0,136.14950180053711,-1.1578851060183717,0
2012-05-23,153502.46744895118,153502.46744895118,0,0,-0.018652571757636793,0,135.80350189208986,-1.0284119596418546,0
2012-05-24,153502.46744895118,153502.46744895118,0,0,-0.018652571757636793,0,135.42200164794923,-0.86236097444613169,0
2012-05-25,153502.46744895118,153502.46744895118,0,0,-0.018652571757636793,0,135.00750198364258,-0.90190272617273637,0
2012-05-29,153502.46744895118,153502.46744895118,0,0,-0.018652571757636793,0,134.69900207519532,-0.32935176222826335,0
2012-05-30,153502.46744895118,153502.46744895118,0,0,-0.018652571757636793,0,134.2500015258789,-0.90285312305041088,0
2012-05-31,153502.46744895118,153502.46744895118,0,0,-0.018652571757636793,0,133.80750122070313,-0.95791530752465304,0
2012-06-01,153502.46744895118,153502.46744895118,0,0,-0.018652571757636793,0,133.25300140380858,-2.121943762542156,1
2012-06-04,153078.2160176824,0,1194.9899197817545,-0.0027638085453569605,-0.021364828165777117,1,132.80800170898436,-1.8925484208288235,1
2012-06-05,154237.35769859861,0,1194.9899197817545,0.0075722183800621679,-0.013954388930238704,1,132.40650177001953,-1.3848359068905094,1
2012-06-06,157702.82117232608,0,1194.9899197817545,0.022468379421407558,0,1,132.1775016784668,-0.093706510398992013,1
2012-06-07,157798.42255400048,0,1194.9899197817545,0.00060621224759160874,0,1,131.99300155639648,0.02769669856116248,0
2012-06-08,157312.4342922798,157312.4342922798,0,-0.0030798043089079741,-0.0030798043089079741,0,131.84700164794921,0.67315896177286305,0
2012-06-11,157312.4342922798,157312.4342922798,0,0,-0.0030798043089079741,0,131.63700180053712,-0.13758284373723226,0
2012-06-12,157312.4342922798,157312.4342922798,0,0,-0.0030798043089079741,0,131.5775016784668,0.84989370734695469,0
2012-06-13,157312.4342922798,157312.4342922798,0,0,-0.0030798043089079741,0,131.51400222778321,0.36285765593469749,0
2012-06-14,157312.4342922798,157312.4342922798,0,0,-0.0030798043089079741,0,131.54600219726564,1.2287944884849202,0
2012-06-15,157312.4342922798,157312.4342922798,0,0,-0.0030798043089079741,0,131.71000213623046,1.4686519230166895,0
2012-06-18,157312.4342922798,157312.4342922798,0,0,-0.0030798043089079741,0,131.9430015563965,1.4551174593844969,0
2012-06-19,157312.4342922798,157312.4342922798,0,0,-0.0030798043089079741,0,132.12950134277344,1.9025331463263566,0
2012-06-20,157312.4342922798,157312.4342922798,0,0,-0.0030798043089079741,0,132.29350128173829,1.5821766911978097,0
2012-06-21,157312.4342922798,157312.4342922798,0,0,-0.0030798043089079741,0,132.30200119018554,0.06851296178839425,0
2012-06-22,157312.4342922798,157312.4342922798,0,0,-0.0030798043089079741,0,132.34850158691407,0.54763697498269304,0
2012-06-25,157312.4342922798,157312.4342922798,0,0,-0.0030798043089079741,0,132.30950164794922,-0.48469031253906864,0
2012-06-26,157312.4342922798,157312.4342922798,0,0,-0.0030798043089079741,0,132.22350158691407,-0.12071511999634658,0
2012-06-27,157312.4342922798,157312.4342922798,0,0,-0.0030798043089079741,0,132.29400177001952,0.43272122866021284,0
2012-06-28,157312.4342922798,157312.4342922798,0,0,-0.0030798043089079741,0,132.36000137329103,0.21308282406728088,0
2012-06-29,157312.4342922798,157312.4342922798,0,0,-0.0030798043089079741,0,132.75700149536132,1.7304961794321174,0
2012-07-02,157312.4342922798,157312.4342922798,0,0,-0.0030798043089079741,0,133.17750091552733,1.8702491490593531,0
2012-07-03,157312.4342922798,157312.4342922798,0,0,-0.0030798043089079741,0,133.59450073242186,2.183601636932738,0
2012-07-05,157312.4342922798,157312.4342922798,0,0,-0.0030798043089079741,0,133.83550033569335,1.6085229088360031,0
2012-07-06,157312.4342922798,157312.4342922798,0,0,-0.0030798043089079741,0,134.00750045776368,0.81343144438735215,0
2012-07-09,157312.4342922798,157312.4342922798,0,0,-0.0030798043089079741,0,134.11850051879884,0.65603638459533065,0
2012-07-10,157312.4342922798,157312.4342922798,0,0,-0.0030798043089079741,0,134.25500030517577,-0.066743196014820316,0
2012-07-11,157312.4342922798,157312.4342922798,0,0,-0.0030798043089079741,0,134.31700057983397,-0.092570031782697612,0
2012-07-12,157312.4342922798,157312.4342922798,0,0,-0.0030798043089079741,0,134.38899993896484,-0.53983857945304037,0
2012-07-13,157312.4342922798,157312.4342922798,0,0,-0.0030798043089079741,0,134.50299987792968,0.76049738889848761,0
2012-07-16,157312.4342922798,157312.4342922798,0,0,-0.0030798043089079741,0,134.56749954223633,0.52287799718728967,0
2012-07-17,157312.4342922798,157312.4342922798,0,0,-0.0030798043089079741,0,134.66549987792968,1.0001392274929868,0
2012-07-18,157312.4342922798,157312.4342922798,0,0,-0.0030798043089079741,0,134.74899978637694,1.4707604943374579,0
2012-07-19,157312.4342922798,157312.4342922798,0,0,-0.0030798043089079741,0,134.86149978637695,1.515897011195001,0
2012-07-20,157312.4342922798,157312.4342922798,0,0,-0.0030798043089079741,0,135.0629997253418,0.76572843726001871,0
2012-07-23,157312.4342922798,157312.4342922798,0,0,-0.0030798043089079741,0,135.14449920654297,-0.030273749049953343,0
2012-07-24,157312.4342922798,157312.4342922798,0,0,-0.0030798043089079741,0,135.27499847412111,-0.8395490688485685,0
2012-07-25,157312.4342922798,157312.4342922798,0,0,-0.0030798043089079741,0,135.37399902343751,-0.97565568312392437,0
2012-07-26,157312.4342922798,157312.4342922798,0,0,-0.0030798043089079741,0,135.52399902343751,0.47281942742453009,0
2012-07-27,157312.4342922798,157312.4342922798,0,0,-0.0030798043089079741,0,135.81849899291993,2.0736333913424603,0
2012-07-30,157312.4342922798,157312.4342922798,0,0,-0.0030798043089079741,0,135.9474983215332,1.8044842123107045,0
2012-07-31,157312.4342922798,157312.4342922798,0,0,-0.0030798043089079741,0,136.00749893188475,1.0923962908965654,0
2012-08-01,157312.4342922798,157312.4342922798,0,0,-0.0030798043089079741,0,136.01649856567383,1.004097670378076,0
2012-08-02,157312.4342922798,157312.4342922798,0,0,-0.0030798043089079741,0,136.00899887084961,0.40352732651394368,0
2012-08-03,157312.4342922798,157312.4342922798,0,0,-0.0030798043089079741,0,136.20199890136718,1.8320350658949678,0
2012-08-06,157312.4342922798,157312.4342922798,0,0,-0.0030798043089079741,0,136.41699829101563,1.7240333839020623,0
2012-08-07,157312.4342922798,157312.4342922798,0,0,-0.0030798043089079741,0,136.72599868774415,1.8296420786311411,0
2012-08-08,157312.4342922798,157312.4342922798,0,0,-0.0030798043089079741,0,137.04249877929686,1.6948556721744257,0
2012-08-09,157312.4342922798,157312.4342922798,0,0,-0.0030798043089079741,0,137.39749908447266,1.601460823181774,0
2012-08-10,157312.4342922798,157312.4342922798,0,0,-0.0030798043089079741,0,137.65199890136719,1.517058885879369,0
2012-08-13,157312.4342922798,157312.4342922798,0,0,-0.0030798043089079741,0,137.91899948120118,1.3316110412649158,0
2012-08-14,157312.4342922798,157312.4342922798,0,0,-0.0030798043089079741,0,138.14049911499023,1.2061226465818065,0
2012-08-15,157312.4342922798,157312.4342922798,0,0,-0.0030798043089079741,0,138.31949920654296,1.1581864157374577,0
2012-08-16,157312.4342922798,157312.4342922798,0,0,-0.0030798043089079741,0,138.53249969482422,1.4394617713306372,0
2012-08-17,157312.4342922798,157312.4342922798,0,0,-0.0030798043089079741,0,138.81799926757813,1.3567528118797432,0
2012-08-20,157312.4342922798,157312.4342922798,0,0,-0.0030798043089079741,0,139.17299957275389,1.2433526215743473,0
2012-08-21,157312.4342922798,157312.4342922798,0,0,-0.0030798043089079741,0,139.56449966430665,1.0132635754210311,0
2012-08-22,157312.4342922798,157312.4342922798,0,0,-0.0030798043089079741,0,139.95749969482421,1.0372537097401282,0
2012-08-23,157312.4342922798,157312.4342922798,0,0,-0.0030798043089079741,0,140.18199996948243,0.30345632494340991,0
2012-08-24,157312.4342922798,157312.4342922798,0,0,-0.0030798043089079741,0,140.32350006103516,0.76010459995372814,0
2012-08-27,157312.4342922798,157312.4342922798,0,0,-0.0030798043089079741,0,140.46650009155275,0.69951252217770621,0
2012-08-28,157312.4342922798,157312.4342922798,0,0,-0.0030798043089079741,0,140.6509994506836,0.5316554365358136,0
2012-08-29,157312.4342922798,157312.4342922798,0,0,-0.0030798043089079741,0,140.84699935913085,0.53870026978193675,0
2012-08-30,157312.4342922798,157312.4342922798,0,0,-0.0030798043089079741,0,141.03949966430665,-0.70994295860535794,0
2012-08-31,157312.4342922798,157312.4342922798,0,0,-0.0030798043089079741,0,141.12999954223633,0.044782829748206535,0
2012-09-04,157312.4342922798,157312.4342922798,0,0,-0.0030798043089079741,0,141.20049972534179,-0.29661858176131251,0
2012-09-05,157312.4342922798,157312.4342922798,0,0,-0.0030798043089079741,0,141.22999954223633,-0.5891615414698268,0
2012-09-06,157312.4342922798,157312.4342922798,0,0,-0.0030798043089079741,0,141.39399948120118,3.1657439330193453,0
2012-09-07,157312.4342922798,157312.4342922798,0,0,-0.0030798043089079741,0,141.57999954223632,2.8531830090433021,0
2012-09-10,157312.4342922798,157312.4342922798,0,0,-0.0030798043089079741,0,141.7134994506836,1.7367189742431079,0
2012-09-11,157312.4342922798,157312.4342922798,0,0,-0.0030798043089079741,0,141.87049942016603,1.8299828995653873,0
2012-09-12,157312.4342922798,157312.4342922798,0,0,-0.0030798043089079741,0,142.05049972534181,1.9304305845641752,0
2012-09-13,157312.4342922798,157312.4342922798,0,0,-0.0030798043089079741,0,142.33249969482421,2.771989010905787,0
2012-09-14,157312.4342922798,157312.4342922798,0,0,-0.0030798043089079741,0,142.59499969482422,2.4869859271270154,0
2012-09-17,157312.4342922798,157312.4342922798,0,0,-0.0030798043089079741,0,142.82300033569337,1.891841601436326,0
2012-09-18,157312.4342922798,157312.4342922798,0,0,-0.0030798043089079741,0,143.04449996948242,1.6089166215123953,0
2012-09-19,157312.4342922798,157312.4342922798,0,0,-0.0030798043089079741,0,143.29150009155273,1.4582690233870832,0
2012-09-20,157312.4342922798,157312.4342922798,0,0,-0.0030798043089079741,0,143.53600006103517,1.3089931257716318,0
2012-09-21,157312.4342922798,157312.4342922798,0,0,-0.0030798043089079741,0,143.79649963378907,0.87075122766427782,0
2012-09-24,157312.4342922798,157312.4342922798,0,0,-0.0030798043089079741,0,144.00349960327148,0.69965634393843923,0
2012-09-25,157312.4342922798,157312.4342922798,0,0,-0.0030798043089079741,0,144.13150024414062,-0.013786443545251915,0
2012-09-26,157312.4342922798,157312.4342922798,0,0,-0.0030798043089079741,0,144.22600021362305,-0.42405674951609795,0
2012-09-27,157312.4342922798,157312.4342922798,0,0,-0.0030798043089079741,0,144.38250045776368,0.12155814564103021,0
2012-09-28,157312.4342922798,157312.4342922798,0,0,-0.0030798043089079741,0,144.55650024414064,-0.30458004309848657,0
2012-10-01,157312.4342922798,157312.4342922798,0,0,-0.0030798043089079741,0,144.71600036621095,-0.20760929205369608,0
2012-10-02,157312.4342922798,157312.4342922798,0,0,-0.0030798043089079741,0,144.88950042724611,-0.25138406067791219,0
2012-10-03,157312.4342922798,157312.4342922798,0,0,-0.0030798043089079741,0,145.09850006103517,-0.0067927195130045269,0
2012-10-04,157312.4342922798,157312.4342922798,0,0,-0.0030798043089079741,0,145.21650009155275,0.74137608426915502,0
2012-10-05,157312.4342922798,157312.4342922798,0,0,-0.0030798043089079741,0,145.30699996948243,0.67712059010170689,0
2012-10-08,157312.4342922798,157312.4342922798,0,0,-0.0030798043089079741,0,145.41350021362305,0.19521777555278474,0
2012-10-09,157312.4342922798,157312.4342922798,0,0,-0.0030798043089079741,0,145.42799987792969,-1.0743277624404042,0
2012-10-10,157312.4342922798,157312.4342922798,0,0,-0.0030798043089079741,0,145.37249984741212,-1.7198565317969703,0
2012-10-11,157312.4342922798,157312.4342922798,0,0,-0.0030798043089079741,0,145.21100006103515,-1.471365492743123,0
2012-10-12,157312.4342922798,157312.4342922798,0,0,-0.0030798043089079741,0,144.99349975585938,-1.6635850857306269,0
2012-10-15,157312.4342922798,157312.4342922798,0,0,-0.0030798043089079741,0,144.86049957275389,-0.64367265313348321,0
2012-10-16,157312.4342922798,157312.4342922798,0,0,-0.0030798043089079741,0,144.80649948120117,0.63466058715466611,0
2012-10-17,157312.4342922798,157312.4342922798,0,0,-0.0030798043089079741,0,144.78149948120117,1.2672720304373872,0
2012-10-18,157312.4342922798,157312.4342922798,0,0,-0.0030798043089079741,0,144.73699951171875,1.0238533926787035,0
2012-10-19,157312.4342922798,157312.4342922798,0,0,-0.0030798043089079741,0,144.61299972534181,-1.1504758826182682,0
2012-10-22,157312.4342922798,157312.4342922798,0,0,-0.0030798043089079741,0,144.50100021362306,-1.0235644837345836,0
2012-10-23,157312.4342922798,157312.4342922798,0,0,-0.0030798043089079741,0,144.36699981689452,-2.3410055308124176,1
2012-10-24,156224.71495739734,0,1107.8195307352266,-0.0069143888070635207,-0.0099728981515300186,1,144.25350036621094,-2.2452820815535781,1
2012-10-25,156678.90811797051,0,1107.8195307352266,0.0029073067004603548,-0.0070945857246884625,1,144.09300003051757,-1.7050421118150731,1
2012-10-26,156590.29743101809,0,1107.8195307352266,-0.00056555593868257148,-0.0076561292782819645,1,143.96200027465821,-1.561624552064919,1
2012-10-31,156590.29743101809,0,1107.8195307352266,0,-0.0076561292782819645,1,143.8120002746582,-1.3963530799836323,1
2012-11-01,158229.86560339056,0,1107.8195307352266,0.01047043271052428,0,1,143.72850036621094,-0.50816098479463079,0
2012-11-02,159090.91631109375,159090.91631109375,0,0.0054417710867646907,0,0,143.5520004272461,-1.1070792305774209,0
2012-11-05,159090.91631109375,159090.91631109375,0,0,0,0,143.33800048828124,-0.85847424215423862,0
2012-11-06,159090.91631109375,159090.91631109375,0,0,0,0,143.17900085449219,-0.13598092119416214,0
2012-11-07,159090.91631109375,159090.91631109375,0,0,0,0,142.88300094604492,-1.8897719405408224,0
2012-11-08,159090.91631109375,159090.91631109375,0,0,0,0,142.57500076293945,-2.3286854806632711,1
2012-11-09,159634.35372852549,0,1155.4310183642931,0.0034158921831153322,0,1,142.31900100708009,-1.9231549200106497,1
2012-11-12,159761.45184576471,0,1155.4310183642931,0.00079618274056070248,0,1,142.06450119018555,-1.6362942737733484,1
2012-11-13,159206.83226300555,0,1155.4310183642931,-0.0034715482136116194,-0.0034715482136116194,1,141.80950088500975,-1.6153106991647093,1
2012-11-14,157057.72986362883,0,1155.4310183642931,-0.013498807612894792,-0.016923494065051892,1,141.40200042724609,-1.9985407298662641,1
2012-11-15,156791.98566593893,0,1155.4310183642931,-0.0016920160371644011,-0.018586875278853388,1,140.91000061035157,-1.8392482439920146,0
2012-11-16,156943.55680934439,156943.55680934439,0,0.00096670211019844743,-0.017638141140209118,0,140.41850051879882,-1.4868654887708497,0
2012-11-19,156943.55680934439,156943.55680934439,0,0,-0.017638141140209118,0,140.08400039672853,-0.39188471711621814,0
2012-11-20,156943.55680934439,156943.55680934439,0,0,-0.017638141140209118,0,139.87400054931641,-0.29501383869167169,0
2012-11-21,156943.55680934439,156943.55680934439,0,0,-0.017638141140209118,0,139.67600021362304,-0.10402428459564431,0
2012-11-23,156943.55680934439,156943.55680934439,0,0,-0.017638141140209118,0,139.67250061035156,0.77309972797503201,0
2012-11-26,156943.55680934439,156943.55680934439,0,0,-0.017638141140209118,0,139.67400054931642,0.63387331173940131,0
2012-11-27,156943.55680934439,156943.55680934439,0,0,-0.017638141140209118,0,139.61900100708007,0.33235142279587132,0
2012-11-28,156943.55680934439,156943.55680934439,0,0,-0.017638141140209118,0,139.62450103759767,0.85615903019668516,0
2012-11-29,156943.55680934439,156943.55680934439,0,0,-0.017638141140209118,0,139.66300048828126,1.1264855888833509,0
2012-11-30,156943.55680934439,156943.55680934439,0,0,-0.017638141140209118,0,139.62900009155274,1.1800630506179428,0
2012-12-03,156943.55680934439,156943.55680934439,0,0,-0.017638141140209118,0,139.62350006103514,0.85691530572982999,0
2012-12-04,156943.55680934439,156943.55680934439,0,0,-0.017638141140209118,0,139.59349975585937,0.78731934838487316,0
2012-12-05,156943.55680934439,156943.55680934439,0,0,-0.017638141140209118,0,139.520499420166,0.98527126048128344,0
2012-12-06,156943.55680934439,156943.55680934439,0,0,-0.017638141140209118,0,139.63349914550781,1.1284171226927449,0
2012-12-07,156943.55680934439,156943.55680934439,0,0,-0.017638141140209118,0,139.85199966430665,1.2012068268342924,0
2012-12-10,156943.55680934439,156943.55680934439,0,0,-0.017638141140209118,0,140.06749954223633,1.1096082351000518,0
2012-12-11,156943.55680934439,156943.55680934439,0,0,-0.017638141140209118,0,140.32599945068358,1.3886969566532215,0
2012-12-12,156943.55680934439,156943.55680934439,0,0,-0.017638141140209118,0,140.61199951171875,1.279265294844512,0
2012-12-13,156943.55680934439,156943.55680934439,0,0,-0.017638141140209118,0,140.94700012207031,0.82843504843017868,0
2012-12-14,156943.55680934439,156943.55680934439,0,0,-0.017638141140209118,0,141.26700057983399,0.50557640220414568,0
2012-12-17,156943.55680934439,156943.55680934439,0,0,-0.017638141140209118,0,141.63700103759766,1.6397920323453767,0
2012-12-18,156943.55680934439,156943.55680934439,0,0,-0.017638141140209118,0,141.94900054931639,2.4329238078590625,0
2012-12-19,156943.55680934439,156943.55680934439,0,0,-0.017638141140209118,0,142.20400009155273,1.5524069980011994,0
2012-12-20,156943.55680934439,156943.55680934439,0,0,-0.017638141140209118,0,142.48750000000001,1.9780767714936121,0
2012-12-21,156943.55680934439,156943.55680934439,0,0,-0.017638141140209118,0,142.55949935913085,0.17647893193886843,0
2012-12-24,156943.55680934439,156943.55680934439,0,0,-0.017638141140209118,0,142.62449951171874,-0.21769697940775304,0
2012-12-26,156943.55680934439,156943.55680934439,0,0,-0.017638141140209118,0,142.69549942016602,-0.8108124090518537,0
2012-12-27,156943.55680934439,156943.55680934439,0,0,-0.017638141140209118,0,142.70049896240235,-0.98233630345655121,0
2012-12-28,156943.55680934439,156943.55680934439,0,0,-0.017638141140209118,0,142.59599914550782,-1.9816291876948362,0
2012-12-31,156943.55680934439,156943.55680934439,0,0,-0.017638141140209118,0,142.60899963378907,-0.15406309772496479,0
2013-01-02,156943.55680934439,156943.55680934439,0,0,-0.017638141140209118,0,142.83949966430663,2.1996680995800824,0
2013-01-03,156943.55680934439,156943.55680934439,0,0,-0.017638141140209118,0,143.06349945068359,1.7266969532159362,0
2013-01-04,156943.55680934439,156943.55680934439,0,0,-0.017638141140209118,0,143.30699920654297,1.8470846799594089,0
2013-01-07,156943.55680934439,156943.55680934439,0,0,-0.017638141140209118,0,143.50649948120116,1.4278719068966137,0
2013-01-08,156943.55680934439,156943.55680934439,0,0,-0.017638141140209118,0,143.66349945068359,1.0713449632767071,0
2013-01-09,156943.55680934439,156943.55680934439,0,0,-0.017638141140209118,0,143.83599929809571,1.1552325881865431,0
2013-01-10,156943.55680934439,156943.55680934439,0,0,-0.017638141140209118,0,144.01799926757812,1.5834293015032408,0
2013-01-11,156943.55680934439,156943.55680934439,0,0,-0.017638141140209118,0,144.19599990844728,1.4089876930749594,0
2013-01-14,156943.55680934439,156943.55680934439,0,0,-0.017638141140209118,0,144.41299972534179,1.2223827499121407,0
2013-01-15,156943.55680934439,156943.55680934439,0,0,-0.017638141140209118,0,144.66149978637696,1.1482846162313616,0
2013-01-16,156943.55680934439,156943.55680934439,0,0,-0.017638141140209118,0,144.82549972534179,1.0351512687015749,0
2013-01-17,156943.55680934439,156943.55680934439,0,0,-0.017638141140209118,0,144.95699996948241,1.3488118953059529,0
2013-01-18,156943.55680934439,156943.55680934439,0,0,-0.017638141140209118,0,145.15900039672852,1.3405178622982183,0
2013-01-22,156943.55680934439,156943.55680934439,0,0,-0.017638141140209118,0,145.35950088500977,1.4970122009410323,0
2013-01-23,156943.55680934439,156943.55680934439,0,0,-0.017638141140209118,0,145.68850097656249,1.4212648779088368,0
2013-01-24,156943.55680934439,156943.55680934439,0,0,-0.017638141140209118,0,146.0415008544922,1.2994072148965037,0
2013-01-25,156943.55680934439,156943.55680934439,0,0,-0.017638141140209118,0,146.46650085449218,1.4835180124162581,0
2013-01-28,156943.55680934439,156943.55680934439,0,0,-0.017638141140209118,0,146.89200134277343,1.3231542620997254,0
2013-01-29,156943.55680934439,156943.55680934439,0,0,-0.017638141140209118,0,147.42350158691406,1.6512152855143292,0
2013-01-30,156943.55680934439,156943.55680934439,0,0,-0.017638141140209118,0,147.80650177001954,1.3554563195506044,0
2013-01-31,156943.55680934439,156943.55680934439,0,0,-0.017638141140209118,0,147.98850173950194,1.0260685302975052,0
2013-02-01,156943.55680934439,156943.55680934439,0,0,-0.017638141140209118,0,148.26400222778321,1.7239706892741424,0
2013-02-04,156943.55680934439,156943.55680934439,0,0,-0.017638141140209118,0,148.42250213623046,0.66114951449779125,0
2013-02-05,156943.55680934439,156943.55680934439,0,0,-0.017638141140209118,0,148.6765022277832,1.4092094925779595,0
2013-02-06,156943.55680934439,156943.55680934439,0,0,-0.017638141140209118,0,148.95700225830078,1.3721267043395999,0
2013-02-07,156943.55680934439,156943.55680934439,0,0,-0.017638141140209118,0,149.20900268554686,1.1663827406607554,0
2013-02-08,156943.55680934439,156943.55680934439,0,0,-0.017638141140209118,0,149.44500274658202,1.5504784650974857,0
2013-02-11,156943.55680934439,156943.55680934439,0,0,-0.017638141140209118,0,149.68000259399415,1.3964281043911138,0
2013-02-12,156943.55680934439,156943.55680934439,0,0,-0.017638141140209118,0,149.93250274658203,1.4464276593076131,0
2013-02-13,156943.55680934439,156943.55680934439,0,0,-0.017638141140209118,0,150.18650207519531,1.4418298943610619,0
2013-02-14,156943.55680934439,156943.55680934439,0,0,-0.017638141140209118,0,150.44850158691406,1.4959997263222038,0
2013-02-15,156943.55680934439,156943.55680934439,0,0,-0.017638141140209118,0,150.65400161743165,1.271499187327028,0
2013-02-19,156943.55680934439,156943.55680934439,0,0,-0.017638141140209118,0,150.90000152587891,2.0472271558141739,0
2013-02-20,156943.55680934439,156943.55680934439,0,0,-0.017638141140209118,0,151.0105010986328,0.30612870209828513,0
2013-02-21,156943.55680934439,156943.55680934439,0,0,-0.017638141140209118,0,151.0630012512207,-0.63094126672457307,0
2013-02-22,156943.55680934439,156943.55680934439,0,0,-0.017638141140209118,0,151.18700103759767,0.73260794477648439,0
2013-02-25,156943.55680934439,156943.55680934439,0,0,-0.017638141140209118,0,151.12450103759767,-2.0145425122328366,1
2013-02-26,157178.44291255812,0,1047.716560700107,0.0014966278832273527,-0.016167910990820489,1,151.12200088500975,-1.0424364426906556,1
2013-02-27,159158.62657280589,0,1047.716560700107,0.012598315796711335,-0.0037732836425447003,1,151.18450088500975,0.68128944678094328,0
2013-02-28,159067.56510600407,159067.56510600407,0,-0.00057214282858975007,-0.0043432676139580906,0,151.26150054931639,0.33611964671863759,0
2013-03-01,159067.56510600407,159067.56510600407,0,0,-0.0043432676139580906,0,151.38200073242189,0.73743069361356417,0
2013-03-04,159067.56510600407,159067.56510600407,0,0,-0.0043432676139580906,0,151.46600036621095,1.3960152259753877,0
2013-03-05,159067.56510600407,159067.56510600407,0,0,-0.0043432676139580906,0,151.70350036621093,2.3211868022663458,0
2013-03-06,159067.56510600407,159067.56510600407,0,0,-0.0043432676139580906,0,151.87600021362306,2.0865053865832697,0
2013-03-07,159067.56510600407,159067.56510600407,0,0,-0.0043432676139580906,0,152.05699996948243,1.9525663240728497,0
2013-03-08,159067.56510600407,159067.56510600407,0,0,-0.0043432676139580906,0,152.28099975585937,2.0362756460662248,0
2013-03-11,159067.56510600407,159067.56510600407,0,0,-0.0043432676139580906,0,152.49249954223632,2.0245121137870101,0
2013-03-12,159067.56510600407,159067.56510600407,0,0,-0.0043432676139580906,0,152.68799896240233,1.6000052388054875,0
2013-03-13,159067.56510600407,159067.56510600407,0,0,-0.0043432676139580906,0,152.88199844360352,1.5179878125439417,0
2013-03-14,159067.56510600407,159067.56510600407,0,0,-0.0043432676139580906,0,153.11099853515626,1.6848256339531982,0
2013-03-15,159067.56510600407,159067.56510600407,0,0,-0.0043432676139580906,0,153.28799896240236,1.1461981109542128,0
2013-03-18,159067.56510600407,159067.56510600407,0,0,-0.0043432676139580906,0,153.43099899291991,0.6903282488051109,0
2013-03-19,159067.56510600407,159067.56510600407,0,0,-0.0043432676139580906,0,153.49899902343751,0.49520555758223422,0
2013-03-20,159067.56510600407,159067.56510600407,0,0,-0.0043432676139580906,0,153.71649932861328,0.8831943034902614,0
2013-03-21,159067.56510600407,159067.56510600407,0,0,-0.0043432676139580906,0,153.91349945068359,0.21210158303767823,0
2013-03-22,159067.56510600407,159067.56510600407,0,0,-0.0043432676139580906,0,154.09899978637696,0.72095103359427737,0
2013-03-25,159067.56510600407,159067.56510600407,0,0,-0.0043432676139580906,0,154.39649963378906,0.3205055859378485,0
2013-03-26,159067.56510600407,159067.56510600407,0,0,-0.0043432676139580906,0,154.70499954223632,1.0271161080343183,0
2013-03-27,159067.56510600407,159067.56510600407,0,0,-0.0043432676139580906,0,154.91899948120118,0.95691375504269904,0
2013-03-28,159067.56510600407,159067.56510600407,0,0,-0.0043432676139580906,0,155.17199935913087,1.3108023576532395,0
2013-04-01,159067.56510600407,159067.56510600407,0,0,-0.0043432676139580906,0,155.36899948120117,0.74438414982795553,0
2013-04-02,159067.56510600407,159067.56510600407,0,0,-0.0043432676139580906,0,155.56399993896486,1.6156853738296042,0
2013-04-03,159067.56510600407,159067.56510600407,0,0,-0.0043432676139580906,0,155.61100006103516,-0.52506659634270147,0
2013-04-04,159067.56510600407,159067.56510600407,0,0,-0.0043432676139580906,0,155.67900009155272,0.26591868198143526,0
2013-04-05,159067.56510600407,159067.56510600407,0,0,-0.0043432676139580906,0,155.69800033569337,-0.81477592287113632,0
2013-04-08,159067.56510600407,159067.56510600407,0,0,-0.0043432676139580906,0,155.73650054931642,0.71037995407094245,0
2013-04-09,159067.56510600407,159067.56510600407,0,0,-0.0043432676139580906,0,155.77250061035156,1.3963572994938882,0
2013-04-10,159067.56510600407,159067.56510600407,0,0,-0.0043432676139580906,0,155.92200088500977,2.9177177533971701,0
2013-04-11,159067.56510600407,159067.56510600407,0,0,-0.0043432676139580906,0,156.08650131225585,2.6286203026900679,0
2013-04-12,159067.56510600407,159067.56510600407,0,0,-0.0043432676139580906,0,156.19000167846679,1.9839511756954065,0
2013-04-15,159067.56510600407,159067.56510600407,0,0,-0.0043432676139580906,0,156.15450134277344,-0.77535243796992115,0
2013-04-16,159067.56510600407,159067.56510600407,0,0,-0.0043432676139580906,0,156.27650146484376,0.8510374456035269,0
2013-04-17,159067.56510600407,159067.56510600407,0,0,-0.0043432676139580906,0,156.30150146484374,-0.91316165700844298,0
2013-04-18,159067.56510600407,159067.56510600407,0,0,-0.0043432676139580906,0,156.22400131225587,-1.5073681658509719,0
2013-04-19,159067.56510600407,159067.56510600407,0,0,-0.0043432676139580906,0,156.28000106811524,-0.60264289359385348,0
2013-04-22,159067.56510600407,159067.56510600407,0,0,-0.0043432676139580906,0,156.30850067138672,-0.10503120579659671,0
2013-04-23,159067.56510600407,159067.56510600407,0,0,-0.0043432676139580906,0,156.45000076293945,1.0097549726837733,0
2013-04-24,159067.56510600407,159067.56510600407,0,0,-0.0043432676139580906,0,156.53450088500978,0.99554837917280325,0
2013-04-25,159067.56510600407,159067.56510600407,0,0,-0.0043432676139580906,0,156.6510009765625,1.3201953073617747,0
2013-04-26,159067.56510600407,159067.56510600407,0,0,-0.0043432676139580906,0,156.72950134277343,1.0363731533260019,0
2013-04-29,159067.56510600407,159067.56510600407,0,0,-0.0043432676139580906,0,156.89200134277343,1.5526899430611283,0
2013-04-30,159067.56510600407,159067.56510600407,0,0,-0.0043432676139580906,0,157.03500061035157,1.5883338807489777,0
2013-05-01,159067.56510600407,159067.56510600407,0,0,-0.0043432676139580906,0,157.18750076293946,0.66929514216564379,0
2013-05-02,159067.56510600407,159067.56510600407,0,0,-0.0043432676139580906,0,157.38200073242189,1.3985614839195046,0
2013-05-03,159067.56510600407,159067.56510600407,0,0,-0.0043432676139580906,0,157.69250030517577,2.0186679596506441,0
2013-05-06,159067.56510600407,159067.56510600407,0,0,-0.0043432676139580906,0,157.97099990844725,1.9124817197443835,0
2013-05-07,159067.56510600407,159067.56510600407,0,0,-0.0043432676139580906,0,158.26350021362305,1.9634532363623087,0
2013-05-08,159067.56510600407,159067.56510600407,0,0,-0.0043432676139580906,0,158.49700012207032,1.9602738543505469,0
2013-05-09,159067.56510600407,159067.56510600407,0,0,-0.0043432676139580906,0,158.68150024414064,1.5861826276397017,0
2013-05-10,159067.56510600407,159067.56510600407,0,0,-0.0043432676139580906,0,158.9120002746582,1.5833417008204578,0
2013-05-13,159067.56510600407,159067.56510600407,0,0,-0.0043432676139580906,0,159.33300018310547,1.4651292111337901,0
2013-05-14,159067.56510600407,159067.56510600407,0,0,-0.0043432676139580906,0,159.72399978637696,1.7728128430645222,0
2013-05-15,159067.56510600407,159067.56510600407,0,0,-0.0043432676139580906,0,160.27449951171874,1.8192786579820124,0
2013-05-16,159067.56510600407,159067.56510600407,0,0,-0.0043432676139580906,0,160.83449935913086,1.4686198120955081,0
2013-05-17,159067.56510600407,159067.56510600407,0,0,-0.0043432676139580906,0,161.40749969482422,1.7936915782203007,0
2013-05-20,159067.56510600407,159067.56510600407,0,0,-0.0043432676139580906,0,161.94549942016602,1.627707841872625,0
2013-05-21,159067.56510600407,159067.56510600407,0,0,-0.0043432676139580906,0,162.41499938964844,1.5303462819539186,0
2013-05-22,159067.56510600407,159067.56510600407,0,0,-0.0043432676139580906,0,162.81749877929687,1.0328174112541739,0
2013-05-23,159067.56510600407,159067.56510600407,0,0,-0.0043432676139580906,0,163.16399841308595,0.78946019309490734,0
2013-05-24,159067.56510600407,159067.56510600407,0,0,-0.0043432676139580906,0,163.51749801635742,0.66444523086673957,0
2013-05-28,159067.56510600407,159067.56510600407,0,0,-0.0043432676139580906,0,163.86749801635742,0.94306896014638641,0
2013-05-29,159067.56510600407,159067.56510600407,0,0,-0.0043432676139580906,0,164.14449844360351,0.44692429751033708,0
2013-05-30,159067.56510600407,159067.56510600407,0,0,-0.0043432676139580906,0,164.52199859619139,0.64827804297475289,0
2013-05-31,159067.56510600407,159067.56510600407,0,0,-0.0043432676139580906,0,164.70699844360351,-0.73116353258621747,0
2013-06-03,159067.56510600407,159067.56510600407,0,0,-0.0043432676139580906,0,164.85599899291992,-0.32778200145621444,0
2013-06-04,159067.56510600407,159067.56510600407,0,0,-0.0043432676139580906,0,164.94499893188475,-0.98280416957641736,0
2013-06-05,159067.56510600407,159067.56510600407,0,0,-0.0043432676139580906,0,164.87849884033204,-2.3381316300426631,1
2013-06-06,160496.0667937395,0,986.27217481440937,0.0089804712028092037,0,1,164.84799880981444,-1.3413219006708608,1
2013-06-07,162537.65741927849,0,986.27217481440937,0.012720502541428091,0,1,164.94399871826172,-0.095142103534034947,1
2013-06-10,162537.65741927849,0,986.27217481440937,0,0,1,165.01349868774415,-0.14495797220653756,1
2013-06-11,160860.99773195779,0,986.27217481440937,-0.010315515271612563,-0.010315515271612563,1,164.99149932861329,-1.2629056455635781,1
2013-06-12,159529.52427623072,0,986.27217481440937,-0.0082771677069024552,-0.018507299728628746,1,164.81749954223633,-1.8546865847897913,0
2013-06-13,159360.04301063786,159360.04301063786,0,-0.0010623818152895037,-0.019550019725236512,0,164.72200012207031,-0.31392611606586496,0
2013-06-14,159360.04301063786,159360.04301063786,0,0,-0.019550019725236512,0,164.61399993896484,-0.8650406914898352,0
2013-06-17,159360.04301063786,159360.04301063786,0,0,-0.019550019725236512,0,164.48899993896484,-0.031217742600507196,0
2013-06-18,159360.04301063786,159360.04301063786,0,0,-0.019550019725236512,0,164.42950057983398,0.8755701839150275,0
2013-06-19,159360.04301063786,159360.04301063786,0,0,-0.019550019725236512,0,164.24350051879884,-0.57901411275960857,0
2013-06-20,159360.04301063786,159360.04301063786,0,0,-0.019550019725236512,0,163.917000579834,-2.6983361164390303,1
2013-06-21,158710.69874609433,0,997.74119216960833,-0.0040746993554725552,-0.023545058627935211,1,163.59800109863281,-2.3358587433625941,1
2013-06-24,156705.2292062671,0,997.74119216960833,-0.012636007248859715,-0.035883550345297444,1,163.18550109863281,-2.5935413831689753,1
2013-06-25,158211.82815000953,0,997.74119216960833,0.0096142225206750087,-0.026614320262474012,1,162.79900131225585,-1.7251874062539141,1
2013-06-26,159778.27390506817,0,997.74119216960833,0.0099009396034119845,-0.016976887436566668,1,162.54500122070311,-0.98143494142584287,1
2013-06-27,160716.15306159921,0,997.74119216960833,0.0058698791369362624,-0.011206660577004479,1,162.30750122070313,-0.52263498415429566,0
2013-06-28,160186.03898370234,160186.03898370234,0,-0.0032984492709559055,-0.014468145246550268,0,162.15600128173827,-0.73319025847321018,0
2013-07-01,160186.03898370234,160186.03898370234,0,0,-0.014468145246550268,0,162.00650100708009,-0.27885999583389498,0
2013-07-02,160186.03898370234,160186.03898370234,0,0,-0.014468145246550268,0,161.88900146484374,-0.29571635925899165,0
2013-07-03,160186.03898370234,160186.03898370234,0,0,-0.014468145246550268,0,161.88950119018554,-0.26546645413856557,0
2013-07-05,160186.03898370234,160186.03898370234,0,0,-0.014468145246550268,0,161.90400161743165,0.48476799222068756,0
2013-07-08,160186.03898370234,160186.03898370234,0,0,-0.014468145246550268,0,161.86150131225585,0.92589177445732196,0
2013-07-09,160186.03898370234,160186.03898370234,0,0,-0.014468145246550268,0,161.87800140380858,1.4274519654120661,0
2013-07-10,160186.03898370234,160186.03898370234,0,0,-0.014468145246550268,0,161.98250122070311,1.3490452147000571,0
2013-07-11,160186.03898370234,160186.03898370234,0,0,-0.014468145246550268,0,162.26700134277343,1.9470784709243889,0
2013-07-12,160186.03898370234,160186.03898370234,0,0,-0.014468145246550268,0,162.43200073242187,1.7714710767782977,0
2013-07-15,160186.03898370234,160186.03898370234,0,0,-0.014468145246550268,0,162.68050079345704,1.750553720103013,0
2013-07-16,160186.03898370234,160186.03898370234,0,0,-0.014468145246550268,0,162.83450088500976,1.4287573662891098,0
2013-07-17,160186.03898370234,160186.03898370234,0,0,-0.014468145246550268,0,162.94500045776368,1.4677005909941263,0
2013-07-18,160186.03898370234,160186.03898370234,0,0,-0.014468145246550268,0,163.21600036621095,1.5504761718158466,0
2013-07-19,160186.03898370234,160186.03898370234,0,0,-0.014468145246550268,0,163.70450057983399,1.455340752491888,0
2013-07-22,160186.03898370234,160186.03898370234,0,0,-0.014468145246550268,0,164.22600021362305,1.3880338722963703,0
2013-07-23,160186.03898370234,160186.03898370234,0,0,-0.014468145246550268,0,164.83000030517579,1.2088402428027982,0
2013-07-24,160186.03898370234,160186.03898370234,0,0,-0.014468145246550268,0,165.3275001525879,0.95453973608043607,0
2013-07-25,160186.03898370234,160186.03898370234,0,0,-0.014468145246550268,0,165.76699981689453,0.98573245176207502,0
2013-07-26,160186.03898370234,160186.03898370234,0,0,-0.014468145246550268,0,166.16849975585939,0.94959211651127917,0
2013-07-29,160186.03898370234,160186.03898370234,0,0,-0.014468145246550268,0,166.57699966430664,0.70863203489315507,0
2013-07-30,160186.03898370234,160186.03898370234,0,0,-0.014468145246550268,0,166.93849945068359,0.63422862083050957,0
2013-07-31,160186.03898370234,160186.03898370234,0,0,-0.014468145246550268,0,167.31349945068359,0.61501416339297199,0
2013-08-01,160186.03898370234,160186.03898370234,0,0,-0.014468145246550268,0,167.78249969482422,1.5008439527513848,0
2013-08-02,160186.03898370234,160186.03898370234,0,0,-0.014468145246550268,0,168.17899932861329,1.6310579297165322,0
2013-08-05,160186.03898370234,160186.03898370234,0,0,-0.014468145246550268,0,168.51649932861329,1.4734910133450674,0
2013-08-06,160186.03898370234,160186.03898370234,0,0,-0.014468145246550268,0,168.74649887084962,0.76723361690247205,0
2013-08-07,160186.03898370234,160186.03898370234,0,0,-0.014468145246550268,0,168.94599838256835,0.2363261056202858,0
2013-08-08,160186.03898370234,160186.03898370234,0,0,-0.014468145246550268,0,169.06399841308593,0.78038061976921158,0
2013-08-09,160186.03898370234,160186.03898370234,0,0,-0.014468145246550268,0,169.15399856567382,0.17851100356330754,0
2013-08-12,160186.03898370234,160186.03898370234,0,0,-0.014468145246550268,0,169.20199890136718,-0.10909929674213895,0
2013-08-13,160186.03898370234,160186.03898370234,0,0,-0.014468145246550268,0,169.30649871826171,0.4030519498166652,0
2013-08-14,160186.03898370234,160186.03898370234,0,0,-0.014468145246550268,0,169.34599914550782,-0.86614397456640713,0
2013-08-15,160186.03898370234,160186.03898370234,0,0,-0.014468145246550268,0,169.22149963378905,-2.9909962819131746,1
2013-08-16,159883.23854759379,0,964.13940048363884,-0.0018903047857956601,-0.016331100828144818,1,169.05449981689452,-2.6781489492506814,1
2013-08-19,158861.2531369371,0,964.13940048363884,-0.0063920734902581655,-0.022618784721732621,1,168.81800003051757,-2.6682348205560729,1
2013-08-20,159642.2036974729,0,964.13940048363884,0.0049159284917803525,-0.017814048558215334,1,168.6400001525879,-1.8323097213845039,1
2013-08-21,158658.77738973164,0,964.13940048363884,-0.0061601900059264914,-0.023864500640248476,1,168.44199981689454,-2.0513089488831704,1
2013-08-22,160104.98649045711,0,964.13940048363884,0.0091152164697008153,-0.014966814259824823,1,168.29850006103516,-1.1434378400874214,0
2013-08-23,160496.13138282357,160496.13138282357,0,0.0024430525303456019,-0.012560326442927927,0,168.17399978637695,-0.78438964217412832,0
2013-08-26,160496.13138282357,160496.13138282357,0,0,-0.012560326442927927,0,168.04449996948242,-1.0053145440704025,0
2013-08-27,160496.13138282357,160496.13138282357,0,0,-0.012560326442927927,0,167.78150024414063,-1.9590593539773218,0
2013-08-28,160496.13138282357,160496.13138282357,0,0,-0.012560326442927927,0,167.54150009155273,-1.50635257143601,0
2013-08-29,160496.13138282357,160496.13138282357,0,0,-0.012560326442927927,0,167.21699981689454,-1.2664333425480487,0
2013-08-30,160496.13138282357,160496.13138282357,0,0,-0.012560326442927927,0,166.85199966430665,-1.3537129476059939,0
2013-09-03,160496.13138282357,160496.13138282357,0,0,-0.012560326442927927,0,166.53649978637696,-0.95441865476525989,0
2013-09-04,160496.13138282357,160496.13138282357,0,0,-0.012560326442927927,0,166.33750000000001,-0.27574354142144214,0
2013-09-05,160496.13138282357,160496.13138282357,0,0,-0.012560326442927927,0,166.1765007019043,-0.1067018686551738,0
2013-09-06,160496.13138282357,160496.13138282357,0,0,-0.012560326442927927,0,165.98850021362304,0.02782074895993028,0
2013-09-09,160496.13138282357,160496.13138282357,0,0,-0.012560326442927927,0,165.90450057983398,0.99591538527081069,0
2013-09-10,160496.13138282357,160496.13138282357,0,0,-0.012560326442927927,0,165.89250030517579,1.7401719793856845,0
2013-09-11,160496.13138282357,160496.13138282357,0,0,-0.012560326442927927,0,165.88199996948242,2.0832713224206105,0
2013-09-12,160496.13138282357,160496.13138282357,0,0,-0.012560326442927927,0,165.89249954223632,1.7911752297475849,0
2013-09-13,160496.13138282357,160496.13138282357,0,0,-0.012560326442927927,0,166.03999938964844,1.7659223418080006,0
2013-09-16,160496.13138282357,160496.13138282357,0,0,-0.012560326442927927,0,166.26399917602538,1.9443332532629647,0
2013-09-17,160496.13138282357,160496.13138282357,0,0,-0.012560326442927927,0,166.57899932861329,1.9555198917495122,0
2013-09-18,160496.13138282357,160496.13138282357,0,0,-0.012560326442927927,0,166.95249938964844,2.2757944237835006,0
2013-09-19,160496.13138282357,160496.13138282357,0,0,-0.012560326442927927,0,167.36249923706055,1.8611367521502917,0
2013-09-20,160496.13138282357,160496.13138282357,0,0,-0.012560326442927927,0,167.59549942016602,1.051172340465923,0
2013-09-23,160496.13138282357,160496.13138282357,0,0,-0.012560326442927927,0,167.7609992980957,0.72168919895702843,0
2013-09-24,160496.13138282357,160496.13138282357,0,0,-0.012560326442927927,0,167.93749923706054,0.53074686293728146,0
2013-09-25,160496.13138282357,160496.13138282357,0,0,-0.012560326442927927,0,168.22299880981444,0.29029277195659514,0
2013-09-26,160496.13138282357,160496.13138282357,0,0,-0.012560326442927927,0,168.51199874877929,0.44477587526239376,0
2013-09-27,160496.13138282357,160496.13138282357,0,0,-0.012560326442927927,0,168.74899902343751,0.065599721097861774,0
2013-09-30,160496.13138282357,160496.13138282357,0,0,-0.012560326442927927,0,168.96699905395508,-0.44126333880583923,0
2013-10-01,160496.13138282357,160496.13138282357,0,0,-0.012560326442927927,0,169.21449890136719,0.066125740922713311,0
2013-10-02,160496.13138282357,160496.13138282357,0,0,-0.012560326442927927,0,169.38599853515626,-0.11948876623292441,0
2013-10-03,160496.13138282357,160496.13138282357,0,0,-0.012560326442927927,0,169.46899795532227,-1.1614112531584406,0
2013-10-04,160496.13138282357,160496.13138282357,0,0,-0.012560326442927927,0,169.61149826049805,-0.51759062605510842,0
2013-10-07,160496.13138282357,160496.13138282357,0,0,-0.012560326442927927,0,169.60149765014648,-1.5414134159690303,0
2013-10-08,160496.13138282357,160496.13138282357,0,0,-0.012560326442927927,0,169.43199768066407,-2.3708923798461901,1
2013-10-09,160221.42274688152,0,967.52063310147469,-0.0017116215423710335,-0.014250449459979997,1,169.24199829101562,-1.9532788427021381,1
2013-10-10,163675.4637301933,0,967.52063310147469,0.021557922305860844,0,1,169.25299835205078,-0.044541218241094568,1
2013-10-11,164730.05767710751,0,967.52063310147469,0.0064432012158683882,0,1,169.29949798583985,0.5118971621242292,0
2013-10-14,163631.31573649411,163631.31573649411,0,-0.0066699542033007431,-0.0066699542033007431,0,169.33099822998048,0.8476440052265829,0
2013-10-15,163631.31573649411,163631.31573649411,0,0,-0.0066699542033007431,0,169.26249771118165,0.23540184403127287,0
2013-10-16,163631.31573649411,163631.31573649411,0,0,-0.0066699542033007431,0,169.2134979248047,1.6149701175490534,0
2013-10-17,163631.31573649411,163631.31573649411,0,0,-0.0066699542033007431,0,169.23649826049805,2.1922693216631299,0
2013-10-18,163631.31573649411,163631.31573649411,0,0,-0.0066699542033007431,0,169.41999816894531,2.3465459726380087,0
2013-10-21,163631.31573649411,163631.31573649411,0,0,-0.0066699542033007431,0,169.64349822998048,1.9987719134324216,0
2013-10-22,163631.31573649411,163631.31573649411,0,0,-0.0066699542033007431,0,169.9374984741211,2.0340422236868934,0
2013-10-23,163631.31573649411,163631.31573649411,0,0,-0.0066699542033007431,0,170.2139991760254,1.5216626135045332,0
2013-10-24,163631.31573649411,163631.31573649411,0,0,-0.0066699542033007431,0,170.48699874877929,1.5270226882928153,0
2013-10-25,163631.31573649411,163631.31573649411,0,0,-0.0066699542033007431,0,170.83899841308593,1.5721494522353174,0
2013-10-28,163631.31573649411,163631.31573649411,0,0,-0.0066699542033007431,0,171.2499984741211,1.4715431427549637,0
2013-10-29,163631.31573649411,163631.31573649411,0,0,-0.0066699542033007431,0,171.64149856567383,1.5410871046584418,0
2013-10-30,163631.31573649411,163631.31573649411,0,0,-0.0066699542033007431,0,171.99699859619142,1.1675168716975486,0
2013-10-31,163631.31573649411,163631.31573649411,0,0,-0.0066699542033007431,0,172.40549850463867,0.93456146201521373,0
2013-11-01,163631.31573649411,163631.31573649411,0,0,-0.0066699542033007431,0,172.7714988708496,0.95049776154010091,0
2013-11-04,163631.31573649411,163631.31573649411,0,0,-0.0066699542033007431,0,173.24149932861329,1.024742024363964,0
2013-11-05,163631.31573649411,163631.31573649411,0,0,-0.0066699542033007431,0,173.78099975585937,0.81102590330985747,0
2013-11-06,163631.31573649411,163631.31573649411,0,0,-0.0066699542033007431,0,174.35949935913087,1.1186934677831835,0
2013-11-07,163631.31573649411,163631.31573649411,0,0,-0.0066699542033007431,0,174.64749908447266,0.12763768302608505,0
2013-11-08,163631.31573649411,163631.31573649411,0,0,-0.0066699542033007431,0,174.99899902343751,1.1230452269813915,0
2013-11-11,163631.31573649411,163631.31573649411,0,0,-0.0066699542033007431,0,175.31799926757813,1.0693006528128697,0
2013-11-12,163631.31573649411,163631.31573649411,0,0,-0.0066699542033007431,0,175.68099975585938,0.9205784459422407,0
2013-11-13,163631.31573649411,163631.31573649411,0,0,-0.0066699542033007431,0,175.99649963378906,1.9187994842736278,0
2013-11-14,163631.31573649411,163631.31573649411,0,0,-0.0066699542033007431,0,176.29899978637695,2.3474187530086805,0
2013-11-15,163631.31573649411,163631.31573649411,0,0,-0.0066699542033007431,0,176.58199996948241,2.4262679520899484,0
2013-11-18,163631.31573649411,163631.31573649411,0,0,-0.0066699542033007431,0,176.83300018310547,1.7664906679350192,0
2013-11-19,163631.31573649411,163631.31573649411,0,0,-0.0066699542033007431,0,177.01399993896484,1.3433880448341458,0
2013-11-20,163631.31573649411,163631.31573649411,0,0,-0.0066699542033007431,0,177.20899963378906,0.88693802716809444,0
2013-11-21,163631.31573649411,163631.31573649411,0,0,-0.0066699542033007431,0,177.44700012207031,1.6925894487008959,0
2013-11-22,163631.31573649411,163631.31573649411,0,0,-0.0066699542033007431,0,177.69000015258788,1.9685783157594015,0
2013-11-25,163631.31573649411,163631.31573649411,0,0,-0.0066699542033007431,0,177.91000061035157,1.628685290816372,0
2013-11-26,163631.31573649411,163631.31573649411,0,0,-0.0066699542033007431,0,178.08550033569335,1.4701225502174553,0
2013-11-27,163631.31573649411,163631.31573649411,0,0,-0.0066699542033007431,0,178.32700042724611,1.5247338441341245,0
2013-11-29,163631.31573649411,163631.31573649411,0,0,-0.0066699542033007431,0,178.58750076293944,1.3234279453319908,0
2013-12-02,163631.31573649411,163631.31573649411,0,0,-0.0066699542033007431,0,178.80350036621093,0.96780535679672541,0
2013-12-03,163631.31573649411,163631.31573649411,0,0,-0.0066699542033007431,0,178.94950027465819,0.46131197177062883,0
2013-12-04,163631.31573649411,163631.31573649411,0,0,-0.0066699542033007431,0,179.12249984741212,0.37299188743493727,0
2013-12-05,163631.31573649411,163631.31573649411,0,0,-0.0066699542033007431,0,179.21100006103515,-0.17292528884529323,0
2013-12-06,163631.31573649411,163631.31573649411,0,0,-0.0066699542033007431,0,179.51150054931639,1.1297751576274973,0
2013-12-09,163631.31573649411,163631.31573649411,0,0,-0.0066699542033007431,0,179.71700057983398,1.3796535982287763,0
2013-12-10,163631.31573649411,163631.31573649411,0,0,-0.0066699542033007431,0,179.88850021362305,0.77845514680522965,0
2013-12-11,163631.31573649411,163631.31573649411,0,0,-0.0066699542033007431,0,179.97649993896485,-1.3577148670499979,0
2013-12-12,163631.31573649411,163631.31573649411,0,0,-0.0066699542033007431,0,179.96399993896483,-1.9339088304596703,0
2013-12-13,163631.31573649411,163631.31573649411,0,0,-0.0066699542033007431,0,179.90599975585937,-1.757946235166524,0
2013-12-16,163631.31573649411,163631.31573649411,0,0,-0.0066699542033007431,0,179.86449966430663,-0.62465840913935911,0
2013-12-17,163631.31573649411,163631.31573649411,0,0,-0.0066699542033007431,0,179.82599945068358,-1.1078030174581879,0
2013-12-18,163631.31573649411,163631.31573649411,0,0,-0.0066699542033007431,0,179.95949935913086,1.5548763460121622,0
2013-12-19,163631.31573649411,163631.31573649411,0,0,-0.0066699542033007431,0,180.11049957275389,1.2406336699214005,0
2013-12-20,163631.31573649411,163631.31573649411,0,0,-0.0066699542033007431,0,180.19299926757813,1.1841636237284296,0
2013-12-23,163631.31573649411,163631.31573649411,0,0,-0.0066699542033007431,0,180.27899932861328,1.7912032333348193,0
2013-12-24,163631.31573649411,163631.31573649411,0,0,-0.0066699542033007431,0,180.39399871826171,1.834361407051758,0
2013-12-26,163631.31573649411,163631.31573649411,0,0,-0.0066699542033007431,0,180.55299911499023,2.0988575013661022,0
2013-12-27,163631.31573649411,163631.31573649411,0,0,-0.0066699542033007431,0,180.68949966430665,1.827345206099992,0
2013-12-30,163631.31573649411,163631.31573649411,0,0,-0.0066699542033007431,0,180.83050003051758,1.6079392473543761,0
2013-12-31,163631.31573649411,163631.31573649411,0,0,-0.0066699542033007431,0,181.03850021362305,1.7916544979184486,0
2014-01-02,163631.31573649411,163631.31573649411,0,0,-0.0066699542033007431,0,181.19700012207031,0.8384877444504415,0
2014-01-03,163631.31573649411,163631.31573649411,0,0,-0.0066699542033007431,0,181.35500030517579,0.74605059977430732,0
2014-01-06,163631.31573649411,163631.31573649411,0,0,-0.0066699542033007431,0,181.52600021362304,0.41894465007588544,0
2014-01-07,163631.31573649411,163631.31573649411,0,0,-0.0066699542033007431,0,181.65299987792969,0.90003486361775609,0
2014-01-08,163631.31573649411,163631.31573649411,0,0,-0.0066699542033007431,0,181.75900039672851,0.85117252546805067,0
2014-01-09,163631.31573649411,163631.31573649411,0,0,-0.0066699542033007431,0,181.90350036621095,0.82920764273129777,0
2014-01-10,163631.31573649411,163631.31573649411,0,0,-0.0066699542033007431,0,182.17450027465821,0.97600713764483116,0
2014-01-13,163631.31573649411,163631.31573649411,0,0,-0.0066699542033007431,0,182.35250015258788,-0.36933251550303331,0
2014-01-14,163631.31573649411,163631.31573649411,0,0,-0.0066699542033007431,0,182.63050003051757,0.6814106423292462,0
2014-01-15,163631.31573649411,163631.31573649411,0,0,-0.0066699542033007431,0,182.90250015258789,1.2826227237364305,0
2014-01-16,163631.31573649411,163631.31573649411,0,0,-0.0066699542033007431,0,183.19100036621094,1.225765877183786,0
2014-01-17,163631.31573649411,163631.31573649411,0,0,-0.0066699542033007431,0,183.28800048828126,0.37211666777355318,0
2014-01-21,163631.31573649411,163631.31573649411,0,0,-0.0066699542033007431,0,183.4224998474121,0.87186300211797896,0
2014-01-22,163631.31573649411,163631.31573649411,0,0,-0.0066699542033007431,0,183.55950012207032,0.9550817761485203,0
2014-01-23,163631.31573649411,163631.31573649411,0,0,-0.0066699542033007431,0,183.5724998474121,-1.0296317306182599,0
2014-01-24,163631.31573649411,163631.31573649411,0,0,-0.0066699542033007431,0,183.37050018310546,-3.5284720245472099,1
2014-01-27,162589.49717898024,0,913.37285656023369,-0.0063668653694112232,-0.012994352872279458,1,183.0779998779297,-2.9498869651146964,1
2014-01-28,163557.68411398365,0,913.37285656023369,0.005954793832332328,-0.007116937732286055,1,182.83899993896483,-1.9679560102960549,1
2014-01-29,161986.68168574295,0,913.37285656023369,-0.0096051887549707393,-0.016653766956980842,1,182.5154998779297,-2.3051051198998311,1
2014-01-30,163703.81317894082,0,913.37285656023369,0.010600448600639467,-0.0062298557569758772,1,182.24249954223632,-1.3147174046796617,1
2014-01-31,162744.76889215983,0,913.37285656023369,-0.0058584114087353312,-0.012051770107669779,1,182.00549926757813,-1.5622181628681144,0
2014-02-03,162470.69191278343,162470.69191278343,0,-0.0016840908696611478,-0.013715564701329397,0,181.56949920654296,-2.4891445807059789,1
2014-02-04,162796.90770496204,0,928.19948840578172,0.0020078439276527416,-0.011735259486976624,1,181.22099914550782,-1.7915174695229688,1
2014-02-05,162592.70268445677,0,928.19948840578172,-0.0012543544185454891,-0.012974893730931858,1,180.80549926757811,-1.6270631819535988,1
2014-02-06,164736.84123656209,0,928.19948840578172,0.013187175787749972,0,1,180.50349884033204,-0.86956031473465634,1
2014-02-07,166778.87727841476,0,928.19948840578172,0.012395746006324648,0,1,180.30549850463868,-0.18371275906701323,1
2014-02-10,167085.1848091727,0,928.19948840578172,0.0018366086626582234,0,1,180.09899826049804,-0.027058887788473079,0
2014-02-11,167139.81101873852,167139.81101873852,0,0.0003269362847950763,0,0,180.11349792480468,0.56614182475460872,0
2014-02-12,167139.81101873852,167139.81101873852,0,0,0,0,180.03349838256835,0.6308297239461591,0
2014-02-13,167139.81101873852,167139.81101873852,0,0,0,0,179.95099792480468,0.97776555832671308,0
2014-02-14,167139.81101873852,167139.81101873852,0,0,0,0,179.93099822998047,1.3185732873870424,0
2014-02-18,167139.81101873852,167139.81101873852,0,0,0,0,179.96099853515625,1.3629648671124859,0
2014-02-19,167139.81101873852,167139.81101873852,0,0,0,0,179.90299911499022,1.0149892480966685,0
2014-02-20,167139.81101873852,167139.81101873852,0,0,0,0,179.89299926757812,1.3762181631889741,0
2014-02-21,167139.81101873852,167139.81101873852,0,0,0,0,179.9479995727539,1.2643328637994331,0
2014-02-24,167139.81101873852,167139.81101873852,0,0,0,0,180.24899978637694,1.4179378665653326,0
2014-02-25,167139.81101873852,167139.81101873852,0,0,0,0,180.59049987792969,1.2535401727344642,0
2014-02-26,167139.81101873852,167139.81101873852,0,0,0,0,180.87949981689454,1.1367466676938631,0
2014-02-27,167139.81101873852,167139.81101873852,0,0,0,0,181.30299987792969,1.2715975638836694,0
2014-02-28,167139.81101873852,167139.81101873852,0,0,0,0,181.65599975585937,1.2601696809083147,0
2014-03-03,167139.81101873852,167139.81101873852,0,0,0,0,181.99599990844726,0.81653513185190141,0
2014-03-04,167139.81101873852,167139.81101873852,0,0,0,0,182.66650009155273,1.4551097992286042,0
2014-03-05,167139.81101873852,167139.81101873852,0,0,0,0,183.28450012207031,1.436375259079993,0
2014-03-06,167139.81101873852,167139.81101873852,0,0,0,0,183.93499984741212,1.5877660040033832,0
2014-03-07,167139.81101873852,167139.81101873852,0,0,0,0,184.47399978637696,1.584480427557706,0
2014-03-10,167139.81101873852,167139.81101873852,0,0,0,0,184.89800033569335,1.450169734520778,0
2014-03-11,167139.81101873852,167139.81101873852,0,0,0,0,185.25900039672851,0.98466927897600642,0
2014-03-12,167139.81101873852,167139.81101873852,0,0,0,0,185.52400054931641,0.92508946783643942,0
2014-03-13,167139.81101873852,167139.81101873852,0,0,0,0,185.67949981689452,-0.28895122199131906,0
2014-03-14,167139.81101873852,167139.81101873852,0,0,0,0,185.76200027465819,-0.67350108666756603,0
2014-03-17,167139.81101873852,167139.81101873852,0,0,0,0,185.87750015258788,0.28458196886283421,0
2014-03-18,167139.81101873852,167139.81101873852,0,0,0,0,186.04850006103516,1.0143796420704885,0
2014-03-19,167139.81101873852,167139.81101873852,0,0,0,0,186.23050003051759,0.29991824511956189,0
2014-03-20,167139.81101873852,167139.81101873852,0,0,0,0,186.41299972534179,0.96843166438713424,0
2014-03-21,167139.81101873852,167139.81101873852,0,0,0,0,186.52849960327148,-0.26161925502908928,0
2014-03-24,167139.81101873852,167139.81101873852,0,0,0,0,186.55449905395508,-0.91652425609869004,0
2014-03-25,167139.81101873852,167139.81101873852,0,0,0,0,186.62799911499025,-0.2730904708665034,0
2014-03-26,167139.81101873852,167139.81101873852,0,0,0,0,186.63399887084961,-1.4400003204062026,0
2014-03-27,167139.81101873852,167139.81101873852,0,0,0,0,186.57199859619141,-1.6214525699351743,0
2014-03-28,167139.81101873852,167139.81101873852,0,0,0,0,186.53199920654296,-0.83366554174789009,0
2014-03-31,167139.81101873852,167139.81101873852,0,0,0,0,186.63349914550781,0.31342835370178218,0
2014-04-01,167139.81101873852,167139.81101873852,0,0,0,0,186.66699905395507,1.2807603547370503,0
2014-04-02,167139.81101873852,167139.81101873852,0,0,0,0,186.7234992980957,1.6487872051171146,0
2014-04-03,167139.81101873852,167139.81101873852,0,0,0,0,186.74599990844726,1.4098043747768785,0
2014-04-04,167139.81101873852,167139.81101873852,0,0,0,0,186.65299987792969,-0.19586497341817069,0
2014-04-07,167139.81101873852,167139.81101873852,0,0,0,0,186.46199951171874,-1.5878130100219969,0
2014-04-08,167139.81101873852,167139.81101873852,0,0,0,0,186.35550003051759,-0.9260741101917116,0
2014-04-09,167139.81101873852,167139.81101873852,0,0,0,0,186.34599990844725,0.55116649692820796,0
2014-04-10,167139.81101873852,167139.81101873852,0,0,0,0,186.24500045776367,-2.0559951522084612,1
2014-04-11,166477.45508793258,0,917.18065189882861,-0.0039628854835289662,-0.0039628854835289662,1,186.08750000000001,-2.5501275941111405,1
2014-04-14,167789.03069758229,0,917.18065189882861,0.0078783977623693158,0,1,185.91800003051759,-1.5511816539535572,1
2014-04-15,168944.67328075101,0,917.18065189882861,0.0068874739806539242,0,1,185.74499969482423,-0.80850895248731924,1
2014-04-16,170714.83921635011,0,917.18065189882861,0.010477784834668658,0,1,185.71849975585937,0.21638707267849894,0
2014-04-17,170399.30128134874,170399.30128134874,0,-0.0018483333754102382,-0.0018483333754102382,0,185.6504997253418,0.39940484700341722,0
2014-04-21,170399.30128134874,170399.30128134874,0,0,-0.0018483333754102382,0,185.69249954223633,0.71947058610393988,0
2014-04-22,170399.30128134874,170399.30128134874,0,0,-0.0018483333754102382,0,185.81549987792968,1.0740464512334524,0
2014-04-23,170399.30128134874,170399.30128134874,0,0,-0.0018483333754102382,0,185.87249984741212,0.8041006876457073,0
2014-04-24,170399.30128134874,170399.30128134874,0,0,-0.0018483333754102382,0,186.0154998779297,0.90962637096946575,0
2014-04-25,170399.30128134874,170399.30128134874,0,0,-0.0018483333754102382,0,186.10099945068359,0.096039199412728898,0
2014-04-28,170399.30128134874,170399.30128134874,0,0,-0.0018483333754102382,0,186.17049942016601,0.3602243500684556,0
2014-04-29,170399.30128134874,170399.30128134874,0,0,-0.0018483333754102382,0,186.20749969482421,0.77439852309565116,0
2014-04-30,170399.30128134874,170399.30128134874,0,0,-0.0018483333754102382,0,186.21049957275392,1.0523876037798094,0
2014-05-01,170399.30128134874,170399.30128134874,0,0,-0.0018483333754102382,0,186.18299942016603,1.0945674283783045,0
2014-05-02,170399.30128134874,170399.30128134874,0,0,-0.0018483333754102382,0,186.15449905395508,0.9874952365215538,0
2014-05-05,170399.30128134874,170399.30128134874,0,0,-0.0018483333754102382,0,186.25549926757813,1.0867587639435745,0
2014-05-06,170399.30128134874,170399.30128134874,0,0,-0.0018483333754102382,0,186.37749938964845,0.20696073014924082,0
2014-05-07,170399.30128134874,170399.30128134874,0,0,-0.0018483333754102382,0,186.51649932861329,0.69999400347894647,0
2014-05-08,170399.30128134874,170399.30128134874,0,0,-0.0018483333754102382,0,186.54599914550781,0.57834129603799656,0
2014-05-09,170399.30128134874,170399.30128134874,0,0,-0.0018483333754102382,0,186.7859992980957,0.64492891864501334,0
2014-05-12,170399.30128134874,170399.30128134874,0,0,-0.0018483333754102382,0,187.19999923706055,1.7454881594466423,0
2014-05-13,170399.30128134874,170399.30128134874,0,0,-0.0018483333754102382,0,187.55099945068361,1.933695012928847,0
2014-05-14,170399.30128134874,170399.30128134874,0,0,-0.0018483333754102382,0,187.79399948120118,1.2382180038565083,0
2014-05-15,170399.30128134874,170399.30128134874,0,0,-0.0018483333754102382,0,187.85749893188478,-0.47942167562159083,0
2014-05-16,170399.30128134874,170399.30128134874,0,0,-0.0018483333754102382,0,187.94049911499025,0.12258655942485712,0
2014-05-19,170399.30128134874,170399.30128134874,0,0,-0.0018483333754102382,0,188.0254997253418,0.80791283146268134,0
2014-05-20,170399.30128134874,170399.30128134874,0,0,-0.0018483333754102382,0,188.00849990844728,-0.51512137703128302,0
2014-05-21,170399.30128134874,170399.30128134874,0,0,-0.0018483333754102382,0,188.09250030517578,1.137118151428216,0
2014-05-22,170399.30128134874,170399.30128134874,0,0,-0.0018483333754102382,0,188.18050003051758,1.4589104891716873,0
2014-05-23,170399.30128134874,170399.30128134874,0,0,-0.0018483333754102382,0,188.38350067138671,2.0188315323557888,0
2014-05-27,170399.30128134874,170399.30128134874,0,0,-0.0018483333754102382,0,188.61550064086913,2.5734147375636449,0
2014-05-28,170399.30128134874,170399.30128134874,0,0,-0.0018483333754102382,0,188.79700088500977,2.0512989882826909,0
2014-05-29,170399.30128134874,170399.30128134874,0,0,-0.0018483333754102382,0,189.00000076293946,2.2872577008730333,0
2014-05-30,170399.30128134874,170399.30128134874,0,0,-0.0018483333754102382,0,189.21750030517578,2.0773346660607426,0
2014-06-02,170399.30128134874,170399.30128134874,0,0,-0.0018483333754102382,0,189.45950012207032,1.8851833539753495,0
2014-06-03,170399.30128134874,170399.30128134874,0,0,-0.0018483333754102382,0,189.67850036621093,1.6041173719470274,0
2014-06-04,170399.30128134874,170399.30128134874,0,0,-0.0018483333754102382,0,189.99900054931641,1.6199030629566182,0
2014-06-05,170399.30128134874,170399.30128134874,0,0,-0.0018483333754102382,0,190.3275001525879,1.9350936099338363,0
2014-06-06,170399.30128134874,170399.30128134874,0,0,-0.0018483333754102382,0,190.71250076293944,2.0243341304432745,0
2014-06-09,170399.30128134874,170399.30128134874,0,0,-0.0018483333754102382,0,191.09350051879883,1.8351422696124338,0
2014-06-10,170399.30128134874,170399.30128134874,0,0,-0.0018483333754102382,0,191.38400115966797,1.6140386374635085,0
2014-06-11,170399.30128134874,170399.30128134874,0,0,-0.0018483333754102382,0,191.63200073242189,1.2181732416311843,0
2014-06-12,170399.30128134874,170399.30128134874,0,0,-0.0018483333754102382,0,191.85600051879882,0.63259996826774179,0
2014-06-13,170399.30128134874,170399.30128134874,0,0,-0.0018483333754102382,0,192.19250106811523,0.77569285313531522,0
2014-06-16,170399.30128134874,170399.30128134874,0,0,-0.0018483333754102382,0,192.50450057983397,0.76109590455104115,0
2014-06-17,170399.30128134874,170399.30128134874,0,0,-0.0018483333754102382,0,192.80900039672852,0.90630723988097084,0
2014-06-18,170399.30128134874,170399.30128134874,0,0,-0.0018483333754102382,0,193.24449996948243,1.508588170117884,0
2014-06-19,170399.30128134874,170399.30128134874,0,0,-0.0018483333754102382,0,193.61199951171875,1.5248711963055259,0
2014-06-20,170399.30128134874,170399.30128134874,0,0,-0.0018483333754102382,0,193.92949981689452,1.1808516912966205,0
2014-06-23,170399.30128134874,170399.30128134874,0,0,-0.0018483333754102382,0,194.20599975585938,1.0869396231330861,0
2014-06-24,170399.30128134874,170399.30128134874,0,0,-0.0018483333754102382,0,194.36499938964843,0.23699004924590755,0
2014-06-25,170399.30128134874,170399.30128134874,0,0,-0.0018483333754102382,0,194.57499923706055,0.79894853681158384,0
2014-06-26,170399.30128134874,170399.30128134874,0,0,-0.0018483333754102382,0,194.72849960327147,0.61166771758486138,0
2014-06-27,170399.30128134874,170399.30128134874,0,0,-0.0018483333754102382,0,194.88550033569337,0.86094868911838518,0
2014-06-30,170399.30128134874,170399.30128134874,0,0,-0.0018483333754102382,0,195.0265007019043,0.69489037986253388,0
2014-07-01,170399.30128134874,170399.30128134874,0,0,-0.0018483333754102382,0,195.23800048828124,1.8846365775833873,0
2014-07-02,170399.30128134874,170399.30128134874,0,0,-0.0018483333754102382,0,195.44000015258788,1.9392531066908951,0
2014-07-03,170399.30128134874,170399.30128134874,0,0,-0.0018483333754102382,0,195.62750015258788,2.4002139038317876,0
2014-07-07,170399.30128134874,170399.30128134874,0,0,-0.0018483333754102382,0,195.73399963378907,1.550810571011292,0
2014-07-08,170399.30128134874,170399.30128134874,0,0,-0.0018483333754102382,0,195.76699981689453,0.41138392807244173,0
2014-07-09,170399.30128134874,170399.30128134874,0,0,-0.0018483333754102382,0,195.84299926757814,1.0768078080626491,0
2014-07-10,170399.30128134874,170399.30128134874,0,0,-0.0018483333754102382,0,195.91399917602538,0.36380891609870208,0
2014-07-11,170399.30128134874,170399.30128134874,0,0,-0.0018483333754102382,0,196.06749954223633,0.5196323247474488,0
2014-07-14,170399.30128134874,170399.30128134874,0,0,-0.0018483333754102382,0,196.24099960327149,1.3661371906483304,0
2014-07-15,170399.30128134874,170399.30128134874,0,0,-0.0018483333754102382,0,196.38799972534179,0.92612998671364155,0
2014-07-16,170399.30128134874,170399.30128134874,0,0,-0.0018483333754102382,0,196.54449996948242,1.5783843474276964,0
2014-07-17,170399.30128134874,170399.30128134874,0,0,-0.0018483333754102382,0,196.51700057983399,-0.88351629306679058,0
2014-07-18,170399.30128134874,170399.30128134874,0,0,-0.0018483333754102382,0,196.5785011291504,1.1916584824898098,0
2014-07-21,170399.30128134874,170399.30128134874,0,0,-0.0018483333754102382,0,196.64850082397462,0.72676301066391735,0
2014-07-22,170399.30128134874,170399.30128134874,0,0,-0.0018483333754102382,0,196.76450042724611,1.4480969160523476,0
2014-07-23,170399.30128134874,170399.30128134874,0,0,-0.0018483333754102382,0,196.96150054931641,1.7628119631986037,0
2014-07-24,170399.30128134874,170399.30128134874,0,0,-0.0018483333754102382,0,197.1150001525879,1.5915505264955327,0
2014-07-25,170399.30128134874,170399.30128134874,0,0,-0.0018483333754102382,0,197.22900009155273,0.55060474698444173,0
2014-07-28,170399.30128134874,170399.30128134874,0,0,-0.0018483333754102382,0,197.3279998779297,0.56316534221119119,0
2014-07-29,170399.30128134874,170399.30128134874,0,0,-0.0018483333754102382,0,197.38949966430664,-0.57882778945440383,0
2014-07-30,170399.30128134874,170399.30128134874,0,0,-0.0018483333754102382,0,197.38699951171876,-0.53513784269647813,0
2014-07-31,170399.30128134874,170399.30128134874,0,0,-0.0018483333754102382,0,197.17999954223632,-3.3877195624759384,1
2014-08-01,170260.07879183328,0,884.46794177575725,-0.00081703673940303201,-0.0026638599585389056,1,196.89499969482421,-2.8255309243649367,1
2014-08-04,171489.48869106517,0,884.46794177575725,0.0072207760501217244,0,1,196.71399993896483,-1.6818812019735516,1
2014-08-05,169826.68464183563,0,884.46794177575725,-0.0096962447198443158,-0.0096962447198443158,1,196.50249938964845,-2.2837565180603265,1
2014-08-06,169879.76405490638,0,884.46794177575725,0.00031255048747302894,-0.0093867247983849822,1,196.25,-1.9140416143551013,1
2014-08-07,168959.90983775014,0,884.46794177575725,-0.00541473684210525,-0.014750634995897682,1,195.9845001220703,-2.0125031085712464,0
2014-08-08,169254.56795155149,169254.56795155149,0,0.0017439528352276579,-0.013032406572392574,0,195.81600036621094,-1.0190945866286514,0
2014-08-11,169254.56795155149,169254.56795155149,0,0,-0.013032406572392574,0,195.62600021362306,-0.72193586683587185,0
2014-08-12,169254.56795155149,169254.56795155149,0,0,-0.013032406572392574,0,195.44100036621094,-0.7522119721595929,0
2014-08-13,169254.56795155149,169254.56795155149,0,0,-0.013032406572392574,0,195.28499984741211,-0.17972580616306347,0
2014-08-14,169254.56795155149,169254.56795155149,0,0,-0.013032406572392574,0,195.28749923706056,0.19079413900514514,0
2014-08-15,169254.56795155149,169254.56795155149,0,0,-0.013032406572392574,0,195.18799896240233,0.22016462583590488,0
2014-08-18,169254.56795155149,169254.56795155149,0,0,-0.013032406572392574,0,195.18899917602539,0.89811806147331708,0
2014-08-19,169254.56795155149,169254.56795155149,0,0,-0.013032406572392574,0,195.1984992980957,1.3136793924838446,0
2014-08-20,169254.56795155149,169254.56795155149,0,0,-0.013032406572392574,0,195.21249923706054,1.5132969976417068,0
2014-08-21,169254.56795155149,169254.56795155149,0,0,-0.013032406572392574,0,195.25499954223633,1.6874023529820958,0
2014-08-22,169254.56795155149,169254.56795155149,0,0,-0.013032406572392574,0,195.3284996032715,1.481499516386211,0
2014-08-25,169254.56795155149,169254.56795155149,0,0,-0.013032406572392574,0,195.4484992980957,1.7167287457136522,0
2014-08-26,169254.56795155149,169254.56795155149,0,0,-0.013032406572392574,0,195.61749954223632,1.596708394574178,0
2014-08-27,169254.56795155149,169254.56795155149,0,0,-0.013032406572392574,0,195.78099975585937,1.4375701091831727,0
2014-08-28,169254.56795155149,169254.56795155149,0,0,-0.013032406572392574,0,196.13349990844728,1.2589447053489555,0
2014-08-29,169254.56795155149,169254.56795155149,0,0,-0.013032406572392574,0,196.54400024414062,1.2951634285086029,0
2014-09-02,169254.56795155149,169254.56795155149,0,0,-0.013032406572392574,0,196.88000030517577,1.1398698751830523,0
2014-09-03,169254.56795155149,169254.56795155149,0,0,-0.013032406572392574,0,197.30450057983398,1.0106500506344345,0
2014-09-04,169254.56795155149,169254.56795155149,0,0,-0.013032406572392574,0,197.71150054931641,0.83827406459257603,0
2014-09-05,169254.56795155149,169254.56795155149,0,0,-0.013032406572392574,0,198.21550064086915,1.0959812057802611,0
2014-09-08,169254.56795155149,169254.56795155149,0,0,-0.013032406572392574,0,198.58300018310547,0.8273881612708649,0
2014-09-09,169254.56795155149,169254.56795155149,0,0,-0.013032406572392574,0,198.8590003967285,0.21284702840798703,0
2014-09-10,169254.56795155149,169254.56795155149,0,0,-0.013032406572392574,0,199.18600082397461,0.49129375683402077,0
2014-09-11,169254.56795155149,169254.56795155149,0,0,-0.013032406572392574,0,199.45900115966796,0.55687282241344971,0
2014-09-12,169254.56795155149,169254.56795155149,0,0,-0.013032406572392574,0,199.62750167846679,-0.39658378611938655,0
2014-09-15,169254.56795155149,169254.56795155149,0,0,-0.013032406572392574,0,199.79050140380861,-0.90356455064311847,0
2014-09-16,169254.56795155149,169254.56795155149,0,0,-0.013032406572392574,0,199.94650115966797,0.74800095947438028,0
2014-09-17,169254.56795155149,169254.56795155149,0,0,-0.013032406572392574,0,200.06450119018555,1.0759433322921053,0
2014-09-18,169254.56795155149,169254.56795155149,0,0,-0.013032406572392574,0,200.20950164794922,2.3405023512326211,0
2014-09-19,169254.56795155149,169254.56795155149,0,0,-0.013032406572392574,0,200.26950149536134,0.6369887411508649,0
2014-09-22,169254.56795155149,169254.56795155149,0,0,-0.013032406572392574,0,200.26750106811522,-1.6456369570607874,0
2014-09-23,169254.56795155149,169254.56795155149,0,0,-0.013032406572392574,0,200.15800094604492,-2.560530430101684,1
2014-09-24,170467.39583279763,0,854.21626537525833,0.0071657025031861554,-0.005960090417604702,1,200.11950073242187,-0.65999647325594601,1
2014-09-25,167716.81841554484,0,854.21626537525833,-0.016135504410184631,-0.021999425762570857,1,199.92400054931642,-3.0357460877657823,1
2014-09-26,169049.39370404131,0,854.21626537525833,0.0079453885488980358,-0.014228831199209147,1,199.8120002746582,-1.519298370250131,1
2014-09-29,168741.87532713398,0,854.21626537525833,-0.0018191036960814033,-0.016022051175865082,1,199.65349960327148,-1.5857313588853861,1
2014-09-30,168297.69225383902,0,854.21626537525833,-0.0026323227262576854,-0.018612198692691373,1,199.47399978637696,-1.7159427228786153,0
2014-10-01,167939.32462405594,167939.32462405594,0,-0.0021293674618102498,-0.020701933944212603,0,199.16650009155273,-2.6879678815146413,1
2014-10-02,168027.29334539309,0,864.42683982178676,0.00052381252296962444,-0.020188965353492572,1,198.875,-2.1889299064902223,1
2014-10-03,169877.16625500744,0,864.42683982178676,0.011009359686654063,-0.0094018732481166989,1,198.64550018310547,-1.0381518837982111,1
2014-10-06,169678.33858497153,0,864.42683982178676,-0.0011704202184386059,-0.010561289324014456,1,198.43050003051758,-1.0402674819641169,1
2014-10-07,167059.12631552006,0,864.42683982178676,-0.015436338493730717,-0.025834600180809408,1,198.12749938964845,-2.0870673105864532,1
2014-10-08,169980.89325495186,0,864.42683982178676,0.01748941829082451,-0.0087970140189234103,1,197.95599899291992,-0.56992571038071693,0
2014-10-09,169627.0665835017,169627.0665835017,0,-0.0020815673142714486,-0.010860269756349794,0,197.57799911499023,-1.931409098925353,0
2014-10-10,169627.0665835017,169627.0665835017,0,0,-0.010860269756349794,0,197.14849853515625,-2.2738912524715333,1
2014-10-13,166826.28253758102,0,890.16743651721094,-0.016511421805092352,-0.027192373066577957,1,196.56999893188475,-2.571790293251091,1
2014-10-14,167084.42511770508,0,890.16743651721094,0.001547373568465682,-0.025687076257459251,1,195.93099899291991,-2.0942624312934557,1
2014-10-15,165953.90867012262,0,890.16743651721094,-0.0067661390149683642,-0.032279412943581498,1,195.21499862670899,-2.0543538322712096,1
2014-10-16,165811.49220326648,0,890.16743651721094,-0.00085816880118949612,-0.03310988055966213,1,194.4374984741211,-1.8495039582109936,1
2014-10-17,167769.85784702891,0,890.16743651721094,0.011810795607349656,-0.021690138984186369,1,193.82599868774415,-1.2304630694889325,0
2014-10-20,167382.47057641434,167382.47057641434,0,-0.0023090397499637705,-0.023949095341053495,0,193.38349914550781,-0.72768268963437388,0
2014-10-21,167382.47057641434,167382.47057641434,0,0,-0.023949095341053495,0,193.18649978637694,0.21510451131090222,0
2014-10-22,167382.47057641434,167382.47057641434,0,0,-0.023949095341053495,0,192.84300003051757,-0.039859468395820531,0
2014-10-23,167382.47057641434,167382.47057641434,0,0,-0.023949095341053495,0,192.77249984741212,0.56983949467587913,0
2014-10-24,167382.47057641434,167382.47057641434,0,0,-0.023949095341053495,0,192.69899978637696,1.0086061123037837,0
2014-10-27,167382.47057641434,167382.47057641434,0,0,-0.023949095341053495,0,192.63000030517577,0.97507312743321595,0
2014-10-28,167382.47057641434,167382.47057641434,0,0,-0.023949095341053495,0,192.69950027465819,1.536761730343569,0
2014-10-29,167382.47057641434,167382.47057641434,0,0,-0.023949095341053495,0,192.88749999999999,1.343958925852428,0
2014-10-30,167382.47057641434,167382.47057641434,0,0,-0.023949095341053495,0,193.13749999999999,1.5125166106877983,0
2014-10-31,167382.47057641434,167382.47057641434,0,0,-0.023949095341053495,0,193.39449996948241,1.8469502239377196,0
2014-11-03,167382.47057641434,167382.47057641434,0,0,-0.023949095341053495,0,193.66850051879882,1.6877856800456434,0
2014-11-04,167382.47057641434,167382.47057641434,0,0,-0.023949095341053495,0,194.05900115966796,1.3851569096588956,0
2014-11-05,167382.47057641434,167382.47057641434,0,0,-0.023949095341053495,0,194.34400100708007,1.494292090622573,0
2014-11-06,167382.47057641434,167382.47057641434,0,0,-0.023949095341053495,0,194.8645004272461,1.4621440761339335,0
2014-11-07,167382.47057641434,167382.47057641434,0,0,-0.023949095341053495,0,195.50450057983397,1.3367528592513598,0
2014-11-10,167382.47057641434,167382.47057641434,0,0,-0.023949095341053495,0,196.33300018310547,1.3116906362501253,0
2014-11-11,167382.47057641434,167382.47057641434,0,0,-0.023949095341053495,0,197.15699996948243,1.2288777017779464,0
2014-11-12,167382.47057641434,167382.47057641434,0,0,-0.023949095341053495,0,198.03350067138672,1.1110493089104265,0
2014-11-13,167382.47057641434,167382.47057641434,0,0,-0.023949095341053495,0,198.92950057983398,1.1059067846242683,0
2014-11-14,167382.47057641434,167382.47057641434,0,0,-0.023949095341053495,0,199.71800079345704,1.0674853708762579,0
2014-11-17,167382.47057641434,167382.47057641434,0,0,-0.023949095341053495,0,200.4215003967285,1.0516431680482312,0
2014-11-18,167382.47057641434,167382.47057641434,0,0,-0.023949095341053495,0,200.99550018310546,1.2600207745760057,0
2014-11-19,167382.47057641434,167382.47057641434,0,0,-0.023949095341053495,0,201.62200012207032,1.1312304963801634,0
2014-11-20,167382.47057641434,167382.47057641434,0,0,-0.023949095341053495,0,202.15450057983398,1.1835420196670532,0
2014-11-21,167382.47057641434,167382.47057641434,0,0,-0.023949095341053495,0,202.667000579834,1.4653667177252652,0
2014-11-24,167382.47057641434,167382.47057641434,0,0,-0.023949095341053495,0,203.22200012207031,1.6310096029326273,0
2014-11-25,167382.47057641434,167382.47057641434,0,0,-0.023949095341053495,0,203.65699996948243,1.467272089499571,0
2014-11-26,167382.47057641434,167382.47057641434,0,0,-0.023949095341053495,0,204.13349990844728,1.6409994883482892,0
2014-11-28,167382.47057641434,167382.47057641434,0,0,-0.023949095341053495,0,204.52449951171874,1.3809860723018903,0
2014-12-01,167382.47057641434,167382.47057641434,0,0,-0.023949095341053495,0,204.72949905395507,0.56072474676030637,0
2014-12-02,167382.47057641434,167382.47057641434,0,0,-0.023949095341053495,0,204.99549865722656,1.1806048580607538,0
2014-12-03,167382.47057641434,167382.47057641434,0,0,-0.023949095341053495,0,205.33649826049805,1.5599322442842132,0
2014-12-04,167382.47057641434,167382.47057641434,0,0,-0.023949095341053495,0,205.60249862670898,1.3199528593586689,0
2014-12-05,167382.47057641434,167382.47057641434,0,0,-0.023949095341053495,0,205.84499893188476,1.4034928383950118,0
2014-12-08,167382.47057641434,167382.47057641434,0,0,-0.023949095341053495,0,206.00849914550781,0.42047606893236628,0
2014-12-09,167382.47057641434,167382.47057641434,0,0,-0.023949095341053495,0,206.13299942016602,0.24872445195667978,0
2014-12-10,167382.47057641434,167382.47057641434,0,0,-0.023949095341053495,0,206.08199996948241,-2.0238851271965093,1
2014-12-11,167552.19637144933,0,820.57002971793202,0.0010139998199960587,-0.022959379899422205,1,206.09349975585937,-1.3333229536048277,1
2014-12-12,164844.31276919917,0,820.57002971793202,-0.016161433039331929,-0.038749756457885032,1,205.92849960327149,-2.8238660684803265,1
2014-12-15,163711.92212149882,0,820.57002971793202,-0.006869455358680332,-0.045353022094418161,1,205.69199905395507,-2.7523332380514614,1
2014-12-16,162399.01758649314,0,820.57002971793202,-0.0080196024699490387,-0.053008911356359212,1,205.36899948120117,-2.6569538964303252,1
2014-12-17,165582.8207875833,0,820.57002971793202,0.019604818110395827,-0.034443323311334928,1,205.18099899291991,-1.1641543836632828,0
2014-12-18,167918.51063577921,167918.51063577921,0,0.01410587062767954,-0.020823305746272336,0,205.25899887084961,0.51846474258694641,0
2014-12-19,167918.51063577921,167918.51063577921,0,0,-0.020823305746272336,0,205.30599899291991,0.41209552478231898,0
2014-12-22,167918.51063577921,167918.51063577921,0,0,-0.020823305746272336,0,205.34549942016602,0.71549059467103637,0
2014-12-23,167918.51063577921,167918.51063577921,0,0,-0.020823305746272336,0,205.36999969482423,0.79679719987750686,0
2014-12-24,167918.51063577921,167918.51063577921,0,0,-0.020823305746272336,0,205.40299987792969,0.78649505247729834,0
2014-12-26,167918.51063577921,167918.51063577921,0,0,-0.020823305746272336,0,205.44300003051757,0.98451389066186856,0
2014-12-29,167918.51063577921,167918.51063577921,0,0,-0.020823305746272336,0,205.51900024414061,1.0307792714826522,0
2014-12-30,167918.51063577921,167918.51063577921,0,0,-0.020823305746272336,0,205.61100082397462,0.6337888670940317,0
2014-12-31,167918.51063577921,167918.51063577921,0,0,-0.020823305746272336,0,205.53350067138672,0.0020810454194775153,0
2015-01-02,167918.51063577921,167918.51063577921,0,0,-0.020823305746272336,0,205.41050033569337,0.006343741969418175,0
2015-01-05,167918.51063577921,167918.51063577921,0,0,-0.020823305746272336,0,205.11350021362304,-1.0850559404320586,0
2015-01-06,167918.51063577921,167918.51063577921,0,0,-0.020823305746272336,0,204.70450057983399,-1.5003764435318079,0
2015-01-07,167918.51063577921,167918.51063577921,0,0,-0.020823305746272336,0,204.4895004272461,-0.66762793985471436,0
2015-01-08,167918.51063577921,167918.51063577921,0,0,-0.020823305746272336,0,204.46100006103515,0.4428237034616726,0
2015-01-09,167918.51063577921,167918.51063577921,0,0,-0.020823305746272336,0,204.5154998779297,-0.082034960851787575,0
2015-01-12,167918.51063577921,167918.51063577921,0,0,-0.020823305746272336,0,204.43849945068359,-0.54837329285861303,0
2015-01-13,167918.51063577921,167918.51063577921,0,0,-0.020823305746272336,0,204.49799957275391,-0.75407175803319348,0
2015-01-14,167918.51063577921,167918.51063577921,0,0,-0.020823305746272336,0,204.56549987792968,-1.1900466351021757,0
2015-01-15,167918.51063577921,167918.51063577921,0,0,-0.020823305746272336,0,204.62099990844726,-1.8654281829716741,0
2015-01-16,167918.51063577921,167918.51063577921,0,0,-0.020823305746272336,0,204.61300048828124,-0.99094270232328208,0
2015-01-20,167918.51063577921,167918.51063577921,0,0,-0.020823305746272336,0,204.37700042724609,-0.76820269840574673,0
2015-01-21,167918.51063577921,167918.51063577921,0,0,-0.020823305746272336,0,204.20500030517579,-0.37663572164594888,0
2015-01-22,167918.51063577921,167918.51063577921,0,0,-0.020823305746272336,0,204.13650054931639,0.67096266756186529,0
2015-01-23,167918.51063577921,167918.51063577921,0,0,-0.020823305746272336,0,203.99750061035155,0.34542423217867729,0
2015-01-26,167918.51063577921,167918.51063577921,0,0,-0.020823305746272336,0,203.88150024414062,0.58025613403326892,0
2015-01-27,167918.51063577921,167918.51063577921,0,0,-0.020823305746272336,0,203.59650039672852,-0.34255035730595607,0
2015-01-28,167918.51063577921,167918.51063577921,0,0,-0.020823305746272336,0,203.16750030517579,-1.3085905851519124,0
2015-01-29,167918.51063577921,167918.51063577921,0,0,-0.020823305746272336,0,202.88700027465819,-0.42954110842666282,0
2015-01-30,167918.51063577921,167918.51063577921,0,0,-0.020823305746272336,0,202.58250045776367,-1.4755531914298932,0
2015-02-02,167918.51063577921,167918.51063577921,0,0,-0.020823305746272336,0,202.40700073242186,-0.24073112708405764,0
2015-02-03,167918.51063577921,167918.51063577921,0,0,-0.020823305746272336,0,202.56300048828126,1.0929140712306555,0
2015-02-04,167918.51063577921,167918.51063577921,0,0,-0.020823305746272336,0,202.77500000000001,0.63998121331475777,0
2015-02-05,167918.51063577921,167918.51063577921,0,0,-0.020823305746272336,0,202.96549987792969,1.4798456770200166,0
2015-02-06,167918.51063577921,167918.51063577921,0,0,-0.020823305746272336,0,202.94800033569337,1.2338843608152725,0
2015-02-09,167918.51063577921,167918.51063577921,0,0,-0.020823305746272336,0,202.96700057983398,0.7836578390303629,0
2015-02-10,167918.51063577921,167918.51063577921,0,0,-0.020823305746272336,0,203.17500076293945,1.5950529636499453,0
2015-02-11,167918.51063577921,167918.51063577921,0,0,-0.020823305746272336,0,203.41750030517579,1.4610404063287015,0
2015-02-12,167918.51063577921,167918.51063577921,0,0,-0.020823305746272336,0,203.82050018310548,1.9549733694419338,0
2015-02-13,167918.51063577921,167918.51063577921,0,0,-0.020823305746272336,0,204.35849990844727,2.0291953395784446,0
2015-02-17,167918.51063577921,167918.51063577921,0,0,-0.020823305746272336,0,204.78249969482422,1.855898554633145,0
2015-02-18,167918.51063577921,167918.51063577921,0,0,-0.020823305746272336,0,205.18600006103514,1.635636303084554,0
2015-02-19,167918.51063577921,167918.51063577921,0,0,-0.020823305746272336,0,205.53099975585937,1.410786252715297,0
2015-02-20,167918.51063577921,167918.51063577921,0,0,-0.020823305746272336,0,205.78799972534179,1.6082454301317008,0
2015-02-23,167918.51063577921,167918.51063577921,0,0,-0.020823305746272336,0,206.09999999999999,1.4265397154139794,0
2015-02-24,167918.51063577921,167918.51063577921,0,0,-0.020823305746272336,0,206.41800003051759,1.4239159824583347,0
2015-02-25,167918.51063577921,167918.51063577921,0,0,-0.020823305746272336,0,206.86250000000001,1.2382638328559752,0
2015-02-26,167918.51063577921,167918.51063577921,0,0,-0.020823305746272336,0,207.42450027465821,1.0858978121525995,0
2015-02-27,167918.51063577921,167918.51063577921,0,0,-0.020823305746272336,0,207.85800018310547,0.80460758767341156,0
2015-03-02,167918.51063577921,167918.51063577921,0,0,-0.020823305746272336,0,208.48500061035156,1.1648934633296317,0
2015-03-03,167918.51063577921,167918.51063577921,0,0,-0.020823305746272336,0,208.94500045776368,0.82009001552670258,0
2015-03-04,167918.51063577921,167918.51063577921,0,0,-0.020823305746272336,0,209.21450042724609,0.40779223479414201,0
2015-03-05,167918.51063577921,167918.51063577921,0,0,-0.020823305746272336,0,209.53450088500978,0.42033937785743297,0
2015-03-06,167918.51063577921,167918.51063577921,0,0,-0.020823305746272336,0,209.6035011291504,-0.99523292321591106,0
2015-03-09,167918.51063577921,167918.51063577921,0,0,-0.020823305746272336,0,209.74400100708007,-0.71919285598855176,0
2015-03-10,167918.51063577921,167918.51063577921,0,0,-0.020823305746272336,0,209.76150054931639,-2.5449123076524924,1
2015-03-11,167187.73960019049,0,817.54395892513685,-0.0043519385255493814,-0.025084622525315181,1,209.64600067138673,-2.4352465262569516,1
2015-03-12,169313.35888328817,0,817.54395892513685,0.012713966276360011,-0.01268958129379727,1,209.65450134277344,-1.2149766667394353,1
2015-03-13,168275.07456252861,0,817.54395892513685,-0.0061323236843660034,-0.018744088358250699,1,209.5000015258789,-1.6249399512637355,1
2015-03-16,170523.32044957276,0,817.54395892513685,0.013360540132809406,-0.0056339793702047114,1,209.44000167846679,-0.37948383174952233,1
2015-03-17,170016.44718695301,0,817.54395892513685,-0.0029724571471128058,-0.0085896897550719054,1,209.33250198364257,-0.60122361762096976,0
2015-03-18,169464.66592192365,169464.66592192365,0,-0.0032454581551314421,-0.01180727043153762,0,209.3490020751953,0.4852134630891759,0
2015-03-19,169464.66592192365,169464.66592192365,0,0,-0.01180727043153762,0,209.32500228881835,0.076568826837829673,0
2015-03-20,169464.66592192365,169464.66592192365,0,0,-0.01180727043153762,0,209.28350219726562,0.49895693813718806,0
2015-03-23,169464.66592192365,169464.66592192365,0,0,-0.01180727043153762,0,209.22300186157227,0.349810967593428,0
2015-03-24,169464.66592192365,169464.66592192365,0,0,-0.01180727043153762,0,209.07350234985353,-0.11838781781090238,0
2015-03-25,169464.66592192365,169464.66592192365,0,0,-0.01180727043153762,0,208.78000183105468,-1.3899406042526032,0
2015-03-26,169464.66592192365,169464.66592192365,0,0,-0.01180727043153762,0,208.4745018005371,-1.4468239459674903,0
2015-03-27,169464.66592192365,169464.66592192365,0,0,-0.01180727043153762,0,208.22850189208984,-1.1151111911015876,0
2015-03-30,169464.66592192365,169464.66592192365,0,0,-0.01180727043153762,0,208.04150161743163,0.10128318995929451,0
2015-03-31,169464.66592192365,169464.66592192365,0,0,-0.01180727043153762,0,207.80700149536133,-0.70282031427672531,0
2015-04-01,169464.66592192365,169464.66592192365,0,0,-0.01180727043153762,0,207.58050155639648,-0.9755428922076177,0
2015-04-02,169464.66592192365,169464.66592192365,0,0,-0.01180727043153762,0,207.37950134277344,-0.51516021645251064,0
2015-04-06,169464.66592192365,169464.66592192365,0,0,-0.01180727043153762,0,207.39600143432617,0.23765099153780109,0
2015-04-07,169464.66592192365,169464.66592192365,0,0,-0.01180727043153762,0,207.34200134277344,-0.034202192677933799,0
2015-04-08,169464.66592192365,169464.66592192365,0,0,-0.01180727043153762,0,207.49200134277345,0.28149842390295959,0
2015-04-09,169464.66592192365,169464.66592192365,0,0,-0.01180727043153762,0,207.71200103759764,0.73558185402255272,0
2015-04-10,169464.66592192365,169464.66592192365,0,0,-0.01180727043153762,0,207.8590003967285,1.2944112835515797,0
2015-04-13,169464.66592192365,169464.66592192365,0,0,-0.01180727043153762,0,208.02200012207032,0.65209701768397788,0
2015-04-14,169464.66592192365,169464.66592192365,0,0,-0.01180727043153762,0,208.06750030517577,0.85432115670594222,0
2015-04-15,169464.66592192365,169464.66592192365,0,0,-0.01180727043153762,0,208.19099960327148,1.2850598946018548,0
2015-04-16,169464.66592192365,169464.66592192365,0,0,-0.01180727043153762,0,208.18649902343751,1.2573644990433053,0
2015-04-17,169464.66592192365,169464.66592192365,0,0,-0.01180727043153762,0,208.1089988708496,-0.092950421214483422,0
2015-04-20,169464.66592192365,169464.66592192365,0,0,-0.01180727043153762,0,208.08099899291992,1.0548832705761599,0
2015-04-21,169464.66592192365,169464.66592192365,0,0,-0.01180727043153762,0,208.06099929809571,0.92922797232407628,0
2015-04-22,169464.66592192365,169464.66592192365,0,0,-0.01180727043153762,0,208.1514991760254,1.4224420480212143,0
2015-04-23,169464.66592192365,169464.66592192365,0,0,-0.01180727043153762,0,208.42149963378907,1.5479552433058035,0
2015-04-24,169464.66592192365,169464.66592192365,0,0,-0.01180727043153762,0,208.74049911499023,1.6652747108991892,0
2015-04-27,169464.66592192365,169464.66592192365,0,0,-0.01180727043153762,0,208.99199905395508,1.0731342735179878,0
2015-04-28,169464.66592192365,169464.66592192365,0,0,-0.01180727043153762,0,209.1514991760254,1.3230849142140502,0
2015-04-29,169464.66592192365,169464.66592192365,0,0,-0.01180727043153762,0,209.35849990844727,0.74015708302868022,0
2015-04-30,169464.66592192365,169464.66592192365,0,0,-0.01180727043153762,0,209.49650039672852,-0.72724610540588175,0
2015-05-01,169464.66592192365,169464.66592192365,0,0,-0.01180727043153762,0,209.71050033569335,0.79977531638614052,0
2015-05-04,169464.66592192365,169464.66592192365,0,0,-0.01180727043153762,0,209.88500061035157,1.165675662333771,0
2015-05-05,169464.66592192365,169464.66592192365,0,0,-0.01180727043153762,0,209.96600036621095,-0.96585468721054046,0
2015-05-06,169464.66592192365,169464.66592192365,0,0,-0.01180727043153762,0,209.96900024414063,-1.7562628260968414,0
2015-05-07,169464.66592192365,169464.66592192365,0,0,-0.01180727043153762,0,209.96750030517578,-0.99787963109746747,0
2015-05-08,169464.66592192365,169464.66592192365,0,0,-0.01180727043153762,0,210.0465003967285,1.359457198896818,0
2015-05-11,169464.66592192365,169464.66592192365,0,0,-0.01180727043153762,0,210.12250061035155,0.42690447252631641,0
2015-05-12,169464.66592192365,169464.66592192365,0,0,-0.01180727043153762,0,210.14700012207032,-0.14735687882265353,0
2015-05-13,169464.66592192365,169464.66592192365,0,0,-0.01180727043153762,0,210.12650070190429,-0.094100101886749457,0
2015-05-14,169464.66592192365,169464.66592192365,0,0,-0.01180727043153762,0,210.21850128173827,1.6334537335570136,0
2015-05-15,169464.66592192365,169464.66592192365,0,0,-0.01180727043153762,0,210.4430015563965,1.6726133499311153,0
2015-05-18,169464.66592192365,169464.66592192365,0,0,-0.01180727043153762,0,210.60550155639649,1.8940807708149727,0
2015-05-19,169464.66592192365,169464.66592192365,0,0,-0.01180727043153762,0,210.77700119018556,1.6140527400882729,0
2015-05-20,169464.66592192365,169464.66592192365,0,0,-0.01180727043153762,0,210.88950119018554,1.355675458159076,0
2015-05-21,169464.66592192365,169464.66592192365,0,0,-0.01180727043153762,0,211.00650100708009,1.5836232530848335,0
2015-05-22,169464.66592192365,169464.66592192365,0,0,-0.01180727043153762,0,211.07350158691406,1.1771348888600726,0
2015-05-26,169464.66592192365,169464.66592192365,0,0,-0.01180727043153762,0,211.07000122070312,-0.22715914343968516,0
2015-05-27,169464.66592192365,169464.66592192365,0,0,-0.01180727043153762,0,211.13300094604492,0.94064657773216531,0
2015-05-28,169464.66592192365,169464.66592192365,0,0,-0.01180727043153762,0,211.22750091552734,0.73156430919200832,0
2015-05-29,169464.66592192365,169464.66592192365,0,0,-0.01180727043153762,0,211.36150054931642,-0.1418634823820358,0
2015-06-01,169464.66592192365,169464.66592192365,0,0,-0.01180727043153762,0,211.40400085449218,0.10676457058017857,0
2015-06-02,169464.66592192365,169464.66592192365,0,0,-0.01180727043153762,0,211.40600051879883,-0.029585741577140091,0
2015-06-03,169464.66592192365,169464.66592192365,0,0,-0.01180727043153762,0,211.55700073242187,0.25086214898822451,0
2015-06-04,169464.66592192365,169464.66592192365,0,0,-0.01180727043153762,0,211.66150131225587,-1.2237348829179935,0
2015-06-05,169464.66592192365,169464.66592192365,0,0,-0.01180727043153762,0,211.70650177001954,-1.6645313502208439,0
2015-06-08,169464.66592192365,169464.66592192365,0,0,-0.01180727043153762,0,211.54950180053712,-2.2573755117526773,1
2015-06-09,169378.97643370679,0,812.56406290935729,-0.00050564811107189911,-0.012306948218618996,1,211.44150161743164,-1.9839949230216973,1
2015-06-10,171410.3865909802,0,812.56406290935729,0.011993283936678312,-0.00046126500632048817,1,211.4900016784668,-0.36603602241956201,1
2015-06-11,171962.93660110523,0,812.56406290935729,0.003223550340875958,0,1,211.57050170898438,0.041428684476668497,0
2015-06-12,171071.91446841965,171071.91446841965,0,-0.0051814777666447931,-0.0051814777666447931,0,211.46050109863282,-0.98875228951922089,0
2015-06-15,171071.91446841965,171071.91446841965,0,0,-0.0051814777666447931,0,211.29400100708008,-1.4238794687974694,0
2015-06-16,171071.91446841965,171071.91446841965,0,0,-0.0051814777666447931,0,211.1515007019043,-0.60453500162480311,0
2015-06-17,171071.91446841965,171071.91446841965,0,0,-0.0051814777666447931,0,211.02950057983398,-0.3070972299584353,0
2015-06-18,171071.91446841965,171071.91446841965,0,0,-0.0051814777666447931,0,211.02450027465821,1.2320643184009814,0
2015-06-19,171071.91446841965,171071.91446841965,0,0,-0.0051814777666447931,0,210.8900001525879,-0.061215615916307836,0
2015-06-22,171071.91446841965,171071.91446841965,0,0,-0.0051814777666447931,0,210.83499984741212,0.85167688593277191,0
2015-06-23,171071.91446841965,171071.91446841965,0,0,-0.0051814777666447931,0,210.90199966430663,0.89919730496493311,0
2015-06-24,171071.91446841965,171071.91446841965,0,0,-0.0051814777666447931,0,210.79199981689453,-0.24367201474267011,0
2015-06-25,171071.91446841965,171071.91446841965,0,0,-0.0051814777666447931,0,210.66199951171876,-0.69714876217749711,0
2015-06-26,171071.91446841965,171071.91446841965,0,0,-0.0051814777666447931,0,210.59599990844725,-0.66958537557903286,0
2015-06-29,171071.91446841965,171071.91446841965,0,0,-0.0051814777666447931,0,210.28849945068359,-3.054382932954177,1
2015-06-30,169822.20903822852,0,824.98034492566478,-0.0073051466926900011,-0.012448773004164582,1,210.01299972534179,-2.2602451151244378,1
2015-07-01,171183.42157207543,0,824.98034492566478,0.0080155154120065131,-0.0045330409240336156,1,209.79199981689453,-1.2290941992046791,1
2015-07-02,171026.67329242738,0,824.98034492566478,-0.00091567441641571268,-0.0054445645508465201,1,209.6509994506836,-1.2073025556032901,1
2015-07-06,170539.9379100895,0,824.98034492566478,-0.0028459618196843284,-0.0082750313476943615,1,209.49849929809571,-1.3613825853437589,1
2015-07-07,171612.41487613309,0,824.98034492566478,0.0062887144160272967,-0.0020383562405964506,1,209.47549972534179,-0.70832852171902583,0
2015-07-08,170206.2950683271,170206.2950683271,0,-0.0081935785870789202,-0.010215233395629464,0,209.27949981689454,-2.0525769015513178,1
2015-07-09,168361.84424969601,0,821.67813208795178,-0.010836560527274663,-0.020941095927912157,1,208.97699966430665,-1.6531450895954274,1
2015-07-10,170481.7753350205,0,821.67813208795178,0.012591517364115123,-0.0086132587367969693,1,208.76949920654297,-0.53547073935996237,1
2015-07-13,172363.42527867737,0,821.67813208795178,0.011037249817226202,0,1,208.75749969482422,0.42142944803816684,0
2015-07-14,172235.17769507808,172235.17769507808,0,-0.0007440533476980038,-0.0007440533476980038,0,208.83599929809571,0.75630291626407242,0
2015-07-15,172235.17769507808,172235.17769507808,0,0,-0.0007440533476980038,0,208.85399932861327,0.71678166474990279,0
2015-07-16,172235.17769507808,172235.17769507808,0,0,-0.0007440533476980038,0,208.93949966430665,1.3244835646389557,0
2015-07-17,172235.17769507808,172235.17769507808,0,0,-0.0007440533476980038,0,208.92449951171875,1.4135699803664048,0
2015-07-20,172235.17769507808,172235.17769507808,0,0,-0.0007440533476980038,0,209.01349945068358,1.3702499304833118,0
2015-07-21,172235.17769507808,172235.17769507808,0,0,-0.0007440533476980038,0,209.00649948120116,1.0541551646654708,0
2015-07-22,172235.17769507808,172235.17769507808,0,0,-0.0007440533476980038,0,208.97299957275391,0.93363843438525485,0
2015-07-23,172235.17769507808,172235.17769507808,0,0,-0.0007440533476980038,0,208.95699920654297,0.47795835969079653,0
2015-07-24,172235.17769507808,172235.17769507808,0,0,-0.0007440533476980038,0,208.8639991760254,-0.33775328664497578,0
2015-07-27,172235.17769507808,172235.17769507808,0,0,-0.0007440533476980038,0,208.71249847412111,-0.74327306625061207,0
2015-07-28,172235.17769507808,172235.17769507808,0,0,-0.0007440533476980038,0,208.90799865722656,0.17045932285243712,0
2015-07-29,172235.17769507808,172235.17769507808,0,0,-0.0007440533476980038,0,209.15399856567382,0.67250286411652005,0
2015-07-30,172235.17769507808,172235.17769507808,0,0,-0.0007440533476980038,0,209.31999893188475,0.62561675457153243,0
2015-07-31,172235.17769507808,172235.17769507808,0,0,-0.0007440533476980038,0,209.47949905395507,0.43159164448217407,0
2015-08-03,172235.17769507808,172235.17769507808,0,0,-0.0007440533476980038,0,209.63299865722655,0.068903671157463348,0
2015-08-04,172235.17769507808,172235.17769507808,0,0,-0.0007440533476980038,0,209.70099868774415,-0.14270065789665901,0
2015-08-05,172235.17769507808,172235.17769507808,0,0,-0.0007440533476980038,0,209.97799911499024,0.048139450379821591,0
2015-08-06,172235.17769507808,172235.17769507808,0,0,-0.0007440533476980038,0,210.1504997253418,-1.1464473135896438,0
2015-08-07,172235.17769507808,172235.17769507808,0,0,-0.0007440533476980038,0,210.17399978637695,-1.4503339998165887,0
2015-08-10,172235.17769507808,172235.17769507808,0,0,-0.0007440533476980038,0,210.21399993896483,0.23225711791849202,0
2015-08-11,172235.17769507808,172235.17769507808,0,0,-0.0007440533476980038,0,210.11350021362304,-0.92264079411193012,0
2015-08-12,172235.17769507808,172235.17769507808,0,0,-0.0007440533476980038,0,210.02900009155275,-0.70146171415080372,0
2015-08-13,172235.17769507808,172235.17769507808,0,0,-0.0007440533476980038,0,209.84700012207031,-0.78230295138727757,0
2015-08-14,172235.17769507808,172235.17769507808,0,0,-0.0007440533476980038,0,209.69400024414062,-0.19665587575124369,0
2015-08-17,172235.17769507808,172235.17769507808,0,0,-0.0007440533476980038,0,209.59400024414063,0.79946034870551308,0
2015-08-18,172235.17769507808,172235.17769507808,0,0,-0.0007440533476980038,0,209.50550003051757,0.41310399194113356,0
2015-08-19,172235.17769507808,172235.17769507808,0,0,-0.0007440533476980038,0,209.35300064086914,-0.94594902615622611,0
2015-08-20,172235.17769507808,172235.17769507808,0,0,-0.0007440533476980038,0,209.04250106811523,-3.2012670260274834,1
2015-08-21,168820.00882483966,0,853.35898125811411,-0.019828521187957082,-0.020557821058085346,1,208.53400115966798,-3.6749395385335548,1
2015-08-24,161711.52694841262,0,853.35898125811411,-0.04210686829072785,-0.061799063885176087,1,207.66950149536132,-3.5841361051623806,1
2015-08-25,159808.54006614993,0,853.35898125811411,-0.011767787480417291,-0.072839613115303847,1,206.56650161743164,-2.8717203716895967,1
2015-08-26,165944.19322479173,0,853.35898125811411,0.038393775176858824,-0.037242425668363333,1,205.75100173950196,-1.5821199604324412,1
2015-08-27,170048.84784124731,0,853.35898125811411,0.024735150635221803,-0.013428472042069539,1,205.17350158691406,-0.82332546853374045,0
2015-08-28,169306.06190084579,169306.06190084579,0,-0.0043680739377602862,-0.017737889421079012,0,204.61250152587891,-0.74366790966543317,0
2015-08-31,169306.06190084579,169306.06190084579,0,0,-0.017737889421079012,0,204.00650177001953,-0.87771081124282579,0
2015-09-01,169306.06190084579,169306.06190084579,0,0,-0.017737889421079012,0,203.12600173950196,-1.4990630803941261,0
2015-09-02,169306.06190084579,169306.06190084579,0,0,-0.017737889421079012,0,202.39300155639648,-0.92157017110302097,0
2015-09-03,169306.06190084579,169306.06190084579,0,0,-0.017737889421079012,0,201.75300140380858,-0.81751089212142403,0
2015-09-04,169306.06190084579,169306.06190084579,0,0,-0.017737889421079012,0,200.98500137329103,-1.0905296708991994,0
2015-09-08,169306.06190084579,169306.06190084579,0,0,-0.017737889421079012,0,200.32800064086913,-0.39123935929343423,0
2015-09-09,169306.06190084579,169306.06190084579,0,0,-0.017737889421079012,0,199.63400039672851,-0.66892040821138643,0
2015-09-10,169306.06190084579,169306.06190084579,0,0,-0.017737889421079012,0,198.98050079345703,-0.44989733829901174,0
2015-09-11,169306.06190084579,169306.06190084579,0,0,-0.017737889421079012,0,198.38450088500977,-0.24897093707559231,0
2015-09-14,169306.06190084579,169306.06190084579,0,0,-0.017737889421079012,0,197.7140007019043,-0.27874101130535023,0
2015-09-15,169306.06190084579,169306.06190084579,0,0,-0.017737889421079012,0,197.10750122070311,0.25227899692665051,0
2015-09-16,169306.06190084579,169306.06190084579,0,0,-0.017737889421079012,0,196.61750106811525,0.78322473431214401,0
2015-09-17,169306.06190084579,169306.06190084579,0,0,-0.017737889421079012,0,196.18800048828126,0.94189812339498313,0
2015-09-18,169306.06190084579,169306.06190084579,0,0,-0.017737889421079012,0,195.76200027465819,-0.094248184592653175,0
2015-09-21,169306.06190084579,169306.06190084579,0,0,-0.017737889421079012,0,195.69350051879883,0.2336206139555988,0
2015-09-22,169306.06190084579,169306.06190084579,0,0,-0.017737889421079012,0,195.91400070190429,-0.66958834770299869,0
2015-09-23,169306.06190084579,169306.06190084579,0,0,-0.017737889421079012,0,196.23050079345703,-1.1331448125808736,0
2015-09-24,169306.06190084579,169306.06190084579,0,0,-0.017737889421079012,0,196.15250015258789,-1.3527769929432123,0
2015-09-25,169306.06190084579,169306.06190084579,0,0,-0.017737889421079012,0,195.83150024414061,-1.2447675587670126,0
2015-09-28,169306.06190084579,169306.06190084579,0,0,-0.017737889421079012,0,195.26800003051758,-2.5849433141847853,1
2015-09-29,169085.62075964897,0,898.81790957053101,-0.0013020274567955292,-0.019016821658822569,1,194.79049987792968,-2.1176784967063287,1
2015-09-30,172240.48039976018,0,898.81790957053101,0.018658355606688604,-0.00071328867315334499,1,194.78349990844725,-0.99896365900505357,1
2015-10-01,172689.88935454545,0,898.81790957053101,0.0026091947360005197,0,1,194.61949996948243,-0.77680343961304887,1
2015-10-02,175269.49236625354,0,898.81790957053101,0.014937776735799435,0,1,194.59199981689454,0.12753807375786064,0
2015-10-05,176492.48166249623,176492.48166249623,0,0.0069777648108151347,0,0,194.88600006103516,1.0957121257995204,0
2015-10-06,176492.48166249623,176492.48166249623,0,0,0,0,194.90400009155275,0.8783121766362364,0
2015-10-07,176492.48166249623,176492.48166249623,0,0,0,0,195.13500061035157,1.2467256093702266,0
2015-10-08,176492.48166249623,176492.48166249623,0,0,0,0,195.40300064086915,1.5801253965993816,0
2015-10-09,176492.48166249623,176492.48166249623,0,0,0,0,195.63250045776368,1.4652269726178351,0
2015-10-12,176492.48166249623,176492.48166249623,0,0,0,0,195.90800094604492,1.3703979208163488,0
2015-10-13,176492.48166249623,176492.48166249623,0,0,0,0,195.99750061035155,1.0200637725735509,0
2015-10-14,176492.48166249623,176492.48166249623,0,0,0,0,195.95300064086913,0.80827653594383342,0
2015-10-15,176492.48166249623,176492.48166249623,0,0,0,0,196.08400115966796,1.4623449860403512,0
2015-10-16,176492.48166249623,176492.48166249623,0,0,0,0,196.47500152587889,1.4910022952892843,0
2015-10-19,176492.48166249623,176492.48166249623,0,0,0,0,196.82050094604492,1.3648629552841567,0
2015-10-20,176492.48166249623,176492.48166249623,0,0,0,0,197.28050079345704,1.1808801094532346,0
2015-10-21,176492.48166249623,176492.48166249623,0,0,0,0,197.69300079345703,0.83870775909156725,0
2015-10-22,176492.48166249623,176492.48166249623,0,0,0,0,198.31100082397461,1.3654723001940912,0
2015-10-23,176492.48166249623,176492.48166249623,0,0,0,0,199.04400024414062,1.597034290682241,0
2015-10-26,176492.48166249623,176492.48166249623,0,0,0,0,199.99350051879884,1.4220057563185227,0
2015-10-27,176492.48166249623,176492.48166249623,0,0,0,0,200.91750106811523,1.3191334543618294,0
2015-10-28,176492.48166249623,176492.48166249623,0,0,0,0,201.78350067138672,1.75262518202207,0
2015-10-29,176492.48166249623,176492.48166249623,0,0,0,0,202.61850051879884,1.6693054161955692,0
2015-10-30,176492.48166249623,176492.48166249623,0,0,0,0,203.2650001525879,1.3502463099680506,0
2015-11-02,176492.48166249623,176492.48166249623,0,0,0,0,203.86100006103516,1.8129162505542402,0
2015-11-03,176492.48166249623,176492.48166249623,0,0,0,0,204.52150039672853,1.780514367923596,0
2015-11-04,176492.48166249623,176492.48166249623,0,0,0,0,205.06900024414062,1.4487813060404791,0
2015-11-05,176492.48166249623,176492.48166249623,0,0,0,0,205.5159996032715,1.2527152243859767,0
2015-11-06,176492.48166249623,176492.48166249623,0,0,0,0,205.95149917602538,1.1069681485594591,0
2015-11-09,176492.48166249623,176492.48166249623,0,0,0,0,206.27949905395508,0.50368180858747402,0
2015-11-10,176492.48166249623,176492.48166249623,0,0,0,0,206.69499893188475,0.5610951439538483,0
2015-11-11,176492.48166249623,176492.48166249623,0,0,0,0,207.11749954223632,0.21762219798892543,0
2015-11-12,176492.48166249623,176492.48166249623,0,0,0,0,207.24199905395508,-0.88964285175896485,0
2015-11-13,176492.48166249623,176492.48166249623,0,0,0,0,207.20549850463868,-1.6917920417235637,0
2015-11-16,176492.48166249623,176492.48166249623,0,0,0,0,207.31799850463867,-0.64258621949235772,0
2015-11-17,176492.48166249623,176492.48166249623,0,0,0,0,207.43599853515624,-0.78614600639107923,0
2015-11-18,176492.48166249623,176492.48166249623,0,0,0,0,207.77999801635741,0.44011371995669535,0
2015-11-19,176492.48166249623,176492.48166249623,0,0,0,0,207.94449844360352,0.29050741651036283,0
2015-11-20,176492.48166249623,176492.48166249623,0,0,0,0,208.03449859619141,0.60669325014753128,0
2015-11-23,176492.48166249623,176492.48166249623,0,0,0,0,208.13799896240235,0.44384428428994888,0
2015-11-24,176492.48166249623,176492.48166249623,0,0,0,0,208.27549896240234,0.51544398800569802,0
2015-11-25,176492.48166249623,176492.48166249623,0,0,0,0,208.29399948120118,0.49040680339137305,0
2015-11-27,176492.48166249623,176492.48166249623,0,0,0,0,208.33049926757812,0.58339160502016596,0
2015-11-30,176492.48166249623,176492.48166249623,0,0,0,0,208.36849975585938,0.15260321280550429,0
2015-12-01,176492.48166249623,176492.48166249623,0,0,0,0,208.38299942016602,1.0826717551852627,0
2015-12-02,176492.48166249623,176492.48166249623,0,0,0,0,208.25949935913087,0.13286993202564343,0
2015-12-03,176492.48166249623,176492.48166249623,0,0,0,0,208.02199935913086,-1.1743446019834192,0
2015-12-04,176492.48166249623,176492.48166249623,0,0,0,0,207.99549942016603,0.80041826534965899,0
2015-12-07,176492.48166249623,176492.48166249623,0,0,0,0,207.91100006103517,0.22203609322324527,0
2015-12-08,176492.48166249623,176492.48166249623,0,0,0,0,207.85449981689453,-0.4550581537853865,0
2015-12-09,176492.48166249623,176492.48166249623,0,0,0,0,207.69349975585936,-1.1461920581964411,0
2015-12-10,176492.48166249623,176492.48166249623,0,0,0,0,207.59999923706056,-0.82723759020542875,0
2015-12-11,176492.48166249623,176492.48166249623,0,0,0,0,207.45199966430664,-2.353194738741565,1
2015-12-14,177127.84254248015,0,872.98101464136721,0.0035999317024670852,0,1,207.46999969482422,-1.9600941916519992,1
2015-12-15,178987.29636626886,0,872.98101464136721,0.010497806539605747,0,1,207.44049987792968,-1.0221251867272458,1
2015-12-16,181606.23941019297,0,872.98101464136721,0.014632005159544104,0,1,207.56849975585936,0.19917870848476452,0
2015-12-17,181837.27350394617,181837.27350394617,0,0.001272170463435307,0,0,207.375,-1.0599047268454453,0
2015-12-18,181837.27350394617,181837.27350394617,0,0,0,0,206.94850006103516,-2.436787787266673,1
2015-12-21,181980.01082783539,0,902.36531204500238,0.00078497285588774446,0,1,206.56650009155274,-1.6274119955379922,1
2015-12-22,183631.341001158,0,902.36531204500238,0.009074239339862844,0,1,206.28799972534179,-0.9225970290238299,1
2015-12-23,185905.30544283194,0,902.36531204500238,0.012383313378186322,0,1,206.12149963378906,-0.034531463685436678,1
2015-12-24,185598.49077229516,0,902.36531204500238,-0.0016503814660153715,-0.0016503814660153715,1,205.93949890136719,-0.091158246336208046,1
2015-12-28,185174.39174311579,0,902.36531204500238,-0.002285034902033134,-0.0039316451887970727,1,205.72199935913085,-0.18785742445686257,0
2015-12-29,186253.28190575595,186253.28190575595,0,0.0058263464644552343,0,0,205.65749893188476,0.65283733370906294,0
2015-12-30,186253.28190575595,186253.28190575595,0,0,0,0,205.41999893188478,0.21157768965655857,0
2015-12-31,186253.28190575595,186253.28190575595,0,0,0,0,205.1869987487793,-0.56714650271822364,0
2016-01-04,186253.28190575595,186253.28190575595,0,0,0,0,204.95749893188477,-1.5814644788239478,0
2016-01-05,186253.28190575595,186253.28190575595,0,0,0,0,204.54449920654298,-1.3470705792838376,0
2016-01-06,186253.28190575595,186253.28190575595,0,0,0,0,204.06799926757813,-2.09485681071987,1
2016-01-07,184939.29983457312,0,953.0497136103902,-0.0070548129822899375,-0.0070548129822899375,1,203.42299957275389,-2.8977326882922441,1
2016-01-08,182909.29929101994,0,953.0497136103902,-0.010976577424965939,-0.017953952706337151,1,202.75199966430665,-2.6711438603565196,1
2016-01-11,183090.38106338744,0,953.0497136103902,0.00099000856199982223,-0.016981718711238325,1,202.06399993896486,-2.1645394463259486,1
2016-01-12,184567.61102796046,0,953.0497136103902,0.0080683100662812812,-0.0090504224169775105,1,201.65299987792969,-1.6145491838338621,1
2016-01-13,179964.37916613612,0,953.0497136103902,-0.024940626560566947,-0.033765325771827337,1,200.94950027465819,-2.1371985474774795,0
2016-01-14,180559.25083526471,180559.25083526471,0,0.0033054967426606741,-0.030571440203520317,0,200.29449996948242,-1.4146011231724815,0
2016-01-15,180559.25083526471,180559.25083526471,0,0,-0.030571440203520317,0,199.28349990844725,-1.843327424193115,0
2016-01-19,180559.25083526471,180559.25083526471,0,0,-0.030571440203520317,0,198.44349975585936,-1.5875294787298428,0
2016-01-20,180559.25083526471,180559.25083526471,0,0,-0.030571440203520317,0,197.72499923706056,-1.7021658775241595,0
2016-01-21,180559.25083526471,180559.25083526471,0,0,-0.030571440203520317,0,196.97599945068359,-1.3860451165853527,0
2016-01-22,180559.25083526471,180559.25083526471,0,0,-0.030571440203520317,0,196.32699966430664,-0.78582352547661094,0
2016-01-25,180559.25083526471,180559.25083526471,0,0,-0.030571440203520317,0,195.40799942016602,-1.0686463032886553,0
2016-01-26,180559.25083526471,180559.25083526471,0,0,-0.030571440203520317,0,194.63399963378907,-0.63787115583795051,0
2016-01-27,180559.25083526471,180559.25083526471,0,0,-0.030571440203520317,0,193.77999954223634,-0.85067633303325729,0
2016-01-28,180559.25083526471,180559.25083526471,0,0,-0.030571440203520317,0,192.86549987792969,-0.63396255961793624,0
2016-01-29,180559.25083526471,180559.25083526471,0,0,-0.030571440203520317,0,192.25500030517577,0.28609287535005123,0
2016-02-01,180559.25083526471,180559.25083526471,0,0,-0.030571440203520317,0,191.74400024414064,0.43371246841698796,0
2016-02-02,180559.25083526471,180559.25083526471,0,0,-0.030571440203520317,0,191.20100021362305,-0.27022089308689862,0
2016-02-03,180559.25083526471,180559.25083526471,0,0,-0.030571440203520317,0,190.69800033569337,0.1960584599304552,0
2016-02-04,180559.25083526471,180559.25083526471,0,0,-0.030571440203520317,0,190.33700027465821,0.51390368334836478,0
2016-02-05,180559.25083526471,180559.25083526471,0,0,-0.030571440203520317,0,190.03199996948243,-0.88434380995604256,0
2016-02-08,180559.25083526471,180559.25083526471,0,0,-0.030571440203520317,0,189.70699996948241,-1.7049588954537227,0
2016-02-09,180559.25083526471,180559.25083526471,0,0,-0.030571440203520317,0,189.37299957275391,-1.5080072264348738,0
2016-02-10,180559.25083526471,180559.25083526471,0,0,-0.030571440203520317,0,188.9534996032715,-1.4355882393229211,0
2016-02-11,180559.25083526471,180559.25083526471,0,0,-0.030571440203520317,0,188.65499954223634,-2.005414869281068,1
2016-02-12,182097.4569583078,0,975.71372337823834,0.0085191210969659537,-0.022312760907756801,1,188.3900001525879,-0.62425495498890948,1
2016-02-16,185170.94923166529,0,975.71372337823834,0.016878282237962283,-0.005811079745903891,1,188.48850021362304,0.45607711143650931,0
2016-02-17,186423.18021468734,186423.18021468734,0,0.0067625671749156346,0,0,188.729500579834,1.3900158569892165,0
2016-02-18,186423.18021468734,186423.18021468734,0,0,0,0,189.0515007019043,1.0183553888956871,0
2016-02-19,186423.18021468734,186423.18021468734,0,0,0,0,189.31700057983397,0.89493034909787983,0
2016-02-22,186423.18021468734,186423.18021468734,0,0,0,0,189.53000030517578,1.6308999806010416,0
2016-02-23,186423.18021468734,186423.18021468734,0,0,0,0,189.76400070190431,0.78811332877875984,0
2016-02-24,186423.18021468734,186423.18021468734,0,0,0,0,189.91400070190429,0.98733231090289331,0
2016-02-25,186423.18021468734,186423.18021468734,0,0,0,0,190.28450012207031,1.4947027776770947,0
2016-02-26,186423.18021468734,186423.18021468734,0,0,0,0,190.58349990844727,1.2329650928930871,0
2016-02-29,186423.18021468734,186423.18021468734,0,0,0,0,190.57549972534179,0.81805114428091974,0
2016-03-01,186423.18021468734,186423.18021468734,0,0,0,0,190.79850006103516,1.8496091773115333,0
2016-03-02,186423.18021468734,186423.18021468734,0,0,0,0,191.24049987792969,1.7908496711950628,0
2016-03-03,186423.18021468734,186423.18021468734,0,0,0,0,191.66449966430665,1.7208741098169036,0
2016-03-04,186423.18021468734,186423.18021468734,0,0,0,0,192.10599899291992,1.6360464121964822,0
2016-03-07,186423.18021468734,186423.18021468734,0,0,0,0,192.73799896240234,1.4780322616791997,0
2016-03-08,186423.18021468734,186423.18021468734,0,0,0,0,193.38699874877929,0.96967770851128554,0
2016-03-09,186423.18021468734,186423.18021468734,0,0,0,0,194.08449935913086,1.0618664614972093,0
2016-03-10,186423.18021468734,186423.18021468734,0,0,0,0,194.79799880981446,1.0118195050933392,0
2016-03-11,186423.18021468734,186423.18021468734,0,0,0,0,195.79299850463866,1.6888466585147928,0
2016-03-14,186423.18021468734,186423.18021468734,0,0,0,0,196.58649826049805,1.5562054766769797,0
2016-03-15,186423.18021468734,186423.18021468734,0,0,0,0,197.20599822998048,1.3612427359745576,0
2016-03-16,186423.18021468734,186423.18021468734,0,0,0,0,197.72899780273437,1.5011987061684171,0
2016-03-17,186423.18021468734,186423.18021468734,0,0,0,0,198.35599822998046,1.655163513696239,0
2016-03-18,186423.18021468734,186423.18021468734,0,0,0,0,198.97499847412109,1.4560487211806847,0
2016-03-21,186423.18021468734,186423.18021468734,0,0,0,0,199.46949844360353,1.3763453151144336,0
2016-03-22,186423.18021468734,186423.18021468734,0,0,0,0,200.08149795532228,1.2595617796631864,0
2016-03-23,186423.18021468734,186423.18021468734,0,0,0,0,200.58199844360351,0.81050294406856516,0
2016-03-24,186423.18021468734,186423.18021468734,0,0,0,0,200.96099853515625,0.70341051899693063,0
2016-03-28,186423.18021468734,186423.18021468734,0,0,0,0,201.36849899291991,0.67049508338857611,0
2016-03-29,186423.18021468734,186423.18021468734,0,0,0,0,201.94649887084961,1.4036061247352967,0
2016-03-30,186423.18021468734,186423.18021468734,0,0,0,0,202.34199905395508,1.6368119551512199,0
2016-03-31,186423.18021468734,186423.18021468734,0,0,0,0,202.66799926757812,1.2897852709686768,0
2016-04-01,186423.18021468734,186423.18021468734,0,0,0,0,203.02499923706054,1.7000767237438243,0
2016-04-04,186423.18021468734,186423.18021468734,0,0,0,0,203.31599960327148,1.2687564517906591,0
2016-04-05,186423.18021468734,186423.18021468734,0,0,0,0,203.49599990844726,0.31093067792813672,0
2016-04-06,186423.18021468734,186423.18021468734,0,0,0,0,203.89700012207032,1.2694383589842995,0
2016-04-07,186423.18021468734,186423.18021468734,0,0,0,0,204.1254997253418,-0.10345392820823476,0
2016-04-08,186423.18021468734,186423.18021468734,0,0,0,0,204.37350006103514,0.095028062215338563,0
2016-04-11,186423.18021468734,186423.18021468734,0,0,0,0,204.43650054931641,-0.32481699053897706,0
2016-04-12,186423.18021468734,186423.18021468734,0,0,0,0,204.60750045776368,1.0585147087667759,0
2016-04-13,186423.18021468734,186423.18021468734,0,0,0,0,204.89900054931641,2.3570552115153633,0
2016-04-14,186423.18021468734,186423.18021468734,0,0,0,0,205.13250045776368,2.0152737683550437,0
2016-04-15,186423.18021468734,186423.18021468734,0,0,0,0,205.29000015258788,1.62368600973904,0
2016-04-18,186423.18021468734,186423.18021468734,0,0,0,0,205.53300018310546,2.1291131862233139,0
2016-04-19,186423.18021468734,186423.18021468734,0,0,0,0,205.79449996948242,2.0844232211772389,0
2016-04-20,186423.18021468734,186423.18021468734,0,0,0,0,206.07150039672851,1.8675141199787999,0
2016-04-21,186423.18021468734,186423.18021468734,0,0,0,0,206.3595001220703,1.2196732676567903,0
2016-04-22,186423.18021468734,186423.18021468734,0,0,0,0,206.65200042724609,1.1163520375143232,0
2016-04-25,186423.18021468734,186423.18021468734,0,0,0,0,206.92050018310547,0.86116376636529679,0
2016-04-26,186423.18021468734,186423.18021468734,0,0,0,0,207.11050033569336,0.92212359749475281,0
2016-04-27,186423.18021468734,186423.18021468734,0,0,0,0,207.27700042724609,1.0346586782754865,0
2016-04-28,186423.18021468734,186423.18021468734,0,0,0,0,207.37350006103514,0.038975774047561224,0
2016-04-29,186423.18021468734,186423.18021468734,0,0,0,0,207.34400024414063,-0.51376144801566914,0
2016-05-02,186423.18021468734,186423.18021468734,0,0,0,0,207.43000030517578,0.27529035951531633,0
2016-05-03,186423.18021468734,186423.18021468734,0,0,0,0,207.52850036621095,-0.74284759562924629,0
2016-05-04,186423.18021468734,186423.18021468734,0,0,0,0,207.45800018310547,-1.2823026559881139,0
2016-05-05,186423.18021468734,186423.18021468734,0,0,0,0,207.50900039672851,-1.3900798788292674,0
2016-05-06,186423.18021468734,186423.18021468734,0,0,0,0,207.57000045776368,-1.0610907870837647,0
2016-05-09,186423.18021468734,186423.18021468734,0,0,0,0,207.66350021362305,-1.1123543707633905,0
2016-05-10,186423.18021468734,186423.18021468734,0,0,0,0,207.79000015258788,0.42558814757686575,0
2016-05-11,186423.18021468734,186423.18021468734,0,0,0,0,207.71500015258789,-0.77147656215543436,0
2016-05-12,186423.18021468734,186423.18021468734,0,0,0,0,207.64250030517579,-0.6795690267114739,0
2016-05-13,186423.18021468734,186423.18021468734,0,0,0,0,207.49150009155272,-1.596005867032096,0
2016-05-16,186423.18021468734,186423.18021468734,0,0,0,0,207.36849975585938,-0.35255220502599105,0
2016-05-17,186423.18021468734,186423.18021468734,0,0,0,0,207.11600036621093,-1.3741155887054093,0
2016-05-18,186423.18021468734,186423.18021468734,0,0,0,0,206.85650024414062,-1.2435320610985494,0
2016-05-19,186423.18021468734,186423.18021468734,0,0,0,0,206.61800003051758,-1.5223600542139706,0
2016-05-20,186423.18021468734,186423.18021468734,0,0,0,0,206.44400024414062,-0.6318643320055688,0
2016-05-23,186423.18021468734,186423.18021468734,0,0,0,0,206.27400054931641,-0.73559571119300271,0
2016-05-24,186423.18021468734,186423.18021468734,0,0,0,0,206.22150039672852,1.2065565917158241,0
2016-05-25,186423.18021468734,186423.18021468734,0,0,0,0,206.21800003051757,2.2542420578062186,0
2016-05-26,186423.18021468734,186423.18021468734,0,0,0,0,206.3125,2.0194192919901748,0
2016-05-27,186423.18021468734,186423.18021468734,0,0,0,0,206.50800018310548,2.1616733416221949,0
2016-05-31,186423.18021468734,186423.18021468734,0,0,0,0,206.60149993896485,1.7511526928886545,0
2016-06-01,186423.18021468734,186423.18021468734,0,0,0,0,206.80699996948243,1.7226915830886547,0
2016-06-02,186423.18021468734,186423.18021468734,0,0,0,0,207.10200042724608,1.7689145925180114,0
2016-06-03,186423.18021468734,186423.18021468734,0,0,0,0,207.36750030517578,1.3236595259823656,0
2016-06-06,186423.18021468734,186423.18021468734,0,0,0,0,207.64900054931641,1.5897839629907238,0
2016-06-07,186423.18021468734,186423.18021468734,0,0,0,0,207.93850021362306,1.528288388563501,0
2016-06-08,186423.18021468734,186423.18021468734,0,0,0,0,208.13450012207031,1.6096411572886009,0
2016-06-09,186423.18021468734,186423.18021468734,0,0,0,0,208.41350021362305,1.3396372579692091,0
2016-06-10,186423.18021468734,186423.18021468734,0,0,0,0,208.5890007019043,0.54349521342854812,0
2016-06-13,186423.18021468734,186423.18021468734,0,0,0,0,208.77350082397462,-0.12536172278958524,0
2016-06-14,186423.18021468734,186423.18021468734,0,0,0,0,208.83650054931641,-0.31281222629757899,0
2016-06-15,186423.18021468734,186423.18021468734,0,0,0,0,208.98150024414062,-0.51460447841691015,0
2016-06-16,186423.18021468734,186423.18021468734,0,0,0,0,209.15449981689454,-0.35487982829807757,0
2016-06-17,186423.18021468734,186423.18021468734,0,0,0,0,209.27050018310547,-1.3764423196165585,0
2016-06-20,186423.18021468734,186423.18021468734,0,0,0,0,209.38850021362305,-0.83864116277140188,0
2016-06-21,186423.18021468734,186423.18021468734,0,0,0,0,209.55000000000001,-0.70043866205695771,0
2016-06-22,186423.18021468734,186423.18021468734,0,0,0,0,209.56150054931641,-0.92894907959101203,0
2016-06-23,186423.18021468734,186423.18021468734,0,0,0,0,209.63800048828125,0.7348956410378491,0
2016-06-24,186423.18021468734,186423.18021468734,0,0,0,0,209.33300094604493,-2.874637815068664,1
2016-06-27,184489.6738328661,0,924.29693482667994,-0.010371598529724579,-0.010371598529724579,1,208.80100097656251,-3.0833182035035143,1
2016-06-28,187817.13433605098,0,924.29693482667994,0.018036025724666338,0,1,208.46900100708007,-1.6410169679392763,1
2016-06-29,191015.20793615814,0,924.29693482667994,0.017027592351531728,0,1,208.28850097656249,-0.50795872918741602,1
2016-06-30,193621.71795847037,0,924.29693482667994,0.013645562834889047,0,1,208.21700057983398,0.39938492907903034,0
2016-07-01,193523.90709949113,193523.90709949113,0,-0.00050516470988148932,-0.00050516470988148932,0,208.19900054931639,0.54607750378669651,0
2016-07-05,193523.90709949113,193523.90709949113,0,0,-0.00050516470988148932,0,208.0520004272461,0.11666528260728791,0
2016-07-06,193523.90709949113,193523.90709949113,0,0,-0.00050516470988148932,0,207.95100097656251,0.5735847993407549,0
2016-07-07,193523.90709949113,193523.90709949113,0,0,-0.00050516470988148932,0,207.80900115966796,0.60825120120464415,0
2016-07-08,193523.90709949113,193523.90709949113,0,0,-0.00050516470988148932,0,207.83750076293944,1.6740257045281695,0
2016-07-11,193523.90709949113,193523.90709949113,0,0,-0.00050516470988148932,0,208.00400009155274,1.7475094809943783,0
2016-07-12,193523.90709949113,193523.90709949113,0,0,-0.00050516470988148932,0,208.32900009155273,1.9248871588275525,0
2016-07-13,193523.90709949113,193523.90709949113,0,0,-0.00050516470988148932,0,208.67300033569336,1.6767245472809038,0
2016-07-14,193523.90709949113,193523.90709949113,0,0,-0.00050516470988148932,0,209.09150009155275,1.7336560849155394,0
2016-07-15,193523.90709949113,193523.90709949113,0,0,-0.00050516470988148932,0,209.46450042724609,1.4782993136968088,0
2016-07-18,193523.90709949113,193523.90709949113,0,0,-0.00050516470988148932,0,209.95900039672853,1.4326622717243551,0
2016-07-19,193523.90709949113,193523.90709949113,0,0,-0.00050516470988148932,0,210.37600021362306,1.2446440019451568,0
2016-07-20,193523.90709949113,193523.90709949113,0,0,-0.00050516470988148932,0,210.80849990844726,1.2903030900574799,0
2016-07-21,193523.90709949113,193523.90709949113,0,0,-0.00050516470988148932,0,211.21699981689454,1.01759695415535,0
2016-07-22,193523.90709949113,193523.90709949113,0,0,-0.00050516470988148932,0,211.53850021362305,1.1105037287505664,0
2016-07-25,193523.90709949113,193523.90709949113,0,0,-0.00050516470988148932,0,212.20899963378906,0.91082879189482446,0
2016-07-26,193523.90709949113,193523.90709949113,0,0,-0.00050516470988148932,0,213.06649932861328,0.91745390641026092,0
2016-07-27,193523.90709949113,193523.90709949113,0,0,-0.00050516470988148932,0,213.73249969482421,0.82540885687963794,0
2016-07-28,193523.90709949113,193523.90709949113,0,0,-0.00050516470988148932,0,214.23799972534181,0.83890345040354786,0
2016-07-29,193523.90709949113,193523.90709949113,0,0,-0.00050516470988148932,0,214.61999969482423,0.87053652508920165,0
2016-08-01,193523.90709949113,193523.90709949113,0,0,-0.00050516470988148932,0,214.97099990844725,0.72933128359216981,0
2016-08-02,193523.90709949113,193523.90709949113,0,0,-0.00050516470988148932,0,215.3279998779297,0.099030052689453529,0
2016-08-03,193523.90709949113,193523.90709949113,0,0,-0.00050516470988148932,0,215.65399932861328,0.28741224411363203,0
2016-08-04,193523.90709949113,193523.90709949113,0,0,-0.00050516470988148932,0,215.99799957275391,0.35017092601142791,0
2016-08-05,193523.90709949113,193523.90709949113,0,0,-0.00050516470988148932,0,216.27449951171874,1.9194739432341807,0
2016-08-08,193523.90709949113,193523.90709949113,0,0,-0.00050516470988148932,0,216.50699996948242,1.876817743383455,0
2016-08-09,193523.90709949113,193523.90709949113,0,0,-0.00050516470988148932,0,216.66849975585939,1.8485688095708843,0
2016-08-10,193523.90709949113,193523.90709949113,0,0,-0.00050516470988148932,0,216.80449981689452,1.1323746175502967,0
2016-08-11,193523.90709949113,193523.90709949113,0,0,-0.00050516470988148932,0,216.93099975585938,2.0918972417182049,0
2016-08-12,193523.90709949113,193523.90709949113,0,0,-0.00050516470988148932,0,217.0625,1.6535977182707378,0
2016-08-15,193523.90709949113,193523.90709949113,0,0,-0.00050516470988148932,0,217.19649963378907,2.0178552227455335,0
2016-08-16,193523.90709949113,193523.90709949113,0,0,-0.00050516470988148932,0,217.28499984741211,0.73163016495125299,0
2016-08-17,193523.90709949113,193523.90709949113,0,0,-0.00050516470988148932,0,217.34899978637696,1.0738004245247499,0
2016-08-18,193523.90709949113,193523.90709949113,0,0,-0.00050516470988148932,0,217.47849960327147,1.4224594540829554,0
2016-08-19,193523.90709949113,193523.90709949113,0,0,-0.00050516470988148932,0,217.54349899291992,1.0002470383415754,0
2016-08-22,193523.90709949113,193523.90709949113,0,0,-0.00050516470988148932,0,217.63749923706055,0.89590331056548156,0
2016-08-23,193523.90709949113,193523.90709949113,0,0,-0.00050516470988148932,0,217.74849929809571,1.2038795546483334,0
2016-08-24,193523.90709949113,193523.90709949113,0,0,-0.00050516470988148932,0,217.81499938964845,0.035913802829176285,0
2016-08-25,193523.90709949113,193523.90709949113,0,0,-0.00050516470988148932,0,217.86149902343749,-0.17080639684292223,0
2016-08-26,193523.90709949113,193523.90709949113,0,0,-0.00050516470988148932,0,217.86999893188477,-0.61731072460572067,0
2016-08-29,193523.90709949113,193523.90709949113,0,0,-0.00050516470988148932,0,217.94099884033204,0.4554076021913579,0
2016-08-30,193523.90709949113,193523.90709949113,0,0,-0.00050516470988148932,0,218.06349868774413,-0.085947818975427553,0
2016-08-31,193523.90709949113,193523.90709949113,0,0,-0.00050516470988148932,0,218.12349929809571,-1.1932833777277183,0
2016-09-01,193523.90709949113,193523.90709949113,0,0,-0.00050516470988148932,0,218.17249908447266,-1.5174639264966197,0
2016-09-02,193523.90709949113,193523.90709949113,0,0,-0.00050516470988148932,0,218.18199920654297,0.36330490223593764,0
2016-09-06,193523.90709949113,193523.90709949113,0,0,-0.00050516470988148932,0,218.23099899291992,1.4576785566683483,0
2016-09-07,193523.90709949113,193523.90709949113,0,0,-0.00050516470988148932,0,218.27249908447266,1.2858861201708853,0
2016-09-08,193523.90709949113,193523.90709949113,0,0,-0.00050516470988148932,0,218.31599884033204,0.34850359025836014,0
2016-09-09,193523.90709949113,193523.90709949113,0,0,-0.00050516470988148932,0,218.04749908447266,-3.8923130380959479,1
2016-09-12,197023.5049785978,0,910.71234313453829,0.01808354291497194,0,1,217.94149856567384,-1.2558225726477736,1
2016-09-13,194191.1890355947,0,910.71234313453829,-0.014375523079394936,-0.014375523079394936,1,217.64849853515625,-2.7484951131917916,1
2016-09-14,194118.33038057981,0,910.71234313453829,-0.00037519032339583536,-0.01474531984563765,1,217.40799789428712,-2.2651718749870806,1
2016-09-15,196058.15211829401,0,910.71234313453829,0.009992985896339901,-0.0048996837225521173,1,217.25349807739258,-1.0273884209457176,1
2016-09-16,195304.07896305039,985.39075527157047,910.71234313453829,-0.0038461708788759541,-0.008727009580578704,0.99495458179622565,216.97899780273437,-1.7527895661974204,0
2016-09-19,195897.72381826676,195897.72381826676,0,0.0030395927129032163,-0.0057139434224019459,0,216.72249832153321,-1.5297700449707354,0
2016-09-20,195897.72381826676,195897.72381826676,0,0,-0.0057139434224019459,0,216.46699829101561,-1.3619174420475457,0
2016-09-21,195897.72381826676,195897.72381826676,0,0,-0.0057139434224019459,0,216.30949859619142,-0.22606643073437743,0
2016-09-22,195897.72381826676,195897.72381826676,0,0,-0.0057139434224019459,0,216.2759979248047,0.42119531421957118,0
2016-09-23,195897.72381826676,195897.72381826676,0,0,-0.0057139434224019459,0,216.19049835205078,-0.09449409424257306,0
2016-09-26,195897.72381826676,195897.72381826676,0,0,-0.0057139434224019459,0,216.03799896240236,-0.8375594635114747,0
2016-09-27,195897.72381826676,195897.72381826676,0,0,-0.0057139434224019459,0,215.89849929809571,-0.15785860424754336,0
2016-09-28,195897.72381826676,195897.72381826676,0,0,-0.0057139434224019459,0,215.83049926757812,0.39821799325292639,0
2016-09-29,195897.72381826676,195897.72381826676,0,0,-0.0057139434224019459,0,215.69549865722655,-0.50397400113930046,0
2016-09-30,195897.72381826676,195897.72381826676,0,0,-0.0057139434224019459,0,215.64099884033203,0.33234136338253645,0
2016-10-03,195897.72381826676,195897.72381826676,0,0,-0.0057139434224019459,0,215.51149902343749,0.14263005806440415,0
2016-10-04,195897.72381826676,195897.72381826676,0,0,-0.0057139434224019459,0,215.29399871826172,-0.35981043944356389,0
2016-10-05,195897.72381826676,195897.72381826676,0,0,-0.0057139434224019459,0,215.12499923706054,0.3405756968429523,0
2016-10-06,195897.72381826676,195897.72381826676,0,0,-0.0057139434224019459,0,214.98849945068361,0.62021553020026632,0
2016-10-07,195897.72381826676,195897.72381826676,0,0,-0.0057139434224019459,0,215.07649917602538,-0.030058014085932398,0
2016-10-10,195897.72381826676,195897.72381826676,0,0,-0.0057139434224019459,0,215.06749954223633,0.90607569061690274,0
2016-10-11,195897.72381826676,195897.72381826676,0,0,-0.0057139434224019459,0,215.07749938964844,-1.383047688683428,0
2016-10-12,195897.72381826676,195897.72381826676,0,0,-0.0057139434224019459,0,215.10550003051759,-1.2118944288740658,0
2016-10-13,195897.72381826676,195897.72381826676,0,0,-0.0057139434224019459,0,214.99199981689452,-1.6017812995708105,0
2016-10-14,195897.72381826676,195897.72381826676,0,0,-0.0057139434224019459,0,214.97949981689453,-1.4818687287681858,0
2016-10-17,195897.72381826676,195897.72381826676,0,0,-0.0057139434224019459,0,214.92799987792969,-1.9062358240222719,0
2016-10-18,195897.72381826676,195897.72381826676,0,0,-0.0057139434224019459,0,214.94250030517577,-0.93249593586111879,0
2016-10-19,195897.72381826676,195897.72381826676,0,0,-0.0057139434224019459,0,214.86549987792969,-0.44586462599796833,0
2016-10-20,195897.72381826676,195897.72381826676,0,0,-0.0057139434224019459,0,214.70050048828125,-0.6749138857777629,0
2016-10-21,195897.72381826676,195897.72381826676,0,0,-0.0057139434224019459,0,214.59999999999999,-0.52201721949583324,0
2016-10-24,195897.72381826676,195897.72381826676,0,0,-0.0057139434224019459,0,214.63249969482422,0.21706021747556584,0
2016-10-25,195897.72381826676,195897.72381826676,0,0,-0.0057139434224019459,0,214.56249923706054,-0.33543796247600971,0
2016-10-26,195897.72381826676,195897.72381826676,0,0,-0.0057139434224019459,0,214.41749954223633,-0.62737138057163855,0
2016-10-27,195897.72381826676,195897.72381826676,0,0,-0.0057139434224019459,0,214.34199981689454,-1.0546866156052017,0
2016-10-28,195897.72381826676,195897.72381826676,0,0,-0.0057139434224019459,0,214.15399932861328,-1.4920437864725824,0
2016-10-31,195897.72381826676,195897.72381826676,0,0,-0.0057139434224019459,0,213.99249954223632,-1.3507080959448761,0
2016-11-01,195897.72381826676,195897.72381826676,0,0,-0.0057139434224019459,0,213.80899963378906,-2.2643480766810873,1
2016-11-02,194952.99167520297,0,929.49836258851894,-0.0048225784590545384,-0.010508965940991377,1,213.51449966430664,-2.6026079255851058,1
2016-11-03,194060.66700658944,0,929.49836258851894,-0.0045771273420628367,-0.015037992407708978,1,213.16449966430665,-2.599460600103479,1
2016-11-04,193846.88635443951,0,929.49836258851894,-0.0011016176304426972,-0.016123043920588831,1,212.84000015258789,-2.25214540660384,1
2016-11-07,198122.57031253504,0,929.49836258851894,0.022057016434494869,0,1,212.68949966430665,0.2632692612297956,0
2016-11-08,197595.1615037311,197595.1615037311,0,-0.0026620329423949762,-0.0026620329423949762,0,212.72350006103517,0.78347096407115691,0
2016-11-09,197595.1615037311,197595.1615037311,0,0,-0.0026620329423949762,0,212.85699996948242,1.8232091293083594,0
2016-11-10,197595.1615037311,197595.1615037311,0,0,-0.0026620329423949762,0,213.0525001525879,1.8191526004440086,0
2016-11-11,197595.1615037311,197595.1615037311,0,0,-0.0026620329423949762,0,213.21750030517578,1.4237715209180504,0
2016-11-14,197595.1615037311,197595.1615037311,0,0,-0.0026620329423949762,0,213.42799987792969,1.3423518945822497,0
2016-11-15,197595.1615037311,197595.1615037311,0,0,-0.0026620329423949762,0,213.65649948120117,1.7902810637693245,0
2016-11-16,197595.1615037311,197595.1615037311,0,0,-0.0026620329423949762,0,213.83599929809571,1.472456427863869,0
2016-11-17,197595.1615037311,197595.1615037311,0,0,-0.0026620329423949762,0,214.09149932861328,1.6542568611916719,0
2016-11-18,197595.1615037311,197595.1615037311,0,0,-0.0026620329423949762,0,214.31749954223633,1.3437189611688876,0
2016-11-21,197595.1615037311,197595.1615037311,0,0,-0.0026620329423949762,0,214.58049926757812,1.6565454307993028,0
2016-11-22,197595.1615037311,197595.1615037311,0,0,-0.0026620329423949762,0,214.9009994506836,1.575534514987599,0
2016-11-23,197595.1615037311,197595.1615037311,0,0,-0.0026620329423949762,0,215.24899902343751,1.4322290587261184,0
2016-11-25,197595.1615037311,197595.1615037311,0,0,-0.0026620329423949762,0,215.66649932861327,1.4605881461660548,0
2016-11-28,197595.1615037311,197595.1615037311,0,0,-0.0026620329423949762,0,216.06349945068359,1.0848602125721807,0
2016-11-29,197595.1615037311,197595.1615037311,0,0,-0.0026620329423949762,0,216.48149948120118,1.0754708863113709,0
2016-11-30,197595.1615037311,197595.1615037311,0,0,-0.0026620329423949762,0,216.94999999999999,0.85752002683696615,0
2016-12-01,197595.1615037311,197595.1615037311,0,0,-0.0026620329423949762,0,217.44150009155274,0.57926881816606157,0
2016-12-02,197595.1615037311,197595.1615037311,0,0,-0.0026620329423949762,0,217.98649978637695,0.5436305563900381,0
2016-12-05,197595.1615037311,197595.1615037311,0,0,-0.0026620329423949762,0,218.60899963378907,1.0367895672270482,0
2016-12-06,197595.1615037311,197595.1615037311,0,0,-0.0026620329423949762,0,219.03649978637696,1.3116882802608554,0
2016-12-07,197595.1615037311,197595.1615037311,0,0,-0.0026620329423949762,0,219.56100006103514,2.4639825607800261,0
2016-12-08,197595.1615037311,197595.1615037311,0,0,-0.0026620329423949762,0,219.99949951171874,2.2928668470527933,0
2016-12-09,197595.1615037311,197595.1615037311,0,0,-0.0026620329423949762,0,220.47899932861327,2.3726505772846531,0
2016-12-12,197595.1615037311,197595.1615037311,0,0,-0.0026620329423949762,0,220.97049942016602,1.9868207559193884,0
2016-12-13,197595.1615037311,197595.1615037311,0,0,-0.0026620329423949762,0,221.52899932861328,2.1900876510338421,0
2016-12-14,197595.1615037311,197595.1615037311,0,0,-0.0026620329423949762,0,221.90899963378905,1.3726707588817755,0
2016-12-15,197595.1615037311,197595.1615037311,0,0,-0.0026620329423949762,0,222.35599975585939,1.5228435126024791,0
2016-12-16,197595.1615037311,197595.1615037311,0,0,-0.0026620329423949762,0,222.65849914550782,0.82879902929874094,0
2016-12-19,197595.1615037311,197595.1615037311,0,0,-0.0026620329423949762,0,223.00999908447267,0.90928781034018746,0
2016-12-20,197595.1615037311,197595.1615037311,0,0,-0.0026620329423949762,0,223.32249908447267,1.105567194577034,0
2016-12-21,197595.1615037311,197595.1615037311,0,0,-0.0026620329423949762,0,223.58199920654297,0.79342602491909198,0
2016-12-22,197595.1615037311,197595.1615037311,0,0,-0.0026620329423949762,0,223.81599960327148,0.57901038223841139,0
2016-12-23,197595.1615037311,197595.1615037311,0,0,-0.0026620329423949762,0,224.0254997253418,0.62916917470944278,0
2016-12-27,197595.1615037311,197595.1615037311,0,0,-0.0026620329423949762,0,224.31500015258788,0.75484695991858897,0
2016-12-28,197595.1615037311,197595.1615037311,0,0,-0.0026620329423949762,0,224.48949966430663,-0.036245853695587422,0
2016-12-29,197595.1615037311,197595.1615037311,0,0,-0.0026620329423949762,0,224.6879997253418,-0.14800463861489102,0
2016-12-30,197595.1615037311,197595.1615037311,0,0,-0.0026620329423949762,0,224.8859992980957,-0.68372505843699927,0
2017-01-03,197595.1615037311,197595.1615037311,0,0,-0.0026620329423949762,0,225.16399993896485,0.048001509371321575,0
2017-01-04,197595.1615037311,197595.1615037311,0,0,-0.0026620329423949762,0,225.44300003051757,0.88178883212978176,0
2017-01-05,197595.1615037311,197595.1615037311,0,0,-0.0026620329423949762,0,225.67799987792969,0.73970612546318915,0
2017-01-06,197595.1615037311,197595.1615037311,0,0,-0.0026620329423949762,0,225.80849990844726,1.4050927972496903,0
2017-01-09,197595.1615037311,197595.1615037311,0,0,-0.0026620329423949762,0,225.87400054931641,0.58891271656991162,0
2017-01-10,197595.1615037311,197595.1615037311,0,0,-0.0026620329423949762,0,225.87150115966796,0.59234065518234658,0
2017-01-11,197595.1615037311,197595.1615037311,0,0,-0.0026620329423949762,0,225.91400146484375,1.1554512709068894,0
2017-01-12,197595.1615037311,197595.1615037311,0,0,-0.0026620329423949762,0,225.85250167846681,0.71478398407461596,0
2017-01-13,197595.1615037311,197595.1615037311,0,0,-0.0026620329423949762,0,225.91100158691407,1.1584942773976541,0
2017-01-17,197595.1615037311,197595.1615037311,0,0,-0.0026620329423949762,0,225.88300170898438,0.38031759456406938,0
2017-01-18,197595.1615037311,197595.1615037311,0,0,-0.0026620329423949762,0,225.96850204467773,0.81215721866118384,0
2017-01-19,197595.1615037311,197595.1615037311,0,0,-0.0026620329423949762,0,225.98750228881835,-0.080968817279608266,0
2017-01-20,197595.1615037311,197595.1615037311,0,0,-0.0026620329423949762,0,226.00450286865234,0.76037985914503758,0
2017-01-23,197595.1615037311,197595.1615037311,0,0,-0.0026620329423949762,0,226.02350234985352,0.13091356824355127,0
2017-01-24,197595.1615037311,197595.1615037311,0,0,-0.0026620329423949762,0,226.13450241088867,1.447643293721252,0
2017-01-25,197595.1615037311,197595.1615037311,0,0,-0.0026620329423949762,0,226.32750244140624,2.5888700173517756,0
2017-01-26,197595.1615037311,197595.1615037311,0,0,-0.0026620329423949762,0,226.48050231933593,2.0169794535078402,0
2017-01-27,197595.1615037311,197595.1615037311,0,0,-0.0026620329423949762,0,226.70900268554686,1.5841337759329555,0
2017-01-30,197595.1615037311,197595.1615037311,0,0,-0.0026620329423949762,0,226.86900253295897,0.51206780718963485,0
2017-01-31,197595.1615037311,197595.1615037311,0,0,-0.0026620329423949762,0,227.06900253295899,0.42205572185972723,0
2017-02-01,197595.1615037311,197595.1615037311,0,0,-0.0026620329423949762,0,227.18800201416016,0.42631867143857999,0
2017-02-02,197595.1615037311,197595.1615037311,0,0,-0.0026620329423949762,0,227.24750213623048,0.51692092691980851,0
2017-02-03,197595.1615037311,197595.1615037311,0,0,-0.0026620329423949762,0,227.39450225830078,1.788613446921226,0
2017-02-06,197595.1615037311,197595.1615037311,0,0,-0.0026620329423949762,0,227.48050155639649,1.2752652801042599,0
2017-02-07,197595.1615037311,197595.1615037311,0,0,-0.0026620329423949762,0,227.60450134277343,1.157606815875279,0
2017-02-08,197595.1615037311,197595.1615037311,0,0,-0.0026620329423949762,0,227.74350128173828,1.273958173243386,0
2017-02-09,197595.1615037311,197595.1615037311,0,0,-0.0026620329423949762,0,227.91850128173829,2.0348647388487118,0
2017-02-10,197595.1615037311,197595.1615037311,0,0,-0.0026620329423949762,0,228.16750106811523,2.2417758824005225,0
2017-02-13,197595.1615037311,197595.1615037311,0,0,-0.0026620329423949762,0,228.4535011291504,2.4367182029129317,0
2017-02-14,197595.1615037311,197595.1615037311,0,0,-0.0026620329423949762,0,228.82600097656251,2.3975347690326041,0
2017-02-15,197595.1615037311,197595.1615037311,0,0,-0.0026620329423949762,0,229.23450088500977,2.4010091145849639,0
2017-02-16,197595.1615037311,197595.1615037311,0,0,-0.0026620329423949762,0,229.67500076293945,1.9996675356436151,0
2017-02-17,197595.1615037311,197595.1615037311,0,0,-0.0026620329423949762,0,230.09250030517578,1.8590752649390037,0
2017-02-21,197595.1615037311,197595.1615037311,0,0,-0.0026620329423949762,0,230.60950088500977,2.0500438881873784,0
2017-02-22,197595.1615037311,197595.1615037311,0,0,-0.0026620329423949762,0,231.04350051879882,1.7269215957326283,0
2017-02-23,197595.1615037311,197595.1615037311,0,0,-0.0026620329423949762,0,231.38700027465819,1.5650464960725761,0
2017-02-24,197595.1615037311,197595.1615037311,0,0,-0.0026620329423949762,0,231.75750045776368,1.4687406972372927,0
2017-02-27,197595.1615037311,197595.1615037311,0,0,-0.0026620329423949762,0,232.16450042724608,1.4051957067290217,0
2017-02-28,197595.1615037311,197595.1615037311,0,0,-0.0026620329423949762,0,232.61050033569336,1.1118409288983309,0
2017-03-01,197595.1615037311,197595.1615037311,0,0,-0.0026620329423949762,0,233.22300033569337,1.8218049538792269,0
2017-03-02,197595.1615037311,197595.1615037311,0,0,-0.0026620329423949762,0,233.75550079345703,1.2833558308263067,0
2017-03-03,197595.1615037311,197595.1615037311,0,0,-0.0026620329423949762,0,234.28800048828126,1.2244657543352093,0
2017-03-06,197595.1615037311,197595.1615037311,0,0,-0.0026620329423949762,0,234.70650100708008,0.92366663413034877,0
2017-03-07,197595.1615037311,197595.1615037311,0,0,-0.0026620329423949762,0,235.11000137329103,0.62980790118303365,0
2017-03-08,197595.1615037311,197595.1615037311,0,0,-0.0026620329423949762,0,235.49100112915039,0.40226521769727774,0
2017-03-09,197595.1615037311,197595.1615037311,0,0,-0.0026620329423949762,0,235.87200088500975,0.43935852732564651,0
2017-03-10,197595.1615037311,197595.1615037311,0,0,-0.0026620329423949762,0,236.22650070190429,0.76015172413485899,0
2017-03-13,197595.1615037311,197595.1615037311,0,0,-0.0026620329423949762,0,236.5415008544922,0.78359561979742531,0
2017-03-14,197595.1615037311,197595.1615037311,0,0,-0.0026620329423949762,0,236.74800033569335,0.11105555896677881,0
2017-03-15,197595.1615037311,197595.1615037311,0,0,-0.0026620329423949762,0,237.01050033569337,1.5419294930224268,0
2017-03-16,197595.1615037311,197595.1615037311,0,0,-0.0026620329423949762,0,237.18850021362306,1.0762717172360556,0
2017-03-17,197595.1615037311,197595.1615037311,0,0,-0.0026620329423949762,0,237.30400009155272,-0.25854088525115776,0
2017-03-20,197595.1615037311,197595.1615037311,0,0,-0.0026620329423949762,0,237.38800048828125,-0.65681707063641925,0
2017-03-21,197595.1615037311,197595.1615037311,0,0,-0.0026620329423949762,0,237.25,-2.8789021115452624,1
2017-03-22,197926.27136761104,0,844.82786579688855,0.0016756982375487617,-0.0009907954687562448,1,237.15000000000001,-2.0937368057751664,1
2017-03-23,197715.0644011618,0,844.82786579688855,-0.0010670992031015514,-0.0020568373948026686,1,237.02949981689454,-1.9667417963572316,1
2017-03-24,197571.44521090237,0,844.82786579688855,-0.00072639477772939998,-0.0027817380965897698,1,236.8854995727539,-1.8070086349327548,1
2017-03-27,197368.68188233304,0,844.82786579688855,-0.0010262785108084982,-0.0038051617693670714,1,236.71099929809571,-1.7006321280060814,1
2017-03-28,198804.8995670279,0,844.82786579688855,0.0072768266525238268,0,1,236.65349960327148,-0.72381985293340445,0
2017-03-29,198425.84177197673,198425.84177197673,0,-0.0019066823598246074,-0.0019066823598246074,0,236.44149932861328,-0.52735300296457477,0
2017-03-30,198425.84177197673,198425.84177197673,0,0,-0.0019066823598246074,0,236.34249877929688,-0.031681941125668633,0
2017-03-31,198425.84177197673,198425.84177197673,0,0,-0.0019066823598246074,0,236.2084991455078,-0.29448509712314924,0
2017-04-03,198425.84177197673,198425.84177197673,0,0,-0.0019066823598246074,0,236.08949890136719,-0.48595591725193255,0
2017-04-04,198425.84177197673,198425.84177197673,0,0,-0.0019066823598246074,0,236.01349868774415,-0.34337587938332254,0
2017-04-05,198425.84177197673,198425.84177197673,0,0,-0.0019066823598246074,0,235.92449874877929,-0.72864034643746178,0
2017-04-06,198425.84177197673,198425.84177197673,0,0,-0.0019066823598246074,0,235.85349884033204,-0.26525030748874434,0
2017-04-07,198425.84177197673,198425.84177197673,0,0,-0.0019066823598246074,0,235.72899856567383,-0.35131522759653261,0
2017-04-10,198425.84177197673,198425.84177197673,0,0,-0.0019066823598246074,0,235.60549850463866,-0.18574562958722407,0
2017-04-11,198425.84177197673,198425.84177197673,0,0,-0.0019066823598246074,0,235.51349868774415,-0.32345342081535633,0
2017-04-12,198425.84177197673,198425.84177197673,0,0,-0.0019066823598246074,0,235.26749877929689,-1.0367292308929401,0
2017-04-13,198425.84177197673,198425.84177197673,0,0,-0.0019066823598246074,0,234.96899871826173,-2.2448456215019013,1
2017-04-17,199567.82565300976,0,850.78151264739677,0.0057552175202328915,0,1,234.84599914550782,-0.27874460677808516,1
2017-04-18,198972.26820864007,0,850.78151264739677,-0.0029842357725797797,-0.0029842357725797797,1,234.70099868774415,-0.91665062231367467,1
2017-04-19,198606.4383895116,0,850.78151264739677,-0.0018385970186803879,-0.0048173459842656419,1,234.68649902343751,-1.3488346874986417,1
2017-04-20,200222.9180707834,0,850.78151264739677,0.0081391101636973939,0,1,234.7394989013672,0.64592200057726123,0
2017-04-21,200045.27767487496,200045.27767487496,0,-0.00088721310037864765,-0.00088721310037864765,0,234.76749877929689,-0.19373339711438092,0
2017-04-24,200045.27767487496,200045.27767487496,0,0,-0.00088721310037864765,0,234.93299865722656,2.1732871734973735,0
2017-04-25,200045.27767487496,200045.27767487496,0,0,-0.00088721310037864765,0,235.17949905395508,2.6928154447664108,0
2017-04-26,200045.27767487496,200045.27767487496,0,0,-0.00088721310037864765,0,235.33349838256837,2.1362472489523339,0
2017-04-27,200045.27767487496,200045.27767487496,0,0,-0.00088721310037864765,0,235.48649902343749,1.942717411283418,0
2017-04-28,200045.27767487496,200045.27767487496,0,0,-0.00088721310037864765,0,235.57599945068358,1.479477055321774,0
2017-05-01,200045.27767487496,200045.27767487496,0,0,-0.00088721310037864765,0,235.72299880981444,1.6220522118007119,0
2017-05-02,200045.27767487496,200045.27767487496,0,0,-0.00088721310037864765,0,235.89499893188477,1.4846031634354349,0
2017-05-03,200045.27767487496,200045.27767487496,0,0,-0.00088721310037864765,0,236.04499893188478,1.2094793235295322,0
2017-05-04,200045.27767487496,200045.27767487496,0,0,-0.00088721310037864765,0,236.24399871826171,1.2130155503714586,0
2017-05-05,200045.27767487496,200045.27767487496,0,0,-0.00088721310037864765,0,236.45699844360351,1.4768892060143439,0
2017-05-08,200045.27767487496,200045.27767487496,0,0,-0.00088721310037864765,0,236.67999877929688,1.3060775588223488,0
2017-05-09,200045.27767487496,200045.27767487496,0,0,-0.00088721310037864765,0,236.88499908447267,1.093943715042448,0
2017-05-10,200045.27767487496,200045.27767487496,0,0,-0.00088721310037864765,0,237.12549896240233,1.1519589046682273,0
2017-05-11,200045.27767487496,200045.27767487496,0,0,-0.00088721310037864765,0,237.39299926757812,0.85669130691562845,0
2017-05-12,200045.27767487496,200045.27767487496,0,0,-0.00088721310037864765,0,237.71649932861328,0.615886847951297,0
2017-05-15,200045.27767487496,200045.27767487496,0,0,-0.00088721310037864765,0,238.00299911499025,1.1535156207974995,0
2017-05-16,200045.27767487496,200045.27767487496,0,0,-0.00088721310037864765,0,238.31349945068359,0.98283142934253509,0
2017-05-17,200045.27767487496,200045.27767487496,0,0,-0.00088721310037864765,0,238.43249969482423,-1.7079600643955077,0
2017-05-18,200045.27767487496,200045.27767487496,0,0,-0.00088721310037864765,0,238.50400009155274,-1.2277869601861795,0
2017-05-19,200045.27767487496,200045.27767487496,0,0,-0.00088721310037864765,0,238.69000015258788,-0.34748917907708915,0
2017-05-22,200045.27767487496,200045.27767487496,0,0,-0.00088721310037864765,0,238.80750045776367,0.67903503940267451,0
2017-05-23,200045.27767487496,200045.27767487496,0,0,-0.00088721310037864765,0,238.88250045776368,1.0796993059552136,0
2017-05-24,200045.27767487496,200045.27767487496,0,0,-0.00088721310037864765,0,238.99300079345704,1.4211468707790504,0
2017-05-25,200045.27767487496,200045.27767487496,0,0,-0.00088721310037864765,0,239.15100021362304,2.0343409458347499,0
2017-05-26,200045.27767487496,200045.27767487496,0,0,-0.00088721310037864765,0,239.33250045776367,1.7331095705647026,0
2017-05-30,200045.27767487496,200045.27767487496,0,0,-0.00088721310037864765,0,239.4735008239746,1.4066093378571358,0
2017-05-31,200045.27767487496,200045.27767487496,0,0,-0.00088721310037864765,0,239.60700073242188,1.2284608845125338,0
2017-06-01,200045.27767487496,200045.27767487496,0,0,-0.00088721310037864765,0,239.85100097656249,2.094185705192567,0
2017-06-02,200045.27767487496,200045.27767487496,0,0,-0.00088721310037864765,0,240.12150115966796,2.1314940683635455,0
2017-06-05,200045.27767487496,200045.27767487496,0,0,-0.00088721310037864765,0,240.33600158691405,1.7619161943121082,0
2017-06-06,200045.27767487496,200045.27767487496,0,0,-0.00088721310037864765,0,240.51350173950195,1.2491825713279945,0
2017-06-07,200045.27767487496,200045.27767487496,0,0,-0.00088721310037864765,0,240.7245018005371,1.3059574595300094,0
2017-06-08,200045.27767487496,200045.27767487496,0,0,-0.00088721310037864765,0,240.92000198364258,1.2256979230747354,0
2017-06-09,200045.27767487496,200045.27767487496,0,0,-0.00088721310037864765,0,241.12150192260742,0.96746581694567246,0
2017-06-12,200045.27767487496,200045.27767487496,0,0,-0.00088721310037864765,0,241.34050216674805,0.85579024640046042,0
2017-06-13,200045.27767487496,200045.27767487496,0,0,-0.00088721310037864765,0,241.55300216674806,1.2251102682690587,0
2017-06-14,200045.27767487496,200045.27767487496,0,0,-0.00088721310037864765,0,241.76100234985353,0.9960988834220682,0
2017-06-15,200045.27767487496,200045.27767487496,0,0,-0.00088721310037864765,0,242.15850219726562,0.76198302856084044,0
2017-06-16,200045.27767487496,200045.27767487496,0,0,-0.00088721310037864765,0,242.45200195312501,0.10952377282783769,0
2017-06-19,200045.27767487496,200045.27767487496,0,0,-0.00088721310037864765,0,242.76950225830078,1.2655433874800588,0
2017-06-20,200045.27767487496,200045.27767487496,0,0,-0.00088721310037864765,0,242.94400177001953,0.050975291130845743,0
2017-06-21,200045.27767487496,200045.27767487496,0,0,-0.00088721310037864765,0,243.08900146484376,-0.12502089876736644,0
2017-06-22,200045.27767487496,200045.27767487496,0,0,-0.00088721310037864765,0,243.20050125122071,-0.37593272315026766,0
2017-06-23,200045.27767487496,200045.27767487496,0,0,-0.00088721310037864765,0,243.26900177001954,-0.15430675378131098,0
2017-06-26,200045.27767487496,200045.27767487496,0,0,-0.00088721310037864765,0,243.34800109863281,-0.070155859922135799,0
2017-06-27,200045.27767487496,200045.27767487496,0,0,-0.00088721310037864765,0,243.33950119018556,-2.374067565166214,1
2017-06-28,200760.57752538717,0,824.51260009119142,0.0035756897579695135,0,1,243.44200134277344,0.06614642061818686,0
2017-06-29,200799.29278609619,200799.29278609619,0,0.00019284294350141451,0,0,243.34150161743165,-2.3228272956946046,1
2017-06-30,200300.32883960573,0,828.37190368740823,-0.0024848889633390936,-0.0024848889633390936,1,243.22300186157227,-1.5855085188755826,1
2017-07-03,200639.96435370611,0,828.37190368740823,0.0016956313355449559,-0.00079347108338578831,1,243.13400192260741,-1.020703174727281,1
2017-07-05,201103.85059737871,0,828.37190368740823,0.0023120331244419479,0,1,243.11200180053712,-0.37645025169365109,1
2017-07-06,199264.86395999647,0,828.37190368740823,-0.0091444625844783189,-0.0091444625844783189,1,242.95650177001954,-2.2797030794455826,1
2017-07-07,200557.1221073565,0,828.37190368740823,0.0064851279933599848,-0.0027186376014092239,1,242.87300186157228,-0.72444345215353412,0
2017-07-10,200455.84354630281,200455.84354630281,0,-0.00050498611063765075,-0.0032222508378183523,0,242.82100143432618,-0.42908073205992037,0
2017-07-11,200455.84354630281,200455.84354630281,0,0,-0.0032222508378183523,0,242.76250152587892,-0.54418472066446733,0
2017-07-12,200455.84354630281,200455.84354630281,0,0,-0.0032222508378183523,0,242.73550109863282,1.2594118134740897,0
2017-07-13,200455.84354630281,200455.84354630281,0,0,-0.0032222508378183523,0,242.74450073242187,1.6330101458692814,0
2017-07-14,200455.84354630281,200455.84354630281,0,0,-0.0032222508378183523,0,242.83400039672853,2.3134337465139625,0
2017-07-17,200455.84354630281,200455.84354630281,0,0,-0.0032222508378183523,0,242.97850036621094,1.9403569316731404,0
2017-07-18,200455.84354630281,200455.84354630281,0,0,-0.0032222508378183523,0,243.02850036621095,1.886986408997996,0
2017-07-19,200455.84354630281,200455.84354630281,0,0,-0.0032222508378183523,0,243.22750091552734,2.2941090512660218,0
2017-07-20,200455.84354630281,200455.84354630281,0,0,-0.0032222508378183523,0,243.43500137329102,1.9897519314792398,0
2017-07-21,200455.84354630281,200455.84354630281,0,0,-0.0032222508378183523,0,243.63700180053712,1.6363697125992132,0
2017-07-24,200455.84354630281,200455.84354630281,0,0,-0.0032222508378183523,0,243.82150192260741,1.4315447162731076,0
2017-07-25,200455.84354630281,200455.84354630281,0,0,-0.0032222508378183523,0,244.02800216674805,1.5202925269727681,0
2017-07-26,200455.84354630281,200455.84354630281,0,0,-0.0032222508378183523,0,244.33300170898437,1.3714098332319382,0
2017-07-27,200455.84354630281,200455.84354630281,0,0,-0.0032222508378183523,0,244.51850128173828,1.1496025976096333,0
2017-07-28,200455.84354630281,200455.84354630281,0,0,-0.0032222508378183523,0,244.79650115966797,0.93155008210952839,0
2017-07-31,200455.84354630281,200455.84354630281,0,0,-0.0032222508378183523,0,245.04500122070311,0.78478212087956534,0
2017-08-01,200455.84354630281,200455.84354630281,0,0,-0.0032222508378183523,0,245.30050125122071,0.93924036715207671,0
2017-08-02,200455.84354630281,200455.84354630281,0,0,-0.0032222508378183523,0,245.53400115966798,0.9007706311009932,0
2017-08-03,200455.84354630281,200455.84354630281,0,0,-0.0032222508378183523,0,245.85450134277343,0.61471437280579089,0
2017-08-04,200455.84354630281,200455.84354630281,0,0,-0.0032222508378183523,0,246.11950149536133,0.802817173276962,0
2017-08-07,200455.84354630281,200455.84354630281,0,0,-0.0032222508378183523,0,246.39450149536134,1.0543014630943612,0
2017-08-08,200455.84354630281,200455.84354630281,0,0,-0.0032222508378183523,0,246.64800109863282,0.59784309345434739,0
2017-08-09,200455.84354630281,200455.84354630281,0,0,-0.0032222508378183523,0,246.81000137329102,0.5289988131218144,0
2017-08-10,200455.84354630281,200455.84354630281,0,0,-0.0032222508378183523,0,246.77700119018556,-3.2341013459253736,1
2017-08-11,200436.76453287824,0,821.05836695867731,-9.5178135428919397e-05,-0.0033171222854206928,1,246.70500106811522,-2.4168459799960202,1
2017-08-14,202423.72427751549,0,821.05836695867731,0.0099131501611886552,0,1,246.75550079345703,-0.2079722020215336,1
2017-08-15,202399.09352877524,0,821.05836695867731,-0.00012167916003014145,-0.00012167916003014145,1,246.79800033569336,-0.2858727321239774,1
2017-08-16,202752.1551413128,0,821.05836695867731,0.0017443833684331889,0,1,246.79550018310547,0.14349149421786839,0
2017-08-17,202075.32808171798,202075.32808171798,0,-0.0033381990890458679,-0.0033381990890458679,0,246.59499969482422,-2.7238261005584801,1
2017-08-18,201815.36550709041,0,831.50821937478747,-0.0012864637019044389,-0.0046203683189925959,1,246.38649978637696,-2.3916917315973092,1
2017-08-21,201973.34141101246,0,831.50821937478747,0.00078277441127982961,-0.0038412106138034918,1,246.19049911499025,-1.9246546985090596,1
2017-08-22,204085.37939339719,0,831.50821937478747,0.010457013621846034,0,1,246.09149932861328,-0.38485383677322194,1
2017-08-23,203353.64810024865,0,831.50821937478747,-0.0035854175116486475,-0.0035854175116486475,1,245.9479995727539,-0.81890948583425061,1
2017-08-24,202879.69501286547,0,831.50821937478747,-0.0023306839676145996,-0.0059077450041515878,1,245.78749999999999,-1.0447068362932064,0
2017-08-25,203533.53967083717,203533.53967083717,0,0.0032228196021797384,-0.0027039649983758851,0,245.66999969482421,-0.64529522925682037,0
2017-08-28,203533.53967083717,203533.53967083717,0,0,-0.0027039649983758851,0,245.55999984741212,-0.57670864720153725,0
2017-08-29,203533.53967083717,203533.53967083717,0,0,-0.0027039649983758851,0,245.43649978637694,-0.35037986867921622,0
2017-08-30,203533.53967083717,203533.53967083717,0,0,-0.0027039649983758851,0,245.36499938964843,0.39905058074583483,0
2017-08-31,203533.53967083717,203533.53967083717,0,0,-0.0027039649983758851,0,245.39149932861329,1.2746619116278843,0
2017-09-01,203533.53967083717,203533.53967083717,0,0,-0.0027039649983758851,0,245.41299896240236,1.4488675439763368,0
2017-09-05,203533.53967083717,203533.53967083717,0,0,-0.0027039649983758851,0,245.32249908447267,0.46487034612634492,0
2017-09-06,203533.53967083717,203533.53967083717,0,0,-0.0027039649983758851,0,245.30449905395508,1.0186461121397785,0
2017-09-07,203533.53967083717,203533.53967083717,0,0,-0.0027039649983758851,0,245.28549880981444,1.0257428600608478,0
2017-09-08,203533.53967083717,203533.53967083717,0,0,-0.0027039649983758851,0,245.4264991760254,0.7550789458553282,0
2017-09-11,203533.53967083717,203533.53967083717,0,0,-0.0027039649983758851,0,245.68099975585938,2.0725299782610684,0
2017-09-12,203533.53967083717,203533.53967083717,0,0,-0.0027039649983758851,0,245.85650024414062,2.15517143621256,0
2017-09-13,203533.53967083717,203533.53967083717,0,0,-0.0027039649983758851,0,246.03950042724608,1.9130969050700517,0
2017-09-14,203533.53967083717,203533.53967083717,0,0,-0.0027039649983758851,0,246.19700012207031,1.6727206298356261,0
2017-09-15,203533.53967083717,203533.53967083717,0,0,-0.0027039649983758851,0,246.50200042724609,1.1688363842807823,0
2017-09-18,203533.53967083717,203533.53967083717,0,0,-0.0027039649983758851,0,246.85250015258788,1.2869364319074745,0
2017-09-19,203533.53967083717,203533.53967083717,0,0,-0.0027039649983758851,0,247.20600051879882,1.2965584669270904,0
2017-09-20,203533.53967083717,203533.53967083717,0,0,-0.0027039649983758851,0,247.4370002746582,1.2044612581493668,0
2017-09-21,203533.53967083717,203533.53967083717,0,0,-0.0027039649983758851,0,247.67850036621093,0.8103219945879675,0
2017-09-22,203533.53967083717,203533.53967083717,0,0,-0.0027039649983758851,0,247.95100021362305,0.75771548886978746,0
2017-09-25,203533.53967083717,203533.53967083717,0,0,-0.0027039649983758851,0,248.16949996948242,0.41946878203742621,0
2017-09-26,203533.53967083717,203533.53967083717,0,0,-0.0027039649983758851,0,248.39499969482421,0.42241322606442655,0
2017-09-27,203533.53967083717,203533.53967083717,0,0,-0.0027039649983758851,0,248.65499954223634,0.96942615731196791,0
2017-09-28,203533.53967083717,203533.53967083717,0,0,-0.0027039649983758851,0,248.87200012207032,1.0963303778592308,0
2017-09-29,203533.53967083717,203533.53967083717,0,0,-0.0027039649983758851,0,249.05899963378906,1.5487285562466675,0
2017-10-02,203533.53967083717,203533.53967083717,0,0,-0.0027039649983758851,0,249.28300018310546,1.9718098255943146,0
2017-10-03,203533.53967083717,203533.53967083717,0,0,-0.0027039649983758851,0,249.62300033569335,2.0995525382723939,0
2017-10-04,203533.53967083717,203533.53967083717,0,0,-0.0027039649983758851,0,249.93600082397461,2.0253817806128742,0
2017-10-05,203533.53967083717,203533.53967083717,0,0,-0.0027039649983758851,0,250.32550125122071,2.4909668706785393,0
2017-10-06,203533.53967083717,203533.53967083717,0,0,-0.0027039649983758851,0,250.71500091552736,2.1127996489316052,0
2017-10-09,203533.53967083717,203533.53967083717,0,0,-0.0027039649983758851,0,250.95200042724611,1.6388376649262355,0
2017-10-10,203533.53967083717,203533.53967083717,0,0,-0.0027039649983758851,0,251.18050003051758,1.7358100331408657,0
2017-10-11,203533.53967083717,203533.53967083717,0,0,-0.0027039649983758851,0,251.42300033569336,1.6856456133518081,0
2017-10-12,203533.53967083717,203533.53967083717,0,0,-0.0027039649983758851,0,251.65050048828124,1.3463487769409883,0
2017-10-13,203533.53967083717,203533.53967083717,0,0,-0.0027039649983758851,0,251.93850021362306,1.3349429007328979,0
2017-10-16,203533.53967083717,203533.53967083717,0,0,-0.0027039649983758851,0,252.21699981689454,1.33142873741279,0
2017-10-17,203533.53967083717,203533.53967083717,0,0,-0.0027039649983758851,0,252.49199981689452,1.2665944832410096,0
2017-10-18,203533.53967083717,203533.53967083717,0,0,-0.0027039649983758851,0,252.77500000000001,1.2364285901216086,0
2017-10-19,203533.53967083717,203533.53967083717,0,0,-0.0027039649983758851,0,253.09499969482422,1.1541479196558784,0
2017-10-20,203533.53967083717,203533.53967083717,0,0,-0.0027039649983758851,0,253.47849884033204,1.5564943551425039,0
2017-10-23,203533.53967083717,203533.53967083717,0,0,-0.0027039649983758851,0,253.83749847412111,1.0565302865905302,0
2017-10-24,203533.53967083717,203533.53967083717,0,0,-0.0027039649983758851,0,254.21149826049805,1.2167590586410697,0
2017-10-25,203533.53967083717,203533.53967083717,0,0,-0.0027039649983758851,0,254.4734977722168,0.48373496661616272,0
2017-10-26,203533.53967083717,203533.53967083717,0,0,-0.0027039649983758851,0,254.73699722290038,0.62513490401431571,0
2017-10-27,203533.53967083717,203533.53967083717,0,0,-0.0027039649983758851,0,255.06099700927734,2.0215213929067102,0
2017-10-30,203533.53967083717,203533.53967083717,0,0,-0.0027039649983758851,0,255.28249664306639,1.225021632673875,0
2017-10-31,203533.53967083717,203533.53967083717,0,0,-0.0027039649983758851,0,255.49699630737305,1.4667953245448313,0
2017-11-01,203533.53967083717,203533.53967083717,0,0,-0.0027039649983758851,0,255.71349563598633,1.6575575624629189,0
2017-11-02,203533.53967083717,203533.53967083717,0,0,-0.0027039649983758851,0,255.8599952697754,1.5487446892626269,0
2017-11-03,203533.53967083717,203533.53967083717,0,0,-0.0027039649983758851,0,256.06399612426759,1.9949006176664981,0
2017-11-06,203533.53967083717,203533.53967083717,0,0,-0.0027039649983758851,0,256.30899658203123,2.0508213716916632,0
2017-11-07,203533.53967083717,203533.53967083717,0,0,-0.0027039649983758851,0,256.51149749755859,1.6905512114622812,0
2017-11-08,203533.53967083717,203533.53967083717,0,0,-0.0027039649983758851,0,256.71599655151368,1.7770790738322326,0
2017-11-09,203533.53967083717,203533.53967083717,0,0,-0.0027039649983758851,0,256.89249725341796,0.98742655946956215,0
2017-11-10,203533.53967083717,203533.53967083717,0,0,-0.0027039649983758851,0,257.04949722290041,0.8405726674594145,0
2017-11-13,203533.53967083717,203533.53967083717,0,0,-0.0027039649983758851,0,257.20149688720704,0.94160296805462773,0
2017-11-14,203533.53967083717,203533.53967083717,0,0,-0.0027039649983758851,0,257.31449737548826,0.3661743002350305,0
2017-11-15,203533.53967083717,203533.53967083717,0,0,-0.0027039649983758851,0,257.35049743652343,-0.83204506385128374,0
2017-11-16,203533.53967083717,203533.53967083717,0,0,-0.0027039649983758851,0,257.49199752807618,1.0582031265726815,0
2017-11-17,203533.53967083717,203533.53967083717,0,0,-0.0027039649983758851,0,257.52949752807615,0.3103029437685067,0
2017-11-20,203533.53967083717,203533.53967083717,0,0,-0.0027039649983758851,0,257.63899765014651,0.64467026635609403,0
2017-11-21,203533.53967083717,203533.53967083717,0,0,-0.0027039649983758851,0,257.81049728393555,1.957238402397653,0
2017-11-22,203533.53967083717,203533.53967083717,0,0,-0.0027039649983758851,0,258.03399810791018,1.6745281447795559,0
2017-11-24,203533.53967083717,203533.53967083717,0,0,-0.0027039649983758851,0,258.27099761962893,2.1043989346012846,0
2017-11-27,203533.53967083717,203533.53967083717,0,0,-0.0027039649983758851,0,258.39699859619139,1.7125116895396384,0
2017-11-28,203533.53967083717,203533.53967083717,0,0,-0.0027039649983758851,0,258.70299835205077,3.0097802117973891,0
2017-11-29,203533.53967083717,203533.53967083717,0,0,-0.0027039649983758851,0,258.98099822998046,2.3482416168978855,0
2017-11-30,203533.53967083717,203533.53967083717,0,0,-0.0027039649983758851,0,259.35699920654298,2.796382192752227,0
2017-12-01,203533.53967083717,203533.53967083717,0,0,-0.0027039649983758851,0,259.70049896240232,2.1045365277253243,0
2017-12-04,203533.53967083717,203533.53967083717,0,0,-0.0027039649983758851,0,259.98499908447263,1.70469443706401,0
2017-12-05,203533.53967083717,203533.53967083717,0,0,-0.0027039649983758851,0,260.20199890136718,1.1864068905610046,0
2017-12-06,203533.53967083717,203533.53967083717,0,0,-0.0027039649983758851,0,260.43049774169924,1.0907125422553199,0
2017-12-07,203533.53967083717,203533.53967083717,0,0,-0.0027039649983758851,0,260.67849884033205,1.2684834740286648,0
2017-12-08,203533.53967083717,203533.53967083717,0,0,-0.0027039649983758851,0,261.04549865722657,1.5917922786223371,0
2017-12-11,203533.53967083717,203533.53967083717,0,0,-0.0027039649983758851,0,261.45649871826174,1.6505770287111479,0
2017-12-12,203533.53967083717,203533.53967083717,0,0,-0.0027039649983758851,0,261.8789993286133,1.5988546210080872,0
2017-12-13,203533.53967083717,203533.53967083717,0,0,-0.0027039649983758851,0,262.32999877929689,1.4326504756262879,0
2017-12-14,203533.53967083717,203533.53967083717,0,0,-0.0027039649983758851,0,262.79099884033201,1.0064682638957123,0
2017-12-15,203533.53967083717,203533.53967083717,0,0,-0.0027039649983758851,0,263.18549957275388,1.1909927416160409,0
2017-12-18,203533.53967083717,203533.53967083717,0,0,-0.0027039649983758851,0,263.70250091552737,1.6573870945315123,0
2017-12-19,203533.53967083717,203533.53967083717,0,0,-0.0027039649983758851,0,264.1460021972656,1.203950495391592,0
2017-12-20,203533.53967083717,203533.53967083717,0,0,-0.0027039649983758851,0,264.49800262451174,1.0570939128093311,0
2017-12-21,203533.53967083717,203533.53967083717,0,0,-0.0027039649983758851,0,264.88900146484377,1.2111227301782885,0
2017-12-22,203533.53967083717,203533.53967083717,0,0,-0.0027039649983758851,0,265.24650268554689,1.1142191266768797,0
2017-12-26,203533.53967083717,203533.53967083717,0,0,-0.0027039649983758851,0,265.59450225830079,0.93108758198969077,0
2017-12-27,203533.53967083717,203533.53967083717,0,0,-0.0027039649983758851,0,265.81700286865237,0.92075578502457989,0
2017-12-28,203533.53967083717,203533.53967083717,0,0,-0.0027039649983758851,0,266.07500305175779,1.1769247246800101,0
2017-12-29,203533.53967083717,203533.53967083717,0,0,-0.0027039649983758851,0,266.16750183105466,0.45744225821498602,0
2018-01-02,203533.53967083717,203533.53967083717,0,0,-0.0027039649983758851,0,266.38300170898435,1.5287177488767412,0
2018-01-03,203533.53967083717,203533.53967083717,0,0,-0.0027039649983758851,0,266.69950103759766,2.2059428667363519,0
2018-01-04,203533.53967083717,203533.53967083717,0,0,-0.0027039649983758851,0,267.12050018310549,2.4587105959326956,0
2018-01-05,203533.53967083717,203533.53967083717,0,0,-0.0027039649983758851,0,267.62950134277344,2.7903925928819238,0
2018-01-08,203533.53967083717,203533.53967083717,0,0,-0.0027039649983758851,0,268.12200164794922,2.49304541721173,0
2018-01-09,203533.53967083717,203533.53967083717,0,0,-0.0027039649983758851,0,268.57350158691406,2.2675809850173958,0
2018-01-10,203533.53967083717,203533.53967083717,0,0,-0.0027039649983758851,0,268.96400146484376,1.8169283513401495,0
2018-01-11,203533.53967083717,203533.53967083717,0,0,-0.0027039649983758851,0,269.4310012817383,2.0988678458857044,0
2018-01-12,203533.53967083717,203533.53967083717,0,0,-0.0027039649983758851,0,269.989501953125,2.1920770810336303,0
2018-01-16,203533.53967083717,203533.53967083717,0,0,-0.0027039649983758851,0,270.55500183105471,1.6983098988289895,0
2018-01-17,203533.53967083717,203533.53967083717,0,0,-0.0027039649983758851,0,271.21000061035159,2.030119703761375,0
2018-01-18,203533.53967083717,203533.53967083717,0,0,-0.0027039649983758851,0,271.75700073242189,1.6713904865035267,0
2018-01-19,203533.53967083717,203533.53967083717,0,0,-0.0027039649983758851,0,272.41900024414065,1.7128252542898064,0
2018-01-22,203533.53967083717,203533.53967083717,0,0,-0.0027039649983758851,0,273.20200042724611,1.8985342342058442,0
2018-01-23,203533.53967083717,203533.53967083717,0,0,-0.0027039649983758851,0,273.98750152587888,1.7622163656739684,0
2018-01-24,203533.53967083717,203533.53967083717,0,0,-0.0027039649983758851,0,274.77100067138673,1.5513854828217508,0
2018-01-25,203533.53967083717,203533.53967083717,0,0,-0.0027039649983758851,0,275.57649993896484,1.4221407958860621,0
2018-01-26,203533.53967083717,203533.53967083717,0,0,-0.0027039649983758851,0,276.53949890136721,1.7971747026514318,0
2018-01-29,203533.53967083717,203533.53967083717,0,0,-0.0027039649983758851,0,277.3799987792969,1.3314273021991034,0
2018-01-30,203533.53967083717,203533.53967083717,0,0,-0.0027039649983758851,0,278.125,0.7279908807406853,0
2018-01-31,203533.53967083717,203533.53967083717,0,0,-0.0027039649983758851,0,278.7815002441406,0.6831536895250292,0
2018-02-01,203533.53967083717,203533.53967083717,0,0,-0.0027039649983758851,0,279.33699951171877,0.53668585930285662,0
2018-02-02,203533.53967083717,203533.53967083717,0,0,-0.0027039649983758851,0,279.52900085449221,-1.0462375856816961,0
2018-02-05,203533.53967083717,203533.53967083717,0,0,-0.0027039649983758851,0,279.05449981689452,-3.0083801174291005,1
2018-02-06,210622.98304164171,0,782.60684137895907,0.034831818786573931,0,1,278.81499938964845,-1.8039214700789949,1
2018-02-07,209480.38374054275,0,782.60684137895907,-0.0054248557521999752,-0.0054248557521999752,1,278.47149963378905,-1.8523475224579999,1
2018-02-08,201623.00436578371,0,782.60684137895907,-0.037508902907543828,-0.042730278272047117,1,277.64700012207032,-2.7215701601787567,1
2018-02-09,204651.68902059781,0,782.60684137895907,0.015021523284711513,-0.028350628857361393,1,276.91600036621094,-1.8907080696289391,1
2018-02-12,207656.89642550115,0,782.60684137895907,0.014684498424055947,-0.014082445198082438,1,276.28699951171876,-1.2835845531639321,0
2018-02-13,206480.43650969741,206480.43650969741,0,-0.0056654025753766213,-0.019668065052166228,0,275.73849945068361,-1.1047830650632058,0
2018-02-14,206480.43650969741,206480.43650969741,0,0,-0.019668065052166228,0,275.23750000000001,-0.63704336804199058,0
2018-02-15,206480.43650969741,206480.43650969741,0,0,-0.019668065052166228,0,274.93199920654297,-0.21538641757628921,0
2018-02-16,206480.43650969741,206480.43650969741,0,0,-0.019668065052166228,0,274.56699829101564,-0.16657007736428783,0
2018-02-20,206480.43650969741,206480.43650969741,0,0,-0.019668065052166228,0,274.00249786376952,-0.30377669381354405,0
2018-02-21,206480.43650969741,206480.43650969741,0,0,-0.019668065052166228,0,273.34049682617189,-0.39491286861113289,0
2018-02-22,206480.43650969741,206480.43650969741,0,0,-0.019668065052166228,0,272.70149688720704,-0.28632778953043808,0
2018-02-23,206480.43650969741,206480.43650969741,0,0,-0.019668065052166228,0,272.27199707031252,0.31737216399174767,0
2018-02-26,206480.43650969741,206480.43650969741,0,0,-0.019668065052166228,0,271.83799743652344,0.85584443707929547,0
2018-02-27,206480.43650969741,206480.43650969741,0,0,-0.019668065052166228,0,271.32549743652345,0.47905029534274945,0
2018-02-28,206480.43650969741,206480.43650969741,0,0,-0.019668065052166228,0,270.81999664306642,0.13775451270523689,0
2018-03-01,206480.43650969741,206480.43650969741,0,0,-0.019668065052166228,0,270.10999755859376,-0.43892540842799804,0
2018-03-02,206480.43650969741,206480.43650969741,0,0,-0.019668065052166228,0,269.48499755859376,-0.084028595054942451,0
2018-03-05,206480.43650969741,206480.43650969741,0,0,-0.019668065052166228,0,269.32199707031248,0.61437441830427253,0
2018-03-06,206480.43650969741,206480.43650969741,0,0,-0.019668065052166228,0,269.76949768066407,0.68250211573645392,0
2018-03-07,206480.43650969741,206480.43650969741,0,0,-0.019668065052166228,0,269.9519973754883,0.61463393138755185,0
2018-03-08,206480.43650969741,206480.43650969741,0,0,-0.019668065052166228,0,270.27349700927732,0.82206304721118262,0
2018-03-09,206480.43650969741,206480.43650969741,0,0,-0.019668065052166228,0,271.33549652099612,1.8695925614843816,0
2018-03-12,206480.43650969741,206480.43650969741,0,0,-0.019668065052166228,0,272.18649597167968,1.7392309621244297,0
2018-03-13,206480.43650969741,206480.43650969741,0,0,-0.019668065052166228,0,272.7554962158203,1.1629657281773453,0
2018-03-14,206480.43650969741,206480.43650969741,0,0,-0.019668065052166228,0,273.22049560546873,0.67657781797780769,0
2018-03-15,206480.43650969741,206480.43650969741,0,0,-0.019668065052166228,0,273.4909957885742,0.50659372021791016,0
2018-03-16,206480.43650969741,206480.43650969741,0,0,-0.019668065052166228,0,273.54949645996095,0.21825087743091193,0
2018-03-19,206480.43650969741,206480.43650969741,0,0,-0.019668065052166228,0,273.41849670410159,-0.95900138080872444,0
2018-03-20,206480.43650969741,206480.43650969741,0,0,-0.019668065052166228,0,273.39599761962893,-0.7967102032469171,0
2018-03-21,206480.43650969741,206480.43650969741,0,0,-0.019668065052166228,0,273.41499786376954,-0.97854481255404435,0
2018-03-22,206480.43650969741,206480.43650969741,0,0,-0.019668065052166228,0,273.07849884033203,-2.5620172608235214,1
2018-03-23,201595.13067218949,0,781.22511222099922,-0.02365989688944925,-0.042862617550466164,1,272.24549865722656,-2.9005735602492084,1
2018-03-26,207110.57805718188,0,781.22511222099922,0.027359030779175786,-0.016676266444129673,1,271.60599822998046,-1.3126677435599592,1
2018-03-27,203587.26901301209,0,781.22511222099922,-0.017011729083180938,-0.033404303400444202,1,270.91449890136721,-1.8936225104328748,1
2018-03-28,202985.71041829893,0,781.22511222099922,-0.0029547947552394094,-0.036260395295193537,1,270.32349853515626,-1.7627715901821981,1
2018-03-29,205579.38351273627,0,781.22511222099922,0.012777614193099973,-0.023946102443664907,1,270.09599761962892,-1.1325654368666036,0
2018-04-02,205007.08835534542,205007.08835534542,0,-0.0027838159041633226,-0.026663256807002766,0,269.51549835205077,-1.79174552046628,0
2018-04-03,205007.08835534542,205007.08835534542,0,0,-0.026663256807002766,0,268.94449768066409,-1.1757785285191924,0
2018-04-04,205007.08835534542,205007.08835534542,0,0,-0.026663256807002766,0,268.47849731445314,-0.70412268709196202,0
2018-04-05,205007.08835534542,205007.08835534542,0,0,-0.026663256807002766,0,268.12149810791016,-0.35763336482854458,0
2018-04-06,205007.08835534542,205007.08835534542,0,0,-0.026663256807002766,0,267.40249786376955,-1.0933828549546929,0
2018-04-09,205007.08835534542,205007.08835534542,0,0,-0.026663256807002766,0,266.50899810791014,-0.8300812383345908,0
2018-04-10,205007.08835534542,205007.08835534542,0,0,-0.026663256807002766,0,265.84049835205076,-0.11432755239219383,0
2018-04-11,205007.08835534542,205007.08835534542,0,0,-0.026663256807002766,0,265.1924987792969,-0.25999591139013223,0
2018-04-12,205007.08835534542,205007.08835534542,0,0,-0.026663256807002766,0,264.7239990234375,0.24092910373323506,0
2018-04-13,205007.08835534542,205007.08835534542,0,0,-0.026663256807002766,0,264.23149871826172,0.20777087228621322,0
2018-04-16,205007.08835534542,205007.08835534542,0,0,-0.026663256807002766,0,263.88799743652345,0.89061474524670181,0
2018-04-17,205007.08835534542,205007.08835534542,0,0,-0.026663256807002766,0,263.87299804687501,1.6452321893757809,0
2018-04-18,205007.08835534542,205007.08835534542,0,0,-0.026663256807002766,0,263.84499816894532,1.7271050353047186,0
2018-04-19,205007.08835534542,205007.08835534542,0,0,-0.026663256807002766,0,263.76799926757815,1.3961291851433064,0
2018-04-20,205007.08835534542,205007.08835534542,0,0,-0.026663256807002766,0,263.91499786376954,0.72438295424888077,0
2018-04-23,205007.08835534542,205007.08835534542,0,0,-0.026663256807002766,0,264.34099884033202,0.63576115446271331,0
2018-04-24,205007.08835534542,205007.08835534542,0,0,-0.026663256807002766,0,264.2345001220703,-0.35705712221453978,0
2018-04-25,205007.08835534542,205007.08835534542,0,0,-0.026663256807002766,0,264.38600006103513,-0.22121666006647517,0
2018-04-26,205007.08835534542,205007.08835534542,0,0,-0.026663256807002766,0,264.71000061035159,0.48865038290340918,0
2018-04-27,205007.08835534542,205007.08835534542,0,0,-0.026663256807002766,0,264.88050079345703,0.51244353034613366,0
2018-04-30,205007.08835534542,205007.08835534542,0,0,-0.026663256807002766,0,265.23250122070311,-0.25739786536905329,0
2018-05-01,205007.08835534542,205007.08835534542,0,0,-0.026663256807002766,0,265.44300231933596,-0.17700465674149282,0
2018-05-02,205007.08835534542,205007.08835534542,0,0,-0.026663256807002766,0,265.42500305175781,-0.84606926942696281,0
2018-05-03,205007.08835534542,205007.08835534542,0,0,-0.026663256807002766,0,265.27400207519531,-0.98336182818345885,0
2018-05-04,205007.08835534542,205007.08835534542,0,0,-0.026663256807002766,0,265.58900146484376,0.18099170097531855,0
2018-05-07,205007.08835534542,205007.08835534542,0,0,-0.026663256807002766,0,265.88500213623047,0.481614444329868,0
2018-05-08,205007.08835534542,205007.08835534542,0,0,-0.026663256807002766,0,265.97350311279297,0.43954309126262781,0
2018-05-09,205007.08835534542,205007.08835534542,0,0,-0.026663256807002766,0,266.26050262451173,1.4587629759767624,0
2018-05-10,205007.08835534542,205007.08835534542,0,0,-0.026663256807002766,0,266.56500244140625,2.1409431390061413,0
2018-05-11,205007.08835534542,205007.08835534542,0,0,-0.026663256807002766,0,266.95000305175779,2.0580245465667715,0
2018-05-14,205007.08835534542,205007.08835534542,0,0,-0.026663256807002766,0,267.23250427246091,1.8221070196386766,0
2018-05-15,205007.08835534542,205007.08835534542,0,0,-0.026663256807002766,0,267.27800445556642,1.1933157195636597,0
2018-05-16,205007.08835534542,205007.08835534542,0,0,-0.026663256807002766,0,267.37050323486329,1.4684408548401358,0
2018-05-17,205007.08835534542,205007.08835534542,0,0,-0.026663256807002766,0,267.52650299072263,1.2979083206200421,0
2018-05-18,205007.08835534542,205007.08835534542,0,0,-0.026663256807002766,0,267.76250305175779,1.0066809075765373,0
2018-05-21,205007.08835534542,205007.08835534542,0,0,-0.026663256807002766,0,268.10250244140627,1.4106171988150724,0
2018-05-22,205007.08835534542,205007.08835534542,0,0,-0.026663256807002766,0,268.58400115966799,1.0991548552223045,0
2018-05-23,205007.08835534542,205007.08835534542,0,0,-0.026663256807002766,0,269.07050018310548,1.1854646227329302,0
2018-05-24,205007.08835534542,205007.08835534542,0,0,-0.026663256807002766,0,269.39499969482421,0.93359363725476141,0
2018-05-25,205007.08835534542,205007.08835534542,0,0,-0.026663256807002766,0,269.67449951171875,0.68131943516318216,0
2018-05-29,205007.08835534542,205007.08835534542,0,0,-0.026663256807002766,0,269.89999847412111,-0.25576437217550452,0
2018-05-30,205007.08835534542,205007.08835534542,0,0,-0.026663256807002766,0,270.2814971923828,0.70690878881140651,0
2018-05-31,205007.08835534542,205007.08835534542,0,0,-0.026663256807002766,0,270.66849670410159,0.094731174169078614,0
2018-06-01,205007.08835534542,205007.08835534542,0,0,-0.026663256807002766,0,271.21749725341795,1.0546104187477496,0
2018-06-04,205007.08835534542,205007.08835534542,0,0,-0.026663256807002766,0,271.66149749755857,1.5738862267610791,0
2018-06-05,205007.08835534542,205007.08835534542,0,0,-0.026663256807002766,0,272.07049713134768,1.6116008544684859,0
2018-06-06,205007.08835534542,205007.08835534542,0,0,-0.026663256807002766,0,272.59449615478513,2.6243779026268794,0
2018-06-07,205007.08835534542,205007.08835534542,0,0,-0.026663256807002766,0,272.98799591064454,2.2305064471334126,0
2018-06-08,205007.08835534542,205007.08835534542,0,0,-0.026663256807002766,0,273.29649658203124,2.1731584812089513,0
2018-06-11,205007.08835534542,205007.08835534542,0,0,-0.026663256807002766,0,273.58199615478514,1.9732356081577367,0
2018-06-12,205007.08835534542,205007.08835534542,0,0,-0.026663256807002766,0,273.87899627685545,1.8186989399948934,0
2018-06-13,205007.08835534542,205007.08835534542,0,0,-0.026663256807002766,0,274.22549591064455,1.3419070523275918,0
2018-06-14,205007.08835534542,205007.08835534542,0,0,-0.026663256807002766,0,274.54999694824221,1.4130885278387011,0
2018-06-15,205007.08835534542,205007.08835534542,0,0,-0.026663256807002766,0,274.80599670410157,0.78814431073647029,0
2018-06-18,205007.08835534542,205007.08835534542,0,0,-0.026663256807002766,0,275.06749725341797,0.52196188895171192,0
2018-06-19,205007.08835534542,205007.08835534542,0,0,-0.026663256807002766,0,275.17399749755862,0.11504285012964702,0
2018-06-20,205007.08835534542,205007.08835534542,0,0,-0.026663256807002766,0,275.34199829101561,0.22624487339546218,0
2018-06-21,205007.08835534542,205007.08835534542,0,0,-0.026663256807002766,0,275.38599853515626,-0.41659959713981903,0
2018-06-22,205007.08835534542,205007.08835534542,0,0,-0.026663256807002766,0,275.48299865722657,-0.27605436026779773,0
2018-06-25,205007.08835534542,205007.08835534542,0,0,-0.026663256807002766,0,275.42549896240234,-1.5958298774270103,0
2018-06-26,205007.08835534542,205007.08835534542,0,0,-0.026663256807002766,0,275.55449981689452,-1.5687998293257592,0
2018-06-27,205007.08835534542,205007.08835534542,0,0,-0.026663256807002766,0,275.39150085449216,-2.1606133114842994,1
2018-06-28,206121.08634467784,0,760.90322713512671,0.0054339486418220062,-0.021374194933293733,1,275.38900146484377,-1.6066709980785754,1
2018-06-29,206417.82652838022,0,760.90322713512671,0.001439640111376983,-0.019965325970291214,1,275.27300109863279,-1.3686398357372438,1
2018-07-02,206859.14018291218,0,760.90322713512671,0.0021379628976534448,-0.017870048198801669,1,275.1210006713867,-1.0831511034682626,1
2018-07-03,206128.67958672109,0,760.90322713512671,-0.0035311980681403954,-0.021338143587264935,1,274.91100006103517,-1.2740813342157247,1
2018-07-05,207810.2692168311,0,760.90322713512671,0.0081579605200088334,-0.013354258800211349,1,274.69649963378907,-0.50894536342160612,0
2018-07-06,207728.20204642901,207728.20204642901,0,-0.00039491393140178577,-0.013743898948769373,0,274.59900054931643,0.26811895544581216,0
2018-07-09,207728.20204642901,207728.20204642901,0,0,-0.013743898948769373,0,274.58450012207032,1.0885728350491106,0
2018-07-10,207728.20204642901,207728.20204642901,0,0,-0.013743898948769373,0,274.60149993896482,1.4007407407461043,0
2018-07-11,207728.20204642901,207728.20204642901,0,0,-0.013743898948769373,0,274.49849853515627,0.79928571897633838,0
2018-07-12,207728.20204642901,207728.20204642901,0,0,-0.013743898948769373,0,274.56549835205078,1.5765113442673175,0
2018-07-13,207728.20204642901,207728.20204642901,0,0,-0.013743898948769373,0,274.60849761962891,1.6010455820455971,0
2018-07-16,207728.20204642901,207728.20204642901,0,0,-0.013743898948769373,0,274.7189971923828,1.4281077872219066,0
2018-07-17,207728.20204642901,207728.20204642901,0,0,-0.013743898948769373,0,274.91449737548828,1.6093722469115603,0
2018-07-18,207728.20204642901,207728.20204642901,0,0,-0.013743898948769373,0,275.19249725341797,1.5846522187070553,0
2018-07-19,207728.20204642901,207728.20204642901,0,0,-0.013743898948769373,0,275.39399719238281,1.1974836659761523,0
2018-07-20,207728.20204642901,207728.20204642901,0,0,-0.013743898948769373,0,275.66599731445314,1.0171725220669765,0
2018-07-23,207728.20204642901,207728.20204642901,0,0,-0.013743898948769373,0,275.93899841308593,1.0495241209060515,0
2018-07-24,207728.20204642901,207728.20204642901,0,0,-0.013743898948769373,0,276.46949768066406,1.2620605708647057,0
2018-07-25,207728.20204642901,207728.20204642901,0,0,-0.013743898948769373,0,277.08999786376955,1.6373318185151269,0
2018-07-26,207728.20204642901,207728.20204642901,0,0,-0.013743898948769373,0,277.78949737548828,1.3734958860851307,0
2018-07-27,207728.20204642901,207728.20204642901,0,0,-0.013743898948769373,0,278.31599731445311,0.81990233842092364,0
2018-07-30,207728.20204642901,207728.20204642901,0,0,-0.013743898948769373,0,278.74949798583987,0.34944069598013139,0
2018-07-31,207728.20204642901,207728.20204642901,0,0,-0.013743898948769373,0,279.22299804687498,0.68222188702062181,0
2018-08-01,207728.20204642901,207728.20204642901,0,0,-0.013743898948769373,0,279.72099761962892,0.46651983406252429,0
2018-08-02,207728.20204642901,207728.20204642901,0,0,-0.013743898948769373,0,280.18499908447268,1.1142242592755953,0
2018-08-03,207728.20204642901,207728.20204642901,0,0,-0.013743898948769373,0,280.59399871826173,1.681224309817112,0
2018-08-06,207728.20204642901,207728.20204642901,0,0,-0.013743898948769373,0,280.93099975585938,1.9716095534732569,0
2018-08-07,207728.20204642901,207728.20204642901,0,0,-0.013743898948769373,0,281.26499938964844,2.0804346888911152,0
2018-08-08,207728.20204642901,207728.20204642901,0,0,-0.013743898948769373,0,281.69499969482422,1.8762684470661131,0
2018-08-09,207728.20204642901,207728.20204642901,0,0,-0.013743898948769373,0,281.98000030517579,1.4998227005509042,0
2018-08-10,207728.20204642901,207728.20204642901,0,0,-0.013743898948769373,0,282.15850067138672,0.50095350096889701,0
2018-08-13,207728.20204642901,207728.20204642901,0,0,-0.013743898948769373,0,282.29650115966797,-0.10384066439661484,0
2018-08-14,207728.20204642901,207728.20204642901,0,0,-0.013743898948769373,0,282.46800079345701,0.76400998770176187,0
2018-08-15,207728.20204642901,207728.20204642901,0,0,-0.013743898948769373,0,282.50400085449218,-0.39056624205590934,0
2018-08-16,207728.20204642901,207728.20204642901,0,0,-0.013743898948769373,0,282.70700073242188,0.75603647176580557,0
2018-08-17,207728.20204642901,207728.20204642901,0,0,-0.013743898948769373,0,282.97600097656249,1.2135617560007232,0
2018-08-20,207728.20204642901,207728.20204642901,0,0,-0.013743898948769373,0,283.24950103759767,1.4333487022413325,0
2018-08-21,207728.20204642901,207728.20204642901,0,0,-0.013743898948769373,0,283.48600158691409,1.6108662838743524,0
2018-08-22,207728.20204642901,207728.20204642901,0,0,-0.013743898948769373,0,283.59400177001953,1.3821240941107047,0
2018-08-23,207728.20204642901,207728.20204642901,0,0,-0.013743898948769373,0,283.71650238037108,1.0784508053216109,0
2018-08-24,207728.20204642901,207728.20204642901,0,0,-0.013743898948769373,0,284.0210021972656,1.7316110730104541,0
2018-08-27,207728.20204642901,207728.20204642901,0,0,-0.013743898948769373,0,284.51250152587892,2.4433034756528209,0
2018-08-28,207728.20204642901,207728.20204642901,0,0,-0.013743898948769373,0,284.94200286865237,2.1384287958488009,0
2018-08-29,207728.20204642901,207728.20204642901,0,0,-0.013743898948769373,0,285.47300415039064,2.3668703542032916,0
2018-08-30,207728.20204642901,207728.20204642901,0,0,-0.013743898948769373,0,285.86850280761718,1.6779987095708144,0
2018-08-31,207728.20204642901,207728.20204642901,0,0,-0.013743898948769373,0,286.20400238037109,1.4902820941509369,0
2018-09-04,207728.20204642901,207728.20204642901,0,0,-0.013743898948769373,0,286.46250152587891,1.1796870287399392,0
2018-09-05,207728.20204642901,207728.20204642901,0,0,-0.013743898948769373,0,286.63500213623047,0.83066743653091202,0
2018-09-06,207728.20204642901,207728.20204642901,0,0,-0.013743898948769373,0,286.77000274658201,0.48126085316080047,0
2018-09-07,207728.20204642901,207728.20204642901,0,0,-0.013743898948769373,0,286.89650268554686,0.24543586904620801,0
2018-09-10,207728.20204642901,207728.20204642901,0,0,-0.013743898948769373,0,287.14350280761721,0.34858622214000617,0
2018-09-11,207728.20204642901,207728.20204642901,0,0,-0.013743898948769373,0,287.49100189208986,0.62020983857451928,0
2018-09-12,207728.20204642901,207728.20204642901,0,0,-0.013743898948769373,0,287.75200195312499,0.57107924403720534,0
2018-09-13,207728.20204642901,207728.20204642901,0,0,-0.013743898948769373,0,288.20450134277343,1.2774767981211712,0
2018-09-14,207728.20204642901,207728.20204642901,0,0,-0.013743898948769373,0,288.54550170898438,1.2292505539646725,0
2018-09-17,207728.20204642901,207728.20204642901,0,0,-0.013743898948769373,0,288.75950164794921,0.33598909983367808,0
2018-09-18,207728.20204642901,207728.20204642901,0,0,-0.013743898948769373,0,289.02150115966799,1.1556680152438765,0
2018-09-19,207728.20204642901,207728.20204642901,0,0,-0.013743898948769373,0,289.26550140380857,1.2378770824194114,0
2018-09-20,207728.20204642901,207728.20204642901,0,0,-0.013743898948769373,0,289.63600006103513,2.3539025018866337,0
2018-09-21,207728.20204642901,207728.20204642901,0,0,-0.013743898948769373,0,289.94599914550781,1.3630502128677431,0
2018-09-24,207728.20204642901,207728.20204642901,0,0,-0.013743898948769373,0,290.12149810791016,0.63870955663439344,0
2018-09-25,207728.20204642901,207728.20204642901,0,0,-0.013743898948769373,0,290.16999816894531,0.41110567780617602,0
2018-09-26,207728.20204642901,207728.20204642901,0,0,-0.013743898948769373,0,290.1679977416992,-0.20407436568349202,0
2018-09-27,207728.20204642901,207728.20204642901,0,0,-0.013743898948769373,0,290.12849731445311,0.40549299141683082,0
2018-09-28,207728.20204642901,207728.20204642901,0,0,-0.013743898948769373,0,290.14949798583984,0.41032716144625647,0
2018-10-01,207728.20204642901,207728.20204642901,0,0,-0.013743898948769373,0,290.22049865722659,1.05385790354027,0
2018-10-02,207728.20204642901,207728.20204642901,0,0,-0.013743898948769373,0,290.30799865722656,0.85880169839694565,0
2018-10-03,207728.20204642901,207728.20204642901,0,0,-0.013743898948769373,0,290.4424987792969,0.87630950348613057,0
2018-10-04,207728.20204642901,207728.20204642901,0,0,-0.013743898948769373,0,290.5064987182617,-0.77150646766499997,0
2018-10-05,207728.20204642901,207728.20204642901,0,0,-0.013743898948769373,0,290.51749877929689,-1.9836304222831367,0
2018-10-08,207728.20204642901,207728.20204642901,0,0,-0.013743898948769373,0,290.50349884033204,-1.9363022092052413,0
2018-10-09,207728.20204642901,207728.20204642901,0,0,-0.013743898948769373,0,290.42099914550784,-1.996413833400803,0
2018-10-10,207728.20204642901,207728.20204642901,0,0,-0.013743898948769373,0,289.8799987792969,-3.8057449513886268,1
2018-10-11,203944.21711534989,0,749.32654977988761,-0.018216038524385691,-0.031709578080429068,1,288.94700012207034,-3.4228040357396732,1
2018-10-12,206776.67055881259,0,749.32654977988761,0.013888373416641953,-0.018261599125052097,1,288.20050048828125,-2.1748972258093815,1
2018-10-15,205615.20068607485,0,749.32654977988761,-0.0056170257002343682,-0.02377604895367369,1,287.45350036621096,-2.0479574704246875,1
2018-10-16,210111.15998475419,0,749.32654977988761,0.021865889699193897,-0.0024300437183834012,1,286.92799987792966,-1.004417187186053,1
2018-10-17,210148.64003282209,0,749.32654977988761,0.00017838199584740977,-0.0022520951985844917,1,286.38950042724611,-0.90441796272665897,0
2018-10-18,209256.1525182568,209256.1525182568,0,-0.0042469345241820111,-0.0064894652219158466,0,285.53050079345701,-1.3642139101399549,0
2018-10-19,209256.1525182568,209256.1525182568,0,0,-0.0064894652219158466,0,284.7435012817383,-1.2469523392166082,0
2018-10-22,209256.1525182568,209256.1525182568,0,0,-0.0064894652219158466,0,283.94300231933596,-1.2824146662889913,0
2018-10-23,209256.1525182568,209256.1525182568,0,0,-0.0064894652219158466,0,283.08600158691405,-1.3293972791609123,0
2018-10-24,209256.1525182568,209256.1525182568,0,0,-0.0064894652219158466,0,281.85800170898438,-2.0873257869747812,1
2018-10-25,211262.56286262188,0,782.22220588749212,0.0095882979793868728,0,1,280.82750091552737,-1.33564930796137,1
2018-10-26,207547.00738465629,0,782.22220588749212,-0.017587382390990447,-0.017587382390990447,1,279.55800018310549,-1.6975121731973675,1
2018-10-29,206397.13978714056,0,782.22220588749212,-0.0055402754874929183,-0.0230302189349334,1,278.16449890136721,-1.6716504695694334,1
2018-10-30,209455.63147674393,0,782.22220588749212,0.01481847903879685,-0.0085530127126828281,1,276.97499847412109,-1.1143090147439332,1
2018-10-31,211692.79939877635,0,782.22220588749212,0.010680867858550824,0,1,275.92049865722657,-0.69306495863265882,0
2018-11-01,212344.33011540162,212344.33011540162,0,0.0030777178934553451,0,0,275.12399902343748,-0.23107220409928048,0
2018-11-02,212344.33011540162,212344.33011540162,0,0,0,0,274.32749938964844,-0.38246508791713324,0
2018-11-05,212344.33011540162,212344.33011540162,0,0,0,0,273.60599975585939,-0.0387687660117602,0
2018-11-06,212344.33011540162,212344.33011540162,0,0,0,0,272.99199981689452,0.46150561069823837,0
2018-11-07,212344.33011540162,212344.33011540162,0,0,0,0,273.12750091552732,1.6418862740037858,0
2018-11-08,212344.33011540162,212344.33011540162,0,0,0,0,273.54400024414065,1.3762286663709618,0
2018-11-09,212344.33011540162,212344.33011540162,0,0,0,0,273.63450012207034,0.8069405805117047,0
2018-11-12,212344.33011540162,212344.33011540162,0,0,0,0,273.54300079345705,-0.19024629209416755,0
2018-11-13,212344.33011540162,212344.33011540162,0,0,0,0,273.12600097656252,-0.2187755403208495,0
2018-11-14,212344.33011540162,212344.33011540162,0,0,0,0,272.61350097656248,-0.52386146869244288,0
2018-11-15,212344.33011540162,212344.33011540162,0,0,0,0,272.44450073242189,0.12714035221416312,0
2018-11-16,212344.33011540162,212344.33011540162,0,0,0,0,272.31850128173829,0.31696542136658756,0
2018-11-19,212344.33011540162,212344.33011540162,0,0,0,0,272.02300109863279,-0.65525200414842744,0
2018-11-20,212344.33011540162,212344.33011540162,0,0,0,0,271.54850158691409,-1.560143336324489,0
2018-11-21,212344.33011540162,212344.33011540162,0,0,0,0,271.53350067138672,-1.3622445689301359,0
2018-11-23,212344.33011540162,212344.33011540162,0,0,0,0,271.19200134277344,-1.5554359322408473,0
2018-11-26,212344.33011540162,212344.33011540162,0,0,0,0,271.30050201416014,-0.75975876367918183,0
2018-11-27,212344.33011540162,212344.33011540162,0,0,0,0,271.52750244140623,-0.65753398243443917,0
2018-11-28,212344.33011540162,212344.33011540162,0,0,0,0,271.86800231933591,0.57471303344457891,0
2018-11-29,212344.33011540162,212344.33011540162,0,0,0,0,272.03550262451171,0.41098192778957898,0
2018-11-30,212344.33011540162,212344.33011540162,0,0,0,0,272.14250183105469,0.73265469117918935,0
2018-12-03,212344.33011540162,212344.33011540162,0,0,0,0,272.51300048828125,1.3482609461875823,0
2018-12-04,212344.33011540162,212344.33011540162,0,0,0,0,272.35599975585939,-0.4167811098732338,0
2018-12-06,212344.33011540162,212344.33011540162,0,0,0,0,272.09199981689454,-0.44685986683938611,0
2018-12-07,212344.33011540162,212344.33011540162,0,0,0,0,271.2199996948242,-1.5521330063339225,0
2018-12-10,212344.33011540162,212344.33011540162,0,0,0,0,270.39850006103518,-1.3533242116394881,0
2018-12-11,212344.33011540162,212344.33011540162,0,0,0,0,269.71699981689454,-1.2292312068524767,0
2018-12-12,212344.33011540162,212344.33011540162,0,0,0,0,269.36149902343749,-0.85075516799454598,0
2018-12-13,212344.33011540162,212344.33011540162,0,0,0,0,269.02699890136716,-0.79142919154784053,0
2018-12-14,212344.33011540162,212344.33011540162,0,0,0,0,268.5404983520508,-1.6236404982685162,0
2018-12-17,212344.33011540162,212344.33011540162,0,0,0,0,267.65749893188479,-2.1872688746280757,1
2018-12-18,210487.81388439861,0,825.18352036005354,-0.0087429517425497982,-0.0087429517425497982,1,266.72499847412109,-1.9194464726787053,1
2018-12-19,207335.60679279859,0,825.18352036005354,-0.014975722505870315,-0.023587742229241426,1,265.83299789428713,-2.1103168747119949,1
2018-12-20,203960.60921643829,0,825.18352036005354,-0.016277944867101879,-0.039481727128796384,1,264.98549804687502,-2.2228133206489979,1
2018-12-21,199805.80918412132,1184.1383517166769,825.18352036005354,-0.020370600226576108,-0.059048060875776964,0.99407355393443286,263.76949844360354,-2.4019230431756271,1
2018-12-24,194557.64149097932,1184.1383517166769,825.18352036005354,-0.026266341877506649,-0.083763426199116586,0.99391368880378006,262.32399826049806,-2.4224252811651623,0
2018-12-26,195804.33538022931,195804.33538022931,0,0.0064078382102910059,-0.07789233047184918,0,261.25799789428709,-1.2564758858694576,0
2018-12-27,195804.33538022931,195804.33538022931,0,0,-0.07789233047184918,0,260.24149856567385,-0.99673246052034903,0
2018-12-28,195804.33538022931,195804.33538022931,0,0,-0.07789233047184918,0,258.89999923706057,-0.92646593441139313,0
2018-12-31,195804.33538022931,195804.33538022931,0,0,-0.07789233047184918,0,257.69699859619141,-0.66673693471891693,0
2019-01-02,195804.33538022931,195804.33538022931,0,0,-0.07789233047184918,0,256.42349853515623,-0.56725590560177741,0
2019-01-03,195804.33538022931,195804.33538022931,0,0,-0.07789233047184918,0,254.66899948120118,-1.0492797233950317,0
2019-01-04,195804.33538022931,195804.33538022931,0,0,-0.07789233047184918,0,253.7759994506836,-0.14886835227056175,0
2019-01-07,195804.33538022931,195804.33538022931,0,0,-0.07789233047184918,0,253.00299987792968,0.16094737525817798,0
2019-01-08,195804.33538022931,195804.33538022931,0,0,-0.07789233047184918,0,252.66299896240236,0.4972802362203691,0
2019-01-09,195804.33538022931,195804.33538022931,0,0,-0.07789233047184918,0,252.35799865722657,0.70694093934999469,0
2019-01-10,195804.33538022931,195804.33538022931,0,0,-0.07789233047184918,0,252.09549865722656,0.88971780465621331,0
2019-01-11,195804.33538022931,195804.33538022931,0,0,-0.07789233047184918,0,251.77149963378906,1.0046573055347459,0
2019-01-14,195804.33538022931,195804.33538022931,0,0,-0.07789233047184918,0,251.37299957275391,0.91212176866146177,0
2019-01-15,195804.33538022931,195804.33538022931,0,0,-0.07789233047184918,0,251.36699981689452,1.3611748372419505,0
2019-01-16,195804.33538022931,195804.33538022931,0,0,-0.07789233047184918,0,251.64800033569335,1.3569318527550862,0
2019-01-17,195804.33538022931,195804.33538022931,0,0,-0.07789233047184918,0,252.04199981689453,1.500395581465279,0
2019-01-18,195804.33538022931,195804.33538022931,0,0,-0.07789233047184918,0,252.80199966430663,1.7243520315709373,0
2019-01-22,195804.33538022931,195804.33538022931,0,0,-0.07789233047184918,0,253.58649902343751,1.1450191451716207,0
2019-01-23,195804.33538022931,195804.33538022931,0,0,-0.07789233047184918,0,254.72199935913085,1.1139742440574545,0
2019-01-24,195804.33538022931,195804.33538022931,0,0,-0.07789233047184918,0,256.18249893188477,1.1392942341391092,0
2019-01-25,195804.33538022931,195804.33538022931,0,0,-0.07789233047184918,0,257.16249923706056,1.3547606866128454,0
2019-01-28,195804.33538022931,195804.33538022931,0,0,-0.07789233047184918,0,257.94699935913087,0.94438361851982422,0
2019-01-29,195804.33538022931,195804.33538022931,0,0,-0.07789233047184918,0,258.72999954223633,0.80775603862685375,0
2019-01-30,195804.33538022931,195804.33538022931,0,0,-0.07789233047184918,0,259.61299896240234,1.3905850139319154,0
2019-01-31,195804.33538022931,195804.33538022931,0,0,-0.07789233047184918,0,260.60049896240236,1.6309429120571377,0
2019-02-01,195804.33538022931,195804.33538022931,0,0,-0.07789233047184918,0,261.89299850463868,1.7375395084570135,0
2019-02-04,195804.33538022931,195804.33538022931,0,0,-0.07789233047184918,0,262.87149810791016,1.9515856077348925,0
2019-02-05,195804.33538022931,195804.33538022931,0,0,-0.07789233047184918,0,263.8074981689453,1.9617721852554759,0
2019-02-06,195804.33538022931,195804.33538022931,0,0,-0.07789233047184918,0,264.60599822998046,1.684639692440167,0
2019-02-07,195804.33538022931,195804.33538022931,0,0,-0.07789233047184918,0,265.21449890136716,1.0436933495409988,0
2019-02-08,195804.33538022931,195804.33538022931,0,0,-0.07789233047184918,0,265.79399871826172,1.0129188276766246,0
2019-02-11,195804.33538022931,195804.33538022931,0,0,-0.07789233047184918,0,266.37599792480466,0.95340423910179262,0
2019-02-12,195804.33538022931,195804.33538022931,0,0,-0.07789233047184918,0,267.21099853515625,1.620496892509216,0
2019-02-13,195804.33538022931,195804.33538022931,0,0,-0.07789233047184918,0,267.94299774169923,1.6514505143984195,0
2019-02-14,195804.33538022931,195804.33538022931,0,0,-0.07789233047184918,0,268.61299743652341,1.3822446327682616,0
2019-02-15,195804.33538022931,195804.33538022931,0,0,-0.07789233047184918,0,269.33349761962893,1.8376832722656529,0
2019-02-19,195804.33538022931,195804.33538022931,0,0,-0.07789233047184918,0,269.90299835205076,1.6937704298677285,0
2019-02-20,195804.33538022931,195804.33538022931,0,0,-0.07789233047184918,0,270.68049926757811,1.6277977619994954,0
2019-02-21,195804.33538022931,195804.33538022931,0,0,-0.07789233047184918,0,271.38099975585936,1.2968380824727863,0
2019-02-22,195804.33538022931,195804.33538022931,0,0,-0.07789233047184918,0,272.16050109863284,1.5222825334812511,0
2019-02-25,195804.33538022931,195804.33538022931,0,0,-0.07789233047184918,0,272.84750061035157,1.4484237915997613,0
2019-02-26,195804.33538022931,195804.33538022931,0,0,-0.07789233047184918,0,273.62550048828126,1.3210157085580212,0
2019-02-27,195804.33538022931,195804.33538022931,0,0,-0.07789233047184918,0,274.41500091552734,1.2655929187592589,0
2019-02-28,195804.33538022931,195804.33538022931,0,0,-0.07789233047184918,0,274.97000122070312,1.0468178137513073,0
2019-03-01,195804.33538022931,195804.33538022931,0,0,-0.07789233047184918,0,275.49450225830077,1.3931254333765888,0
2019-03-04,195804.33538022931,195804.33538022931,0,0,-0.07789233047184918,0,275.96150207519531,1.0109620864115842,0
2019-03-05,195804.33538022931,195804.33538022931,0,0,-0.07789233047184918,0,276.31450195312499,0.81166054093723061,0
2019-03-06,195804.33538022931,195804.33538022931,0,0,-0.07789233047184918,0,276.5260009765625,0.24693178039043007,0
2019-03-07,195804.33538022931,195804.33538022931,0,0,-0.07789233047184918,0,276.63950195312498,-0.51564579793978171,0
2019-03-08,195804.33538022931,195804.33538022931,0,0,-0.07789233047184918,0,276.85550079345705,-0.84352466629016765,0
2019-03-11,195804.33538022931,195804.33538022931,0,0,-0.07789233047184918,0,277.25400085449218,0.48446897768935482,0
2019-03-12,195804.33538022931,195804.33538022931,0,0,-0.07789233047184918,0,277.69750061035154,0.9140466559286563,0
2019-03-13,195804.33538022931,195804.33538022931,0,0,-0.07789233047184918,0,278.05950012207029,1.6983586648164861,0
2019-03-14,195804.33538022931,195804.33538022931,0,0,-0.07789233047184918,0,278.36800079345704,1.4623336715461677,0
2019-03-15,195804.33538022931,195804.33538022931,0,0,-0.07789233047184918,0,278.71450042724609,1.4594242199592231,0
2019-03-18,195804.33538022931,195804.33538022931,0,0,-0.07789233047184918,0,278.96249999999998,1.7591217167964119,0
2019-03-19,195804.33538022931,195804.33538022931,0,0,-0.07789233047184918,0,279.18999938964845,1.5772977920394939,0
2019-03-20,195804.33538022931,195804.33538022931,0,0,-0.07789233047184918,0,279.34699859619138,1.0544199615746077,0
2019-03-21,195804.33538022931,195804.33538022931,0,0,-0.07789233047184918,0,279.71249847412111,2.1405021088249181,0
2019-03-22,195804.33538022931,195804.33538022931,0,0,-0.07789233047184918,0,279.71799774169921,-0.19975478703059957,0
2019-03-25,195804.33538022931,195804.33538022931,0,0,-0.07789233047184918,0,279.6939987182617,-0.27862319369486144,0
2019-03-26,195804.33538022931,195804.33538022931,0,0,-0.07789233047184918,0,279.78399810791018,0.56476221873106802,0
2019-03-27,195804.33538022931,195804.33538022931,0,0,-0.07789233047184918,0,279.80649719238284,-0.066256896075631067,0
2019-03-28,195804.33538022931,195804.33538022931,0,0,-0.07789233047184918,0,279.90799713134766,0.34053724645091876,0
2019-03-29,195804.33538022931,195804.33538022931,0,0,-0.07789233047184918,0,280.01099700927733,1.0205087325220601,0
2019-04-01,195804.33538022931,195804.33538022931,0,0,-0.07789233047184918,0,280.33249664306641,2.0175834506169954,0
2019-04-02,195804.33538022931,195804.33538022931,0,0,-0.07789233047184918,0,280.67999725341798,1.7825856063445753,0
2019-04-03,195804.33538022931,195804.33538022931,0,0,-0.07789233047184918,0,281.13449859619141,1.6982719858713191,0
2019-04-04,195804.33538022931,195804.33538022931,0,0,-0.07789233047184918,0,281.74299774169924,1.7859352055949758,0
2019-04-05,195804.33538022931,195804.33538022931,0,0,-0.07789233047184918,0,282.44849853515626,2.1060410207016114,0
2019-04-08,195804.33538022931,195804.33538022931,0,0,-0.07789233047184918,0,282.96599884033202,1.900785979604797,0
2019-04-09,195804.33538022931,195804.33538022931,0,0,-0.07789233047184918,0,283.35699920654298,1.2775156395400042,0
2019-04-10,195804.33538022931,195804.33538022931,0,0,-0.07789233047184918,0,283.70449981689455,1.4173368130433299,0
2019-04-11,195804.33538022931,195804.33538022931,0,0,-0.07789233047184918,0,284.05699920654297,1.2502347845039439,0
2019-04-12,195804.33538022931,195804.33538022931,0,0,-0.07789233047184918,0,284.49949951171874,1.6124645577182859,0
2019-04-15,195804.33538022931,195804.33538022931,0,0,-0.07789233047184918,0,284.88150024414062,1.3880831789458883,0
2019-04-16,195804.33538022931,195804.33538022931,0,0,-0.07789233047184918,0,285.26950073242188,1.2899648379346278,0
2019-04-17,195804.33538022931,195804.33538022931,0,0,-0.07789233047184918,0,285.66450195312501,0.99759734689537538,0
2019-04-18,195804.33538022931,195804.33538022931,0,0,-0.07789233047184918,0,285.92900085449219,1.0481417051854871,0
2019-04-22,195804.33538022931,195804.33538022931,0,0,-0.07789233047184918,0,286.48000030517579,1.0261126026851388,0
2019-04-23,195804.33538022931,195804.33538022931,0,0,-0.07789233047184918,0,287.1720001220703,1.6181151017051176,0
2019-04-24,195804.33538022931,195804.33538022931,0,0,-0.07789233047184918,0,287.72750091552734,1.3229543551901466,0
2019-04-25,195804.33538022931,195804.33538022931,0,0,-0.07789233047184918,0,288.34750061035157,1.2431418593322583,0
2019-04-26,195804.33538022931,195804.33538022931,0,0,-0.07789233047184918,0,288.98250122070311,1.6938768731580973,0
2019-04-29,195804.33538022931,195804.33538022931,0,0,-0.07789233047184918,0,289.55200042724607,1.8266395098016688,0
2019-04-30,195804.33538022931,195804.33538022931,0,0,-0.07789233047184918,0,289.96150054931638,1.6960775752934814,0
2019-05-01,195804.33538022931,195804.33538022931,0,0,-0.07789233047184918,0,290.25350036621091,0.69505923320178287,0
2019-05-02,195804.33538022931,195804.33538022931,0,0,-0.07789233047184918,0,290.49149932861326,0.33333019119676227,0
2019-05-03,195804.33538022931,195804.33538022931,0,0,-0.07789233047184918,0,290.83399963378906,1.5545495229418118,0
2019-05-06,195804.33538022931,195804.33538022931,0,0,-0.07789233047184918,0,291.04649963378904,0.87347967147286742,0
2019-05-07,195804.33538022931,195804.33538022931,0,0,-0.07789233047184918,0,291.00349884033204,-1.4733467297834275,0
2019-05-08,195804.33538022931,195804.33538022931,0,0,-0.07789233047184918,0,291.01449890136718,-1.6857281055562252,0
2019-05-09,195804.33538022931,195804.33538022931,0,0,-0.07789233047184918,0,290.93299865722656,-1.9416625108806225,0
2019-05-10,195804.33538022931,195804.33538022931,0,0,-0.07789233047184918,0,290.92749938964846,-1.2807921182943798,0
2019-05-13,195804.33538022931,195804.33538022931,0,0,-0.07789233047184918,0,290.46249847412111,-3.0838777065189058,1
2019-05-14,196684.0473283387,0,694.01570770739033,0.0044928113894979749,-0.073749474631849665,1,290.13399810791014,-1.938332414677979,1
2019-05-15,197836.11594469441,0,694.01570770739033,0.0058574583551886938,-0.06832400075303402,1,289.87899780273438,-1.3218007540095627,1
2019-05-16,199668.32757928764,0,694.01570770739033,0.0092612596332279917,-0.059695507429960659,1,289.7914978027344,-0.56897149135095948,1
2019-05-17,198377.44734951903,0,694.01570770739033,-0.0064651226632627123,-0.065774691315242939,1,289.58249816894534,-0.99152741234903474,1
2019-05-20,197065.76867538493,0,694.01570770739033,-0.0066120352472479604,-0.071951821985137721,1,289.26649932861329,-1.3413559224748897,0
2019-05-21,198270.31516473735,198270.31516473735,0,0.0061124085499424385,-0.06627921236708112,0,288.94799957275393,-0.62257124444249157,0
2019-05-22,198270.31516473735,198270.31516473735,0,0,-0.06627921236708112,0,288.61799926757811,-0.76544715781404149,0
2019-05-23,198270.31516473735,198270.31516473735,0,0,-0.06627921236708112,0,288.12250061035155,-1.4727055233379716,0
2019-05-24,198270.31516473735,198270.31516473735,0,0,-0.06627921236708112,0,287.59100036621095,-1.1935159359054579,0
2019-05-28,198270.31516473735,198270.31516473735,0,0,-0.06627921236708112,0,286.9050003051758,-1.6591963819272326,0
2019-05-29,198270.31516473735,198270.31516473735,0,0,-0.06627921236708112,0,286.11750030517578,-1.8948513869393218,0
2019-05-30,198270.31516473735,198270.31516473735,0,0,-0.06627921236708112,0,285.47850036621094,-1.5355734117646989,0
2019-05-31,198270.31516473735,198270.31516473735,0,0,-0.06627921236708112,0,284.68300018310549,-2.0745609400856639,1
2019-06-03,197637.57945118341,0,719.8076052706233,-0.0031912780943945673,-0.06925897506293488,1,283.71000061035159,-2.0243164114397834,1
2019-06-04,201927.62662789656,0,719.8076052706233,0.021706636908962906,-0.049055717578350033,1,283.09550018310546,-0.63419147311814272,1
2019-06-05,203676.75383667581,0,719.8076052706233,0.0086621490976193094,-0.040818496420485073,1,282.84700012207031,0.029043749019626298,0
2019-06-06,203811.34549649071,203811.34549649071,0,0.00066081011838403647,-0.040184659577552795,0,282.71049957275392,0.55428500567872185,0
2019-06-07,203811.34549649071,203811.34549649071,0,0,-0.040184659577552795,0,282.75999908447267,1.2776633126609724,0
2019-06-10,203811.34549649071,203811.34549649071,0,0,-0.040184659577552795,0,282.80349884033205,1.5843493037768173,0
2019-06-11,203811.34549649071,203811.34549649071,0,0,-0.040184659577552795,0,283.20549926757815,1.3952813951683116,0
2019-06-12,203811.34549649071,203811.34549649071,0,0,-0.040184659577552795,0,283.45500030517576,1.1652533816936663,0
2019-06-13,203811.34549649071,203811.34549649071,0,0,-0.040184659577552795,0,283.68099975585938,1.3313477356592944,0
2019-06-14,203811.34549649071,203811.34549649071,0,0,-0.040184659577552795,0,283.75899963378907,1.2186943654164102,0
2019-06-17,203811.34549649071,203811.34549649071,0,0,-0.040184659577552795,0,283.93549957275388,1.166582929187449,0
2019-06-18,203811.34549649071,203811.34549649071,0,0,-0.040184659577552795,0,284.35799865722657,1.6050242886958295,0
2019-06-19,203811.34549649071,203811.34549649071,0,0,-0.040184659577552795,0,284.68549804687501,1.5672400388632788,0
2019-06-20,203811.34549649071,203811.34549649071,0,0,-0.040184659577552795,0,285.19699707031248,1.815653738844897,0
2019-06-21,203811.34549649071,203811.34549649071,0,0,-0.040184659577552795,0,285.78999633789061,1.3398730947182753,0
2019-06-24,203811.34549649071,203811.34549649071,0,0,-0.040184659577552795,0,286.33299713134767,1.1570936040312052,0
2019-06-25,203811.34549649071,203811.34549649071,0,0,-0.040184659577552795,0,286.86349792480468,0.62663086823259084,0
2019-06-26,203811.34549649071,203811.34549649071,0,0,-0.040184659577552795,0,287.47349853515624,0.50468956963136258,0
2019-06-27,203811.34549649071,203811.34549649071,0,0,-0.040184659577552795,0,288.09699859619138,0.60054940887901387,0
2019-06-28,203811.34549649071,203811.34549649071,0,0,-0.040184659577552795,0,288.98349914550784,0.81481370484741455,0
2019-07-01,203811.34549649071,203811.34549649071,0,0,-0.040184659577552795,0,290.03799896240236,1.4502493538201693,0
2019-07-02,203811.34549649071,203811.34549649071,0,0,-0.040184659577552795,0,290.83299865722654,1.6212204505447132,0
2019-07-03,203811.34549649071,203811.34549649071,0,0,-0.040184659577552795,0,291.62499847412107,2.1282452547000856,0
2019-07-05,203811.34549649071,203811.34549649071,0,0,-0.040184659577552795,0,292.30799865722656,1.8628631304326693,0
2019-07-08,203811.34549649071,203811.34549649071,0,0,-0.040184659577552795,0,292.76649932861329,1.2433287148084804,0
2019-07-09,203811.34549649071,203811.34549649071,0,0,-0.040184659577552795,0,293.17749938964846,1.2256433697715532,0
2019-07-10,203811.34549649071,203811.34549649071,0,0,-0.040184659577552795,0,293.66299896240236,1.4886821876873333,0
2019-07-11,203811.34549649071,203811.34549649071,0,0,-0.040184659577552795,0,294.20899810791013,1.5415974762951956,0
2019-07-12,203811.34549649071,203811.34549649071,0,0,-0.040184659577552795,0,294.76249847412112,1.7252536270080117,0
2019-07-15,203811.34549649071,203811.34549649071,0,0,-0.040184659577552795,0,295.33699798583984,1.5897224196396627,0
2019-07-16,203811.34549649071,203811.34549649071,0,0,-0.040184659577552795,0,295.85749816894531,1.2087930270355767,0
2019-07-17,203811.34549649071,203811.34549649071,0,0,-0.040184659577552795,0,296.12449798583987,0.50989480320768599,0
2019-07-18,203811.34549649071,203811.34549649071,0,0,-0.040184659577552795,0,296.41299743652343,0.77006886823854626,0
2019-07-19,203811.34549649071,203811.34549649071,0,0,-0.040184659577552795,0,296.47849884033201,0.22021978416875324,0
2019-07-22,203811.34549649071,203811.34549649071,0,0,-0.040184659577552795,0,296.67349853515623,0.3955169760252909,0
2019-07-23,203811.34549649071,203811.34549649071,0,0,-0.040184659577552795,0,296.99299774169924,0.97930683344450897,0
2019-07-24,203811.34549649071,203811.34549649071,0,0,-0.040184659577552795,0,297.52699737548829,1.3518533372204335,0
2019-07-25,203811.34549649071,203811.34549649071,0,0,-0.040184659577552795,0,298.00349731445311,0.81731362842545918,0
2019-07-26,203811.34549649071,203811.34549649071,0,0,-0.040184659577552795,0,298.52899780273435,1.6635256883748577,0
2019-07-29,203811.34549649071,203811.34549649071,0,0,-0.040184659577552795,0,298.9519973754883,1.4242415303847398,0
2019-07-30,203811.34549649071,203811.34549649071,0,0,-0.040184659577552795,0,299.20499725341796,0.93043007435313463,0
2019-07-31,203811.34549649071,203811.34549649071,0,0,-0.040184659577552795,0,299.25499725341797,-1.1728407504838669,0
2019-08-01,203811.34549649071,203811.34549649071,0,0,-0.040184659577552795,0,299.05699768066404,-2.3052456866021314,1
2019-08-02,202855.79879878947,0,693.23970399750181,-0.0046883881531398774,-0.044684646448791332,1,298.76499786376951,-2.6654423238848648,1
2019-08-05,196755.29786601019,0,693.23970399750181,-0.030073091175620292,-0.073413932177606722,1,298.11499786376953,-3.5882401976407809,1
2019-08-06,199514.37834808227,0,693.23970399750181,0.014022903128895647,-0.060420505507948974,1,297.64549713134767,-2.1521703817602691,1
2019-08-07,199632.23840640046,0,693.23970399750181,0.00059073465929637692,-0.059865463335388336,1,297.11349792480468,-1.8185797511838089,1
2019-08-08,203549.03850278698,0,693.23970399750181,0.019620078037761113,-0.041419950360034208,1,296.82899780273436,-0.63464328942508619,0
2019-08-09,202725.64925530701,202725.64925530701,0,-0.0040451640230602104,-0.04529756389006101,0,296.37749786376952,-0.93320447218632097,0
2019-08-12,202725.64925530701,202725.64925530701,0,0,-0.04529756389006101,0,295.74349822998045,-1.4480161873929382,0
2019-08-13,202725.64925530701,202725.64925530701,0,0,-0.04529756389006101,0,295.38199768066409,-0.53860261025402711,0
2019-08-14,202725.64925530701,202725.64925530701,0,0,-0.04529756389006101,0,294.68999786376952,-1.864722996774443,0
2019-08-15,202725.64925530701,202725.64925530701,0,0,-0.04529756389006101,0,293.98099822998046,-1.5306465776485287,0
2019-08-16,202725.64925530701,202725.64925530701,0,0,-0.04529756389006101,0,293.56499786376952,-0.76691904327036742,0
2019-08-19,202725.64925530701,202725.64925530701,0,0,-0.04529756389006101,0,293.28649749755857,-0.15755510516939408,0
2019-08-20,202725.64925530701,202725.64925530701,0,0,-0.04529756389006101,0,292.78949737548828,-0.45730154111812843,0
2019-08-21,202725.64925530701,202725.64925530701,0,0,-0.04529756389006101,0,292.33999786376955,0.019788272176561053,0
2019-08-22,202725.64925530701,202725.64925530701,0,0,-0.04529756389006101,0,291.95799713134767,0.076201449974912808,0
2019-08-23,202725.64925530701,202725.64925530701,0,0,-0.04529756389006101,0,291.09999694824216,-1.2609650585229473,0
2019-08-26,202725.64925530701,202725.64925530701,0,0,-0.04529756389006101,0,290.42699737548827,-0.55347858570219755,0
2019-08-27,202725.64925530701,202725.64925530701,0,0,-0.04529756389006101,0,289.7344970703125,-0.76328699586896187,0
2019-08-28,202725.64925530701,202725.64925530701,0,0,-0.04529756389006101,0,289.3074981689453,-0.12601250919727774,0
2019-08-29,202725.64925530701,202725.64925530701,0,0,-0.04529756389006101,0,289.19449768066409,1.0722786320906275,0
2019-08-30,202725.64925530701,202725.64925530701,0,0,-0.04529756389006101,0,289.18599853515627,1.0367648733143939,0
2019-09-03,202725.64925530701,202725.64925530701,0,0,-0.04529756389006101,0,289.53199768066406,0.41499944369482239,0
2019-09-04,202725.64925530701,202725.64925530701,0,0,-0.04529756389006101,0,289.84399871826173,1.3802590764854679,0
2019-09-05,202725.64925530701,202725.64925530701,0,0,-0.04529756389006101,0,290.33649902343751,2.1599082836329608,0
2019-09-06,202725.64925530701,202725.64925530701,0,0,-0.04529756389006101,0,290.55799865722656,1.9749194758422846,0
2019-09-09,202725.64925530701,202725.64925530701,0,0,-0.04529756389006101,0,290.88699951171873,1.7660709347886463,0
2019-09-10,202725.64925530701,202725.64925530701,0,0,-0.04529756389006101,0,291.38999938964844,1.5414110315219591,0
2019-09-11,202725.64925530701,202725.64925530701,0,0,-0.04529756389006101,0,291.77499999999998,1.7737546098631372,0
2019-09-12,202725.64925530701,202725.64925530701,0,0,-0.04529756389006101,0,292.64450073242188,1.7834609901257992,0
2019-09-13,202725.64925530701,202725.64925530701,0,0,-0.04529756389006101,0,293.46650085449221,1.5829376958185095,0
2019-09-16,202725.64925530701,202725.64925530701,0,0,-0.04529756389006101,0,294.03200073242186,1.2495977378871101,0
2019-09-17,202725.64925530701,202725.64925530701,0,0,-0.04529756389006101,0,294.46150207519531,1.2643845686670854,0
2019-09-18,202725.64925530701,202725.64925530701,0,0,-0.04529756389006101,0,295.01200256347659,1.1708374731257802,0
2019-09-19,202725.64925530701,202725.64925530701,0,0,-0.04529756389006101,0,295.44350128173829,1.0583475618161338,0
2019-09-20,202725.64925530701,202725.64925530701,0,0,-0.04529756389006101,0,295.739501953125,0.47837959857231971,0
2019-09-23,202725.64925530701,202725.64925530701,0,0,-0.04529756389006101,0,296.40750122070312,0.38313866954371367,0
2019-09-24,202725.64925530701,202725.64925530701,0,0,-0.04529756389006101,0,296.80100097656248,-0.21670074992168081,0
2019-09-25,202725.64925530701,202725.64925530701,0,0,-0.04529756389006101,0,297.3385009765625,0.077270129722137107,0
2019-09-26,202725.64925530701,202725.64925530701,0,0,-0.04529756389006101,0,297.74400024414064,-0.24083084173248342,0
2019-09-27,202725.64925530701,202725.64925530701,0,0,-0.04529756389006101,0,297.88500061035154,-0.85409546716837825,0
2019-09-30,202725.64925530701,202725.64925530701,0,0,-0.04529756389006101,0,298.10099945068362,-0.50293633292481932,0
2019-10-01,202725.64925530701,202725.64925530701,0,0,-0.04529756389006101,0,298.22599945068362,-2.1337223978213218,1
2019-10-02,200232.17197422052,0,695.10578931908674,-0.012299762216799071,-0.057040176842012125,1,297.9269989013672,-3.1742734844240164,1
2019-10-03,201872.63266774509,0,695.10578931908674,0.0081927927832485814,-0.049314702407950106,1,297.55699920654297,-2.0314754699146653,1
2019-10-04,204604.39332866223,0,695.10578931908674,0.013532100041580453,-0.036449933852874761,1,297.37200012207029,-0.84432811533622565,1
2019-10-07,203721.59539994205,0,695.10578931908674,-0.0043146577371001582,-0.040607322600859752,1,297.11599884033205,-1.0931437759904512,1
2019-10-08,200558.87254371829,0,695.10578931908674,-0.015524730453905788,-0.055501635316932418,1,296.63599853515626,-1.9639228397334592,0
2019-10-09,201999.9572404022,201999.9572404022,0,0.0071853450231667004,-0.048715088692867892,0,296.18699798583987,-1.1713500247287647,0
2019-10-10,201999.9572404022,201999.9572404022,0,0,-0.048715088692867892,0,295.78449707031251,-0.62469172012759966,0
2019-10-11,201999.9572404022,201999.9572404022,0,0,-0.048715088692867892,0,295.54399719238279,0.18916573546067386,0
2019-10-14,201999.9572404022,201999.9572404022,0,0,-0.048715088692867892,0,295.33349761962893,0.16455492349713879,0
2019-10-15,201999.9572404022,201999.9572404022,0,0,-0.048715088692867892,0,295.23149719238279,1.0082474505518741,0
2019-10-16,201999.9572404022,201999.9572404022,0,0,-0.048715088692867892,0,295.09649658203125,0.95939134299039908,0
2019-10-17,201999.9572404022,201999.9572404022,0,0,-0.048715088692867892,0,295.00649719238282,1.2924293296587499,0
2019-10-18,201999.9572404022,201999.9572404022,0,0,-0.048715088692867892,0,294.99099731445312,0.90495581701746453,0
2019-10-21,201999.9572404022,201999.9572404022,0,0,-0.048715088692867892,0,295.07999725341796,1.4441194310738459,0
2019-10-22,201999.9572404022,201999.9572404022,0,0,-0.048715088692867892,0,295.23699798583982,1.076846520166183,0
2019-10-23,201999.9572404022,201999.9572404022,0,0,-0.048715088692867892,0,295.34999847412109,1.2536279966048425,0
2019-10-24,201999.9572404022,201999.9572404022,0,0,-0.048715088692867892,0,295.51849822998048,1.289589184969538,0
2019-10-25,201999.9572404022,201999.9572404022,0,0,-0.048715088692867892,0,295.82849884033203,1.4471594057994421,0
2019-10-28,201999.9572404022,201999.9572404022,0,0,-0.048715088692867892,0,296.15499877929688,1.6591292381544744,0
2019-10-29,201999.9572404022,201999.9572404022,0,0,-0.048715088692867892,0,296.65349884033202,1.4530229710032223,0
2019-10-30,201999.9572404022,201999.9572404022,0,0,-0.048715088692867892,0,297.45749969482421,1.5402029591159403,0
2019-10-31,201999.9572404022,201999.9572404022,0,0,-0.048715088692867892,0,298.1029983520508,1.2439623145420775,0
2019-11-01,201999.9572404022,201999.9572404022,0,0,-0.048715088692867892,0,298.6924987792969,1.6722791731730018,0
2019-11-04,201999.9572404022,201999.9572404022,0,0,-0.048715088692867892,0,299.40699920654299,1.7168171842795767,0
2019-11-05,201999.9572404022,201999.9572404022,0,0,-0.048715088692867892,0,300.33199920654295,1.594417574393695,0
2019-11-06,201999.9572404022,201999.9572404022,0,0,-0.048715088692867892,0,301.12350006103514,1.5326672901835741,0
2019-11-07,201999.9572404022,201999.9572404022,0,0,-0.048715088692867892,0,301.87050018310549,1.68450013819802,0
2019-11-08,201999.9572404022,201999.9572404022,0,0,-0.048715088692867892,0,302.50350036621091,1.6865227180601332,0
2019-11-11,201999.9572404022,201999.9572404022,0,0,-0.048715088692867892,0,303.12350006103514,1.409871635190814,0
2019-11-12,201999.9572404022,201999.9572404022,0,0,-0.048715088692867892,0,303.62949981689451,1.419560565451041,0
2019-11-13,201999.9572404022,201999.9572404022,0,0,-0.048715088692867892,0,304.16450042724608,1.3118084033350885,0
2019-11-14,201999.9572404022,201999.9572404022,0,0,-0.048715088692867892,0,304.67799987792966,1.2952200265430793,0
2019-11-15,201999.9572404022,201999.9572404022,0,0,-0.048715088692867892,0,305.36900024414064,1.7191177282330952,0
2019-11-18,201999.9572404022,201999.9572404022,0,0,-0.048715088692867892,0,305.97050018310546,1.5967344342888095,0
2019-11-19,201999.9572404022,201999.9572404022,0,0,-0.048715088692867892,0,306.61649932861326,1.4575299829340183,0
2019-11-20,201999.9572404022,201999.9572404022,0,0,-0.048715088692867892,0,307.16099853515624,1.0602264193246174,0
2019-11-21,201999.9572404022,201999.9572404022,0,0,-0.048715088692867892,0,307.65599822998047,0.84722304264137505,0
2019-11-22,201999.9572404022,201999.9572404022,0,0,-0.048715088692867892,0,308.12399749755861,1.0018922817065925,0
2019-11-25,201999.9572404022,201999.9572404022,0,0,-0.048715088692867892,0,308.62749786376952,1.6797240653208616,0
2019-11-26,201999.9572404022,201999.9572404022,0,0,-0.048715088692867892,0,309.17099761962891,1.7696412968692465,0
2019-11-27,201999.9572404022,201999.9572404022,0,0,-0.048715088692867892,0,309.73799743652341,2.017756792658191,0
2019-11-29,201999.9572404022,201999.9572404022,0,0,-0.048715088692867892,0,310.28699798583983,1.5440139970764113,0
2019-12-02,201999.9572404022,201999.9572404022,0,0,-0.048715088692867892,0,310.56199798583987,0.4421331073780958,0
2019-12-03,201999.9572404022,201999.9572404022,0,0,-0.048715088692867892,0,310.67099761962891,-0.47909957186397201,0
2019-12-04,201999.9572404022,201999.9572404022,0,0,-0.048715088692867892,0,310.89249725341796,0.25918632091069221,0
2019-12-05,201999.9572404022,201999.9572404022,0,0,-0.048715088692867892,0,311.13849639892578,0.43651599745135827,0
2019-12-06,201999.9572404022,201999.9572404022,0,0,-0.048715088692867892,0,311.47299652099611,1.6527362526988487,0
2019-12-09,201999.9572404022,201999.9572404022,0,0,-0.048715088692867892,0,311.71999664306639,1.0625550252302649,0
2019-12-10,201999.9572404022,201999.9572404022,0,0,-0.048715088692867892,0,311.97899627685547,0.81057405858740639,0
2019-12-11,201999.9572404022,201999.9572404022,0,0,-0.048715088692867892,0,312.2499969482422,1.1696371747833967,0
2019-12-12,201999.9572404022,201999.9572404022,0,0,-0.048715088692867892,0,312.65149688720703,2.2461429334663139,0
2019-12-13,201999.9572404022,201999.9572404022,0,0,-0.048715088692867892,0,313.03999786376954,2.0327253996958143,0
2019-12-16,201999.9572404022,201999.9572404022,0,0,-0.048715088692867892,0,313.42549743652341,2.4214473180973322,0
2019-12-17,201999.9572404022,201999.9572404022,0,0,-0.048715088692867892,0,313.80299835205079,2.0466776447448582,0
2019-12-18,201999.9572404022,201999.9572404022,0,0,-0.048715088692867892,0,314.18599853515627,1.7727996284090399,0
2019-12-19,201999.9572404022,201999.9572404022,0,0,-0.048715088692867892,0,314.6924987792969,1.897161248566517,0
2019-12-20,201999.9572404022,201999.9572404022,0,0,-0.048715088692867892,0,315.21549987792969,1.6421368943742627,0
2019-12-23,201999.9572404022,201999.9572404022,0,0,-0.048715088692867892,0,315.72850036621094,1.5911639928242378,0
2019-12-24,201999.9572404022,201999.9572404022,0,0,-0.048715088692867892,0,316.12150115966796,1.4172892882675514,0
2019-12-26,201999.9572404022,201999.9572404022,0,0,-0.048715088692867892,0,316.56450195312499,1.651006999330479,0
2019-12-27,201999.9572404022,201999.9572404022,0,0,-0.048715088692867892,0,316.9335006713867,1.4503014274591224,0
2019-12-30,201999.9572404022,201999.9572404022,0,0,-0.048715088692867892,0,317.27200012207032,0.92088246781013239,0
2019-12-31,201999.9572404022,201999.9572404022,0,0,-0.048715088692867892,0,317.78299865722659,1.0096731179560092,0
2020-01-02,201999.9572404022,201999.9572404022,0,0,-0.048715088692867892,0,318.54899902343749,1.6408348287564185,0
2020-01-03,201999.9572404022,201999.9572404022,0,0,-0.048715088692867892,0,319.09649963378905,0.92712497432287844,0
2020-01-06,201999.9572404022,201999.9572404022,0,0,-0.048715088692867892,0,319.67750091552733,1.1967066965968931,0
2020-01-07,201999.9572404022,201999.9572404022,0,0,-0.048715088692867892,0,320.07050170898435,0.83601939972656436,0
2020-01-08,201999.9572404022,201999.9572404022,0,0,-0.048715088692867892,0,320.5990020751953,1.2920712230744322,0
2020-01-09,201999.9572404022,201999.9572404022,0,0,-0.048715088692867892,0,321.2550018310547,1.9335533293918681,0
2020-01-10,201999.9572404022,201999.9572404022,0,0,-0.048715088692867892,0,321.81950073242189,1.5722490193271124,0
2020-01-13,201999.9572404022,201999.9572404022,0,0,-0.048715088692867892,0,322.36050109863282,2.1740786095399858,0
2020-01-14,201999.9572404022,201999.9572404022,0,0,-0.048715088692867892,0,322.86700134277345,1.8146846291800016,0
2020-01-15,201999.9572404022,201999.9572404022,0,0,-0.048715088692867892,0,323.30150146484374,1.8425132736395875,0
2020-01-16,201999.9572404022,201999.9572404022,0,0,-0.048715088692867892,0,323.86900177001951,2.3604381182667051,0
2020-01-17,201999.9572404022,201999.9572404022,0,0,-0.048715088692867892,0,324.48700256347655,2.2614292505104108,0
2020-01-21,201999.9572404022,201999.9572404022,0,0,-0.048715088692867892,0,325.00700225830076,1.7944863080921676,0
2020-01-22,201999.9572404022,201999.9572404022,0,0,-0.048715088692867892,0,325.53750152587889,1.6027253870278471,0
2020-01-23,201999.9572404022,201999.9572404022,0,0,-0.048715088692867892,0,326.06250152587893,1.5223553986767497,0
2020-01-24,201999.9572404022,201999.9572404022,0,0,-0.048715088692867892,0,326.43950042724612,0.64968087197347602,0
2020-01-27,201999.9572404022,201999.9572404022,0,0,-0.048715088692867892,0,326.4675003051758,-0.83314643075579686,0
2020-01-28,201999.9572404022,201999.9572404022,0,0,-0.048715088692867892,0,326.66900177001952,0.063790215770261977,0
2020-01-29,201999.9572404022,201999.9572404022,0,0,-0.048715088692867892,0,326.94600219726561,-0.10125827990992556,0
2020-01-30,201999.9572404022,201999.9572404022,0,0,-0.048715088692867892,0,327.23700256347655,0.1475450349765515,0
2020-01-31,201999.9572404022,201999.9572404022,0,0,-0.048715088692867892,0,327.08000335693362,-1.6730162447291965,0
2020-02-03,201999.9572404022,201999.9572404022,0,0,-0.048715088692867892,0,327.16550292968748,-0.98466155001882216,0
2020-02-04,201999.9572404022,201999.9572404022,0,0,-0.048715088692867892,0,327.43650207519534,0.5396415001048338,0
2020-02-05,201999.9572404022,201999.9572404022,0,0,-0.048715088692867892,0,327.94300079345703,1.6248383862780733,0
2020-02-06,201999.9572404022,201999.9572404022,0,0,-0.048715088692867892,0,328.41950073242185,1.7459758161091363,0
2020-02-07,201999.9572404022,201999.9572404022,0,0,-0.048715088692867892,0,328.69700164794921,1.074738730134956,0
2020-02-10,201999.9572404022,201999.9572404022,0,0,-0.048715088692867892,0,329.1455017089844,1.6134598008994061,0
2020-02-11,201999.9572404022,201999.9572404022,0,0,-0.048715088692867892,0,329.51100158691406,1.5687199564279382,0
2020-02-12,201999.9572404022,201999.9572404022,0,0,-0.048715088692867892,0,330.00950164794921,1.8470189424718,0
2020-02-13,201999.9572404022,201999.9572404022,0,0,-0.048715088692867892,0,330.45300140380857,1.5478289803403014,0
2020-02-14,201999.9572404022,201999.9572404022,0,0,-0.048715088692867892,0,330.78700103759763,1.4991896886356677,0
2020-02-18,201999.9572404022,201999.9572404022,0,0,-0.048715088692867892,0,331.0260009765625,1.2080722608268619,0
2020-02-19,201999.9572404022,201999.9572404022,0,0,-0.048715088692867892,0,331.37800140380858,1.3968652615261237,0
2020-02-20,201999.9572404022,201999.9572404022,0,0,-0.048715088692867892,0,331.65850219726565,1.0315402675554159,0
2020-02-21,201999.9572404022,201999.9572404022,0,0,-0.048715088692867892,0,331.74650268554689,0.33692471000325641,0
2020-02-24,201999.9572404022,201999.9572404022,0,0,-0.048715088692867892,0,331.42900390624999,-1.6372584338797607,0
2020-02-25,201999.9572404022,201999.9572404022,0,0,-0.048715088692867892,0,330.8865036010742,-2.7346244343404678,1
2020-02-26,200175.79423175825,0,642.61892209232178,-0.0090305118553712926,-0.057305678362262857,1,330.11700286865232,-2.3667823868097888,1
2020-02-27,191185.56178726206,0,642.61892209232178,-0.044911686145666208,-0.099643669866958606,1,328.66150360107423,-2.9395513468103958,1
2020-02-28,190382.28813464666,0,642.61892209232178,-0.0042015393061387574,-0.1034265523775435,1,327.09050445556642,-2.4201762652013157,1
2020-03-02,198627.08027617497,0,642.61892209232178,0.043306508301324875,-0.064599086925334004,1,326.45850372314453,-1.3068063048334984,1
2020-03-03,192939.89889342329,0,642.61892209232178,-0.028632457240191589,-0.091381913571380591,1,325.26450347900391,-1.7296707668461015,0
2020-03-04,196619.14204246731,196619.14204246731,0,0.019069374298140263,-0.074055135187213295,0,324.45450286865236,-0.78957593296150641,0
2020-03-05,196619.14204246731,196619.14204246731,0,0,-0.074055135187213295,0,322.93450317382815,-1.3385205396256228,0
2020-03-06,196619.14204246731,196619.14204246731,0,0,-0.074055135187213295,0,321.10850219726564,-1.475176029106098,0
2020-03-09,196619.14204246731,196619.14204246731,0,0,-0.074055135187213295,0,318.21000213623046,-2.3430784764031412,1
2020-03-10,199129.65190264577,0,690.41551429141407,0.012768389863262675,-0.062232310161397519,1,315.89700317382812,-1.4136778894480753,1
2020-03-11,189422.39038748384,0,690.41551429141407,-0.048748448171384351,-0.10794702978629345,1,312.85200195312501,-1.8433772955285679,1
2020-03-12,171298.99367223892,0,690.41551429141407,-0.095677161914024866,-0.19329612625331705,1,308.38650131225586,-2.4700937481088845,1
2020-03-13,185942.7113657179,0,690.41551429141407,0.08548630309818428,-0.12433399439172865,1,304.99950180053713,-1.4338343678569387,1
2020-03-16,165596.16531675754,0,690.41551429141407,-0.10942373540494488,-0.22015263969251309,1,300.11200180053709,-2.194019484162177,0
2020-03-17,169093.82328011675,169093.82328011675,0,0.021121612065525541,-0.20368100627777419,0,295.91550140380861,-1.5421282273800538,0
2020-03-18,169093.82328011675,169093.82328011675,0,0,-0.20368100627777419,0,290.99850158691407,-1.7767973558053962,0
2020-03-19,169093.82328011675,169093.82328011675,0,0,-0.20368100627777419,0,286.17650070190427,-1.5923583519787776,0
2020-03-20,169093.82328011675,169093.82328011675,0,0,-0.20368100627777419,0,280.94250030517577,-1.7908070196044439,0
2020-03-23,169093.82328011675,169093.82328011675,0,0,-0.20368100627777419,0,275.96899948120119,-1.7622289413502206,0
2020-03-24,169093.82328011675,169093.82328011675,0,0,-0.20368100627777419,0,272.49399948120117,-0.98935979948984543,0
2020-03-25,169093.82328011675,169093.82328011675,0,0,-0.20368100627777419,0,269.25849914550781,-0.78169215740037734,0
2020-03-26,169093.82328011675,169093.82328011675,0,0,-0.20368100627777419,0,267.4429992675781,-0.22264772466080734,0
2020-03-27,169093.82328011675,169093.82328011675,0,0,-0.20368100627777419,0,265.30099868774414,-0.43384703882498515,0
2020-03-30,169093.82328011675,169093.82328011675,0,0,-0.20368100627777419,0,262.92899856567385,-0.050200797702860601,0
2020-03-31,169093.82328011675,169093.82328011675,0,0,-0.20368100627777419,0,260.80449905395506,-0.12723334089107569,0
2020-04-01,169093.82328011675,169093.82328011675,0,0,-0.20368100627777419,0,257.46899948120119,-0.53932895060150554,0
2020-04-02,169093.82328011675,169093.82328011675,0,0,-0.20368100627777419,0,254.9375,-0.16992421774990968,0
2020-04-03,169093.82328011675,169093.82328011675,0,0,-0.20368100627777419,0,252.4740005493164,-0.27639612439273537,0
2020-04-06,169093.82328011675,169093.82328011675,0,0,-0.20368100627777419,0,252.00549926757813,0.85883999408649514,0
2020-04-07,169093.82328011675,169093.82328011675,0,0,-0.20368100627777419,0,250.84099884033202,1.112482699355331,0
2020-04-08,169093.82328011675,169093.82328011675,0,0,-0.20368100627777419,0,250.82449951171876,1.8109199960812967,0
2020-04-09,169093.82328011675,169093.82328011675,0,0,-0.20368100627777419,0,252.32900009155273,1.8337501178640805,0
2020-04-13,169093.82328011675,169093.82328011675,0,0,-0.20368100627777419,0,252.64599990844727,1.5816366385722957,0
2020-04-14,169093.82328011675,169093.82328011675,0,0,-0.20368100627777419,0,254.84300003051757,1.8410783153612236,0
2020-04-15,169093.82328011675,169093.82328011675,0,0,-0.20368100627777419,0,256.09100036621095,1.3145983204022147,0
2020-04-16,169093.82328011675,169093.82328011675,0,0,-0.20368100627777419,0,258.04600067138671,1.2550744636769833,0
2020-04-17,169093.82328011675,169093.82328011675,0,0,-0.20368100627777419,0,260.35250167846681,1.5137055229137257,0
2020-04-20,169093.82328011675,169093.82328011675,0,0,-0.20368100627777419,0,262.99200134277345,1.1373355214432004,0
2020-04-21,169093.82328011675,169093.82328011675,0,0,-0.20368100627777419,0,265.49650192260742,0.55311141914275774,0
2020-04-22,169093.82328011675,169093.82328011675,0,0,-0.20368100627777419,0,267.29400253295898,0.91342006967152423,0
2020-04-23,169093.82328011675,169093.82328011675,0,0,-0.20368100627777419,0,268.90850219726565,0.82946160378484868,0
2020-04-24,169093.82328011675,169093.82328011675,0,0,-0.20368100627777419,0,269.99700164794922,1.0383199487735084,0
2020-04-27,169093.82328011675,169093.82328011675,0,0,-0.20368100627777419,0,271.67850112915039,1.2383541213396494,0
2020-04-28,169093.82328011675,169093.82328011675,0,0,-0.20368100627777419,0,272.88250198364256,1.0238031479400607,0
2020-04-29,169093.82328011675,169093.82328011675,0,0,-0.20368100627777419,0,274.65550155639647,1.4508995243478755,0
2020-04-30,169093.82328011675,169093.82328011675,0,0,-0.20368100627777419,0,276.87200241088868,1.1911239824513913,0
2020-05-01,169093.82328011675,169093.82328011675,0,0,-0.20368100627777419,0,278.42000274658204,0.440272542638596,0
2020-05-04,169093.82328011675,169093.82328011675,0,0,-0.20368100627777419,0,280.18900299072266,0.47332715851023399,0
2020-05-05,169093.82328011675,169093.82328011675,0,0,-0.20368100627777419,0,281.25550384521483,0.78082256055832422,0
2020-05-06,169093.82328011675,169093.82328011675,0,0,-0.20368100627777419,0,282.21150360107424,0.39621409263680268,0
2020-05-07,169093.82328011675,169093.82328011675,0,0,-0.20368100627777419,0,282.89400329589841,0.97383813461515223,0
2020-05-08,169093.82328011675,169093.82328011675,0,0,-0.20368100627777419,0,283.60600280761719,1.6969450277043923,0
2020-05-11,169093.82328011675,169093.82328011675,0,0,-0.20368100627777419,0,284.44800262451173,1.5441876159379417,0
2020-05-12,169093.82328011675,169093.82328011675,0,0,-0.20368100627777419,0,284.59200286865234,0.39702443321927083,0
2020-05-13,169093.82328011675,169093.82328011675,0,0,-0.20368100627777419,0,284.78400268554685,-0.6308806042953784,0
2020-05-14,169093.82328011675,169093.82328011675,0,0,-0.20368100627777419,0,285.07750244140624,-0.022048816330339057,0
2020-05-15,169093.82328011675,169093.82328011675,0,0,-0.20368100627777419,0,285.05950164794922,0.25059173855053013,0
2020-05-18,169093.82328011675,169093.82328011675,0,0,-0.20368100627777419,0,285.73000183105466,1.7641747525704201,0
2020-05-19,169093.82328011675,169093.82328011675,0,0,-0.20368100627777419,0,286.67650146484374,1.1660189688641072,0
2020-05-20,169093.82328011675,169093.82328011675,0,0,-0.20368100627777419,0,287.56800079345703,1.9869002393517754,0
2020-05-21,169093.82328011675,169093.82328011675,0,0,-0.20368100627777419,0,288.35800170898438,1.435281930508121,0
2020-05-22,169093.82328011675,169093.82328011675,0,0,-0.20368100627777419,0,288.98150177001952,1.3988776871436461,0
2020-05-26,169093.82328011675,169093.82328011675,0,0,-0.20368100627777419,0,289.5830017089844,1.8673105513604489,0
2020-05-27,169093.82328011675,169093.82328011675,0,0,-0.20368100627777419,0,290.47300109863284,2.2373457144127404,0
2020-05-28,169093.82328011675,169093.82328011675,0,0,-0.20368100627777419,0,290.96100158691405,1.8697045708687792,0
2020-05-29,169093.82328011675,169093.82328011675,0,0,-0.20368100627777419,0,291.65300140380862,1.7970209303118099,0
2020-06-01,169093.82328011675,169093.82328011675,0,0,-0.20368100627777419,0,292.79100036621094,1.7343440762412585,0
2020-06-02,169093.82328011675,169093.82328011675,0,0,-0.20368100627777419,0,294.01649932861329,1.8147570710077601,0
2020-06-03,169093.82328011675,169093.82328011675,0,0,-0.20368100627777419,0,295.31599884033204,1.990217829539751,0
2020-06-04,169093.82328011675,169093.82328011675,0,0,-0.20368100627777419,0,296.67149810791017,1.6770751802651132,0
2020-06-05,169093.82328011675,169093.82328011675,0,0,-0.20368100627777419,0,298.25449829101564,2.1536648025128202,0
2020-06-08,169093.82328011675,169093.82328011675,0,0,-0.20368100627777419,0,299.79249877929686,2.1113368218335937,0
2020-06-09,169093.82328011675,169093.82328011675,0,0,-0.20368100627777419,0,301.20699920654295,1.6533119437849852,0
2020-06-10,169093.82328011675,169093.82328011675,0,0,-0.20368100627777419,0,302.82349853515626,1.3529951255163593,0
2020-06-11,169093.82328011675,169093.82328011675,0,0,-0.20368100627777419,0,303.77399749755858,-0.28911397555387985,0
2020-06-12,169093.82328011675,169093.82328011675,0,0,-0.20368100627777419,0,304.73599700927736,-0.052295049193518413,0
2020-06-15,169093.82328011675,169093.82328011675,0,0,-0.20368100627777419,0,305.77449645996091,0.13972598663317914,0
2020-06-16,169093.82328011675,169093.82328011675,0,0,-0.20368100627777419,0,306.67249603271483,0.70605677120316734,0
2020-06-17,169093.82328011675,169093.82328011675,0,0,-0.20368100627777419,0,307.65699615478513,0.48272158255914721,0
2020-06-18,169093.82328011675,169093.82328011675,0,0,-0.20368100627777419,0,308.39949645996091,0.42485217556173588,0
2020-06-19,169093.82328011675,169093.82328011675,0,0,-0.20368100627777419,0,309.08749694824218,-0.061062881888821308,0
2020-06-22,169093.82328011675,169093.82328011675,0,0,-0.20368100627777419,0,309.84649658203125,0.11670021224452982,0
2020-06-23,169093.82328011675,169093.82328011675,0,0,-0.20368100627777419,0,310.49499664306643,0.25239307165421804,0
2020-06-24,169093.82328011675,169093.82328011675,0,0,-0.20368100627777419,0,310.52299652099612,-1.0493487363497456,0
2020-06-25,169093.82328011675,169093.82328011675,0,0,-0.20368100627777419,0,310.74199676513672,-0.57183608441547895,0
2020-06-26,169093.82328011675,169093.82328011675,0,0,-0.20368100627777419,0,310.52849578857422,-1.6823537764567345,0
2020-06-29,169093.82328011675,169093.82328011675,0,0,-0.20368100627777419,0,310.4739959716797,-0.95819496136953497,0
2020-06-30,169093.82328011675,169093.82328011675,0,0,-0.20368100627777419,0,310.48799591064454,-0.3393228970798593,0
2020-07-01,169093.82328011675,169093.82328011675,0,0,-0.20368100627777419,0,310.40499572753907,0.018371369287072895,0
2020-07-02,169093.82328011675,169093.82328011675,0,0,-0.20368100627777419,0,310.44849700927733,0.28418392596362863,0
2020-07-06,169093.82328011675,169093.82328011675,0,0,-0.20368100627777419,0,310.33399658203126,1.0965449924063575,0
2020-07-07,169093.82328011675,169093.82328011675,0,0,-0.20368100627777419,0,309.86299591064454,0.71987509530759131,0
2020-07-08,169093.82328011675,169093.82328011675,0,0,-0.20368100627777419,0,309.63249511718749,1.294592692509779,0
2020-07-09,169093.82328011675,169093.82328011675,0,0,-0.20368100627777419,0,309.4014953613281,1.0550834105091438,0
2020-07-10,169093.82328011675,169093.82328011675,0,0,-0.20368100627777419,0,310.25049591064453,1.6003774964634905,0
2020-07-13,169093.82328011675,169093.82328011675,0,0,-0.20368100627777419,0,310.78199615478513,0.90788081043662272,0
2020-07-14,169093.82328011675,169093.82328011675,0,0,-0.20368100627777419,0,311.37549743652346,1.5997436531694087,0
2020-07-15,169093.82328011675,169093.82328011675,0,0,-0.20368100627777419,0,311.81999816894529,1.9159930234958493,0
2020-07-16,169093.82328011675,169093.82328011675,0,0,-0.20368100627777419,0,312.27649841308596,1.5237372696853113,0
2020-07-17,169093.82328011675,169093.82328011675,0,0,-0.20368100627777419,0,312.77349853515625,1.5033043368755961,0
2020-07-20,169093.82328011675,169093.82328011675,0,0,-0.20368100627777419,0,313.5574981689453,1.6887851253293591,0
2020-07-21,169093.82328011675,169093.82328011675,0,0,-0.20368100627777419,0,314.27699890136716,1.5786723201768313,0
2020-07-22,169093.82328011675,169093.82328011675,0,0,-0.20368100627777419,0,315.01749877929689,1.6214467427563091,0
2020-07-23,169093.82328011675,169093.82328011675,0,0,-0.20368100627777419,0,315.96099853515625,0.99342156258104941,0
2020-07-24,169093.82328011675,169093.82328011675,0,0,-0.20368100627777419,0,316.63749847412112,0.62094041224444751,0
2020-07-27,169093.82328011675,169093.82328011675,0,0,-0.20368100627777419,0,317.79599914550784,0.93366681785970118,0
2020-07-28,169093.82328011675,169093.82328011675,0,0,-0.20368100627777419,0,318.63150024414062,0.5104946322513314,0
2020-07-29,169093.82328011675,169093.82328011675,0,0,-0.20368100627777419,0,319.46950073242186,1.2373218968111821,0
2020-07-30,169093.82328011675,169093.82328011675,0,0,-0.20368100627777419,0,320.14150085449216,0.91523361027835515,0
2020-07-31,169093.82328011675,169093.82328011675,0,0,-0.20368100627777419,0,320.85599975585939,1.4248866358940191,0
2020-08-03,169093.82328011675,169093.82328011675,0,0,-0.20368100627777419,0,321.44300079345703,1.7375293242300003,0
2020-08-04,169093.82328011675,169093.82328011675,0,0,-0.20368100627777419,0,322.25700073242189,1.8395155941927466,0
2020-08-05,169093.82328011675,169093.82328011675,0,0,-0.20368100627777419,0,323.05350036621093,2.0067798430762269,0
2020-08-06,169093.82328011675,169093.82328011675,0,0,-0.20368100627777419,0,324.05099945068361,2.1930759951244863,0
2020-08-07,169093.82328011675,169093.82328011675,0,0,-0.20368100627777419,0,324.89999999999998,1.9460030441498333,0
2020-08-10,169093.82328011675,169093.82328011675,0,0,-0.20368100627777419,0,325.93650054931641,1.9562477868002366,0
2020-08-11,169093.82328011675,169093.82328011675,0,0,-0.20368100627777419,0,326.6304992675781,1.2682852991108386,0
2020-08-12,169093.82328011675,169093.82328011675,0,0,-0.20368100627777419,0,327.40999908447264,1.9038504231151208,0
2020-08-13,169093.82328011675,169093.82328011675,0,0,-0.20368100627777419,0,328.21199798583984,1.5905576333055824,0
2020-08-14,169093.82328011675,169093.82328011675,0,0,-0.20368100627777419,0,328.96799774169921,1.427728285543882,0
2020-08-17,169093.82328011675,169093.82328011675,0,0,-0.20368100627777419,0,329.64749755859373,1.4414566280858512,0
2020-08-18,169093.82328011675,169093.82328011675,0,0,-0.20368100627777419,0,330.32899780273436,1.3976498168323677,0
2020-08-19,169093.82328011675,169093.82328011675,0,0,-0.20368100627777419,0,330.84749908447264,1.0511181644021723,0
2020-08-20,169093.82328011675,169093.82328011675,0,0,-0.20368100627777419,0,331.61349945068361,1.1120829169124409,0
2020-08-21,169093.82328011675,169093.82328011675,0,0,-0.20368100627777419,0,332.54349975585939,1.2185435252650298,0
2020-08-24,169093.82328011675,169093.82328011675,0,0,-0.20368100627777419,0,333.52850036621095,1.648113203734995,0
2020-08-25,169093.82328011675,169093.82328011675,0,0,-0.20368100627777419,0,334.67599945068361,1.7498866932511898,0
2020-08-26,169093.82328011675,169093.82328011675,0,0,-0.20368100627777419,0,335.79850006103516,2.0936056514046526,0
2020-08-27,169093.82328011675,169093.82328011675,0,0,-0.20368100627777419,0,337.01699981689455,2.0327485360067876,0
2020-08-28,169093.82328011675,169093.82328011675,0,0,-0.20368100627777419,0,338.2199996948242,2.1446405911602007,0
2020-08-31,169093.82328011675,169093.82328011675,0,0,-0.20368100627777419,0,339.24599914550782,1.7293999455937601,0
2020-09-01,169093.82328011675,169093.82328011675,0,0,-0.20368100627777419,0,340.37299957275388,2.0022183793638844,0
2020-09-02,169093.82328011675,169093.82328011675,0,0,-0.20368100627777419,0,341.65250091552736,2.3345095246093632,0
2020-09-03,169093.82328011675,169093.82328011675,0,0,-0.20368100627777419,0,342.20550231933595,0.47490853412503969,0
2020-09-04,169093.82328011675,169093.82328011675,0,0,-0.20368100627777419,0,342.60550231933593,-0.0054838095770836509,0
2020-09-08,169093.82328011675,169093.82328011675,0,0,-0.20368100627777419,0,342.48750152587888,-1.4014964782219461,0
2020-09-09,169093.82328011675,169093.82328011675,0,0,-0.20368100627777419,0,342.83700256347657,-0.48561185761918968,0
2020-09-10,169093.82328011675,169093.82328011675,0,0,-0.20368100627777419,0,342.65950317382811,-1.3550263425300531,0
2020-09-11,169093.82328011675,169093.82328011675,0,0,-0.20368100627777419,0,342.52100372314453,-1.2775248870534788,0
2020-09-14,169093.82328011675,169093.82328011675,0,0,-0.20368100627777419,0,342.60200347900388,-0.63115176527371031,0
2020-09-15,169093.82328011675,169093.82328011675,0,0,-0.20368100627777419,0,342.71500396728516,-0.39153581715546454,0
2020-09-16,169093.82328011675,169093.82328011675,0,0,-0.20368100627777419,0,342.72400360107423,-0.60112403627534483,0
2020-09-17,169093.82328011675,169093.82328011675,0,0,-0.20368100627777419,0,342.65450286865234,-1.0387931263213233,0
2020-09-18,169093.82328011675,169093.82328011675,0,0,-0.20368100627777419,0,342.27300262451172,-1.6581142476581441,0
2020-09-21,169093.82328011675,169093.82328011675,0,0,-0.20368100627777419,0,341.64750213623046,-1.8938355346487186,0
2020-09-22,169093.82328011675,169093.82328011675,0,0,-0.20368100627777419,0,341.01650085449216,-1.3188724745560074,0
2020-09-23,169093.82328011675,169093.82328011675,0,0,-0.20368100627777419,0,339.9425018310547,-1.9192594575858788,0
2020-09-24,169093.82328011675,169093.82328011675,0,0,-0.20368100627777419,0,338.73900146484374,-1.6024720394166756,0
2020-09-25,169093.82328011675,169093.82328011675,0,0,-0.20368100627777419,0,337.75900268554688,-0.95235681940908301,0
2020-09-28,169093.82328011675,169093.82328011675,0,0,-0.20368100627777419,0,336.93950347900392,-0.30431941118714423,0
2020-09-29,169093.82328011675,169093.82328011675,0,0,-0.20368100627777419,0,336.09250335693361,-0.43184403643864061,0
2020-09-30,169093.82328011675,169093.82328011675,0,0,-0.20368100627777419,0,335.20700378417968,-0.040933966315588266,0
2020-10-01,169093.82328011675,169093.82328011675,0,0,-0.20368100627777419,0,334.17400360107422,0.4931696216416962,0
2020-10-02,169093.82328011675,169093.82328011675,0,0,-0.20368100627777419,0,333.59650268554685,0.04672689921848381,0
2020-10-05,169093.82328011675,169093.82328011675,0,0,-0.20368100627777419,0,333.45600280761721,1.2606001268440086,0
2020-10-06,169093.82328011675,169093.82328011675,0,0,-0.20368100627777419,0,333.54200286865233,0.27701024974103194,0
2020-10-07,169093.82328011675,169093.82328011675,0,0,-0.20368100627777419,0,333.59050292968749,1.4126745361007162,0
2020-10-08,169093.82328011675,169093.82328011675,0,0,-0.20368100627777419,0,334.08500213623046,1.7497821819192214,0
2020-10-09,169093.82328011675,169093.82328011675,0,0,-0.20368100627777419,0,334.72450256347656,1.9557901137299729,0
2020-10-12,169093.82328011675,169093.82328011675,0,0,-0.20368100627777419,0,335.4230026245117,2.3377197156840741,0
2020-10-13,169093.82328011675,169093.82328011675,0,0,-0.20368100627777419,0,335.92100219726564,1.7992393497558921,0
2020-10-14,169093.82328011675,169093.82328011675,0,0,-0.20368100627777419,0,336.37650146484373,1.3913881173187528,0
2020-10-15,169093.82328011675,169093.82328011675,0,0,-0.20368100627777419,0,336.9595016479492,1.2188876180239296,0
2020-10-16,169093.82328011675,169093.82328011675,0,0,-0.20368100627777419,0,337.79150238037107,1.0794113530735225,0
2020-10-19,169093.82328011675,169093.82328011675,0,0,-0.20368100627777419,0,338.54350280761719,0.40880460129440532,0
2020-10-20,169093.82328011675,169093.82328011675,0,0,-0.20368100627777419,0,339.1975036621094,0.5026114740947687,0
2020-10-21,169093.82328011675,169093.82328011675,0,0,-0.20368100627777419,0,340.20200347900391,0.3403958919735402,0
2020-10-22,169093.82328011675,169093.82328011675,0,0,-0.20368100627777419,0,341.25750274658202,0.52315530032763591,0
2020-10-23,169093.82328011675,169093.82328011675,0,0,-0.20368100627777419,0,342.11000213623049,0.63394649687554472,0
2020-10-26,169093.82328011675,169093.82328011675,0,0,-0.20368100627777419,0,342.37000274658203,-0.53800579692884087,0
2020-10-27,169093.82328011675,169093.82328011675,0,0,-0.20368100627777419,0,342.66250305175782,-0.86371257535263368,0
2020-10-28,169093.82328011675,169093.82328011675,0,0,-0.20368100627777419,0,342.25100250244139,-2.5959903068242549,1
2020-10-29,170595.47390854606,0,516.98729689300558,0.0088805764710975232,-0.19660923455863666,1,341.89800262451172,-1.8364481411972553,1
2020-10-30,168817.03634505809,0,516.98729689300558,-0.010424881286366205,-0.20498448791492563,1,341.53300323486326,-2.1091853392747772,1
2020-11-02,170709.21174495053,0,516.98729689300558,0.011208438679286337,-0.19607360529863871,1,341.05500335693358,-1.443284559360116,1
2020-11-03,173723.24074386866,0,516.98729689300558,0.017655924762989716,-0.18187954135880979,1,341.11000366210936,-0.67914951832643855,1
2020-11-04,177605.8203922392,0,516.98729689300558,0.022349224155303826,-0.16359518384259786,1,341.24900360107421,0.30555027789473022,0
2020-11-05,180461.36219895011,180461.36219895011,0,0.016077974248842164,-0.15014748874681161,0,341.57200317382814,1.1205579813195119,0
2020-11-06,180461.36219895011,180461.36219895011,0,0,-0.15014748874681161,0,341.73750305175781,1.0687612616650186,0
2020-11-09,180461.36219895011,180461.36219895011,0,0,-0.15014748874681161,0,341.84400329589846,1.5821351480118402,0
2020-11-10,180461.36219895011,180461.36219895011,0,0,-0.15014748874681161,0,342.03950347900388,1.4492857818292475,0
2020-11-11,180461.36219895011,180461.36219895011,0,0,-0.15014748874681161,0,342.47650451660155,1.6139420397354185,0
2020-11-12,180461.36219895011,180461.36219895011,0,0,-0.15014748874681161,0,342.76200408935546,1.1555004665071174,0
2020-11-13,180461.36219895011,180461.36219895011,0,0,-0.15014748874681161,0,343.30250396728513,1.541051607929234,0
2020-11-16,180461.36219895011,180461.36219895011,0,0,-0.15014748874681161,0,344.33050384521482,1.7420485072461058,0
2020-11-17,180461.36219895011,180461.36219895011,0,0,-0.15014748874681161,0,345.19250335693357,1.3961494801769097,0
2020-11-18,180461.36219895011,180461.36219895011,0,0,-0.15014748874681161,0,345.87000274658203,0.92196971559306751,0
2020-11-19,180461.36219895011,180461.36219895011,0,0,-0.15014748874681161,0,346.52850341796875,0.97173840970666769,0
2020-11-20,180461.36219895011,180461.36219895011,0,0,-0.15014748874681161,0,347.00600280761716,0.7093966001884201,0
2020-11-23,180461.36219895011,180461.36219895011,0,0,-0.15014748874681161,0,347.90950164794924,0.80880591319097106,0
2020-11-24,180461.36219895011,180461.36219895011,0,0,-0.15014748874681161,0,349.15950164794924,1.1680806619079802,0
2020-11-25,180461.36219895011,180461.36219895011,0,0,-0.15014748874681161,0,350.9595016479492,1.0446143166371642,0
2020-11-27,180461.36219895011,180461.36219895011,0,0,-0.15014748874681161,0,352.64400177001954,1.0576005997903533,0
2020-11-30,180461.36219895011,180461.36219895011,0,0,-0.15014748874681161,0,354.42000122070311,0.87695096325787392,0
2020-12-01,180461.36219895011,180461.36219895011,0,0,-0.15014748874681161,0,356.21100006103518,1.3859696255066722,0
2020-12-02,180461.36219895011,180461.36219895011,0,0,-0.15014748874681161,0,357.74900054931641,1.574898854268705,0
2020-12-03,180461.36219895011,180461.36219895011,0,0,-0.15014748874681161,0,358.9065002441406,1.5408183969799416,0
2020-12-04,180461.36219895011,180461.36219895011,0,0,-0.15014748874681161,0,359.88700103759766,1.9249085191194282,0
2020-12-07,180461.36219895011,180461.36219895011,0,0,-0.15014748874681161,0,360.83350067138673,1.6383284509472764,0
2020-12-08,180461.36219895011,180461.36219895011,0,0,-0.15014748874681161,0,361.61400146484374,1.6411765429986478,0
2020-12-09,180461.36219895011,180461.36219895011,0,0,-0.15014748874681161,0,362.25450134277344,0.91415600384212903,0
2020-12-10,180461.36219895011,180461.36219895011,0,0,-0.15014748874681161,0,362.75750122070315,0.80321802385774266,0
2020-12-11,180461.36219895011,180461.36219895011,0,0,-0.15014748874681161,0,363.41200103759763,0.64413758074192928,0
2020-12-14,180461.36219895011,180461.36219895011,0,0,-0.15014748874681161,0,363.74000091552733,0.21297077434292394,0
2020-12-15,180461.36219895011,180461.36219895011,0,0,-0.15014748874681161,0,364.09100036621095,1.2240978925945054,0
2020-12-16,180461.36219895011,180461.36219895011,0,0,-0.15014748874681161,0,364.56850128173829,1.2166298399132343,0
2020-12-17,180461.36219895011,180461.36219895011,0,0,-0.15014748874681161,0,365.36650085449219,1.5343237474396971,0
2020-12-18,180461.36219895011,180461.36219895011,0,0,-0.15014748874681161,0,365.93650054931641,0.77328551766985376,0
2020-12-21,180461.36219895011,180461.36219895011,0,0,-0.15014748874681161,0,366.56300048828126,0.37819519686456199,0
2020-12-22,180461.36219895011,180461.36219895011,0,0,-0.15014748874681161,0,367.05200042724607,0.069099978155689051,0
2020-12-23,180461.36219895011,180461.36219895011,0,0,-0.15014748874681161,0,367.26950073242188,0.11667822556475102,0
2020-12-24,180461.36219895011,180461.36219895011,0,0,-0.15014748874681161,0,367.58650054931638,0.59624079850231715,0
2020-12-28,180461.36219895011,180461.36219895011,0,0,-0.15014748874681161,0,368.01150054931639,1.7383041289402876,0
2020-12-29,180461.36219895011,180461.36219895011,0,0,-0.15014748874681161,0,368.48150024414065,1.4320833929565804,0
2020-12-30,180461.36219895011,180461.36219895011,0,0,-0.15014748874681161,0,368.7800003051758,1.5050124875990722,0
2020-12-31,180461.36219895011,180461.36219895011,0,0,-0.15014748874681161,0,369.13450012207034,2.0187339650553997,0
