date,equity,cash,shares,daily_return,drawdown,exposure,close_signal_mean,close_signal_z,next_session_long
2002-01-02,100000,100000,0,0,0,0,117.02595012664796,-0.21236082008556151,0
2002-01-03,100000,100000,0,0,0,0,117.02190010070801,-0.025822985034507993,0
2002-01-04,100000,100000,0,0,0,0,117.02160011291504,0.084949319932245845,1
2002-01-07,99176.270865120619,0,849.1846055969595,-0.0082372913487938071,-0.0082372913487938071,1,117.03050010681153,-0.034148195666745332,0
2002-01-08,99125.68272968808,99125.68272968808,0,-0.00051008305707866963,-0.0087431727031191953,0,117.02635009765625,-0.071895966017072307,0
2002-01-09,99125.68272968808,99125.68272968808,0,0,-0.0087431727031191953,0,117.03320011138916,-0.20781803562760234,0
2002-01-10,99125.68272968808,99125.68272968808,0,0,-0.0087431727031191953,0,117.05230010986328,-0.13824841758228468,0
2002-01-11,99125.68272968808,99125.68272968808,0,0,-0.0087431727031191953,0,117.0714001083374,-0.30353050395289044,0
2002-01-14,99125.68272968808,99125.68272968808,0,0,-0.0087431727031191953,0,117.07010009765625,-0.40585101224739351,0
2002-01-15,99125.68272968808,99125.68272968808,0,0,-0.0087431727031191953,0,117.06615009307862,-0.27282421197203721,0
2002-01-16,99125.68272968808,99125.68272968808,0,0,-0.0087431727031191953,0,117.03870010375977,-0.60016855486760901,0
2002-01-17,99125.68272968808,99125.68272968808,0,0,-0.0087431727031191953,0,117.03185009002685,-0.47809237189911696,0
2002-01-18,99125.68272968808,99125.68272968808,0,0,-0.0087431727031191953,0,117.02020008087158,-0.55003364457942028,0
2002-01-22,99125.68272968808,99125.68272968808,0,0,-0.0087431727031191953,0,116.99860008239746,-0.65710706337768598,0
2002-01-23,99125.68272968808,99125.68272968808,0,0,-0.0087431727031191953,0,116.99375011444091,-0.53415571776099491,0
2002-01-24,99125.68272968808,99125.68272968808,0,0,-0.0087431727031191953,0,117.00970012664794,-0.48753351355021646,0
2002-01-25,99125.68272968808,99125.68272968808,0,0,-0.0087431727031191953,0,117.02320014953614,-0.4943668627613329,0
2002-01-28,99125.68272968808,99125.68272968808,0,0,-0.0087431727031191953,0,117.0172501373291,-0.44925671179346144,0
2002-01-29,99125.68272968808,99125.68272968808,0,0,-0.0087431727031191953,0,117.0021501159668,-0.95499694870184759,0
2002-01-30,99125.68272968808,99125.68272968808,0,0,-0.0087431727031191953,0,116.98870014190673,-0.72645366668112676,0
2002-01-31,99125.68272968808,99125.68272968808,0,0,-0.0087431727031191953,0,116.97135013580322,-0.53768651428742564,0
2002-02-01,99125.68272968808,99125.68272968808,0,0,-0.0087431727031191953,0,116.95095012664795,-0.6093898504571249,0
2002-02-04,99125.68272968808,99125.68272968808,0,0,-0.0087431727031191953,0,116.90595012664795,-0.99741820065558406,0
2002-02-05,99125.68272968808,99125.68272968808,0,0,-0.0087431727031191953,0,116.86380012512207,-1.0843918725128436,0
2002-02-06,99125.68272968808,99125.68272968808,0,0,-0.0087431727031191953,0,116.81100009918212,-1.139782799717086,0
2002-02-07,99125.68272968808,99125.68272968808,0,0,-0.0087431727031191953,0,116.73110008239746,-1.222643494274096,0
2002-02-08,99125.68272968808,99125.68272968808,0,0,-0.0087431727031191953,0,116.65330005645752,-0.92285727713394916,0
2002-02-11,99125.68272968808,99125.68272968808,0,0,-0.0087431727031191953,0,116.58800006866456,-0.72511729521511614,0
2002-02-12,99125.68272968808,99125.68272968808,0,0,-0.0087431727031191953,0,116.53225006103516,-0.76665344826796944,0
2002-02-13,99125.68272968808,99125.68272968808,0,0,-0.0087431727031191953,0,116.48570003509522,-0.59409694946214697,0
2002-02-14,99125.68272968808,99125.68272968808,0,0,-0.0087431727031191953,0,116.43015003204346,-0.61665030221177441,0
2002-02-15,99125.68272968808,99125.68272968808,0,0,-0.0087431727031191953,0,116.36600002288819,-0.77358762293797323,0
2002-02-19,99125.68272968808,99125.68272968808,0,0,-0.0087431727031191953,0,116.28090003967286,-1.0641797538456603,0
2002-02-20,99125.68272968808,99125.68272968808,0,0,-0.0087431727031191953,0,116.20055000305176,-0.7969355871908449,0
2002-02-21,99125.68272968808,99125.68272968808,0,0,-0.0087431727031191953,0,116.10680000305176,-1.1120996804392205,0
2002-02-22,99125.68272968808,99125.68272968808,0,0,-0.0087431727031191953,0,116.02090000152587,-0.91242861875196846,0
2002-02-25,99125.68272968808,99125.68272968808,0,0,-0.0087431727031191953,0,115.95209999084473,-0.64590530815860958,0
2002-02-26,99125.68272968808,99125.68272968808,0,0,-0.0087431727031191953,0,115.87150001525879,-0.6710992301456139,0
2002-02-27,99125.68272968808,99125.68272968808,0,0,-0.0087431727031191953,0,115.79855003356934,-0.60138237007309958,0
2002-02-28,99125.68272968808,99125.68272968808,0,0,-0.0087431727031191953,0,115.72340003967285,-0.66603101148916544,0
2002-03-01,99125.68272968808,99125.68272968808,0,0,-0.0087431727031191953,0,115.66385002136231,-0.28160024106275977,0
2002-03-04,99125.68272968808,99125.68272968808,0,0,-0.0087431727031191953,0,115.61250003814698,0.020243491860224172,1
2002-03-05,99118.094117910645,0,859.05786511859537,-7.6555455341797973e-05,-0.0088190588208935106,1,115.56365001678466,-0.027173258170757331,0
2002-03-06,98827.120184849889,98827.120184849889,0,-0.0029356288137927233,-0.011728798151501074,0,115.52040000915527,0.18289224568903639,1
2002-03-07,98052.907268744166,0,841.65585638407003,-0.0078340127149066907,-0.019470927312558395,1,115.4729999923706,0.1536857022979759,1
2002-03-08,98465.316840401472,0,841.65585638407003,0.0042059902469486765,-0.015346831595985266,1,115.41319999694824,0.2383753162252274,1
2002-03-11,98675.730804497492,0,841.65585638407003,0.0021369348197708415,-0.013242691955025032,1,115.35365001678467,0.28825310365740259,1
2002-03-12,98616.815151403585,0,841.65585638407003,-0.00059706325571218244,-0.013831848485964193,1,115.29079998016357,0.29065064364354121,1
2002-03-13,97665.746345366439,0,841.65585638407003,-0.0096440835630008381,-0.023342536546335668,1,115.21275001525879,0.13005236052569388,1
2002-03-14,97531.078326109186,0,841.65585638407003,-0.001378866432669601,-0.024689216738908115,1,115.13475002288818,0.11913033994668405,1
2002-03-15,98457.745019929818,278.58808846312718,841.65585638407003,0.0095012452412572834,-0.01542254980070179,0.99717048071325687,115.07175003051758,0.25553756135690486,1
2002-03-18,98474.575311674678,278.58808846312718,841.65585638407003,0.00017093923633382246,-0.015254246883253164,0.9971709643064578,115.00694999694824,0.27305560238321919,1
2002-03-19,99131.065852242318,278.58808846312718,841.65585638407003,0.0066665993581573879,-0.0086893414775768285,0.99718969945427227,114.95369995117187,0.4145312297869565,1
2002-03-20,97271.007180192479,278.58808846312718,841.65585638407003,-0.018763630311635193,-0.027289928198075186,0.99713595966013746,114.89449993133545,0.057965975470310252,1
2002-03-21,97313.092541541511,278.58808846312718,841.65585638407003,0.00043266089834004262,-0.026869074584584873,0.99713719828250025,114.8444499206543,0.075330413200166368,1
2002-03-22,97102.678577445506,278.58808846312718,841.65585638407003,-0.0021622369467518832,-0.028973214225544996,0.99713099481348555,114.78989994049073,0.042664617733695988,1
2002-03-25,95899.110445963292,278.58808846312718,841.65585638407003,-0.01239479846606184,-0.04100889554036713,0.99709498777238281,114.72429992675781,-0.19208305526003111,0
2002-03-26,95774.585694804278,95774.585694804278,0,-0.0012984974582134212,-0.042254143051957183,0,114.65894992828369,-0.067858225027131444,0
2002-03-27,95774.585694804278,95774.585694804278,0,0,-0.042254143051957183,0,114.58779991149902,-0.0031541014053778097,0
2002-03-28,95774.585694804278,95774.585694804278,0,0,-0.042254143051957183,0,114.52174987792969,-0.00031498515523771704,0
2002-04-01,95774.585694804278,95774.585694804278,0,0,-0.042254143051957183,0,114.45364986419678,0.021227410932518658,1
2002-04-02,95692.128198889637,0,839.84663988487625,-0.00086095382523920794,-0.043078718011103634,1,114.38834987640381,-0.082895790878608044,0
2002-04-03,95702.041748777046,95702.041748777046,0,0.00010359838446483138,-0.042979582512229553,0,114.32354988098145,-0.22142610154638503,0
2002-04-04,95702.041748777046,95702.041748777046,0,0,-0.042979582512229553,0,114.25749988555908,-0.30048257594486683,0
2002-04-05,95702.041748777046,95702.041748777046,0,0,-0.042979582512229553,0,114.19694988250733,-0.28807248272488545,0
2002-04-08,95702.041748777046,95702.041748777046,0,0,-0.042979582512229553,0,114.1515998840332,-0.23480859260411369,0
2002-04-09,95702.041748777046,95702.041748777046,0,0,-0.042979582512229553,0,114.10304988861084,-0.37928188776074556,0
2002-04-10,95702.041748777046,95702.041748777046,0,0,-0.042979582512229553,0,114.06379989624024,-0.12692642772310342,0
2002-04-11,95702.041748777046,95702.041748777046,0,0,-0.042979582512229553,0,114.00779987335206,-0.66656171047129797,0
2002-04-12,95702.041748777046,95702.041748777046,0,0,-0.042979582512229553,0,113.9527498626709,-0.49702736189492552,0
2002-04-15,95702.041748777046,95702.041748777046,0,0,-0.042979582512229553,0,113.8864998626709,-0.6563379856969237,0
2002-04-16,95702.041748777046,95702.041748777046,0,0,-0.042979582512229553,0,113.83824985504151,-0.12731620330009932,0
2002-04-17,95702.041748777046,95702.041748777046,0,0,-0.042979582512229553,0,113.79444984436036,-0.16748471096580592,0
2002-04-18,95702.041748777046,95702.041748777046,0,0,-0.042979582512229553,0,113.74904983520508,-0.25825517432724504,0
2002-04-19,95702.041748777046,95702.041748777046,0,0,-0.042979582512229553,0,113.7060498046875,-0.16780858437324439,0
2002-04-22,95702.041748777046,95702.041748777046,0,0,-0.042979582512229553,0,113.65029979705811,-0.54202011558459318,0
2002-04-23,95702.041748777046,95702.041748777046,0,0,-0.042979582512229553,0,113.58989978790284,-0.6325498399854439,0
2002-04-24,95702.041748777046,95702.041748777046,0,0,-0.042979582512229553,0,113.51629981994628,-0.85473282530575234,0
2002-04-25,95702.041748777046,95702.041748777046,0,0,-0.042979582512229553,0,113.4431498336792,-0.83582005649499302,0
2002-04-26,95702.041748777046,95702.041748777046,0,0,-0.042979582512229553,0,113.37169982910156,-1.2628640568043186,0
2002-04-29,95702.041748777046,95702.041748777046,0,0,-0.042979582512229553,0,113.31074981689453,-1.3604635096587585,0
2002-04-30,95702.041748777046,95702.041748777046,0,0,-0.042979582512229553,0,113.25154983520508,-1.138574700850129,0
2002-05-01,95702.041748777046,95702.041748777046,0,0,-0.042979582512229553,0,113.20614982604981,-0.85107954524147889,0
2002-05-02,95702.041748777046,95702.041748777046,0,0,-0.042979582512229553,0,113.15804985046387,-0.93047043068388335,0
2002-05-03,95702.041748777046,95702.041748777046,0,0,-0.042979582512229553,0,113.08999984741212,-1.170222801758783,0
2002-05-06,95702.041748777046,95702.041748777046,0,0,-0.042979582512229553,0,113.00614986419677,-1.6054473001625151,0
2002-05-07,95702.041748777046,95702.041748777046,0,0,-0.042979582512229553,0,112.92809986114501,-1.667275968617054,0
2002-05-08,95702.041748777046,95702.041748777046,0,0,-0.042979582512229553,0,112.86394989013672,-0.82694528955299074,0
2002-05-09,95702.041748777046,95702.041748777046,0,0,-0.042979582512229553,0,112.79764987945556,-1.0882375371446824,0
2002-05-10,95702.041748777046,95702.041748777046,0,0,-0.042979582512229553,0,112.71589988708496,-1.5148320282564232,0
2002-05-13,95702.041748777046,95702.041748777046,0,0,-0.042979582512229553,0,112.64854991912841,-1.0410458984930502,0
2002-05-14,95702.041748777046,95702.041748777046,0,0,-0.042979582512229553,0,112.60489994049072,-0.52169066089294092,0
2002-05-15,95702.041748777046,95702.041748777046,0,0,-0.042979582512229553,0,112.56484992980957,-0.60840390813362777,0
2002-05-16,95702.041748777046,95702.041748777046,0,0,-0.042979582512229553,0,112.52114994049072,-0.47603840474655473,0
2002-05-17,95702.041748777046,95702.041748777046,0,0,-0.042979582512229553,0,112.47389995574952,-0.34919682277424574,0
2002-05-20,95702.041748777046,95702.041748777046,0,0,-0.042979582512229553,0,112.41834995269775,-0.6078004612897715,0
2002-05-21,95702.041748777046,95702.041748777046,0,0,-0.042979582512229553,0,112.35759994506836,-0.82380275499217548,0
2002-05-22,95702.041748777046,95702.041748777046,0,0,-0.042979582512229553,0,112.29554996490478,-0.76256618621539685,0
2002-05-23,95702.041748777046,95702.041748777046,0,0,-0.042979582512229553,0,112.23549995422363,-0.49118813923150911,0
2002-05-24,95702.041748777046,95702.041748777046,0,0,-0.042979582512229553,0,112.16589996337891,-0.80984551234862356,0
2002-05-28,95702.041748777046,95702.041748777046,0,0,-0.042979582512229553,0,112.09669994354248,-0.9414590785252348,0
2002-05-29,95702.041748777046,95702.041748777046,0,0,-0.042979582512229553,0,112.03169994354248,-1.1216380835148336,0
2002-05-30,95702.041748777046,95702.041748777046,0,0,-0.042979582512229553,0,111.96284996032715,-1.1851194128660765,0
2002-05-31,95702.041748777046,95702.041748777046,0,0,-0.042979582512229553,0,111.90629997253419,-1.1224887587908063,0
2002-06-03,95702.041748777046,95702.041748777046,0,0,-0.042979582512229553,0,111.83374999999999,-1.7859383930458042,0
2002-06-04,95702.041748777046,95702.041748777046,0,0,-0.042979582512229553,0,111.76044998168945,-1.7073547547147088,0
2002-06-05,95702.041748777046,95702.041748777046,0,0,-0.042979582512229553,0,111.69189998626709,-1.4605306050048301,0
2002-06-06,95702.041748777046,95702.041748777046,0,0,-0.042979582512229553,0,111.61284999847412,-1.9552969233992525,0
2002-06-07,95702.041748777046,95702.041748777046,0,0,-0.042979582512229553,0,111.53834999084472,-1.9596240246840178,0
2002-06-10,95702.041748777046,95702.041748777046,0,0,-0.042979582512229553,0,111.46379997253418,-1.8437914818407795,0
2002-06-11,95702.041748777046,95702.041748777046,0,0,-0.042979582512229553,0,111.38984996795654,-2.2316520852540429,0
2002-06-12,95702.041748777046,95702.041748777046,0,0,-0.042979582512229553,0,111.31359996795655,-2.056830099156612,0
2002-06-13,95702.041748777046,95702.041748777046,0,0,-0.042979582512229553,0,111.24224998474121,-2.2595317868473779,0
2002-06-14,95702.041748777046,95702.041748777046,0,0,-0.042979582512229553,0,111.16415000915528,-2.2572767212387173,0
2002-06-17,95702.041748777046,95702.041748777046,0,0,-0.042979582512229553,0,111.10175003051758,-1.6098964293376521,0
2002-06-18,95702.041748777046,95702.041748777046,0,0,-0.042979582512229553,0,111.03150005340576,-1.4025716979212637,0
2002-06-19,95702.041748777046,95702.041748777046,0,0,-0.042979582512229553,0,110.95255004882813,-1.9464686363970591,0
2002-06-20,95702.041748777046,95702.041748777046,0,0,-0.042979582512229553,0,110.87570003509522,-2.2128930199674572,0
2002-06-21,95702.041748777046,95702.041748777046,0,0,-0.042979582512229553,0,110.79440002441406,-2.5984869359467289,0
2002-06-24,95702.041748777046,95702.041748777046,0,0,-0.042979582512229553,0,110.72680004119873,-2.4309754656613141,0
2002-06-25,95702.041748777046,95702.041748777046,0,0,-0.042979582512229553,0,110.64385002136231,-2.8548073269574696,0
2002-06-26,95702.041748777046,95702.041748777046,0,0,-0.042979582512229553,0,110.5653500366211,-2.7514750358322755,0
2002-06-27,95702.041748777046,95702.041748777046,0,0,-0.042979582512229553,0,110.49400005340576,-2.3397370064316063,0
2002-06-28,95702.041748777046,95702.041748777046,0,0,-0.042979582512229553,0,110.4349500656128,-2.3915363468591768,0
2002-07-01,95702.041748777046,95702.041748777046,0,0,-0.042979582512229553,0,110.37650005340576,-2.7298888331279514,0
2002-07-02,95702.041748777046,95702.041748777046,0,0,-0.042979582512229553,0,110.30110004425049,-3.0611320030038045,0
2002-07-03,95702.041748777046,95702.041748777046,0,0,-0.042979582512229553,0,110.25715003967285,-2.8924286041599538,0
2002-07-05,95702.041748777046,95702.041748777046,0,0,-0.042979582512229553,0,110.23345001220703,-2.1259316604856111,0
2002-07-08,95702.041748777046,95702.041748777046,0,0,-0.042979582512229553,0,110.21405002593994,-2.3459441346528886,0
2002-07-09,95702.041748777046,95702.041748777046,0,0,-0.042979582512229553,0,110.19850002288818,-2.798968151303296,0
2002-07-10,95702.041748777046,95702.041748777046,0,0,-0.042979582512229553,0,110.17270004272461,-3.4114991695673802,0
2002-07-11,95702.041748777046,95702.041748777046,0,0,-0.042979582512229553,0,110.13355007171631,-3.2030542351103377,0
2002-07-12,95702.041748777046,95702.041748777046,0,0,-0.042979582512229553,0,110.08405006408691,-3.308911497479798,0
2002-07-15,95702.041748777046,95702.041748777046,0,0,-0.042979582512229553,0,110.03880004882812,-3.1504271053250528,0
2002-07-16,95702.041748777046,95702.041748777046,0,0,-0.042979582512229553,0,109.98025005340577,-3.3728330298960181,0
2002-07-17,95702.041748777046,95702.041748777046,0,0,-0.042979582512229553,0,109.91175003051758,-3.2477910224689688,0
2002-07-18,95702.041748777046,95702.041748777046,0,0,-0.042979582512229553,0,109.82940006256104,-3.6155435324276981,0
2002-07-19,95702.041748777046,95702.041748777046,0,0,-0.042979582512229553,0,109.72505004882812,-3.9464545052468756,0
2002-07-22,95702.041748777046,95702.041748777046,0,0,-0.042979582512229553,0,109.59930004119873,-4.1342593800425442,0
2002-07-23,95702.041748777046,95702.041748777046,0,0,-0.042979582512229553,0,109.46185001373291,-4.2475036554405916,0
2002-07-24,95702.041748777046,95702.041748777046,0,0,-0.042979582512229553,0,109.34930000305175,-3.4387405157923254,0
2002-07-25,95702.041748777046,95702.041748777046,0,0,-0.042979582512229553,0,109.23665000915527,-3.4197674324915233,0
2002-07-26,95702.041748777046,95702.041748777046,0,0,-0.042979582512229553,0,109.13485000610352,-3.112125920796827,0
2002-07-29,95702.041748777046,95702.041748777046,0,0,-0.042979582512229553,0,109.04209999084473,-2.5079187252315163,0
2002-07-30,95702.041748777046,95702.041748777046,0,0,-0.042979582512229553,0,108.94680000305176,-2.3116756344612117,0
2002-07-31,95702.041748777046,95702.041748777046,0,0,-0.042979582512229553,0,108.8551000213623,-2.2427943433836046,0
2002-08-01,95702.041748777046,95702.041748777046,0,0,-0.042979582512229553,0,108.7525,-2.4916667585861223,0
2002-08-02,95702.041748777046,95702.041748777046,0,0,-0.042979582512229553,0,108.63650001525879,-2.6761258913785348,0
2002-08-05,95702.041748777046,95702.041748777046,0,0,-0.042979582512229553,0,108.51709999084473,-2.9638845432659262,0
2002-08-06,95702.041748777046,95702.041748777046,0,0,-0.042979582512229553,0,108.41294998168945,-2.5700378880663943,0
2002-08-07,95702.041748777046,95702.041748777046,0,0,-0.042979582512229553,0,108.31669998168945,-2.3477610564323141,0
2002-08-08,95702.041748777046,95702.041748777046,0,0,-0.042979582512229553,0,108.22409996032715,-1.98614492537261,0
2002-08-09,95702.041748777046,95702.041748777046,0,0,-0.042979582512229553,0,108.13599994659424,-1.9189478959097777,0
2002-08-12,95702.041748777046,95702.041748777046,0,0,-0.042979582512229553,0,108.04599994659424,-1.9656659037055983,0
2002-08-13,95702.041748777046,95702.041748777046,0,0,-0.042979582512229553,0,107.93799995422363,-2.1158324307842706,0
2002-08-14,95702.041748777046,95702.041748777046,0,0,-0.042979582512229553,0,107.84749996185303,-1.7303513580169398,0
2002-08-15,95702.041748777046,95702.041748777046,0,0,-0.042979582512229553,0,107.77774997711181,-1.571073524829492,0
2002-08-16,95702.041748777046,95702.041748777046,0,0,-0.042979582512229553,0,107.71304996490478,-1.5847947324977787,0
2002-08-19,95702.041748777046,95702.041748777046,0,0,-0.042979582512229553,0,107.6610499572754,-1.3348594254377573,0
2002-08-20,95702.041748777046,95702.041748777046,0,0,-0.042979582512229553,0,107.59044994354248,-1.4297622549152214,0
2002-08-21,95702.041748777046,95702.041748777046,0,0,-0.042979582512229553,0,107.52294994354249,-1.2700718011587731,0
2002-08-22,95702.041748777046,95702.041748777046,0,0,-0.042979582512229553,0,107.45294994354248,-1.1586025582794413,0
2002-08-23,95702.041748777046,95702.041748777046,0,0,-0.042979582512229553,0,107.36394992828369,-1.3672396520404695,0
2002-08-26,95702.041748777046,95702.041748777046,0,0,-0.042979582512229553,0,107.27899993896484,-1.2829898750396809,0
2002-08-27,95702.041748777046,95702.041748777046,0,0,-0.042979582512229553,0,107.18679996490478,-1.3849742488467796,0
2002-08-28,95702.041748777046,95702.041748777046,0,0,-0.042979582512229553,0,107.08369995117188,-1.5843266623364227,0
2002-08-29,95702.041748777046,95702.041748777046,0,0,-0.042979582512229553,0,106.98424995422363,-1.5610153808885019,0
2002-08-30,95702.041748777046,95702.041748777046,0,0,-0.042979582512229553,0,106.87039993286133,-1.5794366019869011,0
2002-09-03,95702.041748777046,95702.041748777046,0,0,-0.042979582512229553,0,106.73849990844727,-1.9172373385996144,0
2002-09-04,95702.041748777046,95702.041748777046,0,0,-0.042979582512229553,0,106.611849899292,-1.7624770523838604,0
2002-09-05,95702.041748777046,95702.041748777046,0,0,-0.042979582512229553,0,106.48394989013671,-1.8154566600476767,0
2002-09-06,95702.041748777046,95702.041748777046,0,0,-0.042979582512229553,0,106.35509990692138,-1.669163718106929,0
2002-09-09,95702.041748777046,95702.041748777046,0,0,-0.042979582512229553,0,106.23439990997315,-1.5824110855641298,0
2002-09-10,95702.041748777046,95702.041748777046,0,0,-0.042979582512229553,0,106.12269989013672,-1.4598363137097357,0
2002-09-11,95702.041748777046,95702.041748777046,0,0,-0.042979582512229553,0,105.99994987487793,-1.5001031787412706,0
2002-09-12,95702.041748777046,95702.041748777046,0,0,-0.042979582512229553,0,105.86754985809326,-1.6490355386254143,0
2002-09-13,95702.041748777046,95702.041748777046,0,0,-0.042979582512229553,0,105.73874984741211,-1.6072208347670101,0
2002-09-16,95702.041748777046,95702.041748777046,0,0,-0.042979582512229553,0,105.6214998626709,-1.566038662058538,0
2002-09-17,95702.041748777046,95702.041748777046,0,0,-0.042979582512229553,0,105.48629985809326,-1.7478314008195213,0
2002-09-18,95702.041748777046,95702.041748777046,0,0,-0.042979582512229553,0,105.35079982757568,-1.8097503491516818,0
2002-09-19,95702.041748777046,95702.041748777046,0,0,-0.042979582512229553,0,105.20744979858398,-1.9997032285001139,0
2002-09-20,95702.041748777046,95702.041748777046,0,0,-0.042979582512229553,0,105.05274978637695,-2.0031611420422406,0
2002-09-23,95702.041748777046,95702.041748777046,0,0,-0.042979582512229553,0,104.88404979705811,-2.0393546162517318,0
2002-09-24,95702.041748777046,95702.041748777046,0,0,-0.042979582512229553,0,104.70889980316161,-2.1351461103150444,0
2002-09-25,95702.041748777046,95702.041748777046,0,0,-0.042979582512229553,0,104.54784980773925,-1.9136818289713806,0
2002-09-26,95702.041748777046,95702.041748777046,0,0,-0.042979582512229553,0,104.40459983825684,-1.759383657840103,0
2002-09-27,95702.041748777046,95702.041748777046,0,0,-0.042979582512229553,0,104.24759983062744,-2.0089626497403312,0
2002-09-30,95702.041748777046,95702.041748777046,0,0,-0.042979582512229553,0,104.08514984130859,-2.0656039970073024,0
2002-10-01,95702.041748777046,95702.041748777046,0,0,-0.042979582512229553,0,103.95344985961914,-1.6795840057547156,0
2002-10-02,95702.041748777046,95702.041748777046,0,0,-0.042979582512229553,0,103.80354988098145,-1.8887764948186623,0
2002-10-03,95702.041748777046,95702.041748777046,0,0,-0.042979582512229553,0,103.64359985351562,-1.9369782969084401,0
2002-10-04,95702.041748777046,95702.041748777046,0,0,-0.042979582512229553,0,103.47269985198974,-2.0423166013855725,0
2002-10-07,95702.041748777046,95702.041748777046,0,0,-0.042979582512229553,0,103.2893998336792,-2.1573210171979902,0
2002-10-08,95702.041748777046,95702.041748777046,0,0,-0.042979582512229553,0,103.11799983978271,-2.0156648394135828,0
2002-10-09,95702.041748777046,95702.041748777046,0,0,-0.042979582512229553,0,102.93374984741212,-2.1800735887865761,0
2002-10-10,95702.041748777046,95702.041748777046,0,0,-0.042979582512229553,0,102.76324981689453,-1.9299432273803476,0
2002-10-11,95702.041748777046,95702.041748777046,0,0,-0.042979582512229553,0,102.60724983215331,-1.6029840130455792,0
2002-10-14,95702.041748777046,95702.041748777046,0,0,-0.042979582512229553,0,102.45009983062744,-1.5444911233693845,0
2002-10-15,95702.041748777046,95702.041748777046,0,0,-0.042979582512229553,0,102.31359981536865,-1.1798698702257815,0
2002-10-16,95702.041748777046,95702.041748777046,0,0,-0.042979582512229553,0,102.17484981536865,-1.3516210003547342,0
2002-10-17,95702.041748777046,95702.041748777046,0,0,-0.042979582512229553,0,102.03854980468751,-1.190792058427695,0
2002-10-18,95702.041748777046,95702.041748777046,0,0,-0.042979582512229553,0,101.89754981994629,-1.1475319311203989,0
2002-10-21,95702.041748777046,95702.041748777046,0,0,-0.042979582512229553,0,101.76029979705811,-1.0053582921219208,0
2002-10-22,95702.041748777046,95702.041748777046,0,0,-0.042979582512229553,0,101.62394977569581,-1.0514923467966615,0
2002-10-23,95702.041748777046,95702.041748777046,0,0,-0.042979582512229553,0,101.49234977722168,-0.98274735960504012,0
2002-10-24,95702.041748777046,95702.041748777046,0,0,-0.042979582512229553,0,101.35629978179932,-1.131668523115698,0
2002-10-25,95702.041748777046,95702.041748777046,0,0,-0.042979582512229553,0,101.22689975738525,-0.96192703131904567,0
2002-10-28,95702.041748777046,95702.041748777046,0,0,-0.042979582512229553,0,101.10024974822998,-1.0034222692472317,0
2002-10-29,95702.041748777046,95702.041748777046,0,0,-0.042979582512229553,0,100.97199974060058,-1.0834241459757297,0
2002-10-30,95702.041748777046,95702.041748777046,0,0,-0.042979582512229553,0,100.84339973449707,-0.9984165469616314,0
2002-10-31,95702.041748777046,95702.041748777046,0,0,-0.042979582512229553,0,100.72189971923828,-1.0672811570423959,0
2002-11-01,95702.041748777046,95702.041748777046,0,0,-0.042979582512229553,0,100.60489971160888,-0.90503675377622683,0
2002-11-04,95702.041748777046,95702.041748777046,0,0,-0.042979582512229553,0,100.49479969024658,-0.82118743250987092,0
2002-11-05,95702.041748777046,95702.041748777046,0,0,-0.042979582512229553,0,100.39219966888427,-0.75004135141423933,0
2002-11-06,95702.041748777046,95702.041748777046,0,0,-0.042979582512229553,0,100.29124965667725,-0.63807894068629811,0
2002-11-07,95702.041748777046,95702.041748777046,0,0,-0.042979582512229553,0,100.17714965820312,-0.83008969986648495,0
2002-11-08,95702.041748777046,95702.041748777046,0,0,-0.042979582512229553,0,100.05764965057374,-0.91866447174365906,0
2002-11-11,95702.041748777046,95702.041748777046,0,0,-0.042979582512229553,0,99.929649658203118,-1.0311560713758761,0
2002-11-12,95702.041748777046,95702.041748777046,0,0,-0.042979582512229553,0,99.823049659729008,-0.95967862604878651,0
2002-11-13,95702.041748777046,95702.041748777046,0,0,-0.042979582512229553,0,99.708949661254877,-0.94222987854375662,0
2002-11-14,95702.041748777046,95702.041748777046,0,0,-0.042979582512229553,0,99.596699676513666,-0.78538605302562192,0
2002-11-15,95702.041748777046,95702.041748777046,0,0,-0.042979582512229553,0,99.490449676513677,-0.71811527951712506,0
2002-11-18,95702.041748777046,95702.041748777046,0,0,-0.042979582512229553,0,99.393599700927737,-0.79161545399474054,0
2002-11-19,95702.041748777046,95702.041748777046,0,0,-0.042979582512229553,0,99.299549713134766,-0.79416685004350429,0
2002-11-20,95702.041748777046,95702.041748777046,0,0,-0.042979582512229553,0,99.217899742126463,-0.60885072219009184,0
2002-11-21,95702.041748777046,95702.041748777046,0,0,-0.042979582512229553,0,99.14824974060059,-0.45019665232757949,0
2002-11-22,95702.041748777046,95702.041748777046,0,0,-0.042979582512229553,0,99.064899749755853,-0.50329057973682856,0
2002-11-25,95702.041748777046,95702.041748777046,0,0,-0.042979582512229553,0,98.975099754333499,-0.4911417230043838,0
2002-11-26,95702.041748777046,95702.041748777046,0,0,-0.042979582512229553,0,98.878149757385259,-0.64280026726832495,0
2002-11-27,95702.041748777046,95702.041748777046,0,0,-0.042979582512229553,0,98.788199768066406,-0.40500703315730896,0
2002-11-29,95702.041748777046,95702.041748777046,0,0,-0.042979582512229553,0,98.69779979705811,-0.42516544696421837,0
2002-12-02,95702.041748777046,95702.041748777046,0,0,-0.042979582512229553,0,98.613999786376951,-0.4051602050990516,0
2002-12-03,95702.041748777046,95702.041748777046,0,0,-0.042979582512229553,0,98.534549789428709,-0.51257600557644312,0
2002-12-04,95702.041748777046,95702.041748777046,0,0,-0.042979582512229553,0,98.443849792480464,-0.54359932384784893,0
2002-12-05,95702.041748777046,95702.041748777046,0,0,-0.042979582512229553,0,98.359499778747562,-0.62909475240651702,0
2002-12-06,95702.041748777046,95702.041748777046,0,0,-0.042979582512229553,0,98.2714497756958,-0.5676691463463045,0
2002-12-09,95702.041748777046,95702.041748777046,0,0,-0.042979582512229553,0,98.161699790954586,-0.78941457716047514,0
2002-12-10,95702.041748777046,95702.041748777046,0,0,-0.042979582512229553,0,98.059099769592279,-0.67233254184888813,0
2002-12-11,95702.041748777046,95702.041748777046,0,0,-0.042979582512229553,0,97.954749755859382,-0.65732930916165222,0
2002-12-12,95702.041748777046,95702.041748777046,0,0,-0.042979582512229553,0,97.852849731445318,-0.65061283969311889,0
2002-12-13,95702.041748777046,95702.041748777046,0,0,-0.042979582512229553,0,97.730849723815922,-0.77375363412138221,0
2002-12-16,95702.041748777046,95702.041748777046,0,0,-0.042979582512229553,0,97.610349731445311,-0.5530546224863202,0
2002-12-17,95702.041748777046,95702.041748777046,0,0,-0.042979582512229553,0,97.487699737548823,-0.61955781074885519,0
2002-12-18,95702.041748777046,95702.041748777046,0,0,-0.042979582512229553,0,97.352949752807618,-0.70988215600491122,0
2002-12-19,95702.041748777046,95702.041748777046,0,0,-0.042979582512229553,0,97.216249771118157,-0.76230790416562688,0
2002-12-20,95702.041748777046,95702.041748777046,0,0,-0.042979582512229553,0,97.081249771118166,-0.6762000427332352,0
2002-12-23,95702.041748777046,95702.041748777046,0,0,-0.042979582512229553,0,96.945149765014648,-0.66583615689378095,0
2002-12-24,95702.041748777046,95702.041748777046,0,0,-0.042979582512229553,0,96.806049766540525,-0.72283948768398065,0
2002-12-26,95702.041748777046,95702.041748777046,0,0,-0.042979582512229553,0,96.67279975891114,-0.71138722181892844,0
2002-12-27,95702.041748777046,95702.041748777046,0,0,-0.042979582512229553,0,96.530299758911127,-0.89997999365889336,0
2002-12-30,95702.041748777046,95702.041748777046,0,0,-0.042979582512229553,0,96.387599754333493,-0.8208823416862997,0
2002-12-31,95702.041748777046,95702.041748777046,0,0,-0.042979582512229553,0,96.245399780273431,-0.80178700819291626,0
2003-01-02,95702.041748777046,95702.041748777046,0,0,-0.042979582512229553,0,96.113499794006344,-0.50997375366596676,0
2003-01-03,95702.041748777046,95702.041748777046,0,0,-0.042979582512229553,0,95.994049797058111,-0.47379219904401326,0
2003-01-06,95702.041748777046,95702.041748777046,0,0,-0.042979582512229553,0,95.882399787902827,-0.30102478776270569,0
2003-01-07,95702.041748777046,95702.041748777046,0,0,-0.042979582512229553,0,95.770849800109858,-0.3162562789741204,0
2003-01-08,95702.041748777046,95702.041748777046,0,0,-0.042979582512229553,0,95.659749794006345,-0.44773112062873871,0
2003-01-09,95702.041748777046,95702.041748777046,0,0,-0.042979582512229553,0,95.552449798583979,-0.29030717850026083,0
2003-01-10,95702.041748777046,95702.041748777046,0,0,-0.042979582512229553,0,95.444899787902827,-0.25502705008922211,0
2003-01-13,95702.041748777046,95702.041748777046,0,0,-0.042979582512229553,0,95.337449798583989,-0.24932656677796691,0
2003-01-14,95702.041748777046,95702.041748777046,0,0,-0.042979582512229553,0,95.231249809265137,-0.20767876966867729,0
2003-01-15,95702.041748777046,95702.041748777046,0,0,-0.042979582512229553,0,95.123549804687499,-0.30060450435625818,0
2003-01-16,95702.041748777046,95702.041748777046,0,0,-0.042979582512229553,0,95.017949790954589,-0.33413473763747709,0
2003-01-17,95702.041748777046,95702.041748777046,0,0,-0.042979582512229553,0,94.907899818420404,-0.47784452674911526,0
2003-01-21,95702.041748777046,95702.041748777046,0,0,-0.042979582512229553,0,94.790699806213382,-0.629007419631602,0
2003-01-22,95702.041748777046,95702.041748777046,0,0,-0.042979582512229553,0,94.666899795532231,-0.74450743202807468,0
2003-01-23,95702.041748777046,95702.041748777046,0,0,-0.042979582512229553,0,94.549749794006345,-0.67527157013813266,0
2003-01-24,95702.041748777046,95702.041748777046,0,0,-0.042979582512229553,0,94.41459976196289,-0.93829356496089844,0
2003-01-27,95702.041748777046,95702.041748777046,0,0,-0.042979582512229553,0,94.287649765014649,-1.0678425569350374,0
2003-01-28,95702.041748777046,95702.041748777046,0,0,-0.042979582512229553,0,94.159699783325195,-0.98647978608990128,0
2003-01-29,95702.041748777046,95702.041748777046,0,0,-0.042979582512229553,0,94.039249801635748,-0.90200490376887033,0
2003-01-30,95702.041748777046,95702.041748777046,0,0,-0.042979582512229553,0,93.895399818420415,-1.1408402323877918,0
2003-01-31,95702.041748777046,95702.041748777046,0,0,-0.042979582512229553,0,93.760899810791017,-0.93864887321163926,0
2003-02-03,95702.041748777046,95702.041748777046,0,0,-0.042979582512229553,0,93.629699821472173,-0.91204416736059279,0
2003-02-04,95702.041748777046,95702.041748777046,0,0,-0.042979582512229553,0,93.49219982147217,-1.0117018615235858,0
2003-02-05,95702.041748777046,95702.041748777046,0,0,-0.042979582512229553,0,93.361449813842768,-1.0713389893322955,0
2003-02-06,95702.041748777046,95702.041748777046,0,0,-0.042979582512229553,0,93.231099815368651,-1.1149671689561689,0
2003-02-07,95702.041748777046,95702.041748777046,0,0,-0.042979582512229553,0,93.101149787902827,-1.2377030105137965,0
2003-02-10,95702.041748777046,95702.041748777046,0,0,-0.042979582512229553,0,92.973849792480465,-1.1549299228464849,0
2003-02-11,95702.041748777046,95702.041748777046,0,0,-0.042979582512229553,0,92.85404979705811,-1.2202964246530716,0
2003-02-12,95702.041748777046,95702.041748777046,0,0,-0.042979582512229553,0,92.730249786376959,-1.3813325537572896,0
2003-02-13,95702.041748777046,95702.041748777046,0,0,-0.042979582512229553,0,92.602699775695797,-1.3393249463254309,0
2003-02-14,95702.041748777046,95702.041748777046,0,0,-0.042979582512229553,0,92.477549781799311,-1.0975509918160913,0
2003-02-18,95702.041748777046,95702.041748777046,0,0,-0.042979582512229553,0,92.36189975738526,-0.8958846274946205,0
2003-02-19,95702.041748777046,95702.041748777046,0,0,-0.042979582512229553,0,92.249899749755855,-0.94856220563864879,0
2003-02-20,95702.041748777046,95702.041748777046,0,0,-0.042979582512229553,0,92.144199752807623,-1.0538581051202067,0
2003-02-21,95702.041748777046,95702.041748777046,0,0,-0.042979582512229553,0,92.044599761962886,-0.93094150056633218,0
2003-02-24,95702.041748777046,95702.041748777046,0,0,-0.042979582512229553,0,91.918549766540522,-1.1124622332576684,0
2003-02-25,95702.041748777046,95702.041748777046,0,0,-0.042979582512229553,0,91.802149772644043,-1.0141679486265989,0
2003-02-26,95702.041748777046,95702.041748777046,0,0,-0.042979582512229553,0,91.689749755859381,-1.1756852980054826,0
2003-02-27,95702.041748777046,95702.041748777046,0,0,-0.042979582512229553,0,91.572099723815924,-1.0166772242060509,0
2003-02-28,95702.041748777046,95702.041748777046,0,0,-0.042979582512229553,0,91.44549972534179,-0.93441066656734018,0
2003-03-03,95702.041748777046,95702.041748777046,0,0,-0.042979582512229553,0,91.316999702453614,-1.0470542774736955,0
2003-03-04,95702.041748777046,95702.041748777046,0,0,-0.042979582512229553,0,91.178949699401855,-1.2404178083238937,0
2003-03-05,95702.041748777046,95702.041748777046,0,0,-0.042979582512229553,0,91.041699676513673,-1.1379078697042087,0
2003-03-06,95702.041748777046,95702.041748777046,0,0,-0.042979582512229553,0,90.906949691772468,-1.2425424122160715,0
2003-03-07,95702.041748777046,95702.041748777046,0,0,-0.042979582512229553,0,90.780049705505377,-1.1540771746394403,0
2003-03-10,95702.041748777046,95702.041748777046,0,0,-0.042979582512229553,0,90.641949691772467,-1.4636501199703493,0
2003-03-11,95702.041748777046,95702.041748777046,0,0,-0.042979582512229553,0,90.494049682617188,-1.5938371737890218,0
2003-03-12,95702.041748777046,95702.041748777046,0,0,-0.042979582512229553,0,90.355899658203128,-1.509353313143931,0
2003-03-13,95702.041748777046,95702.041748777046,0,0,-0.042979582512229553,0,90.234699668884275,-1.0543732726296291,0
2003-03-14,95702.041748777046,95702.041748777046,0,0,-0.042979582512229553,0,90.118849639892574,-1.0084125249716029,0
2003-03-17,95702.041748777046,95702.041748777046,0,0,-0.042979582512229553,0,90.017749633789066,-0.5561612259540496,0
2003-03-18,95702.041748777046,95702.041748777046,0,0,-0.042979582512229553,0,89.918099632263178,-0.46143390143144541,0
2003-03-19,95702.041748777046,95702.041748777046,0,0,-0.042979582512229553,0,89.836049613952639,-0.33475869358570765,0
2003-03-20,95702.041748777046,95702.041748777046,0,0,-0.042979582512229553,0,89.753649635314943,-0.29123542609961878,0
2003-03-21,95702.041748777046,95702.041748777046,0,0,-0.042979582512229553,0,89.673949623107916,-0.00073305158130961912,0
2003-03-24,95702.041748777046,95702.041748777046,0,0,-0.042979582512229553,0,89.590099639892571,-0.54666474701543966,0
2003-03-25,95702.041748777046,95702.041748777046,0,0,-0.042979582512229553,0,89.510999641418451,-0.38166138611301609,0
2003-03-26,95702.041748777046,95702.041748777046,0,0,-0.042979582512229553,0,89.427699661254877,-0.45845101664479121,0
2003-03-27,95702.041748777046,95702.041748777046,0,0,-0.042979582512229553,0,89.353649673461916,-0.43673741943596078,0
2003-03-28,95702.041748777046,95702.041748777046,0,0,-0.042979582512229553,0,89.27429965972901,-0.51687524685878616,0
2003-03-31,95702.041748777046,95702.041748777046,0,0,-0.042979582512229553,0,89.190249633789065,-0.90924955318918488,0
2003-04-01,95702.041748777046,95702.041748777046,0,0,-0.042979582512229553,0,89.113449630737307,-0.63735276669979923,0
2003-04-02,95702.041748777046,95702.041748777046,0,0,-0.042979582512229553,0,89.033449630737309,-0.19419109496469014,0
2003-04-03,95702.041748777046,95702.041748777046,0,0,-0.042979582512229553,0,88.947099609375002,-0.27306604917509253,0
2003-04-04,95702.041748777046,95702.041748777046,0,0,-0.042979582512229553,0,88.875599632263189,-0.14683787108760568,0
2003-04-07,95702.041748777046,95702.041748777046,0,0,-0.042979582512229553,0,88.809799652099613,-0.17352278687973136,0
2003-04-08,95702.041748777046,95702.041748777046,0,0,-0.042979582512229553,0,88.75434967041015,-0.13077282340004423,0
2003-04-09,95702.041748777046,95702.041748777046,0,0,-0.042979582512229553,0,88.690499649047851,-0.39112198230598877,0
2003-04-10,95702.041748777046,95702.041748777046,0,0,-0.042979582512229553,0,88.640249671936033,-0.26914309933046698,0
2003-04-11,95702.041748777046,95702.041748777046,0,0,-0.042979582512229553,0,88.587399673461917,-0.34627242675406628,0
2003-04-14,95702.041748777046,95702.041748777046,0,0,-0.042979582512229553,0,88.534999656677243,0.10173026058021543,1
2003-04-15,96665.307210853949,0,1076.6908946889496,0.010065255082075675,-0.033346927891460543,1,88.489099655151364,0.32168446993507505,1
2003-04-16,95017.971456299798,0,1076.6908946889496,-0.017041644019822444,-0.04982028543700201,1,88.44519966125489,-0.049205568932788067,0
2003-04-17,95023.273382190688,95023.273382190688,0,5.5799190507022089e-05,-0.049767266178093128,0,88.418149642944343,0.28975037739943016,1
2003-04-21,94752.833863998574,0,1056.9194896962345,-0.0028460345404476284,-0.052471661360014243,1,88.388849639892584,0.32257634754259351,1
2003-04-22,96539.022318299278,0,1056.9194896962345,0.018851029372530137,-0.034609776817007276,1,88.348999633789063,0.77929783395990238,1
2003-04-23,97426.838882745127,0,1056.9194896962345,0.0091964528242125532,-0.025731611172548741,1,88.319549636840819,1.0197720663998582,1
2003-04-24,96560.165223740434,0,1056.9194896962345,-0.0088956356271371329,-0.034398347762595649,1,88.298349647521974,0.81502078219120389,1
2003-04-25,95365.84910329977,0,1056.9194896962345,-0.012368621342696562,-0.046341508967002287,1,88.288899650573725,0.51772765178801228,1
2003-04-28,97014.640926856053,0,1056.9194896962345,0.017289122249310784,-0.02985359073143945,1,88.283499641418459,0.93670387428838453,1
2003-04-29,97352.854841012624,0,1056.9194896962345,0.0034862151828358723,-0.02647145158987374,1,88.284799652099608,1.0214890601735456,1
2003-04-30,97141.474168535686,0,1056.9194896962345,-0.0021712837576478572,-0.028585258314643092,1,88.28264968872071,0.96922659588696269,1
2003-05-01,97130.9027158151,0,1056.9194896962345,-0.00010882532729783456,-0.028690972841848961,1,88.289349708557125,0.96340801017223043,1
2003-05-02,98515.464666947315,0,1056.9194896962345,0.014254597789368439,-0.014845353330526834,1,88.301699714660643,1.3054347799794854,1
2003-05-05,98325.218836255764,0,1056.9194896962345,-0.0019311265630702623,-0.016747811637442322,1,88.327849693298333,1.2457756502535522,1
2003-05-06,99255.313147928144,0,1056.9194896962345,0.0094593668102715966,-0.0074468685207185192,1,88.373849716186527,1.4622134267003628,1
2003-05-07,98705.71049763888,0,1056.9194896962345,-0.0055372617632080123,-0.012942895023611234,1,88.429799728393562,1.3132059143358654,1
2003-05-08,97712.203596954569,0,1056.9194896962345,-0.010065343693646533,-0.022877964030454279,1,88.492299728393562,1.0583300801208648,1
2003-05-09,99065.067317236593,0,1056.9194896962345,0.013845391573219956,-0.009349326827634119,1,88.537349739074713,1.3854045597736144,1
2003-05-12,100280.51827946265,0,1056.9194896962345,0.012269218556464567,0,1,88.591749725341799,1.6720512443835329,1
2003-05-13,100100.84390149167,0,1056.9194896962345,-0.0017917176840895888,-0.0017917176840895888,1,88.637299728393558,1.6067849409357264,1
2003-05-14,99889.463229014742,0,1056.9194896962345,-0.0021116772270665107,-0.0038996113817253431,1,88.660999755859379,1.5387099951972121,1
2003-05-15,100523.61331010133,0,1056.9194896962345,0.0063485182579536836,0,1,88.681849746704103,1.6805435477059776,1
2003-05-16,100269.95489039784,0,1056.9194896962345,-0.0025233714880600333,-0.0025233714880600333,1,88.700399742126464,1.6041798363887754,1
2003-05-19,97923.592333087276,0,1056.9194896962345,-0.023400454900725842,-0.025864778348081763,1,88.719749755859368,1.0192485440081351,1
2003-05-20,97722.77504967514,0,1056.9194896962345,-0.002050754865375648,-0.02786249089341819,1,88.748099746704099,0.9609909850680658,1
2003-05-21,97923.592333087276,0,1056.9194896962345,0.0020549691032623052,-0.025864778348081763,1,88.792499771118159,1.000356104242849,1
2003-05-22,98895.956328330431,0,1056.9194896962345,0.0099298235703573212,-0.016191787463407215,1,88.827399787902834,1.2262365352020594,1
2003-05-23,99096.773611742552,0,1056.9194896962345,0.0020305914505283074,-0.014194074918071009,1,88.85569980621338,1.26306519652662,1
2003-05-27,100830.12092975192,0,1056.9194896962345,0.017491460668543679,0,1,88.877949829101567,1.6691252728078458,1
2003-05-28,101115.48564396136,0,1056.9194896962345,0.0028301534459951316,0,1,88.899849815368654,1.7213200538980726,1
2003-05-29,100851.25577153731,0,1056.9194896962345,-0.0026131494176315773,-0.0026131494176315773,1,88.923849792480468,1.6412277746054109,1
2003-05-30,102468.34130058762,0,1056.9194896962345,0.01603436185974294,0,1,88.96374977111816,1.9973689619962018,1
2003-06-02,102891.11070919727,0,1056.9194896962345,0.0041258539295514485,0,1,88.989399757385257,2.0717766057982128,1
2003-06-03,103313.88011780691,0,1056.9194896962345,0.0041089012033752592,0,1,89.010649757385252,2.1471500413315265,1
2003-06-04,104804.14046883339,0,1056.9194896962345,0.0144245898937021,0,1,89.040349769592282,2.4549415689966003,1
2003-06-05,105322.02876096092,0,1056.9194896962345,0.0049414869470880696,0,1,89.061599769592291,2.5418599013503629,1
2003-06-06,104909.83080507185,0,1056.9194896962345,-0.0039136917579188912,-0.0039136917579188912,1,89.085949783325191,2.4162505326807033,1
2003-06-09,103842.33986265503,0,1056.9194896962345,-0.010175318501850161,-0.014049187199614233,1,89.098449783325194,2.1613981530153517,1
2003-06-10,104899.25935235126,0,1056.9194896962345,0.010178117048345925,-0.0040140644230199918,1,89.111299781799318,2.3794779019597572,1
2003-06-11,106009.02804199462,0,1056.9194896962345,0.010579375836350824,0,1,89.139799804687499,2.5856465452420818,1
2003-06-12,106336.67050343061,0,1056.9194896962345,0.0030907033814722151,0,1,89.16654979705811,2.6184584010835903,1
2003-06-13,105226.90181378725,0,1056.9194896962345,-0.01043636860538677,-0.01043636860538677,1,89.193549766540528,2.3466811169991426,1
2003-06-16,107446.43919307397,0,1056.9194896962345,0.021092870178906153,0,1,89.241349792480463,2.7599198799521552,1
2003-06-17,107446.43919307397,0,1056.9194896962345,0,0,1,89.288949813842777,2.7012821855905518,1
2003-06-18,107351.31224590031,0,1056.9194896962345,-0.00088534294750075571,-0.00088534294750075571,1,89.337899818420411,2.6262010573154733,1
2003-06-19,105713.08381140883,0,1056.9194896962345,-0.015260441630549737,-0.016132273853677215,1,89.396599807739264,2.2518612793088471,1
2003-06-20,105480.56765205404,380.49101629064438,1056.9194896962345,-0.0021995021899994249,-0.018296293072005754,0.99639278565938549,89.446099815368655,2.0949407917987859,1
2003-06-23,104402.50525691666,380.49101629064438,1056.9194896962345,-0.010220483441969686,-0.028329779553583623,0.99635553749065386,89.494299812316896,1.854867972854515,1
2003-06-24,104508.19559315512,380.49101629064438,1056.9194896962345,0.0010123352497948268,-0.027346123538249834,0.99635922317736803,89.536899795532221,1.8507122957900113,1
2003-06-25,103461.84755617946,380.49101629064438,1056.9194896962345,-0.010012114657964588,-0.037084445671898614,0.99632240265104444,89.571249771118161,1.6289255003903818,1
2003-06-26,104804.13982374092,380.49101629064438,1056.9194896962345,0.012973789848790274,-0.024591781627914311,0.99636950394392287,89.606749801635743,1.8659498484238533,1
2003-06-27,103599.25225057968,380.49101629064438,1056.9194896962345,-0.011496564689024824,-0.035805625308635403,0.99632728028412465,89.639399833679192,1.6175882963151937,1
2003-06-30,103567.53789241794,380.49101629064438,1056.9194896962345,-0.00030612535778762329,-0.036100789656564602,0.99632615562720162,89.680299835205076,1.5930379373890684,1
2003-07-01,104518.76704587571,380.49101629064438,1056.9194896962345,0.0091846265037782704,-0.027247735422273323,0.99635959142032704,89.724599838256836,1.7508681242703059,1
2003-07-02,105829.34495527542,380.49101629064438,1056.9194896962345,0.012539163505674189,-0.015050235726218331,0.99640467380336295,89.773999824523926,1.9681720219213203,1
2003-07-03,104740.71917107321,380.49101629064438,1056.9194896962345,-0.010286615538084187,-0.025182035275629344,0.99636730567345844,89.828549804687498,1.7418428142627684,1
2003-07-07,106812.28040323914,380.49101629064438,1056.9194896962345,0.019777993206084865,-0.0059020921921412173,0.99643775963911441,89.897299804687506,2.0898718968271282,1
2003-07-08,107287.89901179592,380.49101629064438,1056.9194896962345,0.0044528457473356209,-0.0014755275509238386,0.99645355142755832,89.979549827575681,2.1414194647740299,1
2003-07-09,106685.45522521529,380.49101629064438,1056.9194896962345,-0.0056152072333375269,-0.00708244939128444,0.99643352493095316,90.060699844360357,2.0020467375353674,1
2003-07-10,105332.59956858904,380.49101629064438,1056.9194896962345,-0.01268078815214646,-0.019673426503101665,0.99638771835263706,90.1388998413086,1.7367758896642751,1
2003-07-11,106326.09840561757,380.49101629064438,1056.9194896962345,0.0094320166890173862,-0.010426969901191629,0.99642147109697254,90.228549842834468,1.8913468183611366,1
2003-07-14,106843.99476140089,380.49101629064438,1056.9194896962345,0.0048708300553605977,-0.0056069278442120174,0.99643881701409298,90.310449867248536,1.9555100401756911,1
2003-07-15,106611.47118348279,380.49101629064438,1056.9194896962345,-0.0021762905667965793,-0.0077710161068325068,0.9964310499417478,90.384349861145026,1.8867835102102799,1
2003-07-16,105987.88449146101,380.49101629064438,1056.9194896962345,-0.0058491519261427705,-0.013574714179145908,0.99641005178925612,90.470199851989747,1.7561017098740996,1
2003-07-17,104487.06075136973,380.49101629064438,1056.9194896962345,-0.014160333016291049,-0.027542824722059267,0.9963584867489379,90.553749847412107,1.4782561733472726,1
2003-07-18,105554.55169378655,380.49101629064438,1056.9194896962345,0.01021648934078967,-0.017607726356457687,0.9963953139851851,90.622699851989751,1.645383455109827,1
2003-07-21,104254.53717345164,380.49101629064438,1056.9194896962345,-0.01231604416364962,-0.029706912984679756,0.99635036491833817,90.698349838256831,1.4034582814515342,1
2003-07-22,105195.19487418883,380.49101629064438,1056.9194896962345,0.0090227027642182378,-0.020952246866364765,0.99638300003393021,90.782649841308597,1.5526055915215471,1
2003-07-23,105269.17891592134,380.49101629064438,1056.9194896962345,0.00070330248278915874,-0.020263680150816699,0.99638554209115149,90.874849815368648,1.552467916555792,1
2003-07-24,104476.48929864916,380.49101629064438,1056.9194896962345,-0.0075301206434345014,-0.027641212838035556,0.99635811828244913,90.971649818420417,1.4052484188389949,1
2003-07-25,106315.53501655276,380.49101629064438,1056.9194896962345,0.017602483872200425,-0.010525282969024663,0.9964211155384638,91.070949821472169,1.7162110846084939,1
2003-07-28,105924.47190244908,380.49101629064438,1056.9194896962345,-0.0036783252235226271,-0.014164892778717575,0.99640790263612489,91.17974983215332,1.6399894836897677,1
2003-07-29,105438.2899048275,380.49101629064438,1056.9194896962345,-0.004589893051997751,-0.018689770487767987,0.99639133926931012,91.27359985351562,1.5416193390013426,1
2003-07-30,105184.63148512403,380.49101629064438,1056.9194896962345,-0.0024057524067625513,-0.021050559934197688,0.99638263678905925,91.348599853515623,1.4804691163907782,1
2003-07-31,105427.71845210693,380.49101629064438,1056.9194896962345,0.0023110502318703929,-0.018788158603744276,0.99639097742152605,91.422399864196777,1.5075786367544584,1
2003-08-01,104497.63220409032,380.49101629064438,1056.9194896962345,-0.0088220276571679968,-0.027444436606082756,0.99635885514087508,91.471449890136725,1.3267715623633136,1
2003-08-04,104497.63220409032,380.49101629064438,1056.9194896962345,0,-0.027444436606082756,0.99635885514087508,91.531249885559077,1.3126332982985314,1
2003-08-05,102288.66627752419,380.49101629064438,1056.9194896962345,-0.021138908891752517,-0.048003200052833872,0.99628022311623154,91.571999893188476,0.91081868224104279,1
2003-08-06,102880.54667504001,380.49101629064438,1056.9194896962345,0.005786373202970152,-0.042494591280306304,0.99630162330403949,91.613699913024902,1.0063940179758928,1
2003-08-07,103958.60100652163,380.49101629064438,1056.9194896962345,0.010478699485207521,-0.032461179846871691,0.99633997559983734,91.652849922180181,1.1863432986281142,1
2003-08-08,104254.53717345164,380.49101629064438,1056.9194896962345,0.0028466732340064471,-0.029706912984679756,0.99635036491833817,91.696649932861334,1.2263225855067517,1
2003-08-11,104645.60028755532,380.49101629064438,1056.9194896962345,0.0037510416784360956,-0.026067303174986733,0.99636400369203204,91.738899955749517,1.2822959791201411,1
2003-08-12,105596.82944101309,380.49101629064438,1056.9194896962345,0.0090900061812813071,-0.017214248940695454,0.9963967571914345,91.794849967956537,1.4328762374788655,1
2003-08-13,105057.7982434444,380.49101629064438,1056.9194896962345,-0.0051046153603484523,-0.022230992181484388,0.99637826965106435,91.839049987792976,1.324887585395742,1
2003-08-14,105343.16295765384,380.49101629064438,1056.9194896962345,0.0027162639897342356,-0.019575113435268743,0.99638808057772488,91.887549972534174,1.3598551750448788,1
2003-08-15,105670.81348274559,380.49101629064438,1056.9194896962345,0.0031103159986136664,-0.016525682225147498,0.99639927995488775,91.942799987792966,1.4008768940916008,1
2003-08-18,106579.76488897682,380.49101629064438,1056.9194896962345,0.0086017262125046567,-0.0080661054066184512,0.99642998821880491,91.998050003051759,1.5392932310233238,1
2003-08-19,106981.39139214532,380.49101629064438,1056.9194896962345,0.0037683185320109835,-0.0043281825290923948,0.99644339065570819,92.059750022888181,1.5884906978107216,1
2003-08-20,106548.05053081509,380.49101629064438,1056.9194896962345,-0.0040506190440335876,-0.0083612697545475401,0.99642892559371044,92.110650024414056,1.4971859195570867,1
2003-08-21,106886.26444497165,380.49101629064438,1056.9194896962345,0.003174285333908955,-0.0052135254765932615,0.99644022533422394,92.158850021362298,1.5369000363862411,1
2003-08-22,105829.34495527542,380.49101629064438,1056.9194896962345,-0.0098882629604888361,-0.015050235726218331,0.99640467380336295,92.198450012207033,1.3452063895309414,1
2003-08-25,105998.45594418158,380.49101629064438,1056.9194896962345,0.0015979593276103099,-0.013476326063169508,0.99641040982246942,92.232900009155273,1.3612081240578591,1
2003-08-26,106188.70177487315,380.49101629064438,1056.9194896962345,0.0017947981316988049,-0.011705715216311141,0.99641684086978188,92.27965000152588,1.3783816659687147,1
2003-08-27,106220.4080693791,380.49101629064438,1056.9194896962345,0.00029858444425823194,-0.011410625916525419,0.99641791042600658,92.332099990844725,1.3686822261485994,1
2003-08-28,106875.70105590684,380.49101629064438,1056.9194896962345,0.006169181595496509,-0.005311838544426295,0.99643987349293162,92.394599990844725,1.4604010292529435,1
2003-08-29,107594.40663144652,380.49101629064438,1056.9194896962345,0.006724686420196857,0,0.99646365430877859,92.457000007629389,1.56001060888175,1
2003-09-02,109031.81778252586,380.49101629064438,1056.9194896962345,0.013359534162431297,0,0.99651027540373971,92.525750007629398,1.7716838226584035,1
2003-09-03,109623.6901163859,380.49101629064438,1056.9194896962345,0.0054284368168617814,0,0.99652911687349077,92.58889999389649,1.8419031709643541,1
2003-09-04,109676.53931633302,380.49101629064438,1056.9194896962345,0.00048209652394493041,0,0.99653078936787731,92.648950004577642,1.8249117413749107,1
2003-09-05,109063.52407703182,380.49101629064438,1056.9194896962345,-0.0055893014415153708,-0.0055893014415153708,0.99651128991557336,92.710699996948236,1.7040926492446655,1
2003-09-08,109961.90403054246,380.49101629064438,1056.9194896962345,0.0082372173567040186,0,0.99653979239769286,92.777299995422368,1.8213666566027653,1
2003-09-09,109243.1984550028,380.49101629064438,1056.9194896962345,-0.0065359506265009193,-0.0065359506265009193,0.99651702786377705,92.830449981689455,1.6867208712967907,1
2003-09-10,108144.00121808001,380.49101629064438,1056.9194896962345,-0.010061928362300243,-0.016532114721817814,0.99648162623904257,92.869799995422369,1.4993242802320905,1
2003-09-11,108461.08029045119,380.49101629064438,1056.9194896962345,0.002932007959755234,-0.013648579054018617,0.9964919119810377,92.914000015258793,1.5324253403220065,1
2003-09-12,108661.88951020756,380.49101629064438,1056.9194896962345,0.0018514403435647697,-0.011822408240346638,0.99649839499381332,92.95884998321533,1.5468731420786701,1
2003-09-15,108281.39784882445,380.49101629064438,1056.9194896962345,-0.0035016109428814834,-0.015282621709162503,0.99648609065038241,93.010799980163569,1.4718129192636169,1
2003-09-16,109856.21369430399,380.49101629064438,1056.9194896962345,0.014543733981696505,-0.00096115411214692248,0.99653646340525226,93.057299995422369,1.6936584145635694,1
2003-09-17,109644.82495817129,380.49101629064438,1056.9194896962345,-0.0019242310382272532,-0.0028835356677990864,0.99652978591159413,93.104299964904783,1.6427409840272942,1
2003-09-18,110934.26802578561,380.49101629064438,1056.9194896962345,0.011760181733212027,0,0.99657012190135685,93.156649971008306,1.8143380331840895,1
2003-09-19,110374.10037370038,803.2588121691382,1056.9194896962345,-0.0050495456638793845,-0.0050495456638793845,0.99272239765081216,93.210649948120121,1.6469925936511045,1
2003-09-22,109190.35570598028,803.2588121691382,1056.9194896962345,-0.010724840915687817,-0.015720231005625473,0.99264350036250371,93.26114997863769,1.4549314651558782,1
2003-09-23,109602.55366186936,803.2588121691382,1056.9194896962345,0.0037750399586480299,-0.012004535547182837,0.99267116699992919,93.318699989318844,1.4987836682294653,1
2003-09-24,107668.38906044787,803.2588121691382,1056.9194896962345,-0.017647076065294143,-0.029439766660547373,0.99253951118635042,93.364099998474117,1.2023688076027859,1
2003-09-25,106791.1439487226,803.2588121691382,1056.9194896962345,-0.0081476570735423692,-0.037347558611014464,0.99247822635409888,93.417999992370611,1.063096289467435,1
2003-09-26,106442.35858184546,803.2588121691382,1056.9194896962345,-0.0032660514156924725,-0.040491630980032722,0.99245357935627199,93.464249992370611,1.0027106767631513,1
2003-09-29,107478.14322975632,803.2588121691382,1056.9194896962345,0.0097309441627453364,-0.031154708617412541,0.992526305460525,93.515000000000001,1.1431001386750321,1
2003-09-30,106442.35858184546,803.2588121691382,1056.9194896962345,-0.0096371654439233456,-0.040491630980032722,0.99245357935627199,93.56090000152588,0.98299455142691805,1
2003-10-01,108693.60225563814,803.2588121691382,1056.9194896962345,0.021149885288023418,-0.020198139042362007,0.99260987955592883,93.624600028991694,1.2967725019309331,1
2003-10-02,109084.65730608605,803.2588121691382,1056.9194896962345,0.0035977743154393949,-0.016673033072789001,0.99263637222679968,93.678600006103522,1.3394661445565068,1
2003-10-03,110078.16420677035,803.2588121691382,1056.9194896962345,0.0091076685321251905,-0.0077172169993159345,0.99270283241042889,93.741300010681158,1.466145512523755,1
2003-10-06,110574.91765711251,803.2588121691382,1056.9194896962345,0.0045127337825972003,-0.0032393089625792904,0.99273561464761828,93.811599998474122,1.519368960881609,1
2003-10-07,110997.68706572216,803.2588121691382,1056.9194896962345,0.0038233752967433698,0,0.99276328333135877,93.887099990844732,1.5607473107184455,1
2003-10-08,110722.88574057752,803.2588121691382,1056.9194896962345,-0.0024757392015017921,-0.0024757392015017921,0.99274532264222992,93.957150001525875,1.5037758901079246,1
2003-10-09,111018.82190750755,803.2588121691382,1056.9194896962345,0.0026727642162740484,0,0.99276466099740857,94.028450012207031,1.5273363083389535,1
2003-10-10,111325.32952715814,803.2588121691382,1056.9194896962345,0.0027608617564502946,0,0.99278458176965756,94.104550018310547,1.5516391333557826,1
2003-10-13,111674.11489403529,803.2588121691382,1056.9194896962345,0.0031330279313663834,0,0.99280711727215099,94.182100028991698,1.580999099367711,1
2003-10-14,112065.16994448319,803.2588121691382,1056.9194896962345,0.0035017519576399092,0,0.99283221707005787,94.271550025939945,1.6157971644954254,1
2003-10-15,111769.23377755318,803.2588121691382,1056.9194896962345,-0.0026407506192746011,-0.0026407506192746011,0.99281323862550752,94.355950012207032,1.5559374931413639,1
2003-10-16,112213.14609160398,803.2588121691382,1056.9194896962345,0.0039716861165415285,0,0.99284166926829232,94.441850013732903,1.5977247760796474,1
2003-10-17,110997.68706572216,803.2588121691382,1056.9194896962345,-0.01083169903185488,-0.01083169903185488,0.99276328333135877,94.507800025939943,1.4142977918019632,1
2003-10-20,111822.08297750029,803.2588121691382,1056.9194896962345,0.0074271449574441206,-0.0034850026732557993,0.99281663522284092,94.576250038146966,1.5095710865284733,1
2003-10-21,111631.83714680874,803.2588121691382,1056.9194896962345,-0.0017013261211547004,-0.0051803996683302822,0.99280439314894764,94.635750045776362,1.4672197101502862,1
2003-10-22,110236.70374295594,803.2588121691382,1056.9194896962345,-0.012497630062452858,-0.017613287012152701,0.99271332700547599,94.689800033569341,1.2651580224028709,1
2003-10-23,110035.88645954381,803.2588121691382,1056.9194896962345,-0.0018216916561691887,-0.019402892690334128,0.99270002870868435,94.749600028991694,1.2254854969902729,1
2003-10-24,110278.98149018249,803.2588121691382,1056.9194896962345,0.0022092340822650325,-0.01723652413989496,0.99271612050351909,94.803450050354002,1.2459376914170741,1
2003-10-27,110331.82262647383,803.2588121691382,1056.9194896962345,0.00047915872614456845,-0.016765624444700533,0.99271960896641254,94.856300048828132,1.2408952624176894,1
2003-10-28,111822.08297750029,803.2588121691382,1056.9194896962345,0.013507076340719015,-0.0034850026732557993,0.99281663522284092,94.916350059509284,1.4247415370830427,1
2003-10-29,111970.05106096531,803.2588121691382,1056.9194896962345,0.0013232456374006052,-0.0021663685504389463,0.9928261280176448,94.97560005187988,1.4288984180023145,1
2003-10-30,112202.57463888341,803.2588121691382,1056.9194896962345,0.0020766586753764305,-9.4208683106944413e-05,0.9928409948278426,95.040600051879878,1.443460632906032,1
2003-10-31,112096.88430264493,803.2588121691382,1056.9194896962345,-0.00094195999136947872,-0.0010360799336660564,0.99283424497329953,95.107000083923339,1.4137539226061124,1
2003-11-03,112826.15326724941,803.2588121691382,1056.9194896962345,0.0065057023586450047,0,0.99288056191841911,95.183650054931647,1.491845648094126,1
2003-11-04,112583.06630026651,803.2588121691382,1056.9194896962345,-0.0021545267647927746,-0.0021545267647927746,0.99286518977883587,95.266200065612793,1.4435288791268805,1
2003-11-05,112667.61373106382,803.2588121691382,1056.9194896962345,0.0007509782205772364,-0.0014051665468914898,0.99287054384513274,95.354550056457526,1.438310309269456,1
2003-11-06,113259.49412857964,803.2588121691382,1056.9194896962345,0.0052533321503429597,0,0.99290780151942737,95.443000068664546,1.4976297415381989,1
2003-11-07,112424.52676408092,803.2588121691382,1056.9194896962345,-0.0073721622273079657,-0.0073721622273079657,0.99285512836665302,95.539150085449222,1.3752641536104389,1
2003-11-10,111970.05106096531,803.2588121691382,1056.9194896962345,-0.0040424960299748625,-0.011384856320746595,0.9928261280176448,95.639050102233881,1.303871361210641,1
2003-11-11,111938.34476645934,803.2588121691382,1056.9194896962345,-0.00028316763460889405,-0.011664800132520803,0.99282409603389254,95.735650100708014,1.2870286178789618,1
2003-11-12,113185.51008684713,803.2588121691382,1056.9194896962345,0.01114153798673545,-0.00065322595956951446,0.99290316568302073,95.834900093078616,1.4331306419731038,1
2003-11-13,113217.21638135309,803.2588121691382,1056.9194896962345,0.00028012679787048356,-0.00037328214779541735,0.99290515313975314,95.944550094604494,1.4236948931809847,1
2003-11-14,112265.98722789533,803.2588121691382,1056.9194896962345,-0.008401806579078186,-0.0087719524824684258,0.99284503853746409,96.041550102233884,1.2879582080630356,1
2003-11-17,111705.82118854125,803.2588121691382,1056.9194896962345,-0.0049896326856055939,-0.013717816347250888,0.99280915888158261,96.135050086975099,1.2037660359223135,1
2003-11-18,110553.77475167136,803.2588121691382,1056.9194896962345,-0.010313217562094801,-0.023889559084879664,0.99273422536703571,96.227350082397464,1.0447862321271932,1
2003-11-19,111483.86906334374,803.2588121691382,1056.9194896962345,0.0084130488873996878,-0.015677494225959543,0.99279484270757834,96.326700096130367,1.1551558417504473,1
2003-11-20,110490.36216265942,803.2588121691382,1056.9194896962345,-0.0089116650599900815,-0.024449446708427969,0.99273005539626513,96.42335010528565,1.0166983789762467,1
2003-11-21,110944.83786577503,803.2588121691382,1056.9194896962345,0.0041132610502854217,-0.020436752614989229,0.99275983608051288,96.527300109863276,1.0674117993585388,1
2003-11-24,112403.38385863976,803.2588121691382,1056.9194896962345,0.013146587267352849,-0.0075588388993506062,0.99285378442717231,96.635200080871584,1.24879503830109,1
2003-11-25,112826.15326724941,803.2588121691382,1056.9194896962345,0.0037611804386719072,-0.0038260886176859632,0.99288056191841911,96.748000068664552,1.2944863559698372,1
2003-11-26,113227.78783407368,803.2588121691382,1056.9194896962345,0.0035597647814238353,-0.00027994381177409711,0.99290581554639001,96.869350090026856,1.3389441812020841,1
2003-11-28,113312.33526487098,803.2588121691382,1056.9194896962345,0.00074670213394267826,0,0.99291110883654898,96.989850082397467,1.3413813617330139,1
2003-12-01,114527.7942907528,803.2588121691382,1056.9194896962345,0.010726625861523731,0,0.99298634172478784,97.107100067138674,1.4919510373009151,1
2003-12-02,114242.42957654336,803.2588121691382,1056.9194896962345,-0.0024916634077923883,-0.0024916634077923883,0.99296882239684037,97.215600090026854,1.4402880637115183,1
2003-12-03,114062.7551985724,803.2588121691382,1056.9194896962345,-0.0015727464711399186,-0.0040604911241004515,0.99295774671784198,97.325500106811518,1.4038780091594709,1
2003-12-04,114527.7942907528,803.2588121691382,1056.9194896962345,0.0040770459329235731,0,0.99298634172478784,97.441850090026861,1.4549806119259321,1
2003-12-05,113735.10467348063,803.2588121691382,1056.9194896962345,-0.0069213732979067633,-0.0069213732979067633,0.99293745924378241,97.550200080871576,1.3364437012990711,1
2003-12-08,114496.08799624685,803.2588121691382,1056.9194896962345,0.006690839428608264,-0.00027684366666025362,0.99298439950022166,97.669050064086917,1.4296024882883573,1
2003-12-09,113618.84288452158,803.2588121691382,1056.9194896962345,-0.0076617911325845833,-0.0079365136808944303,0.99293023241764977,97.780400047302251,1.3000937662027303,1
2003-12-10,113608.27949545678,803.2588121691382,1056.9194896962345,-9.2972158460935539e-05,-0.0080287479645477777,0.99292957506498236,97.897850074768073,1.2907435651405244,1
2003-12-11,114876.57965762995,803.2588121691382,1056.9194896962345,0.011163800453679817,0,0.99300763641672551,98.015800094604487,1.4555709916323534,1
2003-12-12,115098.53178282747,803.2588121691382,1056.9194896962345,0.0019320920405099251,0,0.9930211202547331,98.132000083923344,1.4750946586706257,1
2003-12-15,114527.7942907528,803.2588121691382,1056.9194896962345,-0.0049586861207887578,-0.0049586861207887578,0.99298634172478784,98.249550094604487,1.3865079444519222,1
2003-12-16,115119.67468826863,803.2588121691382,1056.9194896962345,0.0051680066064418995,0,0.99302240199736258,98.376600112915042,1.4624308587957886,1
2003-12-17,115479.02344421057,803.2588121691382,1056.9194896962345,0.0031215233791705987,0,0.99304411495515288,98.501850128173828,1.5049462182338353,1
2003-12-18,116768.46651182491,803.2588121691382,1056.9194896962345,0.011166037165505571,0,0.99312092694059839,98.636700134277348,1.6803127325982929,1
2003-12-19,116447.16330950348,1348.6292688523952,1056.9194896962345,-0.0027516264614890762,-0.0027516264614890762,0.98841853051183481,98.764600143432617,1.5484419589424727,1
2003-12-22,117250.42437949624,1348.6292688523952,1056.9194896962345,0.0068980733163741537,0,0.98849787302698899,98.906300163269037,1.6613887223691144,1
2003-12-23,117324.40842122874,1348.6292688523952,1056.9194896962345,0.00063099167550162427,0,0.98850512619666975,99.052350196838375,1.672261202850726,1
2003-12-24,117208.14663226969,1348.6292688523952,1056.9194896962345,-0.00099094289520418322,-0.00099094289520418322,0.98849372413435044,99.195150222778324,1.6547465767541809,1
2003-12-26,117292.694063067,1348.6292688523952,1056.9194896962345,0.00072134431971315749,-0.00027031338651950509,0.98850201813825456,99.324350204467777,1.6603937216213667,1
2003-12-29,118835.80361404059,1348.6292688523952,1056.9194896962345,0.013156058553347449,0,0.98865132201038897,99.459500236511232,1.8838325135614868,1
2003-12-30,118856.93845582598,1348.6292688523952,1056.9194896962345,0.00017784910896079253,0,0.98865334000375904,99.581500244140628,1.8706097920361107,1
2003-12-31,118962.62879206444,1348.6292688523952,1056.9194896962345,0.00088922310814654182,0,0.98866342075199365,99.701450233459468,1.8694724362234394,1
2004-01-02,118909.78765577309,1348.6292688523952,1056.9194896962345,-0.00044418265490508979,-0.00044418265490508979,0.9886583830024448,99.817800254821776,1.8435350674076372,1
2004-01-05,120188.65927066685,1348.6292688523952,1056.9194896962345,0.010754973498026121,0,0.98877906387311254,99.939250259399415,2.0167198458287237,1
2004-01-06,120304.92105962589,1348.6292688523952,1056.9194896962345,0.00096732744723637687,0,0.9887899077030774,100.05365028381348,2.009358986923262,1
2004-01-07,120706.54756279438,1348.6292688523952,1056.9194896962345,0.0033384046108091425,0,0.98882720700672178,100.18485027313233,2.0515177475959248,1
2004-01-08,121182.15810769537,1348.6292688523952,1056.9194896962345,0.0039402215911574778,0,0.98887105750622251,100.31415027618408,2.1017273700686401,1
2004-01-09,120135.81007071973,1348.6292688523952,1056.9194896962345,-0.0086345057169698869,-0.0086345057169698869,0.9887741276472144,100.44070026397705,1.926179479380618,1
2004-01-12,121013.05518244498,1348.6292688523952,1056.9194896962345,0.0073021117617539932,-0.0013954440809686997,0.98885550598801808,100.57105026245117,2.0411801552115287,1
2004-01-13,120315.48444869069,1348.6292688523952,1056.9194896962345,-0.0057644254390784022,-0.007151825586687921,0.98879089192025382,100.70030025482178,1.9202956848418244,1
2004-01-14,121308.99134937501,1348.6292688523952,1056.9194896962345,0.0082575148596770731,0,0.98888269324597478,100.84410026550293,2.0620998580130956,1
2004-01-15,121604.92751630503,1348.6292688523952,1056.9194896962345,0.0024395237619090349,0,0.98890974817881805,100.98280025482178,2.0928698347430652,1
2004-01-16,122080.54612486179,1348.6292688523952,1056.9194896962345,0.0039111787513133045,0,0.98895295514591619,101.11335025787353,2.1441637772493318,1
2004-01-20,122048.83176670007,1348.6292688523952,1056.9194896962345,-0.00025978224351397294,-0.00025978224351397294,0.98895008457409617,101.24585025787354,2.1193226510750618,1
2004-01-21,123000.06092015783,1348.6292688523952,1056.9194896962345,0.007793840708578692,0,0.98903553983011583,101.38025024414063,2.2417803207236386,1
2004-01-22,122682.98991144242,1348.6292688523952,1056.9194896962345,-0.0025778118022334873,-0.0025778118022334873,0.98900720246689544,101.51400024414062,2.1710786752868292,1
2004-01-23,122291.92679733873,1348.6292688523952,1056.9194896962345,-0.0031875903447248222,-0.005757185138946963,0.98897204987956944,101.64520023345948,2.0911527309952822,1
2004-01-26,123813.89344287117,1348.6292688523952,1056.9194896962345,0.012445356659189999,0,0.98910760956342381,101.7894002532959,2.3054800149858425,1
2004-01-27,122556.1566697628,1348.6292688523952,1056.9194896962345,-0.010158284649118943,-0.010158284649118943,0.98899582603192771,101.92525024414063,2.0942147042733876,1
2004-01-28,121171.59471863057,1348.6292688523952,1056.9194896962345,-0.0112973675803415,-0.021340890353793607,0.98887008731721315,102.05635025024414,1.8690680213896114,1
2004-01-29,121287.85650758962,1348.6292688523952,1056.9194896962345,0.000959480555067449,-0.020401885968048372,0.98888075601560321,102.1790002822876,1.8726453254725601,1
2004-01-30,121287.85650758962,1348.6292688523952,1056.9194896962345,0,-0.020401885968048372,0.98888075601560321,102.29750030517579,1.856687439586765,1
2004-02-02,121805.74479971715,1348.6292688523952,1056.9194896962345,0.0042699105008516813,-0.016219089694328948,0.98892803232663684,102.4261003112793,1.9252552421301399,1
2004-02-03,121604.92751630503,1348.6292688523952,1056.9194896962345,-0.0016486684083933945,-0.017841018201930403,0.98890974817881805,102.54720031738282,1.8785451147797434,1
2004-02-04,120621.99206834129,1348.6292688523952,1056.9194896962345,-0.0080830231803883379,-0.025779832018630766,0.9888193749271833,102.66320030212403,1.7111547225401409,1
2004-02-05,120970.77743521845,1348.6292688523952,1056.9194896962345,0.0028915570112582056,-0.022962818861395062,0.98885161112918696,102.77240032196045,1.7507158005852199,1
2004-02-06,122313.06163912412,1348.6292688523952,1056.9194896962345,0.011095937650102972,-0.012121675217648731,0.98897395543223809,102.88375030517578,1.9426395937977237,1
2004-02-09,122344.77599728586,1348.6292688523952,1056.9194896962345,0.00025928840090116978,-0.011865529826530885,0.98897681361660827,102.9993503189087,1.9283990068267118,1
2004-02-10,122735.83104773377,1348.6292688523952,1056.9194896962345,0.0031963363148139745,-0.0087071197355960139,0.9890119351672626,103.12245029449463,1.9734433213541338,1
2004-02-11,124025.2741153481,1348.6292688523952,1056.9194896962345,0.010505840524376753,0,0.98912617385067725,103.24385028839112,2.1527896090820011,1
2004-02-12,123581.36986495307,1348.6292688523952,1056.9194896962345,-0.0035791434734679939,-0.0035791434734679939,0.98908711506980262,103.36155029296874,2.0586034747046762,1
2004-02-13,123031.76721466379,1348.6292688523952,1056.9194896962345,-0.0044472937214554698,-0.0080105196926257838,0.98903836546134194,103.47765026092529,1.951402857713461,1
2004-02-17,124130.96445158657,1348.6292688523952,1056.9194896962345,0.0089342554513169858,0,0.98913543228467871,103.59900024414063,2.1016984666135463,1
2004-02-18,123591.94131767364,1348.6292688523952,1056.9194896962345,-0.0043423744936997855,-0.0043423744936997855,0.98908804850482968,103.7112502670288,1.9927975210409967,1
2004-02-19,123137.46561455804,1348.6292688523952,1056.9194896962345,-0.0036772276434063889,-0.0080036342375798819,0.98904777467912286,103.82225028991699,1.9004399852384859,1
2004-02-20,122767.53734223974,1348.6292688523952,1056.9194896962345,-0.0030041894274179803,-0.0109837792316404,0.9890147729762403,103.92710025787353,1.8219081741438885,1
2004-02-23,122461.02972258913,1348.6292688523952,1056.9194896962345,-0.0024966503872775325,-0.013453006962245495,0.98898727805974318,104.03310024261475,1.7559862918292506,1
2004-02-24,122249.64905011219,1348.6292688523952,1056.9194896962345,-0.0017261056268739194,-0.015155891278103462,0.98896823606994921,104.14280025482178,1.7079387526000707,1
2004-02-25,122756.97395317492,1348.6292688523952,1056.9194896962345,0.0041499088709431309,-0.011068877974822477,0.98901382768390145,104.24850025177003,1.7697830751819297,1
2004-02-26,122830.95799490744,1348.6292688523952,1056.9194896962345,0.00060268707634270058,-0.010472861968184866,0.9890204449198523,104.34880027770996,1.7617377386086079,1
2004-02-27,122915.50542570474,1348.6292688523952,1056.9194896962345,0.00068832346647340614,-0.0097917472183652876,0.98902799720684897,104.45035026550293,1.7558574602678121,1
2004-03-01,124120.40106252176,1348.6292688523952,1056.9194896962345,0.0098026333833471924,-8.5098743182077108e-05,0.98913450764493527,104.55860027313233,1.9224917085079083,1
2004-03-02,123401.69548698209,1348.6292688523952,1056.9194896962345,-0.0057903903740823548,-0.0058749963623210277,0.98907122577586737,104.66045028686523,1.7895022258693514,1
2004-03-03,123623.64761217961,1348.6292688523952,1056.9194896962345,0.0017986148757651588,-0.0040869483424083031,0.98909084714048245,104.76455028533935,1.8041041935797961,1
2004-03-04,123940.71862089502,1348.6292688523952,1056.9194896962345,0.0025648087145113685,-0.0015326218686212423,0.98911875545132566,104.8812502670288,1.8373140883892489,1
2004-03-05,124352.91657678409,1348.6292688523952,1056.9194896962345,0.003325767031816973,0,0.98915482398018661,105.00085025787354,1.8852529193822185,1
2004-03-08,122852.09283669281,1348.6292688523952,1056.9194896962345,-0.012069067468671424,-0.012069067468671424,0.98902233378600124,105.11240024566651,1.6378006391929874,1
2004-03-09,122365.91083907124,1348.6292688523952,1056.9194896962345,-0.0039574580000673043,-0.015978762641131405,0.98897871752349364,105.21705024719239,1.5489649100891023,1
2004-03-10,120336.62735413185,1348.6292688523952,1056.9194896962345,-0.016583732111537075,-0.032297507233554179,0.98879286133818933,105.31115024566651,1.219599734139567,1
2004-03-11,118793.52586681405,1348.6292688523952,1056.9194896962345,-0.012823207042164331,-0.044706556653516749,0.98864728309887506,105.38975025177002,0.96592517787549659,1
2004-03-12,120336.62735413185,1348.6292688523952,1056.9194896962345,0.012989777650407097,-0.032297507233554179,0.98879286133818933,105.47430027008056,1.2015578889421343,1
2004-03-15,118878.07329761136,1348.6292688523952,1056.9194896962345,-0.012120616046751853,-0.044026657595860885,0.98865535727958764,105.55320026397705,0.95964350337978743,1
2004-03-16,119501.65998963315,1348.6292688523952,1056.9194896962345,0.0052455989125987923,-0.039012004870472405,0.9887145561913584,105.62740028381347,1.0500512596874378,1
2004-03-17,120822.80935175343,1348.6292688523952,1056.9194896962345,0.011055489624452797,-0.028387812061094087,0.98883795803053953,105.70585029602051,1.2510173126799615,1
2004-03-18,120854.5156462594,1348.6292688523952,1056.9194896962345,0.00026241977550500728,-0.028132841808857223,0.98884088640262457,105.78245029449462,1.2439951276972177,1
2004-03-19,119147.58841257636,1766.1124672824078,1056.9194896962345,-0.014123818415517131,-0.041859317075153668,0.98517710269412395,105.84195026397705,0.8918145548524663,1
2004-03-22,117657.33612520566,1766.1124672824078,1056.9194896962345,-0.012507616035083657,-0.053843372844770476,0.98498935531395182,105.89195026397705,0.64343179481753676,1
2004-03-23,117456.51884179354,1766.1124672824078,1056.9194896962345,-0.001706797808157301,-0.05545827090217248,0.98496369137534845,105.94295024871826,0.60357577932968187,1
2004-03-24,117551.6457889672,1766.1124672824078,1056.9194896962345,0.00080989074179682596,-0.054693295300535349,0.98497585928781473,105.99945026397705,0.61143649003394918,1
2004-03-25,119084.17582356444,1766.1124672824078,1056.9194896962345,0.013037078505463873,-0.042369257579627173,0.98516920946827491,106.05820026397706,0.85236477270313982,1
2004-03-26,119115.8821180704,1766.1124672824078,1056.9194896962345,0.00026625111427858172,-0.042114287327390421,0.98517315713170983,106.11185024261475,0.84885464959501644,1
2004-03-29,120764.67394162668,1766.1124672824078,1056.9194896962345,0.013841914228716945,-0.028855315451662755,0.9853755870020724,106.17175022125244,1.1068614607171297,1
2004-03-30,121166.30850845094,1766.1124672824078,1056.9194896962345,0.0033257620272166832,-0.025625519336858638,0.98542406309952713,106.23880023956299,1.1606940021491281,1
2004-03-31,121303.70513919537,1766.1124672824078,1056.9194896962345,0.0011339507857899278,-0.024520626628856901,0.9854405727734713,106.29600021362305,1.1710329635395984,1
2004-04-01,122022.41071473504,1766.1124672824078,1056.9194896962345,0.0059248443789492455,-0.018741063146758052,0.98552632703339027,106.35660018920899,1.2744532213249566,1
2004-04-02,122931.36212096627,1766.1124672824078,1056.9194896962345,0.0074490530133533017,-0.011431613306311594,0.98563334500804989,106.42195018768311,1.4062397008030461,1
2004-04-05,123597.21849655881,1766.1124672824078,1056.9194896962345,0.0054164890399353016,-0.0060770434745586188,0.98571074261406955,106.49820018768311,1.4970394960268272,1
2004-04-06,123206.16344611091,1766.1124672824078,1056.9194896962345,-0.0031639470143803861,-0.0092217630453813593,0.98566538866332865,106.57550018310548,1.4186808975786469,1
2004-04-07,122920.79066824568,1766.1124672824078,1056.9194896962345,-0.002316221606803337,-0.01151662500536621,0.98563210944478041,106.65655017852784,1.3591446786156816,1
2004-04-08,122645.99740675683,1766.1124672824078,1056.9194896962345,-0.0022355311904110886,-0.013726410421369573,0.98559991761145638,106.73580020904541,1.302070756462689,1
2004-04-12,123121.60795165782,1766.1124672824078,1056.9194896962345,0.0038779133029807067,-0.0099017269479640957,0.98565554416755308,106.82225021362305,1.3661532141659085,1
2004-04-13,121419.96692815442,1766.1124672824078,1056.9194896962345,-0.013820815467026071,-0.023585692474037523,0.98545451368531967,106.89430019378662,1.0807705134967709,1
2004-04-14,121610.21275884597,1766.1124672824078,1056.9194896962345,0.001566841397709462,-0.022055806115690024,0.98547726850223816,106.97295017242432,1.1016940483729336,1
2004-04-15,121155.73705573037,1766.1124672824078,1056.9194896962345,-0.0037371507935508586,-0.025710531035913142,0.98542279127508414,107.04960018157959,1.018668701990129,1
2004-04-16,122075.25991468216,1766.1124672824078,1056.9194896962345,0.0075895940324215427,-0.01831606949641218,0.98553259302075835,107.12610019683838,1.1578215376719527,1
2004-04-19,122075.25991468216,1766.1124672824078,1056.9194896962345,0,-0.01831606949641218,0.98553259302075835,107.19640022277832,1.1465489776292961,1
2004-04-20,120056.53981880758,1766.1124672824078,1056.9194896962345,-0.016536684806450208,-0.03454986723470721,0.98528932726240592,107.2623002243042,0.8080617654976614,1
2004-04-21,120849.22943607975,1766.1124672824078,1056.9194896962345,0.0066026358786328565,-0.028175351549080241,0.98538581937573255,107.32215023040771,0.92881210223596089,1
2004-04-22,122519.16416507719,1766.1124672824078,1056.9194896962345,0.013818331625198299,-0.014746356275243566,0.985585010481276,107.38765022277832,1.1910383542785108,1
2004-04-23,122635.42595403624,1766.1124672824078,1056.9194896962345,0.00094892737598506471,-0.013811422120424077,0.98559867629159337,107.4565502166748,1.198052727404731,1
2004-04-26,122466.31496513008,1766.1124672824078,1056.9194896962345,-0.0013789733887298317,-0.015171349925589328,0.98557878982653091,107.53105018615723,1.1592923848630896,1
2004-04-27,122572.01336502432,1766.1124672824078,1056.9194896962345,0.0008630814107890572,-0.014321362624897582,0.98559122577171954,107.60135021209717,1.1651897300208673,1
2004-04-28,121007.76897226534,1766.1124672824078,1056.9194896962345,-0.012761839752934434,-0.026900435442969384,0.98540496629032803,107.66180019378662,0.898646276889148,1
2004-04-29,119961.42093528969,1766.1124672824078,1056.9194896962345,-0.0086469492484856358,-0.035314777991417579,0.98527766298937813,107.71840019226075,0.71818900604716096,1
2004-04-30,119041.89807633789,1766.1124672824078,1056.9194896962345,-0.0076651547787834895,-0.042709239530918541,0.98516394231088411,107.77360019683837,0.55875465121032664,1
2004-05-03,120299.63484944626,1766.1124672824078,1056.9194896962345,0.010565496631293803,-0.032594987226013727,0.98531905379852003,107.84185020446778,0.75942814975607842,1
2004-05-04,120204.5079022726,1766.1124672824078,1056.9194896962345,-0.00079075009074391911,-0.033359962827650858,0.98530743565192846,107.9046001815796,0.73550204856163948,1
2004-05-05,120965.4912250388,1766.1124672824078,1056.9194896962345,0.0063307386390607512,-0.027240417394260752,0.98539986528887968,107.97710018157959,0.85480290637100631,1
2004-05-06,119940.27802984853,1766.1124672824078,1056.9194896962345,-0.0084752534363954357,-0.035484801389526699,0.98527506775628038,108.04030017852783,0.67432610216748301,1
2004-05-07,117984.97858664165,1766.1124672824078,1056.9194896962345,-0.016302275393427768,-0.051208593778421241,0.98503103964217387,108.09390018463135,0.33581194003830511,1
2004-05-10,116790.66246620099,1766.1124672824078,1056.9194896962345,-0.010122611664192704,-0.060812840733925566,0.98487796515587434,108.14560020446777,0.12409082699617856,1
2004-05-11,117763.02646144414,1766.1124672824078,1056.9194896962345,0.008325699800911357,-0.052993450389005492,0.98500282711517573,108.1932001876831,0.28368275284095673,1
2004-05-12,118502.8668787692,1766.1124672824078,1056.9194896962345,0.0062824507789571715,-0.047043928353724285,0.98509645788494571,108.24615016937256,0.40377029324733738,1
2004-05-13,118016.68488114762,1766.1124672824078,1056.9194896962345,-0.0041027024107269661,-0.050953623526184377,0.98503506119443174,108.29910015106201,0.3117809314670465,1
2004-05-14,118069.53408109474,1766.1124672824078,1056.9194896962345,0.00044781125652137987,-0.050528629875838504,0.98504175966283247,108.35350013732911,0.31313578836253603,1
2004-05-17,117076.02718041043,1766.1124672824078,1056.9194896962345,-0.0084145915236858437,-0.058518043618867699,0.98491482406931274,108.40205013275147,0.13049517871042043,1
2004-05-18,117657.33612520566,1766.1124672824078,1056.9194896962345,0.0049652260910719725,-0.053843372844770476,0.98498935531395182,108.4577501296997,0.22482725379559632,1
2004-05-19,117255.70155838141,1766.1124672824078,1056.9194896962345,-0.003413595616314602,-0.057073168959574594,0.98493793953035991,108.51155010223388,0.14429708710190689,1
2004-05-20,117625.62983069971,1766.1124672824078,1056.9194896962345,0.0031548851561313818,-0.054098343097007229,0.98498530915562876,108.57755012512207,0.20100076645712833,1
2004-05-21,117826.43905045606,1766.1124672824078,1056.9194896962345,0.0017071893263855831,-0.052483509884531987,0.98501089838990963,108.64170009613036,0.22812048318290173,1
2004-05-24,118312.62104807764,1766.1124672824078,1056.9194896962345,0.0041262555462053818,-0.048573814712072005,0.98507249309805478,108.7030500793457,0.30926007310481107,1
2004-05-25,119982.55577707507,1766.1124672824078,1056.9194896962345,0.014114594995903618,-0.035144819438235331,0.98528025631856175,108.77090007781982,0.61369055780628301,1
2004-05-26,120394.75373296415,1766.1124672824078,1056.9194896962345,0.0034354823767459575,-0.031830076469303359,0.98533065260302244,108.83885005950928,0.6841104084229358,1
2004-05-27,121060.61817221247,1766.1124672824078,1056.9194896962345,0.0055306765336735619,-0.026475441792623511,0.98541133777484879,108.9054500579834,0.80321663038360247,1
2004-05-28,121050.04671949189,1766.1124672824078,1056.9194896962345,-8.7323630757807358e-05,-0.026560453491678127,0.98541006372864104,108.97455005645752,0.7939525550258959,1
2004-06-01,120891.5071833063,1766.1124672824078,1056.9194896962345,-0.0013097023956791798,-0.027835369597788873,0.98539093019491875,109.04155006408692,0.75597788607111038,1
2004-06-02,121335.41143370133,1766.1124672824078,1056.9194896962345,0.0036719225422672253,-0.024265656376620148,0.98544437731397627,109.1091000366211,0.83510307666781525,1
2004-06-03,120236.21419677856,1766.1124672824078,1056.9194896962345,-0.009059162728626724,-0.033104992575414105,0.98531131008173634,109.16715000152588,0.61143203149111414,1
2004-06-04,121176.87996117152,1766.1124672824078,1056.9194896962345,0.0078234812254940334,-0.025540507637804133,0.98542533470206262,109.22775001525879,0.78972025239937782,1
2004-06-07,122994.77470997818,1766.1124672824078,1056.9194896962345,0.01500199336201069,-0.010921672801838089,0.98564075204457346,109.29900001525878,1.1428301106483605,1
2004-06-08,123163.88569888436,1766.1124672824078,1056.9194896962345,0.0013749444991053572,-0.0095617449966727275,0.98566046810507213,109.36945003509521,1.1673869318196901,1
2004-06-09,122032.98216745562,1766.1124672824078,1056.9194896962345,-0.009182103382103568,-0.018656051447703548,0.98552758085630554,109.43955005645752,0.93277215091052879,1
2004-06-10,122624.85450131567,1766.1124672824078,1056.9194896962345,0.0048501013688895256,-0.013896433819478582,0.98559743475770278,109.51165004730224,1.0455065686508838,1
2004-06-14,121430.53838087499,1766.1124672824078,1056.9194896962345,-0.0097395925589283117,-0.023500680774983018,0.98545577998062661,109.57720005035401,0.7941943391742593,1
2004-06-15,122276.06913443851,1766.1124672824078,1056.9194896962345,0.0069630816501156101,-0.016701236283937049,0.98555635227903327,109.64660003662109,0.96154150172125985,1
2004-06-16,122254.93429265314,1766.1124672824078,1056.9194896962345,-0.00017284528309569058,-0.016871194837119186,0.98555385533106832,109.71280002593994,0.94960436079153665,1
2004-06-17,122075.25991468216,1766.1124672824078,1056.9194896962345,-0.0014696697438884021,-0.01831606949641218,0.98553259302075835,109.77475002288818,0.90404134604575714,1
2004-06-18,122301.43584728369,2203.677136016649,1056.9194896962345,0.0018527581490270784,-0.01649724659440277,0.98198159227853754,109.82889999389648,0.85102442245728815,1
2004-06-21,121846.96014416807,2203.677136016649,1056.9194896962345,-0.0037160291697893033,-0.020151971514625999,0.9819143856079029,109.87809997558594,0.74663972777091769,1
2004-06-22,122449.4039307487,2203.677136016649,1056.9194896962345,0.0049442660355893953,-0.015307342187346529,0.98200336575535363,109.92989994049073,0.86609512905439512,1
2004-06-23,123485.18857865955,2203.677136016649,1056.9194896962345,0.0084588786442492125,-0.0069779464930260771,0.98215432019514703,109.98949993133544,1.0775107396876664,1
2004-06-24,123104.69691727644,2203.677136016649,1056.9194896962345,-0.0030812736795615692,-0.010037719209721296,0.98209916281669196,110.04304992675782,0.98656553149468351,1
2004-06-25,122523.3879724812,2203.677136016649,1056.9194896962345,-0.0047220695826566406,-0.014712389983818408,0.98201423277234556,110.09724990844727,0.85337862933555064,1
2004-06-28,122111.19001659214,2203.677136016649,1056.9194896962345,-0.0033642389645774928,-0.018027132952750269,0.9819535201014975,110.15469989776611,0.7568488061679427,1
2004-06-29,122607.94346693429,2203.677136016649,1056.9194896962345,0.0040680420056069533,-0.014032426081235783,0.98202663649920086,110.21299987792969,0.85694251820352718,1
2004-06-30,123252.66500074146,2203.677136016649,1056.9194896962345,0.0052583993791646133,-0.0088478148026649439,0.9821206532450768,110.27339988708496,0.98960903156380309,1
2004-07-01,121572.16688267922,2203.677136016649,1056.9194896962345,-0.01363457835213655,-0.022361756930629362,0.98187350614435243,110.32764991760254,0.61236344850169599,1
2004-07-02,121508.74623001151,2203.677136016649,1056.9194896962345,-0.00052167082560028444,-0.022871762280029739,0.9818640451458106,110.37414989471435,0.5906067780307257,1
2004-07-06,120462.39819303586,2203.677136016649,1056.9194896962345,-0.0086112981117832943,-0.031286104828477934,0.98170651448856805,110.4166999053955,0.34953217755640159,1
2004-07-07,120811.183559913,2203.677136016649,1056.9194896962345,0.0028953878729711668,-0.028481302364019578,0.98175932830817936,110.45479991912842,0.42061547016845241,1
2004-07-08,119986.78764813486,2203.677136016649,1056.9194896962345,-0.0068238377233453829,-0.0351107883018833,0.98163400171626392,110.49364994049073,0.22696488347329688,1
2004-07-09,120293.29526778546,2203.677136016649,1056.9194896962345,0.002554511422953043,-0.032645967788716312,0.98168079832619903,110.53954994201661,0.28808765121799024,1
2004-07-12,120346.13640407681,2203.677136016649,1056.9194896962345,0.0004392691726808895,-0.032221038983297312,0.98168884185348892,110.58374992370605,0.29191951150665413,1
2004-07-13,120430.6918985299,2203.677136016649,1056.9194896962345,0.00070260248462972186,-0.031541075080714687,0.98170169828573783,110.63749992370606,0.30234502234115518,1
2004-07-14,120071.33507893217,2203.677136016649,1056.9194896962345,-0.0029839305407337591,-0.034430889244227547,0.98164693401161907,110.6936999130249,0.20778941787798696,1
2004-07-15,119310.35981982174,2203.677136016649,1056.9194896962345,-0.0063376929940037741,-0.040550369832690891,0.98152987603637643,110.74794994354248,0.013336706201947563,1
2004-07-16,119215.23287264806,2203.677136016649,1056.9194896962345,-0.00079730668248201297,-0.041315345434328132,0.98151513793232503,110.79684993743896,-0.022614778408204021,0
2004-07-19,119197.98370313269,119197.98370313269,0,-0.00014468930773137156,-0.041454056853329924,0,110.8482999420166,-0.16165637308640163,0
2004-07-20,119197.98370313269,119197.98370313269,0,0,-0.041454056853329924,0,110.89609992980957,0.20042465222434686,1
2004-07-21,116750.83338399499,1.4551915228366852e-11,1065.439235564131,-0.020530131828676135,-0.061133131429973675,0.99999999999999989,110.93174995422363,-0.36890067676135391,0
2004-07-22,116457.1772338601,116457.1772338601,0,-0.0025152381496845733,-0.063494605195275944,0,110.96419994354248,-0.299019103964072,0
2004-07-23,116457.1772338601,116457.1772338601,0,0,-0.063494605195275944,0,110.98969993591308,-0.56480953814308388,0
2004-07-26,116457.1772338601,116457.1772338601,0,0,-0.063494605195275944,0,111.01214992523194,-0.63447213603315933,0
2004-07-27,116457.1772338601,116457.1772338601,0,0,-0.063494605195275944,0,111.04099990844726,-0.35988085020452359,0
2004-07-28,116457.1772338601,116457.1772338601,0,0,-0.063494605195275944,0,111.07009990692139,-0.2771925811827502,0
2004-07-29,116457.1772338601,116457.1772338601,0,0,-0.063494605195275944,0,111.10009990692139,-0.15278972380969336,0
2004-07-30,116457.1772338601,116457.1772338601,0,0,-0.063494605195275944,0,111.12979988098145,-0.084206405301866419,0
2004-08-02,116457.1772338601,116457.1772338601,0,0,-0.063494605195275944,0,111.15879989624024,-0.025992095281539392,0
2004-08-03,116457.1772338601,116457.1772338601,0,0,-0.063494605195275944,0,111.18489990234374,-0.28766334618364087,0
2004-08-04,116457.1772338601,116457.1772338601,0,0,-0.063494605195275944,0,111.20884986877441,-0.2998096242188778,0
2004-08-05,116457.1772338601,116457.1772338601,0,0,-0.063494605195275944,0,111.22954986572266,-0.84849970861341051,0
2004-08-06,116457.1772338601,116457.1772338601,0,0,-0.063494605195275944,0,111.23859985351562,-1.3217159072327609,0
2004-08-09,116457.1772338601,116457.1772338601,0,0,-0.063494605195275944,0,111.24929985046387,-1.2864141001964402,0
2004-08-10,116457.1772338601,116457.1772338601,0,0,-0.063494605195275944,0,111.27349983215332,-0.88645095061026902,0
2004-08-11,116457.1772338601,116457.1772338601,0,0,-0.063494605195275944,0,111.29754985809326,-0.97344495590867763,0
2004-08-12,116457.1772338601,116457.1772338601,0,0,-0.063494605195275944,0,111.31454986572265,-1.3582832397963536,0
2004-08-13,116457.1772338601,116457.1772338601,0,0,-0.063494605195275944,0,111.3323498916626,-1.3116837492732025,0
2004-08-16,116457.1772338601,116457.1772338601,0,0,-0.063494605195275944,0,111.34864990234375,-0.97281538495653874,0
2004-08-17,116457.1772338601,116457.1772338601,0,0,-0.063494605195275944,0,111.36729991912841,-0.79061911499035287,0
2004-08-18,116457.1772338601,116457.1772338601,0,0,-0.063494605195275944,0,111.39044990539551,-0.44161098115170611,0
2004-08-19,116457.1772338601,116457.1772338601,0,0,-0.063494605195275944,0,111.41249988555909,-0.55771452239848796,0
2004-08-20,116457.1772338601,116457.1772338601,0,0,-0.063494605195275944,0,111.43494991302491,-0.31525784947173807,0
2004-08-23,116457.1772338601,116457.1772338601,0,0,-0.063494605195275944,0,111.45714988708497,-0.41855052451657099,0
2004-08-24,116457.1772338601,116457.1772338601,0,0,-0.063494605195275944,0,111.47969989776611,-0.37932958227472374,0
2004-08-25,116457.1772338601,116457.1772338601,0,0,-0.063494605195275944,0,111.50319988250732,-0.13638065481255046,0
2004-08-26,116457.1772338601,116457.1772338601,0,0,-0.063494605195275944,0,111.53064987182617,-0.14713384897407111,0
2004-08-27,116457.1772338601,116457.1772338601,0,0,-0.063494605195275944,0,111.56199985504151,-0.038726936906433557,0
2004-08-30,116457.1772338601,116457.1772338601,0,0,-0.063494605195275944,0,111.58889984130859,-0.37061266066924459,0
2004-08-31,116457.1772338601,116457.1772338601,0,0,-0.063494605195275944,0,111.61279983520508,-0.17748173848969717,0
2004-09-01,116457.1772338601,116457.1772338601,0,0,-0.063494605195275944,0,111.63759983062744,-0.11308631389821394,0
2004-09-02,116457.1772338601,116457.1772338601,0,0,-0.063494605195275944,0,111.67319984436035,0.32679100559926749,1
2004-09-03,116180.37414549961,0,1036.2145139087713,-0.0023768658569204293,-0.065720552893009043,1,111.70914985656738,0.1503006189647135,1
2004-09-07,116947.17067219908,0,1036.2145139087713,0.0066000521373701382,-0.059554259831229528,1,111.75424987792968,0.41303036486353928,1
2004-09-08,116657.03187321492,0,1036.2145139087713,-0.002480939019870898,-0.061887448364085662,1,111.79354988098144,0.29892793548661084,1
2004-09-09,116553.41200296191,0,1036.2145139087713,-0.00088824367111983715,-0.062720720900874327,1,111.83704990386963,0.25024926025872574,1
2004-09-10,117154.4104127051,0,1036.2145139087713,0.0051564205578804589,-0.057887714757652198,1,111.88129989624024,0.46901970388239861,1
2004-09-13,117537.81262889951,0,1036.2145139087713,0.0032726229840069898,-0.0548045364394526,1,111.92049991607666,0.60976749897420779,1
2004-09-14,117776.14544560184,0,1036.2145139087713,0.0020277118603084787,-0.052887952387681181,1,111.95884994506837,0.69646487042594774,1
2004-09-15,116885.00033118515,0,1036.2145139087713,-0.0075664313095412661,-0.060054210638378791,1,111.99099994659424,0.33556166526764297,1
2004-09-16,117237.30947118324,0,1036.2145139087713,0.0030141518501078934,-0.057221071298373505,1,112.02444995880127,0.46871943921178399,1
2004-09-17,117733.65843693857,485.9846070232137,1036.2145139087713,0.0042337116741606451,-0.053229617141776764,0.9958721693228999,112.05219997406006,0.4650675948172352,1
2004-09-20,117029.03225125303,485.9846070232137,1036.2145139087713,-0.0059849171005159629,-0.058895959396407016,0.99584731585253272,112.07789997100831,0.16779196444250058,1
2004-09-21,117536.7751494753,485.9846070232137,1036.2145139087713,0.004338606313792237,-0.054812879463908892,0.99586525488379973,112.10689994812012,0.36907210181543049,1
2004-09-22,116075.7167958224,485.9846070232137,1036.2145139087713,-0.012430648635670227,-0.066562168454253889,0.9958132103730355,112.12664997100831,-0.2518494507255078,0
2004-09-23,116068.7020090187,116068.7020090187,0,-6.0432853634995176e-05,-0.066618578766105108,0,112.14714996337891,-0.52960066369922321,0
2004-09-24,116068.7020090187,116068.7020090187,0,0,-0.066618578766105108,0,112.16659996032715,-0.31578016944539117,0
2004-09-27,116068.7020090187,116068.7020090187,0,0,-0.066618578766105108,0,112.18664997100831,-0.65104809849055345,0
2004-09-28,116068.7020090187,116068.7020090187,0,0,-0.066618578766105108,0,112.20939994812012,-0.42760491948095092,0
2004-09-29,116068.7020090187,116068.7020090187,0,0,-0.066618578766105108,0,112.2289499282837,-0.18070635489640943,0
2004-09-30,116068.7020090187,116068.7020090187,0,0,-0.066618578766105108,0,112.2470499420166,-0.22833079350814353,0
2004-10-01,116068.7020090187,116068.7020090187,0,0,-0.066618578766105108,0,112.27729995727539,0.65065128487206825,1
2004-10-04,115745.34335247587,0,1016.7370614536032,-0.0027859246372695656,-0.069218909063490375,1,112.30569992065429,0.73331417523067788,1
2004-10-05,115806.35285098305,0,1016.7370614536032,0.00052710110610143524,-0.068728293320919454,1,112.33269992828369,0.75431400753730593,1
2004-10-06,116599.40651778274,0,1016.7370614536032,0.0068481015702150927,-0.062350850084113563,1,112.35749992370606,1.1187104251411164,1
2004-10-07,115348.81651907602,0,1016.7370614536032,-0.010725526278866582,-0.072407630681893265,1,112.38024990081787,0.51855785004886867,1
2004-10-08,114393.08895612959,0,1016.7370614536032,-0.0082855428585032476,-0.080093237013099006,1,112.39449989318848,0.056235269744230952,1
2004-10-11,114860.78707354766,0,1016.7370614536032,0.0040885172494768973,-0.076332182344716726,1,112.41069988250733,0.27341783896332977,1
2004-10-12,114413.42028423987,0,1016.7370614536032,-0.0038948609068936157,-0.079929740018658046,1,112.4252498626709,0.051447952643528312,1
2004-10-13,113406.85276538548,0,1016.7370614536032,-0.0087976350707263951,-0.088024182405402218,1,112.43444988250732,-0.44108835884897069,0
2004-10-14,113491.42073575522,113491.42073575522,0,0.0007457042348639753,-0.087344118176128416,0,112.43184986114503,-0.8827773850384264,0
2004-10-15,113491.42073575522,113491.42073575522,0,0,-0.087344118176128416,0,112.4322498703003,-0.57759037521811074,0
2004-10-18,113491.42073575522,113491.42073575522,0,0,-0.087344118176128416,0,112.43424987792969,-0.37180628314209546,0
2004-10-19,113491.42073575522,113491.42073575522,0,0,-0.087344118176128416,0,112.43179985046386,-0.83325342227155019,0
2004-10-20,113491.42073575522,113491.42073575522,0,0,-0.087344118176128416,0,112.42219982147216,-0.93482175894238018,0
2004-10-21,113491.42073575522,113491.42073575522,0,0,-0.087344118176128416,0,112.41564979553223,-0.57728599460068353,0
2004-10-22,113491.42073575522,113491.42073575522,0,0,-0.087344118176128416,0,112.40094978332519,-1.1799020707608696,0
2004-10-25,113491.42073575522,113491.42073575522,0,0,-0.087344118176128416,0,112.38334980010987,-1.230908557315993,0
2004-10-26,113491.42073575522,113491.42073575522,0,0,-0.087344118176128416,0,112.37909980773925,-0.40914651177917077,0
2004-10-27,113491.42073575522,113491.42073575522,0,0,-0.087344118176128416,0,112.37739978790283,0.2451342238898199,1
2004-10-28,113876.25670511903,0,1005.7962857917361,0.0033908815914802659,-0.084249410147095749,1,112.38069980621339,0.4091923257556831,1
2004-10-29,113856.13648217786,0,1005.7962857917361,-0.0001766849694864181,-0.08441120951212111,1,112.37919979095459,0.40030925275428997,1
2004-11-01,114167.93854883264,0,1005.7962857917361,0.0027385618051740668,-0.081903813021245386,1,112.37784980773925,0.55238431269671573,1
2004-11-02,114208.1713210983,0,1005.7962857917361,0.00035239991872537679,-0.081580275999571961,1,112.37444980621338,0.57426396243097677,1
2004-11-03,115646.46031672515,0,1005.7962857917361,0.01259357346317258,-0.070014089735345841,1,112.37834983825684,1.268311201923735,1
2004-11-04,117225.5601784735,0,1005.7962857917361,0.013654545564331322,-0.057315554749451048,1,112.38559986114502,2.0182171166028664,1
2004-11-05,117959.78716987613,0,1005.7962857917361,0.0062633694416540653,-0.051411173801946153,1,112.39799983978271,2.3412443925610669,1
2004-11-08,117788.80364295955,0,1005.7962857917361,-0.0014495069126425619,-0.052786159862775683,1,112.41139984130859,2.2302808701328352,1
2004-11-09,117557.46712083611,0,1005.7962857917361,-0.0019639941570733788,-0.054646482310304334,1,112.41644981384277,2.1092234352688535,1
2004-11-10,117647.99277683804,0,1005.7962857917361,0.00077005449521028169,-0.053918508584444469,1,112.42789981842041,2.127910207977838,1
2004-11-11,118543.15085730335,0,1005.7962857917361,0.0076087832808444666,-0.046719979550245538,1,112.45034980773926,2.4955933903925351,1
2004-11-12,119478.54171003433,0,1005.7962857917361,0.007890720349225111,-0.03919791349437296,1,112.47689979553223,2.8537768158725902,1
2004-11-15,119771.23088475707,353.03449631289936,1005.7962857917361,0.0024497216867032101,-0.03684421578643049,0.99705242658270254,112.50314979553222,2.7617470782527107,1
2004-11-16,118916.29790294074,353.03449631289936,1005.7962857917361,-0.0071380495591544246,-0.043719269507333181,0.99703123539381411,112.5226997756958,2.3455017316157494,1
2004-11-17,119620.35990716497,353.03449631289936,1005.7962857917361,0.0059206518924670437,-0.038057464190612067,0.99704870896069131,112.54669979095459,2.5982536842339958,1
2004-11-18,119781.28332261098,353.03449631289936,1005.7962857917361,0.0013452844948043108,-0.036763377812294995,0.99705267395272379,112.57614978790284,2.608798837742361,1
2004-11-19,118453.63253231054,353.03449631289936,1005.7962857917361,-0.011083958640889069,-0.047439852694013185,0.99701963976312324,112.59734977722168,2.0204346772624628,1
2004-11-22,119016.88367041327,353.03449631289936,1005.7962857917361,0.0047550347428062523,-0.042910396098960635,0.99703374441150261,112.61499980926514,2.2229384319173011,1
2004-11-23,119197.92730880044,353.03449631289936,1005.7962857917361,0.0015211592910508998,-0.041454510355618424,0.99703824970548094,112.63339981079102,2.2636216223102257,1
2004-11-24,119479.54904104346,353.03449631289936,1005.7962857917361,0.002362639507257791,-0.039189812912280853,0.99704523076002216,112.65134983062744,2.342882254147348,1
2004-11-26,119389.02338504152,353.03449631289936,1005.7962857917361,-0.0007576665356414658,-0.039917786638140607,0.99704299033275168,112.66274982452393,2.2825151821613319,1
2004-11-29,118845.89246988,353.03449631289936,1005.7962857917361,-0.0045492533548069369,-0.044285443868167573,0.99702947666952502,112.6735498046875,2.047043716513945,1
2004-11-30,118926.35801441134,353.03449631289936,1005.7962857917361,0.00067705785079397174,-0.0436383698248205,0.9970314865248785,112.68734981536865,2.0562396185814089,1
2004-12-01,120274.12902765293,353.03449631289936,1005.7962857917361,0.011332820038752578,-0.03280009557807706,0.99706475117161952,112.7026498413086,2.5494853923285548,1
2004-12-02,120374.70712150878,353.03449631289936,1005.7962857917361,0.00083624046724728451,-0.0319912838780817,0.99706720369457225,112.72099983215332,2.547490320995919,1
2004-12-03,120294.24157697742,353.03449631289936,1005.7962857917361,-0.0006684589018366438,-0.032638357921428884,0.99706524192941526,112.74109981536866,2.475788897421709,1
2004-12-06,120254.00880471176,353.03449631289936,1005.7962857917361,-0.00033445301901602331,-0.03296189494310231,0.99706426006233007,112.76274982452392,2.4200117920618198,1
2004-12-07,119137.57431359359,353.03449631289936,1005.7962857917361,-0.0092839690103905248,-0.041939846742317322,0.99703674933498609,112.78029983520508,1.9793662207197003,1
2004-12-08,119831.57620634724,353.03449631289936,1005.7962857917361,0.0058252142260919459,-0.036358941108108778,0.99705391093491935,112.80229984283447,2.2025799009143343,1
2004-12-09,120254.00880471176,353.03449631289936,1005.7962857917361,0.0035252194099251177,-0.03296189494310231,0.99706426006233007,112.82399982452392,2.3204705006961239,1
2004-12-10,120374.70712150878,353.03449631289936,1005.7962857917361,0.001003694745786099,-0.0319912838780817,0.99706720369457225,112.84594982147217,2.3272749586335104,1
2004-12-13,121420.73617956619,353.03449631289936,1005.7962857917361,0.0086897744806266886,-0.023579506439701192,0.99709246947909447,112.87269985198975,2.6472020584887126,1
2004-12-14,121843.16877793071,353.03449631289936,1005.7962857917361,0.0034790811821450163,-0.020182460274694836,0.9971025499430638,112.89584983825684,2.7434092225406004,1
2004-12-15,121933.68676031595,353.03449631289936,1005.7962857917361,0.00074290568189527839,-0.019454548257212267,0.99710470087723291,112.92284980773925,2.7189661829482761,1
2004-12-16,121863.2813272552,353.03449631289936,1005.7962857917361,-0.0005774075641552523,-0.02002072261804666,0.99710302814376994,112.9484497833252,2.6446188114222822,1
2004-12-17,121056.6376171649,924.32678664260538,1005.7962857917361,-0.0066192515194475332,-0.026507451938884263,0.99236450966393319,112.96569980621338,2.1579995302268817,1
2004-12-20,121086.81027795999,924.32678664260538,1005.7962857917361,0.00024924416693705709,-0.026264814599723407,0.99236641229114242,112.9811498260498,2.1446970331662465,1
2004-12-21,122012.14101922038,924.32678664260538,1005.7962857917361,0.0076418789060199721,-0.01882364822636351,0.99242430483621302,113.00829982757568,2.4066225673251953,1
2004-12-22,122303.82286293397,924.32678664260538,1005.7962857917361,0.0023905968805812972,-0.016478051100513369,0.99244237207794805,113.03919982910156,2.4545556492876384,1
2004-12-23,122394.34084531922,924.32678664260538,1005.7962857917361,0.00074010754746978158,-0.01575013908303069,0.99244796139871572,113.08014980316162,2.4334133106578171,1
2004-12-27,122142.89177387129,924.32678664260538,1005.7962857917361,-0.0020544174649848035,-0.017772199187207405,0.99243241441872976,113.12714977264405,2.3100825971564567,1
2004-12-28,122806.72100582985,924.32678664260538,1005.7962857917361,0.0054348576680789407,-0.012433930892159717,0.99247332084863071,113.17014976501464,2.4645682094989239,1
2004-12-29,122987.76464421702,924.32678664260538,1005.7962857917361,0.0014742160437504204,-0.010978045148817506,0.99248440046604214,113.2209497833252,2.4679783817415939,1
2004-12-30,122756.42812209358,924.32678664260538,1005.7962857917361,-0.0018809718413262955,-0.012838367596346045,0.99247023719423255,113.26764976501465,2.35182196627462,1
2004-12-31,122494.92661279175,924.32678664260538,1005.7962857917361,-0.0021302469720098083,-0.014941265674658255,0.99245416269716691,113.30679977416992,2.2338221178648565,1
2005-01-03,121921.62303683512,924.32678664260538,1005.7962857917361,-0.0046802230248184085,-0.019551560243846078,0.99241868043076042,113.34294979095459,2.0333604676978196,1
2005-01-04,120443.1012689426,924.32678664260538,1005.7962857917361,-0.012126821568359758,-0.031441283529745734,0.99232561452748846,113.3817998123169,1.5840654230785818,1
2005-01-05,119618.34862153805,924.32678664260538,1005.7962857917361,-0.0068476536946928679,-0.038073638203110272,0.99227270065759654,113.42359981536865,1.331488140541236,1
2005-01-06,120221.82485828975,924.32678664260538,1005.7962857917361,0.0050450139439814912,-0.033220706294761593,0.99231148930127999,113.46934982299804,1.4890180223891227,1
2005-01-07,120050.84133137316,924.32678664260538,1005.7962857917361,-0.0014222336677898184,-0.034595692355591345,0.99230053886843483,113.51379981994629,1.4242304783783135,1
2005-01-10,120614.08479585919,924.32678664260538,1005.7962857917361,0.0046917077651402739,-0.030066297468916092,0.99233649379998168,113.55379981994629,1.5669061450147816,1
2005-01-11,119789.33214845463,924.32678664260538,1005.7962857917361,-0.0068379464040245752,-0.036698652142280741,0.99228373036175632,113.58954982757568,1.3166815213702607,1
2005-01-12,120181.59208602409,924.32678664260538,1005.7962857917361,0.0032745815552535085,-0.033544243316435129,0.9923089154453788,113.61944984436035,1.4131184690957128,1
2005-01-13,119226.0886839686,924.32678664260538,1005.7962857917361,-0.0079504971224840792,-0.041228047028955994,0.99224727744703001,113.64269985198975,1.1317464320818005,1
2005-01-14,119849.6774700448,924.32678664260538,1005.7962857917361,0.0052303048180095679,-0.036213377463959029,0.99228761556848055,113.66839984893799,1.2954348502961643,1
2005-01-18,121086.81027795999,924.32678664260538,1005.7962857917361,0.010322370773374834,-0.026264814599723407,0.99236641229114242,113.69684986114503,1.6250276653262898,1
2005-01-19,119829.56492072031,924.32678664260538,1005.7962857917361,-0.010383008309109987,-0.036375115120607204,0.99228632109901971,113.7147498703003,1.2632676253912021,1
2005-01-20,119105.3903671716,924.32678664260538,1005.7962857917361,-0.0060433713001281086,-0.042198658093976493,0.99223942103885354,113.72589988708496,1.0557901578169882,1
2005-01-21,118381.21581362287,924.32678664260538,1005.7962857917361,-0.006080115696831867,-0.048022201067345893,0.99219194717430637,113.73529987335205,0.85042434130044997,1
2005-01-24,118149.88696511611,924.32678664260538,1005.7962857917361,-0.0019541009687800148,-0.049882461806497358,0.99217665957720713,113.74489990234375,0.78241881991450968,1
2005-01-25,118481.79390747871,924.32678664260538,1005.7962857917361,0.0028092023690264867,-0.047213389367350644,0.99219857535779377,113.75744987487793,0.86937342463848766,1
2005-01-26,118833.82874639916,924.32678664260538,1005.7962857917361,0.0029712146255596039,-0.044382455854801495,0.99222168639693342,113.76949989318848,0.96143764785399,1
2005-01-27,119034.98493411083,924.32678664260538,1005.7962857917361,0.0016927518858367296,-0.042764832454810997,0.99223483090156861,113.79059989929199,1.0086143065522126,1
2005-01-28,119034.98493411083,924.32678664260538,1005.7962857917361,0,-0.042764832454810997,0.99223483090156861,113.81079990386962,1.0005211646270831,1
2005-01-31,119769.21959913014,924.32678664260538,1005.7962857917361,0.0061682257987072386,-0.036860389798928916,0.99228243458764831,113.83679992675781,1.1910397123331486,1
2005-02-01,120523.56681347395,924.32678664260538,1005.7962857917361,0.0062983395639433226,-0.030794209486398549,0.99233073820265272,113.86219993591308,1.3839578933266012,1
2005-02-02,120885.64641663163,924.32678664260538,1005.7962857917361,0.00300422243326115,-0.027882499708091091,0.99235370936052314,113.88939990997315,1.467199488736967,1
2005-02-03,120573.85202359353,924.32678664260538,1005.7962857917361,-0.0025792507405180132,-0.030389834490589629,0.99233393666097913,113.92459991455078,1.367593499638692,1
2005-02-04,121851.21760377438,924.32678664260538,1005.7962857917361,0.010594051353115086,-0.020117734604680471,0.99241429995678621,113.96239994049073,1.6904815191310421,1
2005-02-07,121690.28651471168,924.32678664260538,1005.7962857917361,-0.0013207179396925728,-0.021411882691374728,0.99240426813745031,113.99149993896485,1.6285400122051354,1
2005-02-08,121831.09738083319,924.32678664260538,1005.7962857917361,0.0011571249452557719,-0.020279533969705943,0.99241304718980539,114.02074993133544,1.6469128295845921,1
2005-02-09,120925.87918889729,924.32678664260538,1005.7962857917361,-0.0074301078410733412,-0.027558962686417665,0.99235625332772048,114.04629993438721,1.3937852275609328,1
2005-02-10,121358.37189873241,924.32678664260538,1005.7962857917361,0.0035765107745011626,-0.024081016838898517,0.99238349384405133,114.07349990844726,1.492044196459748,1
2005-02-11,122394.34084531922,924.32678664260538,1005.7962857917361,0.0085364440077630999,-0.01575013908303069,0.99244796139871572,114.11324989318848,1.7398799063244779,1
2005-02-14,122303.82286293397,924.32678664260538,1005.7962857917361,-0.00073956019338872192,-0.016478051100513369,0.99244237207794805,114.15749988555908,1.6939722885844986,1
2005-02-15,122756.42812209358,924.32678664260538,1005.7962857917361,0.0037006632218425928,-0.012838367596346045,0.99247023719423255,114.20834987640382,1.7862635713115407,1
2005-02-16,122836.89366662494,924.32678664260538,1005.7962857917361,0.00065548945796400915,-0.012191293552998861,0.99247516964120575,114.25364986419677,1.7821002003912667,1
2005-02-17,121851.21760377438,924.32678664260538,1005.7962857917361,-0.0080242672492650824,-0.020117734604680471,0.99241429995678621,114.29449989318847,1.5130064327144055,1
2005-02-18,122012.14101922038,924.32678664260538,1005.7962857917361,0.0013206549643949295,-0.01882364822636351,0.99242430483621302,114.33254989624024,1.5354921523352627,1
2005-02-22,120211.76474681916,924.32678664260538,1005.7962857917361,-0.014755714122888897,-0.033301605977274384,0.99231084587611418,114.36649990081787,1.0711449358734417,1
2005-02-23,121066.6900550188,924.32678664260538,1005.7962857917361,0.0071118272824646223,-0.02642661396474888,0.99236514365576078,114.41394989013672,1.2729863343977272,1
2005-02-24,121861.27004162828,924.32678664260538,1005.7962857917361,0.0065631594144381911,-0.020036896630545087,0.99241492570751277,114.47099987030029,1.4577663567945907,1
2005-02-25,123058.17007727778,924.32678664260538,1005.7962857917361,0.0098218247293881955,-0.010411870787983002,0.99248870037591042,114.52939987182617,1.7366674071295776,1
2005-02-28,122253.52997919772,924.32678664260538,1005.7962857917361,-0.0065386970858966054,-0.016882487804699475,0.99243926300696683,114.58029987335205,1.517708871592732,1
2005-03-01,122857.01388956611,924.32678664260538,1005.7962857917361,0.004936331167460617,-0.0120294941879735,0.9924764019783725,114.63649990081787,1.6483061824823579,1
2005-03-02,122796.66089435926,924.32678664260538,1005.7962857917361,-0.00049124582550164053,-0.012514830574672509,0.99247270422574607,114.69214988708497,1.614121611322402,1
2005-03-03,122846.95377809551,924.32678664260538,1005.7962857917361,0.00040956230706901131,-0.012110393870486291,0.99247578586024798,114.75274990081788,1.6088346450313169,1
2005-03-04,124365.70831825372,924.32678664260538,1005.7962857917361,0.012362980875387564,0,0.99256767159418868,114.81814990997314,1.9571091546754618,1
2005-03-07,124426.05363984387,924.32678664260538,1005.7962857917361,0.00048522476497891986,0,0.99257127619495111,114.88574993133545,1.9457701050993541,1
2005-03-08,123963.38826921368,924.32678664260538,1005.7962857917361,-0.0037183962449648389,-0.0037183962449648389,0.99254355015986473,114.94929992675782,1.8095351412565439,1
2005-03-09,122595.50470664758,924.32678664260538,1005.7962857917361,-0.011034577076865948,-0.014711942391863353,0.99246035334774818,115.00509994506837,1.4604010623450829,1
2005-03-10,122867.06632742002,924.32678664260538,1005.7962857917361,0.0022151025963166315,-0.012529428257335939,0.9924770175257589,115.05994995117187,1.5094945330499085,1
2005-03-11,122012.14101922038,924.32678664260538,1005.7962857917361,-0.0069581323437918341,-0.019400379181121141,0.99242430483621302,115.10264995574951,1.2880466235236792,1
2005-03-14,122766.48823356417,924.32678664260538,1005.7962857917361,0.0061825586211536887,-0.013337764541527353,0.99247085422135672,115.14714996337891,1.4539158745003831,1
2005-03-15,121760.69194777244,924.32678664260538,1005.7962857917361,-0.0081927592803517912,-0.021421250727652441,0.99240866020177443,115.18349994659424,1.1990567185033705,1
2005-03-16,120734.78311265621,924.32678664260538,1005.7962857917361,-0.008425616007145309,-0.029666379501773754,0.99234415499152284,115.21479995727539,0.94336555986711634,1
2005-03-17,120976.17207263355,924.32678664260538,1005.7962857917361,0.0019993323692981679,-0.027726360085293278,0.99235943102838764,115.24804996490478,0.99176376781383269,1
2005-03-18,120621.12629069375,1394.0336521073461,1005.7962857917361,-0.002934840604202904,-0.030579828242111029,0.9884428731933097,115.27509998321533,0.78675376525613039,1
2005-03-21,120178.57346938804,1394.0336521073461,1005.7962857917361,-0.0036689495025868935,-0.034136581899079865,0.98840031453308574,115.30514999389648,0.67371313140722699,1
2005-03-22,118971.62099588463,1394.0336521073461,1005.7962857917361,-0.010042992179557175,-0.04383674065358778,0.98828263714961428,115.32474998474122,0.37988504250684602,1
2005-03-23,119072.19908974046,1394.0336521073461,1005.7962857917361,0.00084539567515262704,-0.043028404369396367,0.98829253459023869,115.33625000000001,0.40108785154964111,1
2005-03-24,119213.00995586197,1394.0336521073461,1005.7962857917361,0.0011825671080063493,-0.041896721237107304,0.98830636310060893,115.34764999389648,0.43190163897168543,1
2005-03-28,119383.99348277856,1394.0336521073461,1005.7962857917361,0.0014342690196305075,-0.040522543386771304,0.98832311090088942,115.36524997711182,0.46853229528476115,1
2005-03-29,118599.47360763968,1394.0336521073461,1005.7962857917361,-0.0065713991654338111,-0.046827652744412029,0.98824586981963169,115.3761499786377,0.2779752659365905,1
2005-03-30,120259.03901391938,1394.0336521073461,1005.7962857917361,0.013993025059874986,-0.033489888202884566,0.98840807590399926,115.40094997406005,0.66920482356054367,1
2005-03-31,120037.76260326653,1394.0336521073461,1005.7962857917361,-0.0018399981611962879,-0.035268265031368928,0.98838670746709323,115.42064998626709,0.61107976857415092,1
2005-04-01,119504.69179957558,1394.0336521073461,1005.7962857917361,-0.0044408592107201272,-0.039552502842478354,0.98833490441994265,115.43779998779297,0.47927555092273505,1
2005-04-04,119705.84798728726,1394.0336521073461,1005.7962857917361,0.0016832492907394858,-0.037935830274095417,0.98835450668829983,115.45679996490479,0.52265662079195552,1
2005-04-05,120269.09912538997,1394.0336521073461,1005.7962857917361,0.0047052934135893842,-0.033409036072833853,0.98840904553002462,115.47959999084473,0.65147566189501138,1
2005-04-06,120681.4716122839,1394.0336521073461,1005.7962857917361,0.0034287484473796148,-0.030094838806017377,0.98844865219587319,115.50659999847412,0.74306157498958758,1
2005-04-07,121325.18062130129,1394.0336521073461,1005.7962857917361,0.005333950609132776,-0.024921412580665603,0.98850993961048683,115.53395000457763,0.88884516841864003,1
2005-04-08,120077.99537553221,1394.0336521073461,1005.7962857917361,-0.010279689998253461,-0.034944918183271279,0.98839059856264555,115.55020000457763,0.58709429853535777,1
2005-04-11,120168.51335791746,1394.0336521073461,1005.7962857917361,0.00075382656166245177,-0.034217434029130467,0.98839934344568892,115.56869998931884,0.60379196136014712,1
2005-04-12,120782.04970613975,1394.0336521073461,1005.7962857917361,0.0051056331735992444,-0.029286502521825852,0.98845827127872887,115.59299999237061,0.74334011454182525,1
2005-04-13,119373.94104492466,1394.0336521073461,1005.7962857917361,-0.011658261013461679,-0.040603333844716705,0.98832212759413951,115.61225002288819,0.40389138641331329,1
2005-04-14,117835.06628182529,1394.0336521073461,1005.7962857917361,-0.012891211847653072,-0.052971119514056531,0.98816961965487216,115.62150001525879,0.035550845653591914,1
2005-04-15,116205.68120995736,1394.0336521073461,1005.7962857917361,-0.013827675608642176,-0.066066327665431746,0.98800373925274232,115.6196000289917,-0.35178028149681728,0
2005-04-18,116117.11781171375,116117.11781171375,0,-0.00076212623446181293,-0.066778103018365176,0,115.62740001678466,-0.27009752862203612,0
2005-04-19,116117.11781171375,116117.11781171375,0,0,-0.066778103018365176,0,115.64005004882813,-0.055173169446471965,0
2005-04-20,116117.11781171375,116117.11781171375,0,0,-0.066778103018365176,0,115.64960006713868,-0.44428189176492122,0
2005-04-21,116117.11781171375,116117.11781171375,0,0,-0.066778103018365176,0,115.66855007171631,0.082157210209483453,1
2005-04-22,115887.62338849915,0,1002.7483230467566,-0.0019764047501310555,-0.068622527208485939,1,115.6892000579834,-0.028755779278631918,0
2005-04-25,116119.33210956612,116119.33210956612,0,0.0019994259463773645,-0.0667603069235152,0,115.712200050354,0.14937230701566531,1
2005-04-26,115299.64243705801,0,1000.8649782244403,-0.0070590284805865933,-0.073348072496156047,1,115.72930004119873,-0.12826139884481155,0
2005-04-27,114900.87233373385,114900.87233373385,0,-0.003458554553123161,-0.076552948739184834,0,115.74825004577637,-0.023860434544397475,0
2005-04-28,114900.87233373385,114900.87233373385,0,0,-0.076552948739184834,0,115.76165004730224,-0.38013060293280709,0
2005-04-29,114900.87233373385,114900.87233373385,0,0,-0.076552948739184834,0,115.78640003204346,-0.0088929830753318277,0
2005-05-02,114900.87233373385,114900.87233373385,0,0,-0.076552948739184834,0,115.81485004425049,0.14350812497934759,1
2005-05-03,115366.84465568409,0,989.42406659884568,0.0040554289317908943,-0.072807974850524593,1,115.84665004730225,0.18561620700177495,1
2005-05-04,116257.32782536437,0,989.42406659884568,0.0077187095853921139,-0.065651248878504265,1,115.87595005035401,0.40106909982140165,1
2005-05-05,116217.74995685562,0,989.42406659884568,-0.00034043332363697942,-0.065969332329284591,1,115.91535003662109,0.38365693275064972,1
2005-05-06,115851.66033467969,0,989.42406659884568,-0.0031500319212154348,-0.068911558747841495,1,115.95140003204345,0.2843549358387189,1
2005-05-09,116573.94322472773,0,989.42406659884568,0.0062345493190296697,-0.063106641940476438,1,115.99570003509521,0.45889117118065637,1
2005-05-10,115366.84465568409,0,989.42406659884568,-0.010354788863207842,-0.072807974850524593,1,116.03495002746583,0.14332839242549938,1
2005-05-11,116000.07545441083,0,989.42406659884568,0.0054888456091231053,-0.067718760974468939,1,116.07230003356933,0.29802548253834171,1
2005-05-12,114723.71750265353,0,989.42406659884568,-0.011003078633849084,-0.077976724756329108,1,116.10155002593994,-0.038907762730198144,0
2005-05-13,115011.48695394592,115011.48695394592,0,0.0025083693028491449,-0.075663949876195402,0,116.12730003356934,-0.1050955677117221,0
2005-05-16,115011.48695394592,115011.48695394592,0,0,-0.075663949876195402,0,116.15710006713867,0.16665830365053813,1
2005-05-17,116108.36486422471,0,987.48395182928721,0.0095371161553456929,-0.066848449599591353,1,116.18965007781982,0.36188384442756227,1
2005-05-18,117303.21954186959,0,987.48395182928721,0.010290857846823709,-0.057245519644877674,1,116.2325500869751,0.66899423353584686,1
2005-05-19,117796.96151778424,0,987.48395182928721,0.0042091084783772992,-0.053277363768586605,1,116.27800010681152,0.79162534306612053,1
2005-05-20,117629.09105411037,0,987.48395182928721,-0.0014250831389104324,-0.054626522234704766,1,116.33160011291504,0.73986264079777653,1
2005-05-23,118280.82654468728,0,987.48395182928721,0.0055405978634750497,-0.049388587963612451,1,116.39625011444092,0.91055417037314679,1
2005-05-24,118004.33224359983,0,987.48395182928721,-0.0023376088007213136,-0.051610745566454841,1,116.45875011444092,0.83041816933030788,1
2005-05-25,117915.46230420942,0,987.48395182928721,-0.00075310743004719516,-0.052324984560545684,1,116.51390014648437,0.79934871670758545,1
2005-05-26,118547.45143066779,0,987.48395182928721,0.0053596798427326675,-0.047245749882833477,1,116.57335014343262,0.97036206492457466,1
2005-05-27,118744.94520747178,0,987.48395182928721,0.0016659470483808558,-0.045658511752018405,1,116.63970012664795,1.0236159198828105,1
2005-05-31,117984.58587948128,0,987.48395182928721,-0.0064032984870387999,-0.051769445159835059,1,116.70115013122559,0.8011899500119446,1
2005-06-01,118991.81619542911,0,987.48395182928721,0.0085369653030498149,-0.043674433813872926,1,116.76215011596679,1.0906568827355454,1
2005-06-02,119248.56413239802,0,987.48395182928721,0.0021576940766012687,-0.041610975804410644,1,116.8214001083374,1.1607486605810298,1
2005-06-03,118646.19831906979,0,987.48395182928721,-0.0050513464687041987,-0.04645213081742583,1,116.87200012207032,0.97360840324455633,1
2005-06-06,118537.57448165619,0,987.48395182928721,-0.00091552733212307835,-0.04732512995415028,1,116.92365013122559,0.93424689610628486,1
2005-06-07,118626.44442104659,0,987.48395182928721,0.00074971957017844204,-0.046610890960059548,1,116.97190010070801,0.95357937228085188,1
2005-06-08,118409.20428012406,0,987.48395182928721,-0.0018312960654157662,-0.048356828684254616,1,117.02045013427734,0.88008819300122898,1
2005-06-09,118972.06983131057,0,987.48395182928721,0.0047535624836640977,-0.043833133407253033,1,117.07110015869141,1.0463178064268837,1
2005-06-10,118695.56799631845,0,987.48395182928721,-0.0023240903128285417,-0.046055351559348923,1,117.11660015106202,0.95232033717094899,1
2005-06-13,119070.81671971257,0,987.48395182928721,0.0031614383732150309,-0.043039514341845497,1,117.16400016784668,1.0613050134839659,1
2005-06-14,119347.31102080003,0,987.48395182928721,0.0023220996437633978,-0.040817356739003108,1,117.21105018615722,1.1390328234985476,1
2005-06-15,119574.42811073415,0,987.48395182928721,0.0019029929370972809,-0.038992038943491236,1,117.26385017395019,1.2032141830857599,1
2005-06-16,119880.55325885639,0,987.48395182928721,0.0025601222013686975,-0.036531741126698436,1,117.31530017852783,1.2913379301959844,1
2005-06-17,120322.94516520736,481.89216849269212,987.48395182928721,0.0036902724781033847,-0.032976280727452179,0.99599501019667502,117.36550018310547,1.2692083114267778,1
2005-06-20,120362.44542734908,481.89216849269212,987.48395182928721,0.00032828536641527073,-0.032658820991438464,0.99599632454473885,117.40960018157959,1.2701560233287552,1
2005-06-21,120431.56900262095,481.89216849269212,987.48395182928721,0.00057429520500718034,-0.03210328159072795,0.99599862251664095,117.4563501739502,1.2814345698729706,1
2005-06-22,120530.31589102295,481.89216849269212,987.48395182928721,0.00081994189081657787,-0.031309662525320303,0.99600190072571959,117.49990016937255,1.3009773259829029,1
2005-06-23,118841.71923746343,481.89216849269212,987.48395182928721,-0.014009725611988433,-0.044880748356325051,0.99594509258545982,117.53630016326905,0.74636568230153266,1
2005-06-24,117972.73607205933,481.89216849269212,987.48395182928721,-0.0073121053025810845,-0.051864680900866045,0.99591522427522283,117.56880016326905,0.4560698391957993,1
2005-06-27,118140.6065357332,481.89216849269212,987.48395182928721,0.0014229598232877727,-0.050515522434747884,0.99592102848780506,117.59925018310547,0.50354288350017873,1
2005-06-28,119128.09048756248,481.89216849269212,987.48395182928721,0.0083585481807273432,-0.042579210682165858,0.99595484015129909,117.63285018920898,0.81974405834154318,1
2005-06-29,118812.09592433329,481.89216849269212,987.48395182928721,-0.0026525613055317088,-0.045118828021022073,0.99594408157903735,117.66370018005371,0.70757941484893616,1
2005-06-30,118170.22984886332,481.89216849269212,987.48395182928721,-0.0054023630378403631,-0.050277442770050973,0.99592205101818776,117.6956001663208,0.48766219822622003,1
2005-07-01,118515.84772522264,481.89216849269212,987.48395182928721,0.0029247457401186949,-0.047499745766497958,0.99593394320049122,117.72755016326904,0.59498002516451576,1
2005-07-05,119463.83141491019,481.89216849269212,987.48395182928721,0.0079987926330784553,-0.039880893749929758,0.99596620866093744,117.7642501449585,0.90310690145554295,1
2005-07-06,118466.47804797397,481.89216849269212,987.48395182928721,-0.0083485801110154689,-0.047896525024575087,0.99593224871344999,117.79930015563964,0.56077010711135133,1
2005-07-07,118930.58917685383,481.89216849269212,987.48395182928721,0.0039176578600734757,-0.04416650936223443,0.99594812258286136,117.8342501449585,0.70969352684079767,1
2005-07-08,120283.44490306563,481.89216849269212,987.48395182928721,0.011375170471913387,-0.033293740463465893,0.99599369498536527,117.88310012817382,1.1619816179966984,1
2005-07-11,120895.68766540546,481.89216849269212,987.48395182928721,0.0050900002309812731,-0.028373205379133792,0.99601398380869965,117.93805015563964,1.3656500369600926,1
2005-07-12,121211.68222863464,481.89216849269212,987.48395182928721,0.0026137786163533683,-0.025833588040277689,0.99602437521175791,117.99205017089844,1.4666484765865413,1
2005-07-13,121379.55269230851,481.89216849269212,987.48395182928721,0.0013849363410138871,-0.024484429574159527,0.99602987358410966,118.05045017242432,1.5200771055201261,1
2005-07-14,121853.54830410462,481.89216849269212,987.48395182928721,0.0039050696866356205,-0.020674973291248677,0.99604531689721454,118.10860019683838,1.6781099587723785,1
2005-07-15,121784.41719492809,481.89216849269212,987.48395182928721,-0.00056732947163762315,-0.021230573241212802,0.99604307201535169,118.16360019683837,1.6432319473431822,1
2005-07-18,121300.55216802505,481.89216849269212,987.48395182928721,-0.0039731275810809263,-0.025119349046186956,0.99602728792342865,118.21655017852783,1.4633464711415822,1
2005-07-19,121962.16460761355,481.89216849269212,987.48395182928721,0.0054543233955937076,-0.019802034703777949,0.99604883883421491,118.26340015411377,1.6830180644879269,1
2005-07-20,122376.91359314939,481.89216849269212,987.48395182928721,0.0034006364750100992,-0.016468737750260809,0.99606222975932557,118.31140018463135,1.8108113545733564,1
2005-07-21,121665.92394240756,481.89216849269212,987.48395182928721,-0.0058098347953565721,-0.022182891900000445,0.9960392182718244,118.35550018310546,1.5412205313958369,1
2005-07-22,122475.66048155139,481.89216849269212,987.48395182928721,0.0066554094433797228,-0.015675118684853384,0.99606540461510495,118.39980018615722,1.8078414988183287,1
2005-07-25,122130.04260519207,481.89216849269212,987.48395182928721,-0.0028219311086008503,-0.018452815688406399,0.99605427003697611,118.44850021362305,1.6686639480981544,1
2005-07-26,122278.15917084273,481.89216849269212,987.48395182928721,0.0012127774828465387,-0.017262417364921845,0.99605904953296354,118.50265018463135,1.7087151741285567,1
2005-07-27,122722.53146950871,481.89216849269212,987.48395182928721,0.003634110144274505,-0.013691040746707794,0.99607331952232081,118.55675018310546,1.8504329663528587,1
2005-07-28,123492.76774651081,481.89216849269212,987.48395182928721,0.0062762417608168697,-0.0075007272675744474,0.99609781060635183,118.6169501876831,2.1055317714460622,1
2005-07-29,122673.15425835538,481.89216849269212,987.48395182928721,-0.0066369351267422383,-0.014087880554038312,0.9960717389928867,118.67795017242432,1.8043185328508728,1
2005-08-01,122584.28431896499,481.89216849269212,987.48395182928721,-0.00072444488712852806,-0.014802119548129045,0.99606889112115871,118.74300018310547,1.7721318690352053,1
2005-08-02,123315.02033382535,481.89216849269212,987.48395182928721,0.0059610905175984108,-0.008929265805009412,0.9960921859544104,118.80865016937256,2.0322816075540473,1
2005-08-03,123640.89184606614,481.89216849269212,987.48395182928721,0.002642593832921758,-0.0063102683948365046,0.99610248550218605,118.87385017395019,2.1406002235229433,1
2005-08-04,122653.40789423685,481.89216849269212,987.48395182928721,-0.0079867100365040855,-0.014246580147418419,0.99607110656959308,118.93875019073486,1.7767887969562339,1
2005-08-05,121823.91745706982,481.89216849269212,987.48395182928721,-0.0067628812880787814,-0.020913113505199088,0.9960443550121223,119.00055019378662,1.470428103982564,1
2005-08-08,121596.8003671357,481.89216849269212,987.48395182928721,-0.0018643062435925728,-0.02273843130071096,0.99603696670440567,119.05760021209717,1.3855006565579335,1
2005-08-09,122327.53638199606,481.89216849269212,987.48395182928721,0.006009500354072328,-0.016865577557591327,0.99606064028798991,119.12460021972656,1.6858961702729014,1
2005-08-10,122268.28975573579,481.89216849269212,987.48395182928721,-0.00048432779742457743,-0.017341736886985148,0.99605873142206047,119.19195022583008,1.6815412885538721,1
2005-08-11,122752.15478263884,481.89216849269212,987.48395182928721,0.0039574040650254272,-0.013452961082010995,0.99607426713326541,119.25335021972656,1.8854305349192901,1
2005-08-12,122001.66486975529,481.89216849269212,987.48395182928721,-0.0061138634528450364,-0.019484574967764123,0.99605011809464128,119.30425022125245,1.5685481499315284,1
2005-08-15,122752.15478263884,481.89216849269212,987.48395182928721,0.0061514727170710604,-0.013452961082010995,0.99607426713326541,119.35725021362305,1.8779482887325856,1
2005-08-16,121162.30501748133,481.89216849269212,987.48395182928721,-0.012951705556393023,-0.026230427847608095,0.99602275502745541,119.4023002243042,1.1976029395074683,1
2005-08-17,121152.42806846972,481.89216849269212,987.48395182928721,-8.1518332043839514e-05,-0.02630980791892501,0.99602243078264718,119.44575019836425,1.1896518527599169,1
2005-08-18,121142.55865336278,481.89216849269212,987.48395182928721,-8.1462792486108881e-05,-0.026389127440988314,0.99602210673235347,119.4889501953125,1.1819916815001372,1
2005-08-19,121419.05295445024,481.89216849269212,987.48395182928721,0.0022823878260538333,-0.024166969838145924,0.99603116515269252,119.52640018463134,1.2954237720842969,1
2005-08-22,121419.05295445024,481.89216849269212,987.48395182928721,0,-0.024166969838145924,0.99603116515269252,119.55600017547607,1.2826267857322358,1
2005-08-23,121191.92833061145,481.89216849269212,987.48395182928721,-0.0018705847090075833,-0.025992348182911296,0.99602372719758947,119.58080017089844,1.1693965003135738,1
2005-08-24,120115.57443939177,481.89216849269212,987.48395182928721,-0.0088813991661506053,-0.034642898929583943,0.99598809587564485,119.60100017547607,0.68241143409812055,1
2005-08-25,120550.06225514149,481.89216849269212,987.48395182928721,0.0036172479528784329,-0.031150962931940196,0.99600255562313378,119.62455017089843,0.86737489101491461,1
2005-08-26,119730.45630089071,481.89216849269212,987.48395182928721,-0.0067988845374139517,-0.037738055669150672,0.99597519141427426,119.64350017547608,0.49413009061687913,1
2005-08-29,120648.81667744814,481.89216849269212,987.48395182928721,0.0076702319938506403,-0.030357283317279271,0.99600582764287682,119.66265018463135,0.89683490131352772,1
2005-08-30,120016.82755098976,481.89216849269212,987.48395182928721,-0.0052382538334211359,-0.035436517994991479,0.99598479497978765,119.6739501953125,0.60838264239376072,1
2005-08-31,121527.67679186384,481.89216849269212,987.48395182928721,0.012588645040064739,-0.023293970701421585,0.99603471257565457,119.6932001876831,1.2716773491424291,1
2005-09-01,121438.79931856878,481.89216849269212,987.48395182928721,-0.00073133524511681536,-0.024008270244765706,0.99603181049881306,119.71625019073487,1.2192590325119863,1
2005-09-02,121221.55164374158,481.89216849269212,987.48395182928721,-0.0017889478160707517,-0.025754268518214385,0.99602469889257872,119.73470016479492,1.1116739912113835,1
2005-09-06,122633.65399621366,481.89216849269212,987.48395182928721,0.011648938108151929,-0.014405340290052027,0.99607047370122748,119.75950016021729,1.7158165404348473,1
2005-09-07,122841.03225593391,481.89216849269212,987.48395182928721,0.001691038739876749,-0.012738661538666651,0.99607710746447742,119.7919501876831,1.7833993388001206,1
2005-09-08,122436.16021940966,481.89216849269212,987.48395182928721,-0.0032959022656265935,-0.015992578420866987,0.99606413523889414,119.81955017089844,1.5862344115055438,1
2005-09-09,123522.39105964094,481.89216849269212,987.48395182928721,0.0088718139991055267,-0.0072626476028775366,0.99609874643488716,119.8517501449585,2.0277989054028667,1
2005-09-12,123275.52007168363,481.89216849269212,987.48395182928721,-0.0019985930149143405,-0.0092467255410230154,0.99609093380248992,119.88130012512207,1.8928845370356817,1
2005-09-13,122594.16126797658,481.89216849269212,987.48395182928721,-0.0055271217133039396,-0.014722739476812241,0.99606920783576858,119.90785015106201,1.5810238126595848,1
2005-09-14,122149.78896931061,481.89216849269212,987.48395182928721,-0.0036247427615628824,-0.018294116095026181,0.99605490789170525,119.9348501586914,1.3761532278434434,1
2005-09-15,122090.54234305034,481.89216849269212,987.48395182928721,-0.00048503257156795598,-0.018770275424420002,0.99605299346497567,119.96115016937256,1.3363480813410575,1
2005-09-16,122951.62684226455,997.35879134758011,987.48395182928721,0.0070528354014083305,-0.011849823686019167,0.99188820175086345,119.98250015258789,1.4664341668280696,1
2005-09-19,122546.7548057403,997.35879134758011,987.48395182928721,-0.0032929376123153054,-0.015103740568219504,0.99186140185491989,120.00130012512207,1.2825726545582725,1
2005-09-20,121519.77812567394,997.35879134758011,987.48395182928721,-0.0083802845835805329,-0.023357451507561744,0.99179262168898852,120.01530014038086,0.84359902350726435,1
2005-09-21,120394.04702330093,997.35879134758011,987.48395182928721,-0.0092637685793731661,-0.032404842061564909,0.99171587951392193,120.02380016326904,0.36740313256837009,1
2005-09-22,120818.65789003905,997.35879134758011,987.48395182928721,0.003526842707230804,-0.028992286135237966,0.99174499362296087,120.04000015258789,0.53942239173282891,1
2005-09-23,120917.41231234571,997.35879134758011,987.48395182928721,0.00081737724976660431,-0.02819860652057693,0.99175173556665874,120.05325016021729,0.57533135896281196,1
2005-09-26,121055.65946288944,997.35879134758011,987.48395182928721,0.0011433187983431736,-0.027087527719155791,0.9917611551928035,120.0651001739502,0.62806750371668396,1
2005-09-27,121026.0361497593,997.35879134758011,987.48395182928721,-0.00024470820498256884,-0.027325607383852701,0.99175913858639941,120.07620018005372,0.61059809779239782,1
2005-09-28,121144.52940227983,997.35879134758011,987.48395182928721,0.00097907240698114073,-0.026373288725065058,0.9917671990945981,120.08270015716553,0.65693025777170155,1
2005-09-29,122122.14393900218,997.35879134758011,987.48395182928721,0.0080698199212614341,-0.018516296494546447,0.99183310447083417,120.09205017089843,1.0600147278251759,1
2005-09-30,122497.38512849163,997.35879134758011,987.48395182928721,0.0030726711584498911,-0.015500519826296522,0.99185812178520039,120.10285018920898,1.2082797569137687,1
2005-10-03,122062.88977883726,997.35879134758011,987.48395182928721,-0.0035469765268754117,-0.018992516373193769,0.99182913993635025,120.11180019378662,1.0211225008835256,1
2005-10-04,120700.16463751852,997.35879134758011,987.48395182928721,-0.01116412321376159,-0.029944604794025498,0.99173688955319317,120.1207001876831,0.45099361745368421,1
2005-10-05,119130.06123647952,997.35879134758011,987.48395182928721,-0.013008295438156736,-0.042563371966242713,0.99162798389427698,120.12150016784668,-0.20165697806104141,0
2005-10-06,119218.04492276252,119218.04492276252,0,0.00073855150723334262,-0.041856255701528067,0,120.11555015563965,-0.37551739651117472,0
2005-10-07,119218.04492276252,119218.04492276252,0,0,-0.041856255701528067,0,120.11020015716552,-0.20516455091360392,0
2005-10-10,119218.04492276252,119218.04492276252,0,0,-0.041856255701528067,0,120.0993501663208,-0.61451151263275205,0
2005-10-11,119218.04492276252,119218.04492276252,0,0,-0.041856255701528067,0,120.08890018463134,-0.67916486049450331,0
2005-10-12,119218.04492276252,119218.04492276252,0,0,-0.041856255701528067,0,120.07050018310547,-1.0499875897889879,0
2005-10-13,119218.04492276252,119218.04492276252,0,0,-0.041856255701528067,0,120.05085018157959,-1.068225348529902,0
2005-10-14,119218.04492276252,119218.04492276252,0,0,-0.041856255701528067,0,120.03855018615722,-0.55763967972558703,0
2005-10-17,119218.04492276252,119218.04492276252,0,0,-0.041856255701528067,0,120.02975017547607,-0.37474335392548402,0
2005-10-18,119218.04492276252,119218.04492276252,0,0,-0.041856255701528067,0,120.0173501586914,-0.89351937436472684,0
2005-10-19,119218.04492276252,119218.04492276252,0,0,-0.041856255701528067,0,120.02210014343262,-0.098502173269091997,0
2005-10-20,119218.04492276252,119218.04492276252,0,0,-0.041856255701528067,0,120.02040012359619,-0.9557059524508974,0
2005-10-21,119218.04492276252,119218.04492276252,0,0,-0.041856255701528067,0,120.01800010681153,-0.76718618781788117,0
2005-10-24,119218.04492276252,119218.04492276252,0,0,-0.041856255701528067,0,120.02560009002686,-0.02668437069668466,0
2005-10-25,119218.04492276252,119218.04492276252,0,0,-0.041856255701528067,0,120.02920009613037,-0.12582214741295722,0
2005-10-26,119218.04492276252,119218.04492276252,0,0,-0.041856255701528067,0,120.0351501083374,-0.27100398061760733,0
2005-10-27,119218.04492276252,119218.04492276252,0,0,-0.041856255701528067,0,120.03280010223389,-0.78696864144537226,0
2005-10-28,119218.04492276252,119218.04492276252,0,0,-0.041856255701528067,0,120.04370010375976,-0.099463862350218285,0
2005-10-31,119218.04492276252,119218.04492276252,0,0,-0.041856255701528067,0,120.05315010070801,0.031407540442903746,1
2005-11-01,119068.5240390137,0,988.20255747399881,-0.001254179967853708,-0.043057940391951544,1,120.05825008392334,0.17646731116800177,1
2005-11-02,120313.66137245935,0,988.20255747399881,0.01045731727587107,-0.033050893660004688,1,120.07590007781982,0.68441679415115853,1
2005-11-03,120827.52338501548,0,988.20255747399881,0.0042710196555764135,-0.028921035020884611,1,120.09975006103515,0.88797304614942585,1
2005-11-04,120669.41489630096,0,988.20255747399881,-0.001308546962521917,-0.030191737450876999,1,120.12640007019043,0.81403532900274878,1
2005-11-07,120788.00191737723,0,988.20255747399881,0.00098274298568679086,-0.029238665183395796,1,120.15480007171631,0.85470147792244977,1
2005-11-08,120788.00191737723,0,988.20255747399881,0,-0.029238665183395796,1,120.18155010223389,0.84604139524023392,1
2005-11-09,120946.11040609174,0,988.20255747399881,0.0013089751151167395,-0.027967962753403408,1,120.20735008239745,0.90299546615938853,1
2005-11-10,121884.89981993716,0,988.20255747399881,0.0077620471687209758,-0.020423004230787467,1,120.23690006256103,1.2827422222429177,1
2005-11-11,122299.95062401051,0,988.20255747399881,0.0034052684515186726,-0.01708728159126105,1,120.26855007171631,1.440614459256917,1
2005-11-14,122230.77674656281,0,988.20255747399881,-0.00056560838409791536,-0.017643225265629447,1,120.29620006561279,1.3961060662893594,1
2005-11-15,121786.0810720672,0,988.20255747399881,-0.0036381645141441155,-0.021217200823697047,1,120.3178500366211,1.1987138527906516,1
2005-11-16,122033.13171143569,0,988.20255747399881,0.002028562190307337,-0.01923167904476486,1,120.3389500427246,1.2878128775419866,1
2005-11-17,123169.56616040824,0,988.20255747399881,0.0093125074562521171,-0.010098266743013284,1,120.36735004425049,1.7343413222870903,1
2005-11-18,123653.78330254208,0,988.20255747399881,0.0039313050880054323,-0.006206661022434723,1,120.39185001373291,1.9056795323280664,1
2005-11-21,124276.3557389585,0,988.20255747399881,0.0050348029780309389,-0.0012031073598032238,1,120.42030002593994,2.1232481820400517,1
2005-11-22,124809.98602472093,0,988.20255747399881,0.0042939003367890027,0,1,120.45075004577637,2.2949193075187706,1
2005-11-23,125531.36966962012,0,988.20255747399881,0.0057798551852759061,0,1,120.48935005187988,2.5259807182200027,1
2005-11-25,125630.18841749008,0,988.20255747399881,0.00078720361396533711,0,1,120.52630004882812,2.5101581056661435,1
2005-11-28,124740.81214727323,0,988.20255747399881,-0.0070793197194077839,-0.0070793197194077839,1,120.55360008239747,2.1329206149528455,1
2005-11-29,124602.45685299065,0,988.20255747399881,-0.0011091421636667542,-0.0081806099110836028,1,120.58065006256103,2.0482230535175932,1
2005-11-30,123930.48635172004,0,988.20255747399881,-0.0053929153424592258,-0.013529407916842762,1,120.60205009460449,1.7734687713705268,1
2005-12-01,125195.3844189848,0,988.20255747399881,0.010206512574112869,-0.0034609834147534269,1,120.62945011138916,2.2082241741939135,1
2005-12-02,125353.49290769931,0,988.20255747399881,0.0012628939113712434,-0.0022024603582639912,1,120.6625500869751,2.2263254093250668,1
2005-12-05,125086.68153451169,0,988.20255747399881,-0.0021284717880504234,-0.0043262442715776839,1,120.69350009918213,2.0946128342971178,1
2005-12-06,125323.84803727704,0,988.20255747399881,0.001896017224662927,-0.0024384296805718408,1,120.73460010528565,2.1432401901555358,1
2005-12-07,124592.58025577469,0,988.20255747399881,-0.0058350249609702143,-0.0082592263434903002,1,120.76775012969971,1.8556393154523179,1
2005-12-08,124513.52224172385,0,988.20255747399881,-0.00063453228024124009,-0.0088885178780068186,1,120.79655014038086,1.8028820068675933,1
2005-12-09,124839.6308951432,0,988.20255747399881,0.0026190621512276469,-0.0062927353075339365,1,120.82105014801026,1.8917205315043639,1
2005-12-12,124958.21037683227,0,988.20255747399881,0.00094985447200390816,-0.0053488580183029821,1,120.85015014648438,1.9053331752170855,1
2005-12-13,125808.06517941089,0,988.20255747399881,0.0068011121479392145,0,1,120.88055011749267,2.1618523056504722,1
2005-12-14,126302.16645814788,0,988.20255747399881,0.0039274213305193761,0,1,120.91375011444092,2.2881575532399636,1
2005-12-15,125936.53633709031,0,988.20255747399881,-0.002894884001682807,-0.002894884001682807,1,120.94485012054443,2.1304129626188351,1
2005-12-16,125533.347884188,664.07211862252723,988.20255747399881,-0.0032015208979792042,-0.0060871368680334159,0.9947099943575537,120.96300010681152,1.7579347120073834,1
2005-12-19,124891.01471395245,664.07211862252723,988.20255747399881,-0.0051168329456817707,-0.011172822951243999,0.99468278706724012,120.97760009765625,1.5336859312895856,1
2005-12-20,125009.60173502873,664.07211862252723,988.20255747399881,0.00094952404180470573,-0.010233907773446349,0.99468783109932546,120.99510009765625,1.5580708340074156,1
2005-12-21,125207.23923076865,664.07211862252723,988.20255747399881,0.0015809785248244168,-0.0086691088370368652,0.99469621626750682,121.02040008544923,1.6038995588902758,1
2005-12-22,125859.45653760733,664.07211862252723,988.20255747399881,0.0052091022120261954,-0.0035051648990300777,0.99472370104804875,121.04765010833741,1.7918747015613792,1
2005-12-23,125928.63041505503,664.07211862252723,988.20255747399881,0.00054961207803261303,-0.0029574793019614409,0.99472659937272578,121.07950012207031,1.7896106735282749,1
2005-12-27,124653.84821118711,664.07211862252723,988.20255747399881,-0.010123053031437679,-0.013050593613585959,0.99467267053402586,121.10115013122558,1.3698785652461145,1
2005-12-28,124930.54372097788,664.07211862252723,988.20255747399881,0.0022197109336086207,-0.010859851225311412,0.99468446947524958,121.12920013427734,1.4416219872957978,1
2005-12-29,124377.15270139634,664.07211862252723,988.20255747399881,-0.0044295894590636875,-0.015241336001860506,0.99466081909579629,121.15955013275146,1.2537048071478747,1
2005-12-30,123705.17466073853,664.07211862252723,988.20255747399881,-0.0054027450063203197,-0.020561735956207139,0.99463181616740171,121.18530014038086,1.0322161548733164,1
2006-01-03,125869.3331348233,664.07211862252723,988.20255747399881,0.017494486225171801,-0.0034269667374866586,0.99472411506374459,121.22610012054443,1.6900995759116564,1
2006-01-04,126462.26070081745,664.07211862252723,988.20255747399881,0.0047106594690466963,0,0.99474885143644887,121.27210014343262,1.8494226521002537,1
2006-01-05,126541.31117548111,664.07211862252723,988.20255747399881,0.00062509142431577125,0,0.99475213183383548,121.32450012207032,1.8502231181997755,1
2006-01-06,127588.81101318683,664.07211862252723,988.20255747399881,0.0082779278006144263,0,0.99479521665458659,121.38170013427734,2.1410530192894237,1
2006-01-09,127914.91966660618,664.07211862252723,988.20255747399881,0.0025559345747461215,0,0.99480848582516135,121.4398501586914,2.2053687142714358,1
2006-01-10,128043.37574551122,664.07211862252723,988.20255747399881,0.0010042306186006655,0,0.9948136940723713,121.49780014038086,2.2081715614651811,1
2006-01-11,128448.54241298142,664.07211862252723,988.20255747399881,0.0031642922963501796,0,0.99483005329490282,121.56170013427734,2.293359427140687,1
2006-01-12,127944.56453702845,664.07211862252723,988.20255747399881,-0.0039235780063008319,-0.0039235780063008319,0.9948096887036546,121.61480014801026,2.1081252501458572,1
2006-01-13,127825.969976565,664.07211862252723,988.20255747399881,-0.00092692144361572471,-0.004846862601326829,0.99480487322924849,121.66840011596679,2.0414398287995481,1
2006-01-17,127480.10812871372,664.07211862252723,988.20255747399881,-0.0027057244151144078,-0.0075394727419642038,0.99479077851148334,121.72290012359619,1.913231459419376,1
2006-01-18,126976.12271337357,664.07211862252723,988.20255747399881,-0.0039534435822041747,-0.011463109444043384,0.99477010240640629,121.77385013580323,1.7435358501521168,1
2006-01-19,127460.33985550741,664.07211862252723,988.20255747399881,0.003813450369932081,-0.0076933730730613936,0.99478997059496832,121.82445011138915,1.8589314655011795,1
2006-01-20,125147.94948992411,664.07211862252723,988.20255747399881,-0.018142038285828277,-0.025695837890051032,0.99469370356183107,121.86130012512207,1.1760905553748213,1
2006-01-23,125592.63762503253,664.07211862252723,988.20255747399881,0.0035532994101850068,-0.02223384348548485,0.99471249166208953,121.89720012664795,1.2910178314191063,1
2006-01-24,125721.10878271195,664.07211862252723,988.20255747399881,0.0010229194967859012,-0.021233667420688662,0.99471789483045159,121.93995014190673,1.3142937268209258,1
2006-01-25,125829.81166718507,664.07211862252723,988.20255747399881,0.00086463510802303745,-0.020387391686989553,0.99472245797856729,121.98280017852784,1.33152112976332,1
2006-01-26,126521.550441662,664.07211862252723,988.20255747399881,0.0054974156387244122,-0.015002054014158106,0.99475131219697843,122.02610019683839,1.5130362162411757,1
2006-01-27,127687.6222216696,664.07211862252723,988.20255747399881,0.0092163886384342142,-0.0059239301358932073,0.99479924438196776,122.08230014801025,1.8246857007632444,1
2006-01-30,127588.81101318683,664.07211862252723,988.20255747399881,-0.00077385111229677506,-0.0066931970082652059,0.99479521665458659,122.14565017700195,1.7786128518516824,1
2006-01-31,126659.89819655738,664.07211862252723,988.20255747399881,-0.0072805194221415848,-0.013924986479591839,0.99475704522048503,122.21240016937256,1.5050328234211463,1
2006-02-01,127539.39786955826,664.07211862252723,988.20255747399881,0.0069437895144683903,-0.0070778891402295541,0.99479320014273775,122.28185016632079,1.7464896215768455,1
2006-02-02,126066.97816995041,664.07211862252723,988.20255747399881,-0.011544822417256406,-0.018540998584272939,0.99473238648008766,122.33930015563965,1.3111670515939191,1
2006-02-03,125444.40573353399,664.07211862252723,988.20255747399881,-0.0049384259498719274,-0.023387861185599768,0.99470624365638804,122.4016501235962,1.1257518049625335,1
2006-02-06,125770.51438695333,664.07211862252723,988.20255747399881,0.0025996269145078799,-0.020849033984502663,0.99471996976509613,122.45460010528565,1.2125006122969966,1
2006-02-07,124663.73234779025,664.07211862252723,988.20255747399881,-0.0088000120263314052,-0.029465574261033134,0.99467309291871764,122.50415012359619,0.87771878775198076,1
2006-02-08,125790.28266015965,664.07211862252723,988.20255747399881,0.0090367125318093766,-0.020695133653405473,0.99472079953571124,122.55560012817382,1.204483461448526,1
2006-02-09,125582.76102781657,664.07211862252723,988.20255747399881,-0.0016497429527504437,-0.022310734955254929,0.99471207582006071,122.61165016174317,1.135626556045791,1
2006-02-10,125810.04339397876,664.07211862252723,988.20255747399881,0.0018098213823460885,-0.020541292018086743,0.99472162872925052,122.66660015106201,1.1967770647669418,1
2006-02-13,125582.76102781657,664.07211862252723,988.20255747399881,-0.0018065518461864993,-0.022310734955254929,0.99471207582006071,122.72765018463134,1.1241077746864854,1
2006-02-14,126906.94883592587,664.07211862252723,988.20255747399881,0.010544343803812417,-0.012001643211326574,0.99476725171699554,122.78765018463135,1.5234584346503228,1
2006-02-15,127351.6369710343,664.07211862252723,988.20255747399881,0.0035040487474280457,-0.0085396488067603915,0.9947855234968549,122.84665016174317,1.648242665689746,1
2006-02-16,128300.31806087006,664.07211862252723,988.20255747399881,0.0074493042445267221,-0.0011539590043364578,0.99482408049598547,122.90945018768311,1.9244614033842218,1
2006-02-17,127954.44113424441,664.07211862252723,988.20255747399881,-0.002695838419212393,-0.0038466865365307523,0.99481008933542359,122.96600017547607,1.7971962373291166,1
2006-02-21,127638.22415681541,664.07211862252723,988.20255747399881,-0.0024713247514186465,-0.0063085048763006357,0.99479723160511346,123.02115020751953,1.6819922646694743,1
2006-02-22,128409.02094534317,664.07211862252723,988.20255747399881,0.0060389181502615852,-0.00030768327063745993,0.99482846209920728,123.08205024719238,1.9017509588830794,1
2006-02-23,128221.26004681922,664.07211862252723,988.20255747399881,-0.0014622095639517108,-0.0017694429371681863,0.99482088915379518,123.13835025787354,1.8227638766947452,1
2006-02-24,128547.36870023857,664.07211862252723,988.20255747399881,0.0025433274739325995,0,0.99483402791253484,123.20240028381347,1.9062530683800822,1
2006-02-27,128596.78184386714,664.07211862252723,988.20255747399881,0.00038439638343579219,0,0.9948360129304884,123.26350032806397,1.9015633350213184,1
2006-02-28,127381.28184145657,664.07211862252723,988.20255747399881,-0.009452025042791079,-0.009452025042791079,0.99478673703842091,123.32490032196046,1.5158512871535152,1
2006-03-01,128507.83215382595,664.07211862252723,988.20255747399881,0.0088439235033881403,-0.0006916945258333973,0.99483243855652614,123.39315029144286,1.8569395163631988,1
2006-03-02,128497.95555660999,664.07211862252723,988.20255747399881,-7.6855994303404174e-05,-0.00076849735926620699,0.99483204136792691,123.45595027923584,1.8381663391421366,1
2006-03-03,127905.02799061584,664.07211862252723,988.20255747399881,-0.0046142957172025101,-0.0053792470023952266,0.99480808433370382,123.51185024261474,1.6367429059983134,1
2006-03-06,127321.99210061203,664.07211862252723,988.20255747399881,-0.0045583500442734071,-0.0099130765558571587,0.9947843093901817,123.55875022888183,1.4384764646830721,1
2006-03-07,127124.3546048721,664.07211862252723,988.20255747399881,-0.001552265185921331,-0.011449954018155406,0.99477620066834094,123.60215023040772,1.3622638565225822,1
2006-03-08,127391.17351744691,664.07211862252723,988.20255747399881,0.0020988811577775657,-0.0093751049531238806,0.99478714183811501,123.64775024414062,1.4319023835326476,1
2006-03-09,126541.31117548111,664.07211862252723,988.20255747399881,-0.0066712812081082262,-0.015983842199734255,0.99475213183383548,123.68575023651123,1.1522655125159647,1
2006-03-10,127737.03536529819,664.07211862252723,988.20255747399881,0.0094492792804945491,-0.006685598708160434,0.99480125621576043,123.73120021820068,1.5132477597731624,1
2006-03-13,127974.20940745072,664.07211862252723,988.20255747399881,0.0018567367050148498,-0.0048412753996620594,0.99481089102486098,123.77830020904541,1.5707083651227876,1
2006-03-14,129308.27381277599,664.07211862252723,988.20255747399881,0.010424478584413865,0,0.99486442669875841,123.82895015716552,1.9621487107617834,1
2006-03-15,129881.43310556383,664.07211862252723,988.20255747399881,0.0044325028545173506,0,0.99488708968830986,123.8815001296997,2.1077344555622499,1
2006-03-16,130148.25201813864,664.07211862252723,988.20255747399881,0.0020543268286694616,0,0.99489757174356841,123.93925010681153,2.1571033019095456,1
2006-03-17,130255.96247799745,1176.9492459515327,988.20255747399881,0.00082759820580458054,0,0.99096433496355041,123.98985008239747,2.0020788645710299,1
2006-03-20,130048.44838504157,1176.9492459515327,988.20255747399881,-0.001593125481614277,-0.001593125481614277,0.99094991704578528,124.03810009002686,1.9109358370765315,1
2006-03-21,129238.11505010119,1176.9492459515327,988.20255747399881,-0.006231011173168266,-0.007814209872106237,0.99089317230063845,124.08530006408691,1.6452243812220799,1
2006-03-22,130018.8035146193,1176.9492459515327,988.20255747399881,0.0060406983204255305,-0.0018207148361305547,0.99094785358627613,124.13700008392334,1.8564900329671696,1
2006-03-23,129751.9846020445,1176.9492459515327,988.20255747399881,-0.0020521563447920554,-0.0038691347894196371,0.99092923896646912,124.186900100708,1.7539603950842255,1
2006-03-24,129850.81088930165,1176.9492459515327,988.20255747399881,0.00076165530384963986,-0.0031104264326037301,0.990936142501606,124.2384001159668,1.76159602327959,1
2006-03-27,129663.04999077768,1176.9492459515327,988.20255747399881,-0.0014459740161656409,-0.0045519028529685812,0.99092301742065114,124.28610012054443,1.6845820144099604,1
2006-03-28,128872.48492904361,1176.9492459515327,988.20255747399881,-0.0060970728499005755,-0.010621222419568976,0.99086733489619949,124.33120014190673,1.4340577101344587,1
2006-03-29,129672.92658799364,1176.9492459515327,988.20255747399881,0.0062111137174918341,-0.0044760783223439793,0.99092370877314262,124.37845012664795,1.6514311260778165,1
2006-03-30,129445.64422183145,1176.9492459515327,988.20255747399881,-0.0017527356877224953,-0.0062209686278498211,0.99090777250152517,124.42315013885498,1.5656199615233986,1
2006-03-31,129475.28909225372,1176.9492459515327,988.20255747399881,0.00022901404369757294,-0.0059933792733335434,0.99090985427255596,124.4668501663208,1.5557906287181491,1
2006-04-03,129376.46280499657,1176.9492459515327,988.20255747399881,-0.00076328300133576832,-0.0067520876301493393,0.9909029106188697,124.50850013732911,1.5090105888035272,1
2006-04-04,130196.67273715291,1176.9492459515327,988.20255747399881,0.0063397152339264018,-0.00045517870903266644,0.99096022024827313,124.55450012207031,1.7261392805951339,1
2006-04-05,130641.36087226134,1176.9492459515327,988.20255747399881,0.0034155107481601554,0,0.99099099061665219,124.6025500869751,1.8298927962416007,1
2006-04-06,130503.01311736596,1176.9492459515327,988.20255747399881,-0.0010589889294758681,-0.0010589889294758681,0.99098144006151756,124.64955005645751,1.7660662010373589,1
2006-04-07,129188.7019064726,1176.9492459515327,988.20255747399881,-0.010071117742786129,-0.011119441470064939,0.99088968904723884,124.68940002441406,1.3732466608509977,1
2006-04-10,129386.35448098691,1176.9492459515327,988.20255747399881,0.0015299524772482975,-0.0096065012098393021,0.99090360609762385,124.73880004882812,1.4154049892523768,1
2006-04-11,128299.32563625576,1176.9492459515327,988.20255747399881,-0.0084014179786701115,-0.017927210956533046,0.99082653599218184,124.7871000289917,1.0944620395616664,1
2006-04-12,128536.49967840831,1176.9492459515327,988.20255747399881,0.0018485992890169278,-0.016111751896944249,0.9908434627604128,124.83575004577636,1.1524275091797509,1
2006-04-13,128368.50705309064,1176.9492459515327,988.20255747399881,-0.0013069643699492595,-0.017397658781226677,0.9908314798312271,124.8785500717163,1.09341410773378,1
2006-04-17,128319.09390946207,1176.9492459515327,988.20255747399881,-0.00038493198030364884,-0.017775893846283086,0.99082794921555517,124.92270008087158,1.069068035496852,1
2006-04-18,130335.02049204829,1176.9492459515327,988.20255747399881,0.015710261981810802,-0.0023448958137582965,0.99096981577546661,124.98030006408692,1.6362268886631386,1
2006-04-19,130582.0711314168,1176.9492459515327,988.20255747399881,0.0018955046650994678,-0.00045383590961300957,0.9909869001482825,125.03740005493164,1.6895856160077605,1
2006-04-20,130759.95543272479,1176.9492459515327,988.20255747399881,0.0013622413840332914,0,0.99099916146302858,125.09060009002685,1.7202562407008333,1
2006-04-21,130779.70862715672,1176.9492459515327,988.20255747399881,0.00015106455463809176,0,0.99100052096532099,125.14895004272461,1.707751967445605,1
2006-04-24,130542.54966377857,1176.9492459515327,988.20255747399881,-0.001813423243312795,-0.001813423243312795,0.9909841714522748,125.20375007629394,1.6220369295859678,1
2006-04-25,130008.91183862896,1176.9492459515327,988.20255747399881,-0.004087845890278885,-0.005893856138839082,0.99094716485734147,125.24900005340577,1.4523922888957796,1
2006-04-26,130038.55670905122,1176.9492459515327,988.20255747399881,0.00022802183329595493,-0.0056671782334251075,0.9909492286308218,125.29130001068116,1.4444875916797526,1
2006-04-27,130661.12914546764,1176.9492459515327,988.20255747399881,0.004787598787407088,-0.00090671162165645303,0.99099235362767135,125.33514999389648,1.6027577733941332,1
2006-04-28,131095.94068336012,1176.9492459515327,988.20255747399881,0.0033277803485718405,0,0.99102222967533171,125.38034999847412,1.704183586256278,1
2006-05-01,130038.55670905122,1176.9492459515327,988.20255747399881,-0.0080657262825767351,-0.0080657262825767351,0.9909492286308218,125.417799949646,1.3891550490435134,1
2006-05-02,131007.0060720933,1176.9492459515327,988.20255747399881,0.0074474016595622583,-0.00067839332631691729,0.99101613508132647,125.4604999923706,1.6414206200877108,1
2006-05-03,130522.78139057226,1176.9492459515327,988.20255747399881,-0.0036961739378622571,-0.0043720598044468817,0.990982805963737,125.50319999694824,1.4881560715256859,1
2006-05-04,130987.23779888698,1176.9492459515327,988.20255747399881,0.0035584317416965661,-0.00082918573913504101,0.99101477925842996,125.54490001678467,1.5980281951790998,1
2006-05-05,132133.55638446269,1176.9492459515327,988.20255747399881,0.0087513761251742928,0,0.9910927301273339,125.59030002593994,1.8887706421203938,1
2006-05-08,131975.44035636101,1176.9492459515327,988.20255747399881,-0.0011966379504810831,-0.0011966379504810831,0.99108205858019083,125.63850002288818,1.8195194757803925,1
2006-05-09,132232.36759294546,1176.9492459515327,988.20255747399881,0.0019467806729092096,0,0.99109938612326309,125.68389999389649,1.8626812717410473,1
2006-05-10,132163.20125488495,1176.9492459515327,988.20255747399881,-0.00052306662369860923,-0.00052306662369860923,0.99109472807274313,125.73069999694825,1.8180938932493116,1
2006-05-11,130582.0711314168,1176.9492459515327,988.20255747399881,-0.011963467201576261,-0.012480276134878121,0.9909869001482825,125.76875,1.3761883288803234,1
2006-05-12,128892.25320224991,1176.9492459515327,988.20255747399881,-0.012940658043831044,-0.025259431192955151,0.99086873557788824,125.79600002288818,0.91347484847269667,1
2006-05-15,129149.18043883437,1176.9492459515327,988.20255747399881,0.0019933489422463424,-0.023316433111158941,0.99088690116381384,125.82065002441406,0.97382738146497383,1
2006-05-16,128961.41954031042,1176.9492459515327,988.20255747399881,-0.0014538295782130506,-0.024736364569256541,0.99087363298150077,125.84850002288819,0.91493598374595486,1
2006-05-17,126530.44215365085,1176.9492459515327,988.20255747399881,-0.018850423602073563,-0.043120497220824228,0.99069829184250924,125.86450000762939,0.2606617269992712,1
2006-05-18,125897.99312001847,1176.9492459515327,988.20255747399881,-0.0049983942430579242,-0.04790335821881575,0.99065156467721016,125.87360000610352,0.089008914080382348,1
2006-05-19,126777.49279301934,1176.9492459515327,988.20255747399881,0.0069858116972718598,-0.041252190361727559,0.99071641803270982,125.88549999237061,0.32133990768573151,1
2006-05-22,125818.93510596761,1176.9492459515327,988.20255747399881,-0.007560945290318144,-0.048501230097614978,0.99064569061119234,125.89754997253418,0.061552619839404035,1
2006-05-23,124870.26155551904,1176.9492459515327,988.20255747399881,-0.0075399903015358483,-0.055675521594602317,0.99057462336275925,125.90899997711182,-0.19598529688169675,0
2006-05-24,125311.14832199675,125311.14832199675,0,0.0035307587329884704,-0.052341339695697653,0,125.92659996032715,0.064670685607969028,1
2006-05-25,126046.85599794317,0,986.82261555817104,0.0058710472755063581,-0.046777590900008104,1,125.94829998016357,0.47367095674638743,1
2006-05-26,126688.2922038278,0,986.82261555817104,0.0050888711249974516,-0.041926764906638714,1,125.97354999542236,0.63988390728147515,1
2006-05-30,124438.33031611356,0,986.82261555817104,-0.017759824910215882,-0.058941977813060875,1,125.98494998931885,0.030616916782473691,1
2006-05-31,125829.75381790292,0,986.82261555817104,0.011181631079866694,-0.04841941418421758,1,126.00720001220704,0.40037736617919589,1
2006-06-01,127033.67108464228,0,986.82261555817104,0.0095678266086542951,-0.039314856134970433,1,126.03174999237061,0.71854823740842433,1
2006-06-02,127300.11740700406,0,986.82261555817104,0.0020974464493295208,-0.037299870491047105,1,126.06569999694824,0.78224610045236098,1
2006-06-05,125444.89360014397,0,986.82261555817104,-0.01457362211951907,-0.051329898392922679,1,126.09030002593994,0.27518837237916299,1
2006-06-06,125138.97346969676,0,986.82261555817104,-0.0024386814135481938,-0.053643402537300711,1,126.11340000152587,0.18665987838613377,1
2006-06-07,124201.49499646013,0,986.82261555817104,-0.0074914988292089646,-0.060733031879206756,1,126.13034999847412,-0.072615814587430522,0
2006-06-08,123862.22327578694,123862.22327578694,0,-0.0027316234855535582,-0.063298755588530153,0,126.1467499923706,-0.10682370521156215,0
2006-06-09,123862.22327578694,123862.22327578694,0,0,-0.063298755588530153,0,126.16229999542236,-0.21929373163424873,0
2006-06-12,123862.22327578694,123862.22327578694,0,0,-0.063298755588530153,0,126.17649997711182,-0.59249227415350514,0
2006-06-13,123862.22327578694,123862.22327578694,0,0,-0.063298755588530153,0,126.18130001068116,-0.98542692434608581,0
2006-06-14,123862.22327578694,123862.22327578694,0,0,-0.063298755588530153,0,126.19499999999999,-0.73435634980466724,0
2006-06-15,123862.22327578694,123862.22327578694,0,0,-0.063298755588530153,0,126.21715000152588,-0.026572255882086507,0
2006-06-16,123862.22327578694,123862.22327578694,0,0,-0.063298755588530153,0,126.23514999389648,-0.43556346723332967,0
2006-06-19,123862.22327578694,123862.22327578694,0,0,-0.063298755588530153,0,126.24059997558594,-0.70725058727945755,0
2006-06-20,123862.22327578694,123862.22327578694,0,0,-0.063298755588530153,0,126.24859996795654,-0.59496286105716356,0
2006-06-21,123862.22327578694,123862.22327578694,0,0,-0.063298755588530153,0,126.26229999542237,-0.3461067017628236,0
2006-06-22,123862.22327578694,123862.22327578694,0,0,-0.063298755588530153,0,126.26610000610351,-0.49948206421750641,0
2006-06-23,123862.22327578694,123862.22327578694,0,0,-0.063298755588530153,0,126.26875,-0.50595966647599655,0
2006-06-26,123862.22327578694,123862.22327578694,0,0,-0.063298755588530153,0,126.27619998931885,-0.35626575337627192,0
2006-06-27,123862.22327578694,123862.22327578694,0,0,-0.063298755588530153,0,126.27275001525879,-0.65410870670808052,0
2006-06-28,123862.22327578694,123862.22327578694,0,0,-0.063298755588530153,0,126.27475002288818,-0.42222724957338126,0
2006-06-29,123862.22327578694,123862.22327578694,0,0,-0.063298755588530153,0,126.29279998779298,0.27090830315563891,1
2006-06-30,123546.94719581731,0,970.67055610243472,-0.002545377207283317,-0.065683013586088967,1,126.31314998626709,0.26848419516582411,1
2006-07-03,124051.70003214262,0,970.67055610243472,0.0040855144362677009,-0.061865848050044914,1,126.33639999389648,0.40704848007616723,1
2006-07-05,123343.10726771124,0,970.67055610243472,-0.0057120762089336585,-0.067224541820186445,1,126.35424999237061,0.1993520557242022,1
2006-07-06,123702.25803949544,0,970.67055610243472,0.0029118025298704442,-0.064508483881257406,1,126.37600002288818,0.29689972022564604,1
2006-07-07,122896.59970057955,0,970.67055610243472,-0.0065128830442097163,-0.070601230714589236,1,126.39880001068116,0.059149951419003192,1
2006-07-10,123129.55856046811,0,970.67055610243472,0.0018955679852503682,-0.068839492162000582,1,126.42849998474121,0.11875006393667874,1
2006-07-11,123673.13910771295,0,970.67055610243472,0.0044147039394921705,-0.064728694199748582,1,126.45885002136231,0.26931691560300836,1
2006-07-12,122353.02655896335,0,970.67055610243472,-0.010674205880711551,-0.074711972672182325,1,126.48190002441406,-0.12291121206723163,0
2006-07-13,121708.73299164859,121708.73299164859,0,-0.0052658572119935743,-0.079584407304057803,0,126.49400001525879,-0.71234000772503858,0
2006-07-14,121708.73299164859,121708.73299164859,0,0,-0.079584407304057803,0,126.50384998321533,-0.85498031346456504,0
2006-07-17,121708.73299164859,121708.73299164859,0,0,-0.079584407304057803,0,126.51219997406005,-0.91145413215102888,0
2006-07-18,121708.73299164859,121708.73299164859,0,0,-0.079584407304057803,0,126.51874996185303,-0.73359048045104835,0
2006-07-19,121708.73299164859,121708.73299164859,0,0,-0.079584407304057803,0,126.53199996948243,-0.24292365092095328,0
2006-07-20,121708.73299164859,121708.73299164859,0,0,-0.079584407304057803,0,126.5431499862671,-0.49555810660821947,0
2006-07-21,121708.73299164859,121708.73299164859,0,0,-0.079584407304057803,0,126.55679996490478,-0.75750171374774378,0
2006-07-24,121708.73299164859,121708.73299164859,0,0,-0.079584407304057803,0,126.58969997406005,-0.11147309392511749,0
2006-07-25,121708.73299164859,121708.73299164859,0,0,-0.079584407304057803,0,126.62700000762939,0.0098059104887343596,1
2006-07-26,121877.54329436408,0,960.9519950706333,0.0013870023831985545,-0.078307788683455559,1,126.66310001373292,0.050139478440090986,1
2006-07-27,121762.22641562212,0,960.9519950706333,-0.00094617002956354224,-0.07917986623028539,1,126.70365001678466,0.0019360982136751497,1
2006-07-28,122982.63955499168,0,960.9519950706333,0.010022920697949633,-0.06995055905243619,1,126.75140003204346,0.38065399464992322,1
2006-07-31,122857.71110348409,0,960.9519950706333,-0.0010158218424944909,-0.070895323589150516,1,126.80315002441407,0.33116025442476349,1
2006-08-01,122252.31398592307,0,960.9519950706333,-0.0049276281653261034,-0.07547360596116881,1,126.8521000289917,0.11903703317523723,1
2006-08-02,123078.73328820236,0,960.9519950706333,0.0067599481378688431,-0.069223855485375463,1,126.89915004730224,0.3888363888254468,1
2006-08-03,123405.45344741507,0,960.9519950706333,0.00265456225039018,-0.066753052268583191,1,126.94570003509521,0.49339041307869341,1
2006-08-04,123194.04283546243,0,960.9519950706333,-0.0017131383261171917,-0.068351833382473748,1,126.9976000213623,0.41199482598407167,1
2006-08-07,122905.76163583038,0,960.9519950706333,-0.0023400579524537335,-0.07053194408365604,1,127.03820003509522,0.29986897470745205,1
2006-08-08,122434.8972110607,0,960.9519950706333,-0.0038311013129298521,-0.074092830373003626,1,127.08690006256103,0.11554930350740382,1
2006-08-09,122021.68755992105,0,960.9519950706333,-0.0033749336222934634,-0.077217705610900245,1,127.13115009307862,-0.055502946438395422,0
2006-08-10,121575.48664294863,121575.48664294863,0,-0.0036567345190444689,-0.080592075480355962,0,127.16820011138915,0.075429233647689539,1
2006-08-11,121360.85005041311,0,955.52199046687599,-0.0017654594561967718,-0.082215252894801361,1,127.2046501159668,-0.074213533009748908,0
2006-08-14,121891.29238435843,121891.29238435843,0,0.0043707862438748801,-0.078203811947315738,0,127.24335010528564,-0.052021545647737553,0
2006-08-15,121891.29238435843,121891.29238435843,0,0,-0.078203811947315738,0,127.2960001373291,0.53750295988457508,1
2006-08-16,122187.3571016629,0,942.07679241829692,0.0024289242612252071,-0.075964838822249581,1,127.34550010681153,0.96891206640534089,1
2006-08-17,122498.24416815507,0,942.07679241829692,0.0025443472538120293,-0.073613772497481245,1,127.39500011444092,1.105779724377417,1
2006-08-18,123120.0183011394,0,942.07679241829692,0.0050757799608196486,-0.068911639847944461,1,127.44600013732911,1.384297533430304,1
2006-08-21,122592.45759737732,0,942.07679241829692,-0.0042849303552873197,-0.072901288625814686,1,127.48790016174317,1.1408218558670333,1
2006-08-22,122583.02762948445,0,942.07679241829692,-7.6921272953334174e-05,-0.07297260223884694,1,127.52715015411377,1.1304626325651042,1
2006-08-23,122243.87940921584,0,942.07679241829692,-0.0027666817081212214,-0.075537391983160007,1,127.56540012359619,0.96823874600359594,1
2006-08-24,122140.25038705177,0,942.07679241829692,-0.0008477236051808168,-0.07632108075808286,1,127.60250007629395,0.91425821944135988,1
2006-08-25,122290.98612382695,0,942.07679241829692,0.0012341200897945104,-0.075181150047326839,1,127.64040004730225,0.98072168163898432,1
2006-08-28,122875.06913514197,0,942.07679241829692,0.0047761738606277859,-0.07076405443036704,1,127.68060001373291,1.2557719867121488,1
2006-08-29,123016.38927897534,0,942.07679241829692,0.0011501124258002093,-0.069695328622867314,1,127.71680004119872,1.3151108252903225,1
2006-08-30,123091.75714736294,0,942.07679241829692,0.00061266526216008366,-0.069125363267489193,1,127.75130004882813,1.3411357182213588,1
2006-08-31,123072.91158652827,0,942.07679241829692,-0.00015310172891680462,-0.069267881783777852,1,127.78605003356934,1.3217977998119654,1
2006-09-01,123807.73033461845,0,942.07679241829692,0.0059705969300447581,-0.063710855456062032,1,127.82695003509521,1.6711098042416568,1
2006-09-05,124043.24953272303,0,942.07679241829692,0.001902298002459446,-0.061929754486671706,1,127.86785003662109,1.7725596657691667,1
2006-09-06,122950.43700352954,0,942.07679241829692,-0.0088099314820448971,-0.070194089074989141,1,127.89720001220704,1.2204801495951492,1
2006-09-07,122385.19955304921,0,942.07679241829692,-0.0045972789056789587,-0.074468666175660281,1,127.92110004425049,0.93094141864438384,1
2006-09-08,122733.76336625963,0,942.07679241829692,0.002848087959029133,-0.071832671528090919,1,127.94370002746582,1.0930718300008657,1
2006-09-11,122856.23794925836,0,942.07679241829692,0.00099788827165059324,-0.070906464236879629,1,127.96425003051758,1.1422232368026253,1
2006-09-12,124062.09509355768,0,942.07679241829692,0.009815188584867407,-0.06178723597038327,1,127.98755004882813,1.7170946724961762,1
2006-09-13,124561.3946435433,0,942.07679241829692,0.0040245938907375045,-0.058011310612057776,1,128.01300006866455,1.9334464291043405,1
2006-09-14,124570.81023648511,0,942.07679241829692,7.558997688450475e-05,-0.057940105708801481,1,128.04300003051759,1.9097620096208692,1
2006-09-15,124861.92231530712,545.46246281019387,942.07679241829692,0.0023369204893937123,-0.055738586639596299,0.99563147473068081,128.07235008239746,1.762846416622569,1
2006-09-18,125031.4892379659,545.46246281019387,942.07679241829692,0.0013580354964468633,-0.0544562461223278,0.99563739929729189,128.10600006103516,1.8205864800929887,1
2006-09-19,124720.60217147373,545.46246281019387,942.07679241829692,-0.0024864701555339375,-0.056807312447096248,0.99562652478168556,128.13160003662108,1.6503935869079338,1
2006-09-20,125380.05305117634,545.46246281019387,942.07679241829692,0.0052874253990207176,-0.051820251474758439,0.99564952758005654,128.15990001678466,1.9349260837361031,1
2006-09-21,124777.12447902666,545.46246281019387,942.07679241829692,-0.0048088077607015833,-0.056379865608006674,0.99562850590532825,128.18634998321534,1.6295434754030635,1
2006-09-22,124400.29951203977,545.46246281019387,942.07679241829692,-0.0030199843806324456,-0.059229583675120767,0.9956152640713104,128.20959999084474,1.4361371711210871,1
2006-09-25,125351.79189739987,545.46246281019387,942.07679241829692,0.0076486342001773622,-0.05203397489430317,0.9956485467454933,128.24159996032714,1.8548199427877166,1
2006-09-26,126388.08211904042,545.46246281019387,942.07679241829692,0.0082670555079797925,-0.044197087145075309,0.99568422549290336,128.27949996948243,2.2942922264355037,1
2006-09-27,126538.81785581559,545.46246281019387,942.07679241829692,0.001192642013771561,-0.043057156434319288,0.99568936653547913,128.31654998779297,2.3197094309478659,1
2006-09-28,126491.71114120448,545.46246281019387,942.07679241829692,-0.00037227086051005998,-0.043413398370152456,0.99568776121463576,128.35275001525878,2.2570472843662834,1
2006-09-29,126388.08211904042,545.46246281019387,942.07679241829692,-0.00081925543760230646,-0.044197087145075309,0.99568422549290336,128.38410003662111,2.1721295066980684,1
2006-10-02,125917.04372283127,545.46246281019387,942.07679241829692,-0.0037269209905843592,-0.047759289083856071,0.99566808077220381,128.41045005798341,1.9339391658702989,1
2006-10-03,126180.82407471231,545.46246281019387,942.07679241829692,0.0020948740860027293,-0.045764464694920903,0.99567713662666191,128.44005004882811,2.0175164440338378,1
2006-10-04,127650.46157089269,545.46246281019387,942.07679241829692,0.011647074798863288,-0.034650412039489376,0.99572690567587763,128.4828500366211,2.5992320002765763,1
2006-10-05,127895.39636193906,545.46246281019387,942.07679241829692,0.0019187928349977401,-0.032798106166842755,0.99573508915624653,128.53020000457764,2.6457920987217602,1
2006-10-06,127735.24503222207,545.46246281019387,942.07679241829692,-0.0012522055857566716,-0.034009241780855071,0.99572974191522012,128.57609996795654,2.5258577223751573,1
2006-10-09,127810.61290060966,545.46246281019387,942.07679241829692,0.00059003189267436973,-0.03343927642547706,0.99573226001791915,128.62139995574952,2.5054062346744748,1
2006-10-10,127980.19419821951,545.46246281019387,942.07679241829692,0.0013268170284241876,-0.032156827198432492,0.99573791502484077,128.66429996490479,2.5208747649968095,1
2006-10-11,127829.45846144433,545.46246281019387,942.07679241829692,-0.0011778051886819352,-0.033296757909188512,0.99573288919959946,128.70604995727538,2.4111210259144156,1
2006-10-12,128931.68658357961,545.46246281019387,942.07679241829692,0.0086226456358471371,-0.024961218417614894,0.9957693684363883,128.76009994506836,2.7859298842908338,1
2006-10-13,129261.41921090643,545.46246281019387,942.07679241829692,0.0025574211899654919,-0.022467633576558121,0.99578016034374339,128.81449996948243,2.8448581806629178,1
2006-10-16,129459.24728734168,545.46246281019387,942.07679241829692,0.0015304495157404396,-0.020971569639744669,0.99578660872637781,128.87274993896483,2.852679475544158,1
2006-10-17,129054.16116657833,545.46246281019387,942.07679241829692,-0.0031290628460417524,-0.024035011126403605,0.99577338337733934,128.93224994659423,2.6461629729529057,1
2006-10-18,129223.72808923711,545.46246281019387,942.07679241829692,0.0013139206138415016,-0.022752670609135106,0.99577892952884384,128.98169994354248,2.6486321255806398,1
2006-10-19,129430.98613356522,545.46246281019387,942.07679241829692,0.0016038698727605105,-0.021185293059289401,0.99578568873571505,129.02924991607665,2.662285699383677,1
2006-10-20,129459.24728734168,545.46246281019387,942.07679241829692,0.00021834921158125908,-0.020971569639744669,0.99578660872637781,129.07654991149903,2.6125063274280746,1
2006-10-23,130052.76026654955,545.46246281019387,942.07679241829692,0.0045845545346832051,-0.016483160409752728,0.9958058370949433,129.1216999053955,2.7555194366355487,1
2006-10-24,130439.01520142931,545.46246281019387,942.07679241829692,0.0029699864431029788,-0.013562128729606271,0.99581825681550984,129.16724990844727,2.8179479875646209,1
2006-10-25,130881.792443862,545.46246281019387,942.07679241829692,0.0033945153737087175,-0.010213650210370462,0.99583240378493332,129.21449996948243,2.8919760976293167,1
2006-10-26,131286.87856462537,545.46246281019387,942.07679241829692,0.0030950532782252349,-0.0071502087237114154,0.99584526291756037,129.26184997558593,2.9466471585743763,1
2006-10-27,130467.27635520577,545.46246281019387,942.07679241829692,-0.0062428341535757381,-0.01334840531006154,0.9958191626433196,129.3073999786377,2.6171122073848583,1
2006-10-30,130373.06292598351,545.46246281019387,942.07679241829692,-0.0007221230629952391,-0.014060889181728209,0.99581614138251962,129.35305000305175,2.5312739046204622,1
2006-10-31,130354.21736514886,545.46246281019387,942.07679241829692,-0.00014455103233523836,-0.014203407698016646,0.9958155365140029,129.40034996032716,2.4728294320790698,1
2006-11-01,129478.09284817634,545.46246281019387,942.07679241829692,-0.0067211060346310525,-0.020829051123456233,0.99578722198627234,129.44554996490479,2.1607825172235327,1
2006-11-02,129402.72497978876,545.46246281019387,942.07679241829692,-0.00058208973216766768,-0.021399016478834132,0.99578476834320617,129.48789997100829,2.1019800775242077,1
2006-11-03,129176.62137462599,545.46246281019387,942.07679241829692,-0.0017472862739025263,-0.023108912544968274,0.99577739023512402,129.54074993133545,2.0023157786922758,1
2006-11-06,130627.42768492275,545.46246281019387,942.07679241829692,0.011231183281139367,-0.012137269696049335,0.99582428841723913,129.599049949646,2.395754980740707,1
2006-11-07,131126.72723490838,545.46246281019387,942.07679241829692,0.0038223178610694575,-0.0083613443377237306,0.99584018853888556,129.65934993743898,2.4932846542966876,1
2006-11-08,131409.35314762406,545.46246281019387,942.07679241829692,0.0021553646512457725,-0.0062240014325003479,0.99584913516622042,129.72059993743898,2.5229485438607102,1
2006-11-09,130721.62673919395,545.46246281019387,942.07679241829692,-0.0052334662028016288,-0.011424894534158736,0.99582729746854781,129.77469989776611,2.2797445039754125,1
2006-11-10,130778.16342169793,545.46246281019387,942.07679241829692,0.00043249677895129679,-0.010997338985293315,0.99582910136877112,129.82319995880127,2.2541684655024006,1
2006-11-13,131098.46608113192,545.46246281019387,942.07679241829692,0.0024492059763920881,-0.0085750677572684619,0.99583929180016006,129.87389995574952,2.3012079641154357,1
2006-11-14,132078.21962026847,545.46246281019387,942.07679241829692,0.0074734172597428206,-0.0011657355569062444,0.99587015584872041,129.93449993133544,2.5213540154807741,1
2006-11-15,132455.05896220641,545.46246281019387,942.07679241829692,0.0028531527985566907,0,0.99588190540184784,129.9926499557495,2.567782049120638,1
2006-11-16,132794.20718247505,545.46246281019387,942.07679241829692,0.0025604776663563644,0,0.99589242276162948,130.06004997253419,2.6014870891127635,1
2006-11-17,132831.88392919331,545.46246281019387,942.07679241829692,0.00028372281831923196,0,0.99589358784445947,130.13079998016357,2.5566509395686934,1
2006-11-20,132907.25179758092,545.46246281019387,942.07679241829692,0.00056739290415985799,0,0.99589591647233111,130.20029998779296,2.5228831612706291,1
2006-11-21,133039.14197352141,545.46246281019387,942.07679241829692,0.00099234747657983569,0,0.99589998511175948,130.27609996795655,2.5066437561645429,1
2006-11-22,133302.92232540247,545.46246281019387,942.07679241829692,0.0019827273986294802,0,0.99590809823749649,130.34759994506837,2.5208699642135817,1
2006-11-24,132765.94602869858,545.46246281019387,942.07679241829692,-0.0040282409967958843,-0.0040282409967958843,0.99589154840434546,130.41729995727539,2.3407022121689405,1
2006-11-27,130947.73034435672,545.46246281019387,942.07679241829692,-0.013694894954078385,-0.01766796961357342,0.99583450235161941,130.47619995117188,1.8593767926417786,1
2006-11-28,131512.98216978813,545.46246281019387,942.07679241829692,0.0043166217844703425,-0.01342761377162438,0.99585240594646407,130.53924995422364,1.9700957250352296,1
2006-11-29,132878.99064380443,545.46246281019387,942.07679241829692,0.010386871710145851,-0.0031802129630976728,0.99589504360194636,130.60284996032715,2.2648147956163447,1
2006-11-30,132935.51295135738,545.46246281019387,942.07679241829692,0.00042536677377746912,-0.0027561989462482339,0.99589678897158374,130.66449996948242,2.2374811422356813,1
2006-12-01,132643.47144569986,545.46246281019387,942.07679241829692,-0.00219686597789992,-0.0049470099244548482,0.99588775492027526,130.7197999572754,2.1305401344447059,1
2006-12-04,133651.48613861291,545.46246281019387,942.07679241829692,0.0075994293720342831,0,0.99591876993986828,130.7821999359131,2.3253415065946639,1
2006-12-05,134226.1535569861,545.46246281019387,942.07679241829692,0.0042997458163480662,0,0.99593624306176209,130.84924987792968,2.4110699712659542,1
2006-12-06,134113.10894188023,545.46246281019387,942.07679241829692,-0.00084219514684880092,-0.00084219514684880092,0.99593281770056818,130.91179985046386,2.3391142769143181,1
2006-12-07,133529.02593056523,545.46246281019387,942.07679241829692,-0.0043551522735045811,-0.0051936795322448104,0.99591502702121237,130.97219985961914,2.1674855515451523,1
2006-12-08,133773.9607216116,545.46246281019387,942.07679241829692,0.001834318713398897,-0.0033688876824032876,0.99592250644394598,131.03224983215333,2.183984161617464,1
2006-12-11,134160.21565649137,545.46246281019387,942.07679241829692,0.0028873701039888733,-0.00049124480399220793,0.99593424578112777,131.09409980773927,2.2294276590868223,1
2006-12-12,134056.58663432731,545.46246281019387,942.07679241829692,-0.0007724273672115034,-0.0012632927202730349,0.99593110285361752,131.16154983520508,2.168447234959376,1
2006-12-13,134197.89240320964,545.46246281019387,942.07679241829692,0.0010540755395165302,-0.00021054878671211696,0.99593538726248176,131.22404983520508,2.1613370013561886,1
2006-12-14,135375.48839373249,545.46246281019387,942.07679241829692,0.008775070676852792,0,0.99597074426631993,131.29284980773926,2.3679268060080645,1
2006-12-15,135387.73654203003,1292.5293591979034,942.07679241829692,9.0475376619991721e-05,0,0.99045312823590448,131.36074981689453,2.173328737433375,1
2006-12-18,135020.32716798494,1292.5293591979034,942.07679241829692,-0.0027137566771494592,-0.0027137566771494592,0.99042714984989022,131.42964981079101,2.0621866835568712,1
2006-12-19,135274.69192692419,1292.5293591979034,942.07679241829692,0.0018838997377246258,-0.00083496938491733896,0.99044515022886803,131.50089981079103,2.0805733637736461,1
2006-12-20,135199.32405853659,1292.5293591979034,942.07679241829692,-0.00055714684922969493,-0.0013916510335849619,0.99043982380682394,131.57039978027345,2.0322021249031228,1
2006-12-21,134709.44010149277,1292.5293591979034,942.07679241829692,-0.0036234201646726527,-0.0050100286618404155,0.99040505729795847,131.64159976959229,1.9040831724258591,1
2006-12-22,133889.83789207321,1292.5293591979034,942.07679241829692,-0.0060842225222081936,-0.01106376905482731,0.99034632217390683,131.70239978790283,1.7151222100033332,1
2006-12-26,134671.76335477451,1292.5293591979034,942.07679241829692,0.0058400657959687408,-0.0052883163980901315,0.99040237294737932,131.76614978790283,1.8457600839000325,1
2006-12-27,135547.88787174702,1292.5293591979034,942.07679241829692,0.0065056289094878039,0,0.99046440797055513,131.82779979705811,1.9894408773634884,1
2006-12-28,135265.27633398239,1292.5293591979034,942.07679241829692,-0.0020849571483698703,-0.0020849571483698703,0.99044448513152383,131.88504985809325,1.9054757264090103,1
2006-12-29,134709.44010149277,1292.5293591979034,942.07679241829692,-0.0041092307468267864,-0.0061856203251766662,0.99040505729795847,131.93799983978272,1.7727625665877547,1
2007-01-03,134473.92090338821,1292.5293591979034,942.07679241829692,-0.0017483496177188584,-0.0079231553159646584,0.99038825260307151,131.99174983978273,1.7048102473311892,1
2007-01-04,134756.54681610392,1292.5293591979034,942.07679241829692,0.0021017154167666252,-0.0058380921168750266,0.99040841139271873,132.04804981231689,1.7361744811294917,1
2007-01-05,133691.99544068691,1292.5293591979034,942.07679241829692,-0.0078998119243123277,-0.013691784211467217,0.99033203629778011,132.10279979705811,1.5143498054951581,1
2007-01-08,134304.35398072941,1292.5293591979034,942.07679241829692,0.0045803680169780314,-0.0091741296049866472,0.99037611722265262,132.15684978485106,1.6110942467192575,1
2007-01-09,134191.30936562357,1292.5293591979034,942.07679241829692,-0.00084170476797840177,-0.010008112464334529,0.99036800993068608,132.2116498184204,1.5706218658463496,1
2007-01-10,134634.07223310519,1292.5293591979034,942.07679241829692,0.0032994898818317075,-0.0067416442483151373,0.99039968606936268,132.26829975128175,1.6333682655625519,1
2007-01-11,135218.16961937127,1292.5293591979034,942.07679241829692,0.004338406887483659,-0.0024324853566712878,0.99044115622304096,132.32899974822999,1.719661758395753,1
2007-01-12,136235.61428017713,1292.5293591979034,942.07679241829692,0.0075244670421874549,0,0.99051254427098812,132.39909976959228,1.8807845550294213,1
2007-01-16,135971.83392829611,1292.5293591979034,942.07679241829692,-0.0019362070136708098,-0.0019362070136708098,0.99049413895616412,132.46374980926512,1.8067611299520492,1
2007-01-17,136028.35623584903,1292.5293591979034,942.07679241829692,0.00041569129370366831,-0.0015213205843654931,0.99049808881791601,132.52984981536866,1.7920284687612309,1
2007-01-18,135576.14902552348,1292.5293591979034,942.07679241829692,-0.0033243598822990661,-0.0048406230495458002,0.99046639568620154,132.59339977264403,1.6878679638897351,1
2007-01-19,135839.94375235558,1292.5293591979034,942.07679241829692,0.0019457310797523775,-0.0029043105205062147,0.99048490949352663,132.65884983062745,1.712541101293003,1
2007-01-22,135425.42766369937,1292.5293591979034,942.07679241829692,-0.003051503682980683,-0.005946951689237201,0.99045578528717926,132.71794986724854,1.6181830214268853,1
2007-01-23,135821.09819152093,1292.5293591979034,942.07679241829692,0.0029216856438816219,-0.0030426411687308752,0.99048358924785518,132.77689990997314,1.6672284752482187,1
2007-01-24,136904.48075282155,1292.5293591979034,942.07679241829692,0.007976541021432082,0,0.99055889659644125,132.84229991912841,1.8324469919576523,1
2007-01-25,135312.36867364246,1292.5293591979034,942.07679241829692,-0.011629364286868116,-0.011629364286868116,0.99044781070742072,132.90589992523192,1.5351342343653889,1
2007-01-26,135189.90846559478,1292.5293591979034,942.07679241829692,-0.00090501858217439946,-0.012523858078264061,0.9904391579677202,132.96784992218016,1.4961684798708643,1
2007-01-29,135114.5405972072,1292.5293591979034,942.07679241829692,-0.00055749626020906717,-0.013074372334431095,0.99043382486085563,133.03489994049073,1.4660247188722573,1
2007-01-30,135811.66822362808,1292.5293591979034,942.07679241829692,0.0051595307458365269,-0.0079822992146365568,0.99048292848395303,133.10444988250731,1.5671006275868391,1
2007-01-31,136716.0682693281,1292.5293591979034,942.07679241829692,0.0066592219765009286,-0.0013762331404888473,0.9905458855307947,133.179649848938,1.6999576354036159,1
2007-02-01,137526.25488580589,1292.5293591979034,942.07679241829692,0.0059260526340014774,0,0.9906015810561325,133.2593998336792,1.8127141887319227,1
2007-02-02,137714.66736929934,1292.5293591979034,942.07679241829692,0.0013700110109875485,0,0.99061443937752958,133.32994983673095,1.818847672783831,1
2007-02-05,137752.35849096865,1292.5293591979034,942.07679241829692,0.00027368995902410376,0,0.99061700740838743,133.39944988250733,1.7999892200622483,1
2007-02-06,137790.03523768691,1292.5293591979034,942.07679241829692,0.0002735107197511244,0,0.99061957305571258,133.46824985504151,1.7816532812000467,1
2007-02-07,138091.50671123728,1292.5293591979034,942.07679241829692,0.002187904756902892,0,0.99064005173105452,133.53854991912843,1.8062129534491327,1
2007-02-08,137912.50982068563,1292.5293591979034,942.07679241829692,-0.0012962194041805652,-0.0012962194041805652,0.99062790343763252,133.60909992218018,1.752933496545301,1
2007-02-09,136895.06515987974,1292.5293591979034,942.07679241829692,-0.0073774646123747623,-0.0086641212037711357,0.99055824724077257,133.67694995880126,1.5678098288749431,1
2007-02-12,136433.44235661239,1292.5293591979034,942.07679241829692,-0.0033720923594157126,-0.012006997346274639,0.99052630105293782,133.74219997406007,1.4757796030163035,1
2007-02-13,137573.361600417,1292.5293591979034,942.07679241829692,0.0083551307078002512,-0.0037521866707107554,0.9906047991837833,133.81034999847412,1.6388959952078748,1
2007-02-14,138468.33167822417,1292.5293591979034,942.07679241829692,0.0065054024078194939,0,0.99066552370832683,133.88104999542236,1.7584518135329514,1
2007-02-15,138647.32856877582,1292.5293591979034,942.07679241829692,0.0012926918984450531,0,0.99067757473194473,133.95805004119873,1.7626858386199695,1
2007-02-16,138581.37629333002,1292.5293591979034,942.07679241829692,-0.00047568370863404486,-0.00047568370863404486,0.99067313809568425,134.02979999542237,1.7290927796259132,1
2007-02-20,138873.41779898753,1292.5293591979034,942.07679241829692,0.0021073647373754945,0,0.99069275186221173,134.10554996490478,1.7510183397539296,1
2007-02-21,138816.89549143461,1292.5293591979034,942.07679241829692,-0.00040700595152587393,-0.00040700595152587393,0.99068896221441816,134.17864994049071,1.7192835714882895,1
2007-02-22,138713.26646927054,1292.5293591979034,942.07679241829692,-0.00074651591794505645,-0.0011532180330493524,0.99068200618371094,134.24539989471435,1.6817032886045191,1
2007-02-23,138176.29017256666,1292.5293591979034,942.07679241829692,-0.0038711243010259855,-0.0050198780837231727,0.99064579489300453,134.31009990692138,1.5801732550643228,1
2007-02-26,138053.81558956794,1292.5293591979034,942.07679241829692,-0.00088636467838121291,-0.0059017933194812633,0.99063749630042397,134.37284992218017,1.5433679276281507,1
2007-02-27,132712.24190155033,1292.5293591979034,942.07679241829692,-0.038691967079693246,-0.044365408406346063,0.99026066216139463,134.40759990692138,0.72707532587262702,1
2007-02-28,134059.404814732,1292.5293591979034,942.07679241829692,0.010151007125484668,-0.034664754857719249,0.99035853276400732,134.45749988555909,0.92270640708593465,1
2007-03-01,133663.73428691045,1292.5293591979034,942.07679241829692,-0.0029514566946523546,-0.037513900029578329,0.9903299921546147,134.51384983062744,0.85441825679206707,1
2007-03-02,131930.31643884903,1292.5293591979034,942.07679241829692,-0.012968497830089243,-0.049995898928535842,0.99020293899016754,134.55969982147218,0.58594182549738727,1
2007-03-05,130686.7825478314,1292.5293591979034,942.07679241829692,-0.0094256871701964284,-0.058950340395639178,0.99010971626970135,134.59989986419677,0.39244111024777689,1
2007-03-06,132900.65438504377,1292.5293591979034,942.07679241829692,0.016940288788593438,-0.043008687397533829,0.99027446956391085,134.66414985656738,0.71989640560273471,1
2007-03-07,132768.76420910328,1292.5293591979034,942.07679241829692,-0.0009923967383815846,-0.043958402454819967,0.99026480839151099,134.73089984893798,0.69205387663126883,1
2007-03-08,133880.4222991314,1292.5293591979034,942.07679241829692,0.008372888733658268,-0.035953572533825362,0.99034564324640395,134.79909988403321,0.85239557288163603,1
2007-03-09,133918.09904584967,1292.5293591979034,942.07679241829692,0.00028142088343652283,-0.0356822697365341,0.99034835941962263,134.87234989166259,0.84939426138776364,1
2007-03-12,134115.94149723597,1292.5293591979034,942.07679241829692,0.0014773391557669768,-0.034257645395015635,0.99036259713223906,134.95144992828369,0.87082833005513338,1
2007-03-13,131534.64591102744,1292.5293591979034,942.07679241829692,-0.019246746936953163,-0.052845044100395033,0.99017346836458442,135.01184993743897,0.46861238937033556,1
2007-03-14,132504.98385722222,1292.5293591979034,942.07679241829692,0.0073770521787175358,-0.045857832569392798,0.99024542834863749,135.06959991455079,0.61044730830611971,1
2007-03-15,132683.98074777387,1292.5293591979034,942.07679241829692,0.0013508691170780462,-0.044568911382108944,0.99025858772164099,135.12504989624023,0.63081806052622724,1
2007-03-16,132317.51057553096,1811.6136718203852,942.07679241829692,-0.0027619775211563669,-0.047207790571885511,0.98630858709523372,135.18719989776611,0.48713789870113766,1
2007-03-19,133890.7770938754,1811.6136718203852,942.07679241829692,0.011890085533662997,-0.03587900970597746,0.98646946629826349,135.25064987182617,0.72258544665582825,1
2007-03-20,134616.18024902378,1811.6136718203852,942.07679241829692,0.005417872469585916,-0.030655525135313555,0.98654237797812183,135.31184989929199,0.82653321395814716,1
2007-03-21,136801.79093245967,1811.6136718203852,942.07679241829692,0.01623586911612529,-0.014917375112971198,0.98675738336850582,135.38329986572265,1.1535947688790316,1
2007-03-22,136698.16191029563,1811.6136718203852,942.07679241829692,-0.00075751217478725597,-0.015663587194494455,0.98674734432048039,135.46359981536864,1.1263563317573213,1
2007-03-23,136896.00436168193,1811.6136718203852,942.07679241829692,0.0014472941597862832,-0.014238962852975989,0.98676649709195263,135.54649982452392,1.145730027987464,1
2007-03-26,136717.00747113029,1811.6136718203852,942.07679241829692,-0.0013075391892281019,-0.015527884040259954,0.98674917111389437,135.63319980621338,1.1074846106945642,1
2007-03-27,136396.70481169631,1811.6136718203852,942.07679241829692,-0.0023428150261525227,-0.017834320106358548,0.98671805397116141,135.71874980926515,1.0478371615764401,1
2007-03-28,135416.95127255976,1811.6136718203852,942.07679241829692,-0.0071831173670152682,-0.024889331458888941,0.98662195792479435,135.80109985351564,0.88658084729991704,1
2007-03-29,135558.25704144206,1811.6136718203852,942.07679241829692,0.0010434865617221512,-0.023871816580074423,0.98663590318023531,135.89099987030031,0.90048085615880413,1
2007-03-30,135586.51819521855,1811.6136718203852,942.07679241829692,0.00020847976650983924,-0.02366831360431132,0.98663868874328642,135.98824985504152,0.89756552115514476,1
2007-04-02,135737.25393199374,1811.6136718203852,942.07679241829692,0.0011117310097021882,-0.022582895392790236,0.98665352643182236,136.08154987335206,0.91363467487965078,1
2007-04-03,137178.63027439764,1811.6136718203852,942.07679241829692,0.01061887065378575,-0.012203829584168546,0.98679376176743694,136.16939987182616,1.1331480164267105,1
2007-04-04,137329.36601117282,1811.6136718203852,942.07679241829692,0.0010988281226722574,-0.011118411372647574,0.98680825722538479,136.26539989471436,1.1477233708886854,1
2007-04-05,137696.77538521792,1811.6136718203852,942.07679241829692,0.0026753882633900883,-0.0084727691765514868,0.98684345608855228,136.36824993133544,1.1978571611517947,1
2007-04-09,137885.18786871136,1811.6136718203852,942.07679241829692,0.0013683144210627773,-0.0071160481677392529,0.98686143377818569,136.46999996185303,1.2190103225470756,1
2007-04-10,138045.33919842835,1811.6136718203852,942.07679241829692,0.001161483203471203,-0.0059628301346899004,0.98687667629823894,136.56799995422364,1.2348701793971433,1
2007-04-11,137489.51734088978,1811.6136718203852,942.07679241829692,-0.0040263717758671769,-0.0099651933395984438,0.98682362330701412,136.66579998016357,1.1354981288457775,1
2007-04-12,138092.44591303947,1811.6136718203852,942.07679241829692,0.0043852693922461494,-0.0056236240046924069,0.98688115298528933,136.76689998626708,1.2251183798268843,1
2007-04-13,138714.22004602378,1811.6136718203852,942.07679241829692,0.0045025933813631625,-0.0011463515155519799,0.98693995704824422,136.86855003356933,1.3171567291575048,1
2007-04-16,140014.27624459434,1811.6136718203852,942.07679241829692,0.009372191244266137,0,0.98706122175244737,136.98249999999999,1.5213073117025233,1
2007-04-17,140381.68561863943,1811.6136718203852,942.07679241829692,0.0026240850854613029,0,0.9870950853465188,137.09419998168946,1.5696892645503404,1
2007-04-18,140551.26691624927,1811.6136718203852,942.07679241829692,0.0012080015770044028,0,0.98711065569476597,137.19420001983642,1.5817626754664793,1
2007-04-19,140513.57579457993,1811.6136718203852,942.07679241829692,-0.00026816636019222351,-0.00026816636019222351,0.9871071982790558,137.29395000457762,1.5597806287945442,1
2007-04-20,141823.06196104334,1811.6136718203852,942.07679241829692,0.0093192857633754844,0,0.98722624059324005,137.39804996490477,1.7577520184311244,1
2007-04-23,141295.50125728126,1811.6136718203852,942.07679241829692,-0.0037198513166144531,-0.0037198513166144531,0.98717854669327609,137.50299995422364,1.6531106055971059,1
2007-04-24,141352.02356483418,1811.6136718203852,942.07679241829692,0.00040002906709668551,-0.0033213102981696219,0.98718367359637094,137.60639991760254,1.6453746624058192,1
2007-04-25,142633.2485775211,1811.6136718203852,942.07679241829692,0.0090640726632347235,0,0.98729879821228517,137.72074989318847,1.8383558685523598,1
2007-04-26,142793.39990723808,1811.6136718203852,942.07679241829692,0.0011228190573668861,0,0.98731304336897052,137.8347498703003,1.8446846726427986,1
2007-04-27,142680.35529213224,1811.6136718203852,942.07679241829692,-0.00079166554742216011,-0.00079166554742216011,0.98730299158485291,137.94534984588623,1.80586112471504,1
2007-04-30,141512.17489455116,1811.6136718203852,942.07679241829692,-0.0081873947901887068,-0.0089725786592323997,0.98719817801422161,138.0565497970581,1.5988238011922269,1
2007-05-01,141870.16867565445,1811.6136718203852,942.07679241829692,0.0025297737199647674,-0.0064655035329600485,0.98723048200526131,138.17989978790283,1.6477934009434199,1
2007-05-02,142689.77088507405,1811.6136718203852,942.07679241829692,0.0057771286033596603,-0.00072572697499573291,0.98730382941549821,138.30999977111816,1.7738090203369465,1
2007-05-03,143452.86516189174,1811.6136718203852,942.07679241829692,0.0053479255876884846,0,0.98737136640822121,138.44504981994629,1.8902069792904848,1
2007-05-04,143989.84145859562,1811.6136718203852,942.07679241829692,0.0037432246201418717,0,0.98741846193127936,138.5797998046875,1.966455818175163,1
2007-05-07,144018.10261237208,1811.6136718203852,942.07679241829692,0.00019627185841852857,0,0.98742093084855886,138.70609977722168,1.9531339139500965,1
2007-05-08,143829.69012887863,1811.6136718203852,942.07679241829692,-0.0013082555600705259,-0.0013082555600705259,0.98740445265371091,138.83569976806641,1.9067349550583743,1
2007-05-09,144215.94506375838,1811.6136718203852,942.07679241829692,0.0026855020999743129,0,0.98743818742775313,138.97174980163575,1.959809977101121,1
2007-05-10,142727.46200674336,1811.6136718203852,942.07679241829692,-0.010321210018468863,-0.010321210018468863,0.98730718218940383,139.08859981536864,1.6927801789768786,1
2007-05-11,143933.3191510427,1811.6136718203852,942.07679241829692,0.0084486694245453631,-0.0019597410854308439,0.98741352118810455,139.20959980010986,1.8820920648963197,1
2007-05-14,143622.43208455053,1811.6136718203852,942.07679241829692,-0.0021599381458432543,-0.0041154463117476503,0.98738627632517817,139.32809978485108,1.8129422340964296,1
2007-05-15,143660.12320621984,1811.6136718203852,942.07679241829692,0.0002624319970234712,-0.0038540943395184435,0.98738958570138591,139.4473998260498,1.8043303976614096,1
2007-05-16,144630.46115241462,1811.6136718203852,942.07679241829692,0.0067544000696830864,0,0.98747419003309922,139.56549983978272,1.9505421521396074,1
2007-05-17,144347.83523969891,1811.6136718203852,942.07679241829692,-0.0019541243971964439,-0.0019541243971964439,0.98744966511751231,139.6827498626709,1.8831991065550866,1
2007-05-18,145591.36913071651,1811.6136718203852,942.07679241829692,0.0086148426746590623,0,0.98755686080406424,139.80974983215333,2.0753844290455636,1
2007-05-21,145516.00126232894,1811.6136718203852,942.07679241829692,-0.00051766714495216082,-0.00051766714495216082,0.98755041606349192,139.9320497894287,2.0397365540505539,1
2007-05-22,145402.95664722307,1811.6136718203852,942.07679241829692,-0.00077685350150658028,-0.0012941184949245566,0.98754073704143641,140.05204978942871,1.9982256806286791,1
2007-05-23,145421.80220805772,1811.6136718203852,942.07679241829692,0.00012960919962834438,-0.0011646770249584826,0.98754235166726601,140.17324981689453,1.9805771819131421,1
2007-05-24,144121.73163453615,1811.6136718203852,942.07679241829692,-0.0089399976742244869,-0.010094262489288686,0.98742997567907198,140.28904979705811,1.7430229852961827,1
2007-05-25,144715.244613744,1811.6136718203852,942.07679241829692,0.0041181366090776717,-0.0060176954321097265,0.98748152845503101,140.4104497909546,1.8299874146637738,1
2007-05-29,145233.38972456427,1811.6136718203852,942.07679241829692,0.0035804459454373827,-0.0024587955198830391,0.98752619025655108,140.53674980163575,1.9042034749971906,1
2007-05-30,146401.5557471943,1811.6136718203852,942.07679241829692,0.0080433709138474363,0,0.98762572117096448,140.66729976654054,2.0859939988398337,1
2007-05-31,146250.83438537017,1811.6136718203852,942.07679241829692,-0.0010295065585532726,-0.0010295065585532726,0.98761296864093928,140.79884979248047,2.0425794918171856,1
2007-06-01,146966.80757262569,1811.6136718203852,942.07679241829692,0.0048955152308323147,0,0.98767331411941339,140.93369979858397,2.1466502083080909,1
2007-06-04,146985.65313346035,1811.6136718203852,942.07679241829692,0.00012823004830764262,0,0.98767489456827828,141.06104980468751,2.126468940740986,1
2007-06-05,146410.98571508715,1811.6136718203852,942.07679241829692,-0.0039096837420684594,-0.0039096837420684594,0.98762651816752511,141.17999984741212,2.0045805875528875,1
2007-06-06,144856.55038262633,1811.6136718203852,942.07679241829692,-0.010616930996460328,-0.014485105896021255,0.98749374006881185,141.28904983520508,1.7196227382314395,1
2007-06-07,142275.26917136888,1811.6136718203852,942.07679241829692,-0.017819568424342624,-0.032046555984715841,0.98726684066477988,141.38109985351562,1.2625022881319108,1
2007-06-08,144102.88607370149,1811.6136718203852,942.07679241829692,0.012845640095969557,-0.019612574413241268,0.98742833179001133,141.48564979553223,1.5664271938042338,1
2007-06-11,144347.83523969891,1811.6136718203852,942.07679241829692,0.0016998213753480762,-0.017946090911106438,0.98744966511751231,141.59154983520509,1.5954609170140683,1
2007-06-12,142793.39990723808,1811.6136718203852,942.07679241829692,-0.010768677825196193,-0.028521513065059345,0.98731304336897052,141.69099983215332,1.3148151088204683,1
2007-06-13,144903.65709723745,1811.6136718203852,942.07679241829692,0.014778394459199262,-0.014164620776508596,0.98749780572753454,141.80219985961915,1.6714519723258652,1
2007-06-14,145817.47273587927,1811.6136718203852,942.07679241829692,0.006306366981674083,-0.0079475810916075362,0.98757615505309315,141.91744987487792,1.8160942954150816,1
2007-06-15,146633.31756309202,2429.616047646788,942.07679241829692,0.0055949730296758204,-0.0023970745637903468,0.98343066850000582,142.03064994812013,1.8334422301568105,1
2007-06-18,146463.73626548218,2429.616047646788,942.07679241829692,-0.0011564990851200552,-0.0035508014343704764,0.98341148389630839,142.14219993591308,1.7869528971309412,1
2007-06-19,146821.73004658546,2429.616047646788,942.07679241829692,0.0024442485917086643,-0.0011152318840672582,0.98345193148946075,142.25524993896485,1.8326764650220928,1
2007-06-20,144815.10187875014,2429.616047646788,942.07679241829692,-0.013667106137481455,-0.014767096029021265,0.98322263343997751,142.35774993896484,1.4671327741607028,1
2007-06-21,145606.44293439327,2429.616047646788,942.07679241829692,0.0054644926211198097,-0.0093832980951874534,0.98331381497492165,142.46054992675781,1.5935316576783789,1
2007-06-22,144259.2800212116,2429.616047646788,942.07679241829692,-0.0092520831223702471,-0.018548566163619107,0.98315799131057946,142.55494995117186,1.3433281664666012,1
2007-06-25,143580.98358067434,2429.616047646788,942.07679241829692,-0.0047019258687380772,-0.023163278049284419,0.98307842733030415,142.65154998779298,1.2142068979402079,1
2007-06-26,142130.17727037758,2429.616047646788,942.07679241829692,-0.010104446105020481,-0.033033672059640362,0.98290569888599466,142.74344993591308,0.94717802246458449,1
2007-06-27,144117.95987737822,2429.616047646788,942.07679241829692,0.013985647841831872,-0.019510021522157084,0.98314147626212578,142.84404991149901,1.2997114957467917,1
2007-06-28,144099.12869149461,2429.616047646788,942.07679241829692,-0.00013066508781856001,-0.019638137331300154,0.9831392731537717,142.94389991760255,1.2886470770684226,1
2007-06-29,144146.22103115468,2429.616047646788,942.07679241829692,0.00032680516591399034,-0.019317750010115042,0.98314478152624152,143.03759986877441,1.2880892912910649,1
2007-07-02,145427.44604384163,2429.616047646788,942.07679241829692,0.0088883704582864986,-0.010601082870339007,0.98329327706879799,143.13544982910156,1.5128818689835788,1
2007-07-03,145945.5911546619,2429.616047646788,942.07679241829692,0.0035629114373918469,-0.0070759421523547417,0.98335259031516697,143.23599983215331,1.5958725863031691,1
2007-07-05,145794.85541788672,2429.616047646788,942.07679241829692,-0.0010328214479288222,-0.0081014554154642537,0.98333537873690491,143.33709976196289,1.5559945384863931,1
2007-07-06,146548.51972681156,2429.616047646788,942.07679241829692,0.0051693477576053581,-0.0029739868982442408,0.98342108093499714,143.44129974365234,1.6829361972399617,1
2007-07-09,146661.57871686848,2429.616047646788,942.07679241829692,0.00077147821259249127,-0.0022048030517483053,0.9834338613500323,143.54774978637695,1.691164111264623,1
2007-07-10,144607.84383442203,2429.616047646788,942.07679241829692,-0.014003223614626359,-0.01617715231621486,0.9831985874125283,143.6397998046875,1.2959553934843013,1
2007-07-11,145615.87290228612,2429.616047646788,942.07679241829692,0.0069707772492499931,-0.0093191423922883709,0.98331489555896723,143.74039985656739,1.476830211132617,1
2007-07-12,147876.85145410962,2429.616047646788,942.07679241829692,0.015527006134425259,0,0.98357000420447305,143.8549998474121,1.8919964645257143,1
2007-07-13,148310.21310360049,2429.616047646788,942.07679241829692,0.0029305577257665583,0,0.98361801256431602,143.96684989929199,1.9562587565459086,1
2007-07-16,148291.36754276583,2429.616047646788,942.07679241829692,-0.00012706853048272126,-0.00012706853048272126,0.98361593066470232,144.073099899292,1.9323373978905647,1
2007-07-17,148215.99967437825,2429.616047646788,942.07679241829692,-0.00050824177857722308,-0.00063524572752393649,0.98360759936184683,144.17814987182618,1.8983271916172819,1
2007-07-18,147952.2193224972,2429.616047646788,942.07679241829692,-0.0017797022754666436,-0.00241381745472391,0.9835783737562539,144.28204986572266,1.83031325343856,1
2007-07-19,148517.47114792859,2429.616047646788,942.07679241829692,0.0038205025110118473,0,0.9836408738388307,144.38949989318849,1.9188749378922381,1
2007-07-20,147038.40368385537,2429.616047646788,942.07679241829692,-0.0099588785928088619,-0.0099588785928088619,0.98347631648075651,144.49159988403321,1.6246337317475863,1
2007-07-23,147481.18092628804,2429.616047646788,942.07679241829692,0.0030113033829222147,-0.0069775644146833349,0.9835259249187791,144.59464988708496,1.6958105841994302,1
2007-07-24,144965.83761552532,2429.616047646788,942.07679241829692,-0.017055351028277377,-0.023913910632545887,0.98324007857568096,144.67654991149902,1.2029758906531367,1
2007-07-25,145257.87912118284,2429.616047646788,942.07679241829692,0.0020145539836224913,-0.021947532512852197,0.98327377445997366,144.75869995117188,1.2488425279322075,1
2007-07-26,141875.8268863894,2429.616047646788,942.07679241829692,-0.023283089738436291,-0.044719615882254482,0.98287505277701492,144.82374999999999,0.58677711839885249,1
2007-07-27,139134.3799704639,2429.616047646788,942.07679241829692,-0.019322861237811795,-0.063178366187765289,0.98253762982116599,144.8738500213623,0.043705031382721804,1
2007-07-30,141272.89831423972,2429.616047646788,942.07679241829692,0.015370164758917282,-0.048779263326353184,0.9828019664306562,144.93440002441406,0.45601234286921416,1
2007-07-31,139709.04738883709,2429.616047646788,942.07679241829692,-0.011069716442881239,-0.059309007155919025,0.98260945806262134,144.98745002746583,0.13775285298361134,1
2007-08-01,140377.9138614815,2429.616047646788,942.07679241829692,0.0047875673418831255,-0.054805385679774998,0.9826923197473626,145.03819999694824,0.26345525275321963,1
2007-08-02,141480.15635856785,2429.616047646788,942.07679241829692,0.0078519652185029543,-0.047383750443416361,0.98282716028748818,145.09305000305176,0.47732287064038553,1
2007-08-03,137900.26167238809,2429.616047646788,942.07679241829692,-0.025303157547457489,-0.071487949488214686,0.98238135288373218,145.12785003662108,-0.25436314568077634,0
2007-08-06,138217.58815698803,138217.58815698803,0,0.0023011304021585133,-0.069351322180011499,0,145.17685005187988,0.19929377236260717,1
2007-08-07,139879.80301208119,0,946.60485191682301,0.012026073361989242,-0.058159272906309956,1,145.23275009155273,0.49253975000693612,1
2007-08-08,141829.80669598284,0,946.60485191682301,0.01394056641424668,-0.045029479698618036,1,145.29785011291503,0.88402441802468368,1
2007-08-09,137626.87884242515,0,946.60485191682301,-0.029633600661719939,-0.073328694740944167,1,145.34060012817383,0.0097022076899816387,1
2007-08-10,136983.19447626272,0,946.60485191682301,-0.0046770250955078252,-0.07766275969092773,1,145.37680015563964,-0.131748514382482,0
2007-08-13,138607.27200041167,138607.27200041167,0,0.011856034824990092,-0.066727497249438161,0,145.41355010986328,-0.036469114237655725,0
2007-08-14,138607.27200041167,138607.27200041167,0,0,-0.066727497249438161,0,145.43685005187987,-0.48429297000089172,0
2007-08-15,138607.27200041167,138607.27200041167,0,0,-0.066727497249438161,0,145.44815002441408,-0.88187124515203985,0
2007-08-16,138607.27200041167,138607.27200041167,0,0,-0.066727497249438161,0,145.46910003662109,-0.67710539657210878,0
2007-08-17,138607.27200041167,138607.27200041167,0,0,-0.066727497249438161,0,145.50360008239747,-0.16044053572102274,0
2007-08-20,138607.27200041167,138607.27200041167,0,0,-0.066727497249438161,0,145.53785011291504,-0.18262231425104802,0
2007-08-21,138607.27200041167,138607.27200041167,0,0,-0.066727497249438161,0,145.57820007324219,-0.13288344794107793,0
2007-08-22,138607.27200041167,138607.27200041167,0,0,-0.066727497249438161,0,145.62755004882811,0.21131326823581986,1
2007-08-23,137766.00277611046,0,940.25388178345941,-0.0060694450742722061,-0.072391943444211293,1,145.67745010375975,0.17568519755657475,1
2007-08-24,139467.86000659681,0,940.25388178345941,0.012353245330432472,-0.06093297355109184,1,145.72870010375976,0.54545519090092076,1
2007-08-27,138170.30505865224,0,940.25388178345941,-0.0093036126594556734,-0.069669689426439363,1,145.77040008544921,0.24870211151582208,1
2007-08-28,135133.28903768962,0,940.25388178345941,-0.021980236778614826,-0.090118569935168424,1,145.79445007324219,-0.439473560230495,0
2007-08-29,135675.57609783363,135675.57609783363,0,0.0040129790668586018,-0.086467234802994897,0,145.83625007629394,0.15006446864672923,1
2007-08-30,136259.39786823734,0,932.32571713104289,0.0043030719838825782,-0.082536237554716951,1,145.87580001831054,0.058857214773606031,1
2007-08-31,137601.94917709188,0,932.32571713104289,0.0098529079818243659,-0.073496551526685105,1,145.92084999084472,0.36040224856566211,1
2007-09-04,138991.11961703526,0,932.32571713104289,0.01009557239741965,-0.064142968886163887,1,145.96815002441406,0.67428646121183711,1
2007-09-05,137788.4114752858,0,932.32571713104289,-0.0086531293874263504,-0.072241060864524642,1,146.00699996948242,0.38782100708862077,1
2007-09-06,138105.41303099305,0,932.32571713104289,0.0023006401794833931,-0.070106621372274525,1,146.04574996948242,0.45482822106505449,1
2007-09-07,136184.82432988894,0,932.32571713104289,-0.013906686631269816,-0.083038357189343048,1,146.07400001525878,-0.00087460733538794247,0
2007-09-10,136535.06587333695,136535.06587333695,0,0.0025718103699983175,-0.080680105727471974,0,146.10044998168945,-0.068261568768800768,0
2007-09-11,136535.06587333695,136535.06587333695,0,0,-0.080680105727471974,0,146.13470001220702,0.29901535805339508,1
2007-09-12,137003.21116718691,0,926.51123075111605,0.0034287550297462666,-0.077527983016039137,1,146.16944999694823,0.37630419778253105,1
2007-09-13,137966.79076413414,0,926.51123075111605,0.0070332628610534353,-0.071039994838624776,1,146.21224998474122,0.59893338610721825,1
2007-09-14,137957.5166038654,0,926.51123075111605,-6.7220236242171438e-05,-0.071102439749631263,1,146.2646499633789,0.58901337636313711,1
2007-09-17,137216.31892921607,0,926.51123075111605,-0.005372651616929458,-0.076093082728672212,1,146.31004997253419,0.40256249061940708,1
2007-09-18,141255.90846078852,0,926.51123075111605,0.029439570767499479,-0.048893659655080635,1,146.37,1.3691283617643977,1
2007-09-19,142089.76291348872,0,926.51123075111605,0.0059031474278590235,-0.043279138708453013,1,146.43415000915527,1.5543054308389517,1
2007-09-20,141089.12908778479,0,926.51123075111605,-0.0070422654326840473,-0.050016620958654112,1,146.49444999694825,1.2992437612865095,1
2007-09-21,141468.07444315232,666.16157491005242,926.51123075111605,0.0026858579241193503,-0.047465100572274266,0.99529108190994897,146.5478500366211,1.2172798644870728,1
2007-09-24,141208.65242953715,666.16157491005242,926.51123075111605,-0.0018337848637320908,-0.049211844653021308,0.9952824309031455,146.59680007934571,1.1428027940178929,1
2007-09-25,140930.69623282392,666.16157491005242,926.51123075111605,-0.0019684076855838173,-0.051083383365368329,0.99527312648899768,146.64485008239745,1.064799616368393,1
2007-09-26,141671.90804491271,666.16157491005242,926.51123075111605,0.0052594064451669809,-0.046092645195914161,0.99529785697035389,146.70000007629395,1.2319339569141068,1
2007-09-27,142505.76249761294,666.16157491005242,926.51123075111605,0.0058858136677024664,-0.040478124249286318,0.99532537096581475,146.75835006713868,1.4186054295219714,1
2007-09-28,142033.24685940807,666.16157491005242,926.51123075111605,-0.0033157651306401359,-0.043659673426986956,0.99530981942861974,146.81210006713866,1.2908372556554837,1
2007-10-01,143626.84730729513,666.16157491005242,926.51123075111605,0.011219911415983441,-0.032929619679305078,0.99536185896022089,146.87500007629396,1.655618197912863,1
2007-10-02,143432.27372836406,666.16157491005242,926.51123075111605,-0.001354715936323303,-0.034239725335071802,0.99535556707291939,146.93610008239747,1.5899858452888105,1
2007-10-03,143145.05750882151,666.16157491005242,926.51123075111605,-0.0020024518337238284,-0.036173613768012314,0.99534624815901174,146.989400100708,1.5033660330249674,1
2007-10-04,143367.42529367999,666.16157491005242,926.51123075111605,0.0015534436796378337,-0.034676363760052009,0.99535346628743981,147.04780014038087,1.5384655967793652,1
2007-10-05,145062.94254244724,666.16157491005242,926.51123075111605,0.011826377193383308,-0.023260082324190079,0.99540777566458694,147.11730018615722,1.9151899856420223,1
2007-10-08,144293.9365244311,666.16157491005242,926.51123075111605,-0.0053011886050161605,-0.028437964845837604,0.99538330167603917,147.18130020141601,1.7113939807172895,1
2007-10-09,145646.63500436165,666.16157491005242,926.51123075111605,0.0093746037603008592,-0.019329955737715787,0.99542617943153922,147.25300018310546,2.0002380608378507,1
2007-10-10,145405.74717384455,666.16157491005242,926.51123075111605,-0.0016539196426329505,-0.020951905186862851,0.99541860216767364,147.32600021362305,1.9173561820437459,1
2007-10-11,144710.86375078122,666.16157491005242,926.51123075111605,-0.0047789268070163038,-0.025630704372523683,0.99539660286972442,147.39960021972655,1.7353760415431254,1
2007-10-12,145507.66397472474,666.16157491005242,926.51123075111605,0.0055061534655460598,-0.020265677498682799,0.99542181108050942,147.47335021972657,1.8946575845346396,1
2007-10-15,144284.66236416236,666.16157491005242,926.51123075111605,-0.0084050666277950548,-0.028500409756844092,0.99538300492932019,147.53585021972657,1.5931944628524506,1
2007-10-16,143145.05750882151,666.16157491005242,926.51123075111605,-0.0078983090556401514,-0.036173613768012314,0.99534624815901174,147.5937001800537,1.3171875275887641,1
2007-10-17,143580.51891826969,666.16157491005242,926.51123075111605,0.0030420988123975867,-0.033241558663098414,0.99536036239505965,147.65685020446779,1.4025712217235888,1
2007-10-18,143061.67489103938,666.16157491005242,926.51123075111605,-0.0036136101968377021,-0.036735046824592388,0.99534353574835877,147.71845024108887,1.2708964397936706,1
2007-10-19,139337.09578493686,666.16157491005242,926.51123075111605,-0.026034779118441653,-0.061813437113050207,0.99521906516597525,147.75845024108887,0.40835869418035042,1
2007-10-22,140143.15603170972,666.16157491005242,926.51123075111605,0.0057849651755121911,-0.056386060518615722,0.99524656362984065,147.80845024108888,0.58654232677525375,1
2007-10-23,141273.50086422122,666.16157491005242,926.51123075111605,0.0080656441921127531,-0.048775206228041212,0.99528459639752043,147.86130020141601,0.83995196373956138,1
2007-10-24,141014.07885060605,666.16157491005242,926.51123075111605,-0.0018363105042926708,-0.050521950308788255,0.99527592152258926,147.91335014343261,0.77142473777353726,1
2007-10-25,141347.62345917404,666.16157491005242,926.51123075111605,0.0023653284217197701,-0.048276122892054518,0.99528706915187393,147.96485015869141,0.84068363085413589,1
2007-10-26,142996.81231891588,666.16157491005242,926.51123075111605,0.011667609397183698,-0.037171780439985702,0.99534142360163702,148.02215011596681,1.214749205285748,1
2007-10-29,143469.34209456018,666.16157491005242,926.51123075111605,0.0033044776871700154,-0.033990136071871957,0.99535676706127929,148.07660011291503,1.3114713510025371,1
2007-10-30,142477.96829168557,666.16157491005242,926.51123075111605,-0.0069100045236228924,-0.040665268601479676,0.99532445905217948,148.12710006713868,1.0689459713110856,1
2007-10-31,143951.11775559437,666.16157491005242,926.51123075111605,0.010339489547555258,-0.030746237173577828,0.99537230703521817,148.18525001525879,1.3983035883347354,1
2007-11-01,140597.15162425596,666.16157491005242,926.51123075111605,-0.023299340662522039,-0.053329210782101955,0.99526191272572606,148.22770004272462,0.60784673612417317,1
2007-11-02,140754.65683699091,666.16157491005242,926.51123075111605,0.0011202589164529542,-0.052268694389535186,0.9952672146706909,148.26959999084474,0.63719036020364506,1
2007-11-05,139689.17457660291,666.16157491005242,926.51123075111605,-0.0075697833686735327,-0.059442815064716492,0.99523111524619445,148.30794998168946,0.38022733126557295,1
2007-11-06,141560.7312212032,666.16157491005242,926.51123075111605,0.013398007757386754,-0.046841222604687593,0.99529416407245663,148.35430000305175,0.81261435792672176,1
2007-11-07,137706.44110829307,666.16157491005242,926.51123075111605,-0.027227113618729426,-0.072792984933519045,0.99516245159232475,148.37410003662109,-0.10173130568697158,0
2007-11-08,137711.00650218173,137711.00650218173,0,3.3153088932591501e-05,-0.072762245156889671,0,148.39860008239745,-0.27268674396892184,0
2007-11-09,137711.00650218173,137711.00650218173,0,0,-0.072762245156889671,0,148.41365005493165,-0.72324148205061578,0
2007-11-12,137711.00650218173,137711.00650218173,0,0,-0.072762245156889671,0,148.42190002441407,-1.0455373439011786,0
2007-11-13,137711.00650218173,137711.00650218173,0,0,-0.072762245156889671,0,148.44835006713868,-0.081879904604621162,0
2007-11-14,137711.00650218173,137711.00650218173,0,0,-0.072762245156889671,0,148.46795005798339,-0.17785022655635629,0
2007-11-15,137711.00650218173,137711.00650218173,0,0,-0.072762245156889671,0,148.4726000213623,-0.65414259025034227,0
2007-11-16,137711.00650218173,137711.00650218173,0,0,-0.072762245156889671,0,148.47749999999999,-0.59993554412490002,0
2007-11-19,137711.00650218173,137711.00650218173,0,0,-0.072762245156889671,0,148.47204994201661,-1.0506889391174494,0
2007-11-20,137711.00650218173,137711.00650218173,0,0,-0.072762245156889671,0,148.47079994201661,-0.85399099819336888,0
2007-11-21,137711.00650218173,137711.00650218173,0,0,-0.072762245156889671,0,148.45314987182618,-1.503322280400313,0
2007-11-23,137711.00650218173,137711.00650218173,0,0,-0.072762245156889671,0,148.44869987487792,-0.95773370816457948,0
2007-11-26,137711.00650218173,137711.00650218173,0,0,-0.072762245156889671,0,148.43374984741212,-1.652362857016862,0
2007-11-27,137711.00650218173,137711.00650218173,0,0,-0.072762245156889671,0,148.42934989929199,-1.2922020327579158,0
2007-11-28,137711.00650218173,137711.00650218173,0,0,-0.072762245156889671,0,148.4416999053955,-0.28971977842874047,0
2007-11-29,137711.00650218173,137711.00650218173,0,0,-0.072762245156889671,0,148.44954986572264,-0.28063308476994325,0
2007-11-30,137711.00650218173,137711.00650218173,0,0,-0.072762245156889671,0,148.46384986877442,0.04339661727530994,1
2007-12-03,137167.48088318351,0,928.81559917410709,-0.0039468567749492145,-0.07642191977158086,1,148.47359985351562,-0.1757238076940866,0
2007-12-04,136150.98912671072,136150.98912671072,0,-0.0074105885004804861,-0.08326617687221749,0,148.47519989013671,-0.46843982429815478,0
2007-12-05,136150.98912671072,136150.98912671072,0,0,-0.08326617687221749,0,148.48934989929199,0.071065456274104571,1
2007-12-06,138196.92465585875,0,915.57521147851924,0.015026960452295679,-0.069490453966794319,1,148.51469993591309,0.53758713460962737,1
2007-12-07,138169.45851715992,0,915.57521147851924,-0.00019874638142081125,-0.069675389371945951,1,148.54274993896485,0.52502685284899786,1
2007-12-10,139240.67983812149,0,915.57521147851924,0.0077529530220206144,-0.062462626370517027,1,148.57729995727539,0.77676908204591955,1
2007-12-11,135422.73288272435,0,915.57521147851924,-0.027419766693439152,-0.088169682421817108,1,148.61934997558595,-0.15892304580591349,0
2007-12-12,138236.63581604874,138236.63581604874,0,0.020778660077412692,-0.069223070204580739,0,148.66154998779297,0.15990782982479762,1
2007-12-13,138855.88570150937,0,931.54359302150624,0.0044796365435617602,-0.065053527855964854,1,148.70430000305177,0.080977268593125457,1
2007-12-14,137095.26887926782,0,931.54359302150624,-0.012679454049403738,-0.07690813868816726,1,148.74680000305176,-0.36365142910641168,0
2007-12-17,136504.3199380814,136504.3199380814,0,-0.0043104984294304316,-0.080887124706571889,0,148.78540000915527,-0.87047624939562618,0
2007-12-18,136504.3199380814,136504.3199380814,0,0,-0.080887124706571889,0,148.81630004882811,-0.69506502362055067,0
2007-12-19,136504.3199380814,136504.3199380814,0,0,-0.080887124706571889,0,148.84790008544923,-0.71027425318102089,0
2007-12-20,136504.3199380814,136504.3199380814,0,0,-0.080887124706571889,0,148.8782000732422,-0.501807375802234,0
2007-12-21,136504.3199380814,136504.3199380814,0,0,-0.080887124706571889,0,148.91495010375976,-0.19136506052045751,0
2007-12-24,136504.3199380814,136504.3199380814,0,0,-0.080887124706571889,0,148.95615005493164,0.06739631534732228,1
2007-12-26,137261.15584326669,0,917.82783712656919,0.0055444099170531835,-0.075791186165903746,1,149.01265007019043,0.13461122223097016,1
2007-12-27,135535.6350278875,0,917.82783712656919,-0.012571078866256191,-0.087409488053501239,1,149.05460006713867,-0.35204367540737425,0
2007-12-28,136264.97369422409,136264.97369422409,0,0.005381157997204955,-0.082498694321966992,0,149.09375007629396,-0.46278355043871239,0
2007-12-31,136264.97369422409,136264.97369422409,0,0,-0.082498694321966992,0,149.13215011596679,-0.76724739537042919,0
2008-01-02,136264.97369422409,136264.97369422409,0,0,-0.082498694321966992,0,149.1558000946045,-1.1216380775565589,0
2008-01-03,136264.97369422409,136264.97369422409,0,0,-0.082498694321966992,0,149.17525009155273,-1.1553162083596076,0
2008-01-04,136264.97369422409,136264.97369422409,0,0,-0.082498694321966992,0,149.16535011291504,-2.0929246076902279,0
2008-01-07,136264.97369422409,136264.97369422409,0,0,-0.082498694321966992,0,149.15540016174316,-2.1118650435533333,0
2008-01-08,136264.97369422409,136264.97369422409,0,0,-0.082498694321966992,0,149.13300018310548,-2.676935457582136,0
2008-01-09,136264.97369422409,136264.97369422409,0,0,-0.082498694321966992,0,149.11885017395019,-2.2747805619715629,0
2008-01-10,136264.97369422409,136264.97369422409,0,0,-0.082498694321966992,0,149.11100013732911,-2.0259766009144609,0
2008-01-11,136264.97369422409,136264.97369422409,0,0,-0.082498694321966992,0,149.10265007019044,-2.3086400218839467,0
2008-01-14,136264.97369422409,136264.97369422409,0,0,-0.082498694321966992,0,149.09920005798341,-2.0129042421840437,0
2008-01-15,136264.97369422409,136264.97369422409,0,0,-0.082498694321966992,0,149.08005004882813,-2.7770292073795204,0
2008-01-16,136264.97369422409,136264.97369422409,0,0,-0.082498694321966992,0,149.05415000915528,-3.0254998729273375,0
2008-01-17,136264.97369422409,136264.97369422409,0,0,-0.082498694321966992,0,149.00284996032715,-3.7769142425232527,0
2008-01-18,136264.97369422409,136264.97369422409,0,0,-0.082498694321966992,0,148.94389991760255,-3.9468635724677399,0
2008-01-22,136264.97369422409,136264.97369422409,0,0,-0.082498694321966992,0,148.87629989624023,-4.0757017309754673,0
2008-01-23,136264.97369422409,136264.97369422409,0,0,-0.082498694321966992,0,148.82339988708497,-3.2753422833291457,0
2008-01-24,136264.97369422409,136264.97369422409,0,0,-0.082498694321966992,0,148.77529991149902,-2.9567663496888885,0
2008-01-25,136264.97369422409,136264.97369422409,0,0,-0.082498694321966992,0,148.72039985656738,-3.2796702497576002,0
2008-01-28,136264.97369422409,136264.97369422409,0,0,-0.082498694321966992,0,148.67329986572267,-2.76036194853463,0
2008-01-29,136264.97369422409,136264.97369422409,0,0,-0.082498694321966992,0,148.62624984741211,-2.572280771141032,0
2008-01-30,136264.97369422409,136264.97369422409,0,0,-0.082498694321966992,0,148.56729988098144,-2.7121352777689762,0
2008-01-31,136264.97369422409,136264.97369422409,0,0,-0.082498694321966992,0,148.51869987487794,-2.1876552373755298,0
2008-02-01,136264.97369422409,136264.97369422409,0,0,-0.082498694321966992,0,148.48024986267089,-1.7334771411207481,0
2008-02-04,136264.97369422409,136264.97369422409,0,0,-0.082498694321966992,0,148.43319992065429,-2.0455598455922739,0
2008-02-05,136264.97369422409,136264.97369422409,0,0,-0.082498694321966992,0,148.36074996948241,-2.6923873161406151,0
2008-02-06,136264.97369422409,136264.97369422409,0,0,-0.082498694321966992,0,148.28569999694824,-2.8241851157044771,0
2008-02-07,136264.97369422409,136264.97369422409,0,0,-0.082498694321966992,0,148.21474998474122,-2.602468978540792,0
2008-02-08,136264.97369422409,136264.97369422409,0,0,-0.082498694321966992,0,148.13270004272462,-2.6940490605666199,0
2008-02-11,136264.97369422409,136264.97369422409,0,0,-0.082498694321966992,0,148.05320007324218,-2.517604985821845,0
2008-02-12,136264.97369422409,136264.97369422409,0,0,-0.082498694321966992,0,147.98050010681152,-2.2574622734159209,0
2008-02-13,136264.97369422409,136264.97369422409,0,0,-0.082498694321966992,0,147.92090011596679,-1.9872896844139634,0
2008-02-14,136264.97369422409,136264.97369422409,0,0,-0.082498694321966992,0,147.85340011596679,-2.1565716242367121,0
2008-02-15,136264.97369422409,136264.97369422409,0,0,-0.082498694321966992,0,147.78140014648437,-2.1253346304417993,0
2008-02-19,136264.97369422409,136264.97369422409,0,0,-0.082498694321966992,0,147.70725013732911,-2.0286333474416094,0
2008-02-20,136264.97369422409,136264.97369422409,0,0,-0.082498694321966992,0,147.63225013732909,-1.9325757273099913,0
2008-02-21,136264.97369422409,136264.97369422409,0,0,-0.082498694321966992,0,147.55145011901857,-2.0841611830069566,0
2008-02-22,136264.97369422409,136264.97369422409,0,0,-0.082498694321966992,0,147.47580009460449,-1.9195597900387928,0
2008-02-25,136264.97369422409,136264.97369422409,0,0,-0.082498694321966992,0,147.40665008544923,-1.6221272047708544,0
2008-02-26,136264.97369422409,136264.97369422409,0,0,-0.082498694321966992,0,147.35055007934571,-1.4401692938737725,0
2008-02-27,136264.97369422409,136264.97369422409,0,0,-0.082498694321966992,0,147.28735008239747,-1.4459697210479459,0
2008-02-28,136264.97369422409,136264.97369422409,0,0,-0.082498694321966992,0,147.2190500640869,-1.6402712627810878,0
2008-02-29,136264.97369422409,136264.97369422409,0,0,-0.082498694321966992,0,147.13530006408692,-2.0886256212071523,0
2008-03-03,136264.97369422409,136264.97369422409,0,0,-0.082498694321966992,0,147.04480003356935,-2.1034673954237491,0
2008-03-04,136264.97369422409,136264.97369422409,0,0,-0.082498694321966992,0,146.95325004577637,-2.1455776628774066,0
2008-03-05,136264.97369422409,136264.97369422409,0,0,-0.082498694321966992,0,146.8593000793457,-1.9859170679825127,0
2008-03-06,136264.97369422409,136264.97369422409,0,0,-0.082498694321966992,0,146.75190010070801,-2.3624262075904849,0
2008-03-07,136264.97369422409,136264.97369422409,0,0,-0.082498694321966992,0,146.6383501434326,-2.5124279684046615,0
2008-03-10,136264.97369422409,136264.97369422409,0,0,-0.082498694321966992,0,146.51615013122557,-2.70223166481393,0
2008-03-11,136264.97369422409,136264.97369422409,0,0,-0.082498694321966992,0,146.4238501739502,-1.9992864542845035,0
2008-03-12,136264.97369422409,136264.97369422409,0,0,-0.082498694321966992,0,146.32220016479494,-2.1419560391934911,0
2008-03-13,136264.97369422409,136264.97369422409,0,0,-0.082498694321966992,0,146.21925010681153,-2.0669241469930744,0
2008-03-14,136264.97369422409,136264.97369422409,0,0,-0.082498694321966992,0,146.09990013122558,-2.3138951717474012,0
2008-03-17,136264.97369422409,136264.97369422409,0,0,-0.082498694321966992,0,145.97480010986328,-2.4488309658304037,0
2008-03-18,136264.97369422409,136264.97369422409,0,0,-0.082498694321966992,0,145.87255012512207,-1.6893507285298015,0
2008-03-19,136264.97369422409,136264.97369422409,0,0,-0.082498694321966992,0,145.75365013122558,-2.1125276944999065,0
2008-03-20,136264.97369422409,136264.97369422409,0,0,-0.082498694321966992,0,145.64660011291505,-1.8462073272013442,0
2008-03-24,136264.97369422409,136264.97369422409,0,0,-0.082498694321966992,0,145.5610001373291,-1.4698899912244028,0
2008-03-25,136264.97369422409,136264.97369422409,0,0,-0.082498694321966992,0,145.48975013732911,-1.435940375312889,0
2008-03-26,136264.97369422409,136264.97369422409,0,0,-0.082498694321966992,0,145.40055015563965,-1.6377631698368993,0
2008-03-27,136264.97369422409,136264.97369422409,0,0,-0.082498694321966992,0,145.30795013427735,-1.6724883180590255,0
2008-03-28,136264.97369422409,136264.97369422409,0,0,-0.082498694321966992,0,145.2172501373291,-1.8162299658278982,0
2008-03-31,136264.97369422409,136264.97369422409,0,0,-0.082498694321966992,0,145.11765014648438,-1.732302136394237,0
2008-04-01,136264.97369422409,136264.97369422409,0,0,-0.082498694321966992,0,145.03640014648437,-1.1097066152491399,0
2008-04-02,136264.97369422409,136264.97369422409,0,0,-0.082498694321966992,0,144.95455009460449,-1.0869050321798157,0
2008-04-03,136264.97369422409,136264.97369422409,0,0,-0.082498694321966992,0,144.8753000640869,-1.0317724274153686,0
2008-04-04,136264.97369422409,136264.97369422409,0,0,-0.082498694321966992,0,144.79340003967286,-1.0411024651890661,0
2008-04-07,136264.97369422409,136264.97369422409,0,0,-0.082498694321966992,0,144.72250007629395,-1.0216515252836778,0
2008-04-08,136264.97369422409,136264.97369422409,0,0,-0.082498694321966992,0,144.64670013427735,-1.0297163440073751,0
2008-04-09,136264.97369422409,136264.97369422409,0,0,-0.082498694321966992,0,144.57310012817382,-1.148207826597111,0
2008-04-10,136264.97369422409,136264.97369422409,0,0,-0.082498694321966992,0,144.50405014038085,-1.1120522937375135,0
2008-04-11,136264.97369422409,136264.97369422409,0,0,-0.082498694321966992,0,144.42950019836425,-1.4416298982431726,0
2008-04-14,136264.97369422409,136264.97369422409,0,0,-0.082498694321966992,0,144.34215019226073,-1.482959076502625,0
2008-04-15,136264.97369422409,136264.97369422409,0,0,-0.082498694321966992,0,144.25645019531251,-1.4264088253967842,0
2008-04-16,136264.97369422409,136264.97369422409,0,0,-0.082498694321966992,0,144.18855026245117,-0.94956497186576394,0
2008-04-17,136264.97369422409,136264.97369422409,0,0,-0.082498694321966992,0,144.1148503112793,-0.91445297746960497,0
2008-04-18,136264.97369422409,136264.97369422409,0,0,-0.082498694321966992,0,144.04555030822755,-0.72150379086574168,0
2008-04-21,136264.97369422409,136264.97369422409,0,0,-0.082498694321966992,0,143.97740036010742,-0.70468670962695268,0
2008-04-22,136264.97369422409,136264.97369422409,0,0,-0.082498694321966992,0,143.90220039367676,-0.77562079920813409,0
2008-04-23,136264.97369422409,136264.97369422409,0,0,-0.082498694321966992,0,143.82530036926269,-0.79583988204860034,0
2008-04-24,136264.97369422409,136264.97369422409,0,0,-0.082498694321966992,0,143.76230041503905,-0.71004377007185837,0
2008-04-25,136264.97369422409,136264.97369422409,0,0,-0.082498694321966992,0,143.70035041809081,-0.53613070033925492,0
2008-04-28,136264.97369422409,136264.97369422409,0,0,-0.082498694321966992,0,143.62655044555663,-0.52477924366008444,0
2008-04-29,136264.97369422409,136264.97369422409,0,0,-0.082498694321966992,0,143.54770042419435,-0.58935825379436091,0
2008-04-30,136264.97369422409,136264.97369422409,0,0,-0.082498694321966992,0,143.46485038757325,-0.68962857413319389,0
2008-05-01,136264.97369422409,136264.97369422409,0,0,-0.082498694321966992,0,143.39670036315917,-0.3032958120824597,0
2008-05-02,136264.97369422409,136264.97369422409,0,0,-0.082498694321966992,0,143.33190032958984,-0.24401028963888369,0
2008-05-05,136264.97369422409,136264.97369422409,0,0,-0.082498694321966992,0,143.26070030212404,-0.32749901983383589,0
2008-05-06,136264.97369422409,136264.97369422409,0,0,-0.082498694321966992,0,143.20345031738282,-0.15614816033997533,0
2008-05-07,136264.97369422409,136264.97369422409,0,0,-0.082498694321966992,0,143.13120033264161,-0.49119882838873263,0
2008-05-08,136264.97369422409,136264.97369422409,0,0,-0.082498694321966992,0,143.07050033569337,-0.5331864848183695,0
2008-05-09,136264.97369422409,136264.97369422409,0,0,-0.082498694321966992,0,143.00695030212401,-0.5614452888730127,0
2008-05-12,136264.97369422409,136264.97369422409,0,0,-0.082498694321966992,0,142.96915031433105,-0.34331857553726747,0
2008-05-13,136264.97369422409,136264.97369422409,0,0,-0.082498694321966992,0,142.94600028991698,-0.33739221817956133,0
2008-05-14,136264.97369422409,136264.97369422409,0,0,-0.082498694321966992,0,142.91295028686523,-0.29340020791945265,0
2008-05-15,136264.97369422409,136264.97369422409,0,0,-0.082498694321966992,0,142.89700027465821,-0.050266135708317249,0
2008-05-16,136264.97369422409,136264.97369422409,0,0,-0.082498694321966992,0,142.87815032958986,-0.029895851676247056,0
2008-05-19,136264.97369422409,136264.97369422409,0,0,-0.082498694321966992,0,142.85540031433106,0.026697336030067118,1
2008-05-20,135832.0949434402,0,957.30562779429965,-0.0031767426290725265,-0.085413359831944091,1,142.8458502960205,-0.13113200453164484,0
2008-05-21,135686.63098596752,135686.63098596752,0,-0.0010709100638788271,-0.08639279986918913,0,142.81225028991699,-0.45578069782132652,0
2008-05-22,135686.63098596752,135686.63098596752,0,0,-0.08639279986918913,0,142.77095024108885,-0.44766773945543015,0
2008-05-23,135686.63098596752,135686.63098596752,0,0,-0.08639279986918913,0,142.71000022888182,-0.69681200507642649,0
2008-05-27,135686.63098596752,135686.63098596752,0,0,-0.08639279986918913,0,142.67635025024413,-0.55176532772245457,0
2008-05-28,135686.63098596752,135686.63098596752,0,0,-0.08639279986918913,0,142.64930023193358,-0.45997169392042936,0
2008-05-29,135686.63098596752,135686.63098596752,0,0,-0.08639279986918913,0,142.6231502532959,-0.36024340886177264,0
2008-05-30,135686.63098596752,135686.63098596752,0,0,-0.08639279986918913,0,142.6098503112793,-0.310276854192437,0
2008-06-02,135686.63098596752,135686.63098596752,0,0,-0.08639279986918913,0,142.59915031433104,-0.50762489413557044,0
2008-06-03,135686.63098596752,135686.63098596752,0,0,-0.08639279986918913,0,142.57910026550292,-0.61544788614064883,0
2008-06-04,135686.63098596752,135686.63098596752,0,0,-0.08639279986918913,0,142.54565025329589,-0.61999117175796503,0
2008-06-05,135686.63098596752,135686.63098596752,0,0,-0.08639279986918913,0,142.52635025024415,-0.23925661541097648,0
2008-06-06,135686.63098596752,135686.63098596752,0,0,-0.08639279986918913,0,142.48315025329589,-0.84718481845209248,0
2008-06-09,135686.63098596752,135686.63098596752,0,0,-0.08639279986918913,0,142.43300025939942,-0.79456895330751576,0
2008-06-10,135686.63098596752,135686.63098596752,0,0,-0.08639279986918913,0,142.38010025024414,-0.87926322884889541,0
2008-06-11,135686.63098596752,135686.63098596752,0,0,-0.08639279986918913,0,142.30815025329591,-1.1406506739876949,0
2008-06-12,135686.63098596752,135686.63098596752,0,0,-0.08639279986918913,0,142.24565025329591,-1.0606742248460561,0
2008-06-13,135686.63098596752,135686.63098596752,0,0,-0.08639279986918913,0,142.2078002166748,-0.82290294231199024,0
2008-06-16,135686.63098596752,135686.63098596752,0,0,-0.08639279986918913,0,142.15625022888185,-0.80442305123088742,0
2008-06-17,135686.63098596752,135686.63098596752,0,0,-0.08639279986918913,0,142.10335029602049,-0.88573299812685069,0
2008-06-18,135686.63098596752,135686.63098596752,0,0,-0.08639279986918913,0,142.03665031433104,-1.0541602356035167,0
2008-06-19,135686.63098596752,135686.63098596752,0,0,-0.08639279986918913,0,141.96335029602051,-1.0208796034648295,0
2008-06-20,135686.63098596752,135686.63098596752,0,0,-0.08639279986918913,0,141.88230033874513,-1.3896528423463717,0
2008-06-23,135686.63098596752,135686.63098596752,0,0,-0.08639279986918913,0,141.79890029907227,-1.3916157479942639,0
2008-06-24,135686.63098596752,135686.63098596752,0,0,-0.08639279986918913,0,141.7245002746582,-1.4106418953961402,0
2008-06-25,135686.63098596752,135686.63098596752,0,0,-0.08639279986918913,0,141.6546002960205,-1.3135116084344367,0
2008-06-26,135686.63098596752,135686.63098596752,0,0,-0.08639279986918913,0,141.55830024719239,-1.7670101538500693,0
2008-06-27,135686.63098596752,135686.63098596752,0,0,-0.08639279986918913,0,141.45660026550294,-1.8338907925706118,0
2008-06-30,135686.63098596752,135686.63098596752,0,0,-0.08639279986918913,0,141.35195026397705,-1.7514720226339711,0
2008-07-01,135686.63098596752,135686.63098596752,0,0,-0.08639279986918913,0,141.24935031890868,-1.677801403963419,0
2008-07-02,135686.63098596752,135686.63098596752,0,0,-0.08639279986918913,0,141.139750289917,-1.9357653885502761,0
2008-07-03,135686.63098596752,135686.63098596752,0,0,-0.08639279986918913,0,141.00900024414062,-1.8950293159025438,0
2008-07-07,135686.63098596752,135686.63098596752,0,0,-0.08639279986918913,0,140.86730022430419,-2.0347107179359103,0
2008-07-08,135686.63098596752,135686.63098596752,0,0,-0.08639279986918913,0,140.74210021972655,-1.7298732131926902,0
2008-07-09,135686.63098596752,135686.63098596752,0,0,-0.08639279986918913,0,140.60620021820068,-2.016061405246822,0
2008-07-10,135686.63098596752,135686.63098596752,0,0,-0.08639279986918913,0,140.47425022125245,-1.9258070528074429,0
2008-07-11,135686.63098596752,135686.63098596752,0,0,-0.08639279986918913,0,140.33650020599364,-2.0807758275369981,0
2008-07-14,135686.63098596752,135686.63098596752,0,0,-0.08639279986918913,0,140.18915019989015,-2.1890973090556347,0
2008-07-15,135686.63098596752,135686.63098596752,0,0,-0.08639279986918913,0,140.02865020751952,-2.3675332729215044,0
2008-07-16,135686.63098596752,135686.63098596752,0,0,-0.08639279986918913,0,139.88555019378663,-1.9730541396031551,0
2008-07-17,135686.63098596752,135686.63098596752,0,0,-0.08639279986918913,0,139.74005016326905,-1.8011489339035602,0
2008-07-18,135686.63098596752,135686.63098596752,0,0,-0.08639279986918913,0,139.59950019836427,-1.6884455274957806,0
2008-07-21,135686.63098596752,135686.63098596752,0,0,-0.08639279986918913,0,139.46085021972655,-1.6639437311861343,0
2008-07-22,135686.63098596752,135686.63098596752,0,0,-0.08639279986918913,0,139.32815021514892,-1.4741402097983303,0
2008-07-23,135686.63098596752,135686.63098596752,0,0,-0.08639279986918913,0,139.18975017547606,-1.3792250387852831,0
2008-07-24,135686.63098596752,135686.63098596752,0,0,-0.08639279986918913,0,139.04220016479493,-1.6981972479138703,0
2008-07-25,135686.63098596752,135686.63098596752,0,0,-0.08639279986918913,0,138.8872002029419,-1.690848960503518,0
2008-07-28,135686.63098596752,135686.63098596752,0,0,-0.08639279986918913,0,138.72430019378663,-1.9079225721493869,0
2008-07-29,135686.63098596752,135686.63098596752,0,0,-0.08639279986918913,0,138.57835018157959,-1.5636846316476909,0
2008-07-30,135686.63098596752,135686.63098596752,0,0,-0.08639279986918913,0,138.43935016632079,-1.2711835180972237,0
2008-07-31,135686.63098596752,135686.63098596752,0,0,-0.08639279986918913,0,138.29845020294189,-1.4799665907078385,0
2008-08-01,135686.63098596752,135686.63098596752,0,0,-0.08639279986918913,0,138.16035022735596,-1.5548429204901639,0
2008-08-04,135686.63098596752,135686.63098596752,0,0,-0.08639279986918913,0,138.0140502166748,-1.6938696305210583,0
2008-08-05,135686.63098596752,135686.63098596752,0,0,-0.08639279986918913,0,137.88740020751953,-1.2473474911447293,0
2008-08-06,135686.63098596752,135686.63098596752,0,0,-0.08639279986918913,0,137.7837001800537,-1.1621754023213884,0
2008-08-07,135686.63098596752,135686.63098596752,0,0,-0.08639279986918913,0,137.6660502243042,-1.4017454622912147,0
2008-08-08,135686.63098596752,135686.63098596752,0,0,-0.08639279986918913,0,137.55410022735595,-1.0827907058833159,0
2008-08-11,135686.63098596752,135686.63098596752,0,0,-0.08639279986918913,0,137.45025028228758,-0.8976438057932945,0
2008-08-12,135686.63098596752,135686.63098596752,0,0,-0.08639279986918913,0,137.33780033111572,-1.0706456110903357,0
2008-08-13,135686.63098596752,135686.63098596752,0,0,-0.08639279986918913,0,137.21255039215089,-1.1684920307442062,0
2008-08-14,135686.63098596752,135686.63098596752,0,0,-0.08639279986918913,0,137.08960033416747,-1.0316424563925055,0
2008-08-15,135686.63098596752,135686.63098596752,0,0,-0.08639279986918913,0,136.97515033721925,-0.93915697037225421,0
2008-08-18,135686.63098596752,135686.63098596752,0,0,-0.08639279986918913,0,136.84385036468507,-1.180377152986934,0
2008-08-19,135686.63098596752,135686.63098596752,0,0,-0.08639279986918913,0,136.72365036010743,-1.3662167543913331,0
2008-08-20,135686.63098596752,135686.63098596752,0,0,-0.08639279986918913,0,136.60555038452148,-1.2749375469774868,0
2008-08-21,135686.63098596752,135686.63098596752,0,0,-0.08639279986918913,0,136.49430038452149,-1.2346723593349618,0
2008-08-22,135686.63098596752,135686.63098596752,0,0,-0.08639279986918913,0,136.38220031738283,-0.96573936734059451,0
2008-08-25,135686.63098596752,135686.63098596752,0,0,-0.08639279986918913,0,136.2777502822876,-1.3312825209274497,0
2008-08-26,135686.63098596752,135686.63098596752,0,0,-0.08639279986918913,0,136.1789002609253,-1.266573380973423,0
2008-08-27,135686.63098596752,135686.63098596752,0,0,-0.08639279986918913,0,136.09635028839111,-1.0773604780111172,0
2008-08-28,135686.63098596752,135686.63098596752,0,0,-0.08639279986918913,0,136.02880031585693,-0.84356019597663012,0
2008-08-29,135686.63098596752,135686.63098596752,0,0,-0.08639279986918913,0,135.93235027313233,-1.0370288138478072,0
2008-09-02,135686.63098596752,135686.63098596752,0,0,-0.08639279986918913,0,135.83395027160645,-1.1435239438529874,0
2008-09-03,135686.63098596752,135686.63098596752,0,0,-0.08639279986918913,0,135.74565029144287,-1.1486728828622921,0
2008-09-04,135686.63098596752,135686.63098596752,0,0,-0.08639279986918913,0,135.6368503189087,-1.691960257067358,0
2008-09-05,135686.63098596752,135686.63098596752,0,0,-0.08639279986918913,0,135.54015033721925,-1.6160443907408359,0
2008-09-08,135686.63098596752,135686.63098596752,0,0,-0.08639279986918913,0,135.45190032958985,-1.2304640065035448,0
2008-09-09,135686.63098596752,135686.63098596752,0,0,-0.08639279986918913,0,135.35960037231445,-1.7551502897226634,0
2008-09-10,135686.63098596752,135686.63098596752,0,0,-0.08639279986918913,0,135.25755035400391,-1.663203914599251,0
2008-09-11,135686.63098596752,135686.63098596752,0,0,-0.08639279986918913,0,135.18035037994386,-1.3896092221465386,0
2008-09-12,135686.63098596752,135686.63098596752,0,0,-0.08639279986918913,0,135.09795032501222,-1.2926460906044803,0
2008-09-15,135686.63098596752,135686.63098596752,0,0,-0.08639279986918913,0,134.9627502822876,-2.1258580326607426,0
2008-09-16,135686.63098596752,135686.63098596752,0,0,-0.08639279986918913,0,134.83735031127929,-1.8194195103211916,0
2008-09-17,135686.63098596752,135686.63098596752,0,0,-0.08639279986918913,0,134.67710029602051,-2.5630040692893745,0
2008-09-18,135686.63098596752,135686.63098596752,0,0,-0.08639279986918913,0,134.53905033111573,-2.0484161792477171,0
2008-09-19,135686.63098596752,135686.63098596752,0,0,-0.08639279986918913,0,134.42785034179687,-1.4617721331256166,0
2008-09-22,135686.63098596752,135686.63098596752,0,0,-0.08639279986918913,0,134.29035034179688,-1.8443423364063982,0
2008-09-23,135686.63098596752,135686.63098596752,0,0,-0.08639279986918913,0,134.12840034484864,-2.2173779172106158,0
2008-09-24,135686.63098596752,135686.63098596752,0,0,-0.08639279986918913,0,133.96850032806395,-2.1466000468632713,0
2008-09-25,135686.63098596752,135686.63098596752,0,0,-0.08639279986918913,0,133.81205032348632,-1.8740349738085404,0
2008-09-26,135686.63098596752,135686.63098596752,0,0,-0.08639279986918913,0,133.67675029754639,-1.8492257444740243,0
2008-09-29,135686.63098596752,135686.63098596752,0,0,-0.08639279986918913,0,133.48680030822754,-3.1475251309994285,0
2008-09-30,135686.63098596752,135686.63098596752,0,0,-0.08639279986918913,0,133.32145030975343,-2.4603802095483296,0
2008-10-01,135686.63098596752,135686.63098596752,0,0,-0.08639279986918913,0,133.16590030670167,-2.4160571910592075,0
2008-10-02,135686.63098596752,135686.63098596752,0,0,-0.08639279986918913,0,132.99980026245117,-2.9424891101808752,0
2008-10-03,135686.63098596752,135686.63098596752,0,0,-0.08639279986918913,0,132.82210021972656,-3.0774414113991986,0
2008-10-06,135686.63098596752,135686.63098596752,0,0,-0.08639279986918913,0,132.61630020141601,-3.7137871885774509,0
2008-10-07,135686.63098596752,135686.63098596752,0,0,-0.08639279986918913,0,132.38245018005372,-4.1534836444773902,0
2008-10-08,135686.63098596752,135686.63098596752,0,0,-0.08639279986918913,0,132.12935016632079,-4.2792602915098916,0
2008-10-09,135686.63098596752,135686.63098596752,0,0,-0.08639279986918913,0,131.83670017242432,-4.8318355604264456,0
2008-10-10,135686.63098596752,135686.63098596752,0,0,-0.08639279986918913,0,131.53145015716552,-4.8047268133671865,0
2008-10-13,135686.63098596752,135686.63098596752,0,0,-0.08639279986918913,0,131.29985015869141,-3.2793373622185245,0
2008-10-14,135686.63098596752,135686.63098596752,0,0,-0.08639279986918913,0,131.06260013580322,-3.3459774026877058,0
2008-10-15,135686.63098596752,135686.63098596752,0,0,-0.08639279986918913,0,130.78165008544923,-4.1994372021946518,0
2008-10-16,135686.63098596752,135686.63098596752,0,0,-0.08639279986918913,0,130.52585010528566,-3.6756167066740075,0
2008-10-17,135686.63098596752,135686.63098596752,0,0,-0.08639279986918913,0,130.26760009765624,-3.6016189881691076,0
2008-10-20,135686.63098596752,135686.63098596752,0,0,-0.08639279986918913,0,130.05510009765624,-2.9769434343602308,0
2008-10-21,135686.63098596752,135686.63098596752,0,0,-0.08639279986918913,0,129.82845008850097,-3.1629717121479421,0
2008-10-22,135686.63098596752,135686.63098596752,0,0,-0.08639279986918913,0,129.58710006713866,-3.5182842613421834,0
2008-10-23,135686.63098596752,135686.63098596752,0,0,-0.08639279986918913,0,129.34370010375977,-3.3141530252931579,0
2008-10-24,135686.63098596752,135686.63098596752,0,0,-0.08639279986918913,0,129.07245014190673,-3.5878783141795529,0
2008-10-27,135686.63098596752,135686.63098596752,0,0,-0.08639279986918913,0,128.79145015716551,-3.7018385843901975,0
2008-10-28,135686.63098596752,135686.63098596752,0,0,-0.08639279986918913,0,128.5538501739502,-2.8218605053542398,0
2008-10-29,135686.63098596752,135686.63098596752,0,0,-0.08639279986918913,0,128.32840019226074,-2.8058962099091884,0
2008-10-30,135686.63098596752,135686.63098596752,0,0,-0.08639279986918913,0,128.12500022888185,-2.4963749817925929,0
2008-10-31,135686.63098596752,135686.63098596752,0,0,-0.08639279986918913,0,127.9420002746582,-2.4057436486101311,0
2008-11-03,135686.63098596752,135686.63098596752,0,0,-0.08639279986918913,0,127.76725028991699,-2.3383802213891771,0
2008-11-04,135686.63098596752,135686.63098596752,0,0,-0.08639279986918913,0,127.61570030212403,-2.0532759151523372,0
2008-11-05,135686.63098596752,135686.63098596752,0,0,-0.08639279986918913,0,127.4273503112793,-2.3265679950159668,0
2008-11-06,135686.63098596752,135686.63098596752,0,0,-0.08639279986918913,0,127.20670028686523,-2.6606497362738519,0
2008-11-07,135686.63098596752,135686.63098596752,0,0,-0.08639279986918913,0,127.01080032348632,-2.3926402076017896,0
2008-11-10,135686.63098596752,135686.63098596752,0,0,-0.08639279986918913,0,126.79775028228759,-2.4312919121230347,0
2008-11-11,135686.63098596752,135686.63098596752,0,0,-0.08639279986918913,0,126.56705024719238,-2.5770479783260387,0
2008-11-12,135686.63098596752,135686.63098596752,0,0,-0.08639279986918913,0,126.32160022735596,-2.783129621925077,0
2008-11-13,135686.63098596752,135686.63098596752,0,0,-0.08639279986918913,0,126.09060024261474,-2.3689778593245308,0
2008-11-14,135686.63098596752,135686.63098596752,0,0,-0.08639279986918913,0,125.82580024719238,-2.6189597753331597,0
2008-11-17,135686.63098596752,135686.63098596752,0,0,-0.08639279986918913,0,125.5640502166748,-2.6353966410255452,0
2008-11-18,135686.63098596752,135686.63098596752,0,0,-0.08639279986918913,0,125.32880020141602,-2.4770201249566681,0
2008-11-19,135686.63098596752,135686.63098596752,0,0,-0.08639279986918913,0,125.07105018615722,-2.7685574752889748,0
2008-11-20,135686.63098596752,135686.63098596752,0,0,-0.08639279986918913,0,124.77865020751953,-3.0621069394624558,0
2008-11-21,135686.63098596752,135686.63098596752,0,0,-0.08639279986918913,0,124.51090015411377,-2.7414193696272937,0
2008-11-24,135686.63098596752,135686.63098596752,0,0,-0.08639279986918913,0,124.26730014801025,-2.3590484751833904,0
2008-11-25,135686.63098596752,135686.63098596752,0,0,-0.08639279986918913,0,124.02065013885498,-2.2784407528975708,0
2008-11-26,135686.63098596752,135686.63098596752,0,0,-0.08639279986918913,0,123.78365016937256,-2.0486166978956866,0
2008-11-28,135686.63098596752,135686.63098596752,0,0,-0.08639279986918913,0,123.55825016021728,-1.9526911430762919,0
2008-12-01,135686.63098596752,135686.63098596752,0,0,-0.08639279986918913,0,123.2931001663208,-2.3713406248256241,0
2008-12-02,135686.63098596752,135686.63098596752,0,0,-0.08639279986918913,0,123.04185012817383,-2.1521419119792888,0
2008-12-03,135686.63098596752,135686.63098596752,0,0,-0.08639279986918913,0,122.79885013580322,-2.0037091523859889,0
2008-12-04,135686.63098596752,135686.63098596752,0,0,-0.08639279986918913,0,122.55140018463135,-2.0831525660796384,0
2008-12-05,135686.63098596752,135686.63098596752,0,0,-0.08639279986918913,0,122.31295021057129,-1.9076447492697846,0
2008-12-08,135686.63098596752,135686.63098596752,0,0,-0.08639279986918913,0,122.08130020141601,-1.7146687233225431,0
2008-12-09,135686.63098596752,135686.63098596752,0,0,-0.08639279986918913,0,121.83700019836425,-1.7733869534822422,0
2008-12-10,135686.63098596752,135686.63098596752,0,0,-0.08639279986918913,0,121.5964501953125,-1.7173848935700788,0
2008-12-11,135686.63098596752,135686.63098596752,0,0,-0.08639279986918913,0,121.35180023193359,-1.8104888080492361,0
2008-12-12,135686.63098596752,135686.63098596752,0,0,-0.08639279986918913,0,121.12765018463135,-1.7302827659743414,0
2008-12-15,135686.63098596752,135686.63098596752,0,0,-0.08639279986918913,0,120.89890018463134,-1.7725599720048817,0
2008-12-16,135686.63098596752,135686.63098596752,0,0,-0.08639279986918913,0,120.69335014343261,-1.533210750935819,0
2008-12-17,135686.63098596752,135686.63098596752,0,0,-0.08639279986918913,0,120.47915012359618,-1.5614472250881615,0
2008-12-18,135686.63098596752,135686.63098596752,0,0,-0.08639279986918913,0,120.27030014038085,-1.6306929541816841,0
2008-12-19,135686.63098596752,135686.63098596752,0,0,-0.08639279986918913,0,120.06270011901856,-1.6669458800415926,0
2008-12-22,135686.63098596752,135686.63098596752,0,0,-0.08639279986918913,0,119.85800010681152,-1.7035239550017656,0
2008-12-23,135686.63098596752,135686.63098596752,0,0,-0.08639279986918913,0,119.62580009460449,-1.7270352617227707,0
2008-12-24,135686.63098596752,135686.63098596752,0,0,-0.08639279986918913,0,119.40230010986328,-1.6792320237152172,0
2008-12-26,135686.63098596752,135686.63098596752,0,0,-0.08639279986918913,0,119.17985015869141,-1.6327628031589403,0
2008-12-29,135686.63098596752,135686.63098596752,0,0,-0.08639279986918913,0,118.96635017395019,-1.624899135588687,0
2008-12-30,135686.63098596752,135686.63098596752,0,0,-0.08639279986918913,0,118.76970016479493,-1.502762406530038,0
2008-12-31,135686.63098596752,135686.63098596752,0,0,-0.08639279986918913,0,118.5527501296997,-1.42250836936647,0
2009-01-02,135686.63098596752,135686.63098596752,0,0,-0.08639279986918913,0,118.36595008850098,-1.2723779708849279,0
2009-01-05,135686.63098596752,135686.63098596752,0,0,-0.08639279986918913,0,118.16980007171631,-1.2644586644690379,0
2009-01-06,135686.63098596752,135686.63098596752,0,0,-0.08639279986918913,0,117.96355007171631,-1.2207047135682427,0
2009-01-07,135686.63098596752,135686.63098596752,0,0,-0.08639279986918913,0,117.74265003204346,-1.3454868958471116,0
2009-01-08,135686.63098596752,135686.63098596752,0,0,-0.08639279986918913,0,117.53185005187989,-1.3128554714184373,0
2009-01-09,135686.63098596752,135686.63098596752,0,0,-0.08639279986918913,0,117.31340003967286,-1.3938231980905202,0
2009-01-12,135686.63098596752,135686.63098596752,0,0,-0.08639279986918913,0,117.09060005187989,-1.4820983290740619,0
2009-01-13,135686.63098596752,135686.63098596752,0,0,-0.08639279986918913,0,116.86630004882812,-1.4573336122282941,0
2009-01-14,135686.63098596752,135686.63098596752,0,0,-0.08639279986918913,0,116.60510005950928,-1.572592682930259,0
2009-01-15,135686.63098596752,135686.63098596752,0,0,-0.08639279986918913,0,116.34360008239746,-1.5526575695450311,0
2009-01-16,135686.63098596752,135686.63098596752,0,0,-0.08639279986918913,0,116.08370010375977,-1.5031863688677261,0
2009-01-20,135686.63098596752,135686.63098596752,0,0,-0.08639279986918913,0,115.80210010528565,-1.6990126778518686,0
2009-01-21,135686.63098596752,135686.63098596752,0,0,-0.08639279986918913,0,115.5375500869751,-1.5136355860512773,0
2009-01-22,135686.63098596752,135686.63098596752,0,0,-0.08639279986918913,0,115.26720005035401,-1.5576751189343769,0
2009-01-23,135686.63098596752,135686.63098596752,0,0,-0.08639279986918913,0,115.00360004425049,-1.522593817693437,0
2009-01-26,135686.63098596752,135686.63098596752,0,0,-0.08639279986918913,0,114.74190002441406,-1.4784661392675047,0
2009-01-27,135686.63098596752,135686.63098596752,0,0,-0.08639279986918913,0,114.49764999389649,-1.4219324951360104,0
2009-01-28,135686.63098596752,135686.63098596752,0,0,-0.08639279986918913,0,114.26995002746582,-1.2726717104786129,0
2009-01-29,135686.63098596752,135686.63098596752,0,0,-0.08639279986918913,0,114.02650001525879,-1.3916251672595845,0
2009-01-30,135686.63098596752,135686.63098596752,0,0,-0.08639279986918913,0,113.75639999389648,-1.4565286781673012,0
2009-02-02,135686.63098596752,135686.63098596752,0,0,-0.08639279986918913,0,113.48404998779297,-1.452141823011428,0
2009-02-03,135686.63098596752,135686.63098596752,0,0,-0.08639279986918913,0,113.21034999847411,-1.3829058875776985,0
2009-02-04,135686.63098596752,135686.63098596752,0,0,-0.08639279986918913,0,112.93424999237061,-1.3873915943687249,0
2009-02-05,135686.63098596752,135686.63098596752,0,0,-0.08639279986918913,0,112.66739997863769,-1.3155824053960494,0
2009-02-06,135686.63098596752,135686.63098596752,0,0,-0.08639279986918913,0,112.41369998931884,-1.1907357222477959,0
2009-02-09,135686.63098596752,135686.63098596752,0,0,-0.08639279986918913,0,112.15759994506836,-1.1734075246280313,0
2009-02-10,135686.63098596752,135686.63098596752,0,0,-0.08639279986918913,0,111.87514991760254,-1.3464746170074164,0
2009-02-11,135686.63098596752,135686.63098596752,0,0,-0.08639279986918913,0,111.59499988555908,-1.3103280087877547,0
2009-02-12,135686.63098596752,135686.63098596752,0,0,-0.08639279986918913,0,111.31789989471436,-1.2944816049430559,0
2009-02-13,135686.63098596752,135686.63098596752,0,0,-0.08639279986918913,0,111.04039993286133,-1.3230786807785138,0
2009-02-17,135686.63098596752,135686.63098596752,0,0,-0.08639279986918913,0,110.7308999633789,-1.4735012333067687,0
2009-02-18,135686.63098596752,135686.63098596752,0,0,-0.08639279986918913,0,110.41849998474122,-1.4674723076090688,0
2009-02-19,135686.63098596752,135686.63098596752,0,0,-0.08639279986918913,0,110.10524997711181,-1.49179344687003,0
2009-02-20,135686.63098596752,135686.63098596752,0,0,-0.08639279986918913,0,109.78209995269775,-1.5119839345129846,0
2009-02-23,135686.63098596752,135686.63098596752,0,0,-0.08639279986918913,0,109.45774993896484,-1.623335708934309,0
2009-02-24,135686.63098596752,135686.63098596752,0,0,-0.08639279986918913,0,109.14934993743897,-1.4759959990271672,0
2009-02-25,135686.63098596752,135686.63098596752,0,0,-0.08639279986918913,0,108.83919998168945,-1.4888587441324177,0
2009-02-26,135686.63098596752,135686.63098596752,0,0,-0.08639279986918913,0,108.51499996185302,-1.5312889537949721,0
2009-02-27,135686.63098596752,135686.63098596752,0,0,-0.08639279986918913,0,108.1822499847412,-1.5931569457961061,0
2009-03-02,135686.63098596752,135686.63098596752,0,0,-0.08639279986918913,0,107.83139995574952,-1.7286808295890304,0
2009-03-03,135686.63098596752,135686.63098596752,0,0,-0.08639279986918913,0,107.46909996032714,-1.7346387940474963,0
2009-03-04,135686.63098596752,135686.63098596752,0,0,-0.08639279986918913,0,107.11444995880127,-1.6410743069456961,0
2009-03-05,135686.63098596752,135686.63098596752,0,0,-0.08639279986918913,0,106.74319995880127,-1.7583361645771376,0
2009-03-06,135686.63098596752,135686.63098596752,0,0,-0.08639279986918913,0,106.37834995269776,-1.7342979976788906,0
2009-03-09,135686.63098596752,135686.63098596752,0,0,-0.08639279986918913,0,106.02144992828369,-1.7520621656820894,0
2009-03-10,135686.63098596752,135686.63098596752,0,0,-0.08639279986918913,0,105.68474994659424,-1.5488559874308343,0
2009-03-11,135686.63098596752,135686.63098596752,0,0,-0.08639279986918913,0,105.35974994659423,-1.511714630903759,0
2009-03-12,135686.63098596752,135686.63098596752,0,0,-0.08639279986918913,0,105.04394992828369,-1.3667180857597203,0
2009-03-13,135686.63098596752,135686.63098596752,0,0,-0.08639279986918913,0,104.72789989471435,-1.3273281660023113,0
2009-03-16,135686.63098596752,135686.63098596752,0,0,-0.08639279986918913,0,104.40719989776612,-1.3261998307677854,0
2009-03-17,135686.63098596752,135686.63098596752,0,0,-0.08639279986918913,0,104.09634986877441,-1.2080498801118904,0
2009-03-18,135686.63098596752,135686.63098596752,0,0,-0.08639279986918913,0,103.80149990081787,-1.1166496337055667,0
2009-03-19,135686.63098596752,135686.63098596752,0,0,-0.08639279986918913,0,103.50574993133544,-1.1527571233974996,0
2009-03-20,135686.63098596752,135686.63098596752,0,0,-0.08639279986918913,0,103.1991999053955,-1.2463964052794625,0
2009-03-23,135686.63098596752,135686.63098596752,0,0,-0.08639279986918913,0,102.90639991760254,-0.97873137540936439,0
2009-03-24,135686.63098596752,135686.63098596752,0,0,-0.08639279986918913,0,102.62794994354248,-1.0459120924009131,0
2009-03-25,135686.63098596752,135686.63098596752,0,0,-0.08639279986918913,0,102.35209995269776,-0.99651992194852657,0
2009-03-26,135686.63098596752,135686.63098596752,0,0,-0.08639279986918913,0,102.08794994354248,-0.90877939618028025,0
2009-03-27,135686.63098596752,135686.63098596752,0,0,-0.08639279986918913,0,101.82629993438721,-0.97147611108500975,0
2009-03-30,135686.63098596752,135686.63098596752,0,0,-0.08639279986918913,0,101.54799995422363,-1.0970986429062182,0
2009-03-31,135686.63098596752,135686.63098596752,0,0,-0.08639279986918913,0,101.26484996795654,-1.0527203662821263,0
2009-04-01,135686.63098596752,135686.63098596752,0,0,-0.08639279986918913,0,100.98899997711182,-0.96953473828618597,0
2009-04-02,135686.63098596752,135686.63098596752,0,0,-0.08639279986918913,0,100.7282999420166,-0.84607577645531473,0
2009-04-03,135686.63098596752,135686.63098596752,0,0,-0.08639279986918913,0,100.47834995269776,-0.79739017735042583,0
2009-04-06,135686.63098596752,135686.63098596752,0,0,-0.08639279986918913,0,100.22424995422364,-0.82172882406606285,0
2009-04-07,135686.63098596752,135686.63098596752,0,0,-0.08639279986918913,0,99.974599952697758,-0.9093975641799189,0
2009-04-08,135686.63098596752,135686.63098596752,0,0,-0.08639279986918913,0,99.729999961853025,-0.85728114899623242,0
2009-04-09,135686.63098596752,135686.63098596752,0,0,-0.08639279986918913,0,99.503099937438961,-0.68593390270273391,0
2009-04-13,135686.63098596752,135686.63098596752,0,0,-0.08639279986918913,0,99.273199958801271,-0.67710973631884408,0
2009-04-14,135686.63098596752,135686.63098596752,0,0,-0.08639279986918913,0,99.053799972534179,-0.74355938795445375,0
2009-04-15,135686.63098596752,135686.63098596752,0,0,-0.08639279986918913,0,98.842399978637701,-0.69013881418408274,0
2009-04-16,135686.63098596752,135686.63098596752,0,0,-0.08639279986918913,0,98.634999961853026,-0.61896083385907352,0
2009-04-17,135686.63098596752,135686.63098596752,0,0,-0.08639279986918913,0,98.428499946594243,-0.58172615147187012,0
2009-04-20,135686.63098596752,135686.63098596752,0,0,-0.08639279986918913,0,98.214749946594239,-0.76064391778692186,0
2009-04-21,135686.63098596752,135686.63098596752,0,0,-0.08639279986918913,0,98.008499946594242,-0.66894436339337648,0
2009-04-22,135686.63098596752,135686.63098596752,0,0,-0.08639279986918913,0,97.806099967956541,-0.68791071264147208,0
2009-04-23,135686.63098596752,135686.63098596752,0,0,-0.08639279986918913,0,97.596749992370604,-0.63710848033810064,0
2009-04-24,135686.63098596752,135686.63098596752,0,0,-0.08639279986918913,0,97.406100006103514,-0.5623541223349503,0
2009-04-27,135686.63098596752,135686.63098596752,0,0,-0.08639279986918913,0,97.20879997253418,-0.59761497916096806,0
2009-04-28,135686.63098596752,135686.63098596752,0,0,-0.08639279986918913,0,97.017449989318848,-0.60417927419902773,0
2009-04-29,135686.63098596752,135686.63098596752,0,0,-0.08639279986918913,0,96.840799980163581,-0.50080558903966255,0
2009-04-30,135686.63098596752,135686.63098596752,0,0,-0.08639279986918913,0,96.672949981689456,-0.49205181369664025,0
2009-05-01,135686.63098596752,135686.63098596752,0,0,-0.08639279986918913,0,96.492599983215328,-0.45966291085437649,0
2009-05-04,135686.63098596752,135686.63098596752,0,0,-0.08639279986918913,0,96.320999984741206,-0.29240050528102041,0
2009-05-05,135686.63098596752,135686.63098596752,0,0,-0.08639279986918913,0,96.143949966430668,-0.301406825181399,0
2009-05-06,135686.63098596752,135686.63098596752,0,0,-0.08639279986918913,0,95.974399948120123,-0.20869521868886648,0
2009-05-07,135686.63098596752,135686.63098596752,0,0,-0.08639279986918913,0,95.791299934387212,-0.27035169134465337,0
2009-05-08,135686.63098596752,135686.63098596752,0,0,-0.08639279986918913,0,95.615349960327151,-0.14562912205169201,0
2009-05-11,135686.63098596752,135686.63098596752,0,0,-0.08639279986918913,0,95.443999938964851,-0.233890300000275,0
2009-05-12,135686.63098596752,135686.63098596752,0,0,-0.08639279986918913,0,95.271449928283687,-0.24097352332016653,0
2009-05-13,135686.63098596752,135686.63098596752,0,0,-0.08639279986918913,0,95.096649932861325,-0.36165444766754751,0
2009-05-14,135686.63098596752,135686.63098596752,0,0,-0.08639279986918913,0,94.91244995117188,-0.31078409521843064,0
2009-05-15,135686.63098596752,135686.63098596752,0,0,-0.08639279986918913,0,94.713349952697754,-0.34399799562893718,0
2009-05-18,135686.63098596752,135686.63098596752,0,0,-0.08639279986918913,0,94.535349960327153,-0.19101470142363647,0
2009-05-19,135686.63098596752,135686.63098596752,0,0,-0.08639279986918913,0,94.360149955749506,-0.18882138289289968,0
2009-05-20,135686.63098596752,135686.63098596752,0,0,-0.08639279986918913,0,94.187749977111821,-0.21603407301468966,0
2009-05-21,135686.63098596752,135686.63098596752,0,0,-0.08639279986918913,0,93.991999969482421,-0.28372913848029446,0
2009-05-22,135686.63098596752,135686.63098596752,0,0,-0.08639279986918913,0,93.792449989318854,-0.28621144796017678,0
2009-05-26,135686.63098596752,135686.63098596752,0,0,-0.08639279986918913,0,93.613899993896482,-0.14016579181043082,0
2009-05-27,135686.63098596752,135686.63098596752,0,0,-0.08639279986918913,0,93.415400009155277,-0.22957224242197374,0
2009-05-28,135686.63098596752,135686.63098596752,0,0,-0.08639279986918913,0,93.216449966430659,-0.1426377229314337,0
2009-05-29,135686.63098596752,135686.63098596752,0,0,-0.08639279986918913,0,93.03234992980957,-0.031604615629338251,0
2009-06-01,135686.63098596752,135686.63098596752,0,0,-0.08639279986918913,0,92.863349876403802,0.12148469087316739,1
2009-06-02,136264.30094224491,0,1436.6294479110963,0.0042573830014036584,-0.082503224105392237,1,92.689899902343754,0.13955521048943745,1
2009-06-03,134540.34998899675,0,1436.6294479110963,-0.012651523115939645,-0.094110955774422966,1,92.507299919128414,0.074936498603489499,1
2009-06-04,135804.57995733788,0,1436.6294479110963,0.0093966603211936839,-0.085598624137144363,1,92.337999916076654,0.14578253951778228,1
2009-06-05,135833.31868423929,0,1436.6294479110963,0.000211618245205214,-0.085405120122570954,1,92.175799942016596,0.16004028325027178,1
2009-06-08,135273.03407640301,0,1436.6294479110963,-0.0041247951037604036,-0.089177636605013655,1,92.008699951171877,0.14712792564500979,1
2009-06-09,135962.61007345712,0,1436.6294479110963,0.0050976604595460717,-0.084534573457464735,1,91.842899932861329,0.19422205523766134,1
2009-06-10,135617.82207493007,0,1436.6294479110963,-0.0025359030570299979,-0.086856105031239195,1,91.666649971008297,0.19315186972180662,1
2009-06-11,136221.20381250564,0,1436.6294479110963,0.0044491330736915469,-0.082793406327094199,1,91.505649986267088,0.23793558424061048,1
2009-06-12,136594.73053793411,0,1436.6294479110963,0.002742060082970621,-0.08027837073874633,1,91.344099998474121,0.27273471823698953,1
2009-06-15,133462.87790306343,0,1436.6294479110963,-0.022928063348687688,-0.10136580651760663,1,91.165449981689449,0.12904862282462795,1
2009-06-16,131652.72172972385,0,1436.6294479110963,-0.013562993708664983,-0.1135539764301996,1,90.972699966430667,0.050732112610733862,1
2009-06-17,131523.43034050602,0,1436.6294479110963,-0.000982063929398036,-0.11442452309530582,1,90.786500015258795,0.059290051141370925,1
2009-06-18,132485.96944005936,0,1436.6294479110963,0.0073183849984856941,-0.10794354081009971,1,90.607650032043452,0.12791371310683455,1
2009-06-19,132971.5497550288,744.17405401794792,1436.6294479110963,0.0036651452000668883,-0.10467402436051121,0.99440350920637577,90.428450050354002,0.13074939384452303,1
2009-06-22,129006.44940982257,744.17405401794792,1436.6294479110963,-0.029819163215823674,-0.13137189575947172,0.99423149728232674,90.254700050354003,-0.080598182377882258,0
2009-06-23,129214.14489309266,129214.14489309266,0,0.0016099620152345562,-0.12997343750627932,0,90.079350051879885,-0.061556680396069208,0
2009-06-24,129214.14489309266,129214.14489309266,0,0,-0.12997343750627932,0,89.89500007629394,0.019470723439732898,1
2009-06-25,132619.61481963925,1.4551915228366852e-11,1440.2651192705805,0.026355240978951366,-0.10704367779366863,1,89.739300079345696,0.20690143886673984,1
2009-06-26,132273.94327940175,1.4551915228366852e-11,1440.2651192705805,-0.0026064887966052996,-0.10937115844335732,0.99999999999999978,89.579900054931642,0.20444362021009288,1
2009-06-29,133512.57216104248,1.4551915228366852e-11,1440.2651192705805,0.0093641185174648811,-0.10103120441594848,1,89.415850028991699,0.30521903128835881,1
2009-06-30,132432.37332158955,1.4551915228366852e-11,1440.2651192705805,-0.008090615153080849,-0.10830441497564769,1,89.245150032043455,0.25901211429164628,1
2009-07-01,132979.68109945691,1.4551915228366852e-11,1440.2651192705805,0.0041327340448571448,-0.10461927427376871,1,89.106350059509282,0.31561048192046531,1
2009-07-02,129350.20684541858,1.4551915228366852e-11,1440.2651192705805,-0.027293449826547578,-0.12905730318703545,0.99999999999999989,88.944900054931637,0.08700724020716992,1
2009-07-06,129335.81210583847,1.4551915228366852e-11,1440.2651192705805,-0.0001112850140031485,-0.12915422605724625,0.99999999999999989,88.810850067138674,0.10147501760533012,1
2009-07-07,126829.74288669506,1.4551915228366852e-11,1440.2651192705805,-0.019376452494786478,-0.14602812782633356,0.99999999999999989,88.650800056457513,-0.062237980937736567,0
2009-07-08,127528.28510095147,127528.28510095147,0,0.0055077160795040658,-0.14132469321451857,0,88.470200042724613,-0.05136748907921234,0
2009-07-09,127528.28510095147,127528.28510095147,0,0,-0.14132469321451857,0,88.304500045776365,-0.015193340875271093,0
2009-07-10,127528.28510095147,127528.28510095147,0,0,-0.14132469321451857,0,88.15155002593994,-0.022301531709280353,0
2009-07-13,127528.28510095147,127528.28510095147,0,0,-0.14132469321451857,0,88.007400016784672,0.25185549934358226,1
2009-07-14,127787.9286954134,0,1410.3071165945287,0.002035968681429301,-0.13957645718238654,1,87.856500015258788,0.34507150184765972,1
2009-07-15,131525.24470634677,0,1410.3071165945287,0.02924623670707871,-0.11441230658079926,1,87.718550033569329,0.72540147782904563,1
2009-07-16,131313.69648689972,0,1410.3071165945287,-0.0016084229299050401,-0.11583670613333641,1,87.627200050354006,0.73467796134359264,1
2009-07-17,132752.20501151879,0,1410.3071165945287,0.010954748538074766,-0.10615091958243117,1,87.517900047302248,0.91806742221368487,1
2009-07-20,134162.51212811333,0,1410.3071165945287,0.01062360596174039,-0.09665501916281094,1,87.413250045776365,1.1129233921998949,1
2009-07-21,134783.05070254754,0,1410.3071165945287,0.0046252754557967179,-0.09247679979482748,1,87.331850051879883,1.2224155145981515,1
2009-07-22,134754.84929452298,0,1410.3071165945287,-0.00020923556691709866,-0.092666685926112713,1,87.257900085449222,1.2630267138659323,1
2009-07-23,137730.5981713206,0,1410.3071165945287,0.02208268490801224,-0.07263033024487664,1,87.222600097656255,1.6082719233033147,1
2009-07-24,138294.71241012687,0,1410.3071165945287,0.0040957800684535695,-0.068832028035405335,1,87.212750091552735,1.6760661665068923,1
2009-07-27,138703.70276511402,0,1410.3071165945287,0.0029573824469459886,-0.066078208219958912,1,87.216950073242188,1.7183814604308407,1
2009-07-28,138054.96278265526,0,1410.3071165945287,-0.0046771641241428741,-0.070446313719227716,1,87.252900085449212,1.6319933843907453,1
2009-07-29,137716.49208741362,0,1410.3071165945287,-0.0024517097279184163,-0.072725309534504734,1,87.298650093078606,1.5783261225490213,1
2009-07-30,139155.00061203269,0,1410.3071165945287,0.0104454339695641,-0.063039522983599383,1,87.28525009155274,1.7428125765673683,1
2009-07-31,139352.44274757276,0,1410.3071165945287,0.001418864824632049,-0.06171010272069033,1,87.280050086975095,1.7676370907514369,1
2009-08-03,141651.25023388708,0,1410.3071165945287,0.016496355865669665,-0.046231738670008182,1,87.332150115966797,1.9903236389246846,1
2009-08-04,142017.92233715329,0,1410.3071165945287,0.0025885553615712098,-0.04376285672344582,1,87.366800117492673,2.008738647525266,1
2009-08-05,141608.94274195554,0,1410.3071165945287,-0.0028797745275193076,-0.046516604090921509,1,87.402800140380862,1.9447056991280622,1
2009-08-06,140875.57701584432,0,1410.3071165945287,-0.0051788094163487397,-0.051454512879987591,1,87.408200149536128,1.8634677604742031,1
2009-08-07,142723.07589545054,0,1410.3071165945287,0.013114401507639872,-0.039014906513635927,1,87.434900131225589,2.0416051039808649,1
2009-08-10,142426.91269214041,0,1410.3071165945287,-0.0020750898300923026,-0.04100903690799973,1,87.486650123596192,1.9840032357153801,1
2009-08-11,140649.93347227969,0,1410.3071165945287,-0.012476428690845198,-0.052973819274181877,1,87.526850128173834,1.7803405534690373,1
2009-08-12,142158.96165664424,0,1410.3071165945287,0.01072896479301888,-0.042813208723107454,1,87.595650138854978,1.9087162846074701,1
2009-08-13,143244.89340211471,0,1410.3071165945287,0.007638855354707097,-0.035501397277106883,1,87.683750152587891,1.9886288749351928,1
2009-08-14,142144.85557273729,0,1410.3071165945287,-0.0076794209081465503,-0.042908188012735216,1,87.718900146484373,1.859106056200712,1
2009-08-17,138647.2891892755,0,1410.3071165945287,-0.024605648719183137,-0.066458052930500333,1,87.745050125122077,1.496365093758862,1
2009-08-18,139747.32701865293,0,1410.3071165945287,0.0079340738344744199,-0.059051262194872001,1,87.759000091552736,1.6004173980464136,1
2009-08-19,140974.29808361435,0,1410.3071165945287,0.0087799251058136019,-0.050789802748533064,1,87.774650077819828,1.7154056022506832,1
2009-08-20,142426.91269214041,0,1410.3071165945287,0.010304109531118044,-0.04100903690799973,1,87.794050064086917,1.8496795454206625,1
2009-08-21,145219.32551730491,0,1410.3071165945287,0.019605935229392912,-0.022207122200044838,1,87.806850051879877,2.1180373542273738,1
2009-08-24,145205.21943339796,0,1410.3071165945287,-9.71364097491767e-05,-0.02230210148967271,1,87.84070003509521,2.095709325532586,1
2009-08-25,145487.28731259049,0,1410.3071165945287,0.0019425464201161535,-0.020402877936966268,1,87.902200050353997,2.0924338262625541,1
2009-08-26,145501.38263670806,0,1410.3071165945287,9.6883544795867138e-05,-0.020307971095309019,1,87.948750038146969,2.0683336976221969,1
2009-08-27,145825.75800783213,0,1410.3071165945287,0.0022293628091079043,-0.018123882121689361,1,88.002600059509277,2.071692156384783,1
2009-08-28,145797.5458400182,0,1410.3071165945287,-0.00019346491456206927,-0.018313840700945216,1,88.070650062561029,2.0385138621383767,1
2009-08-31,144500.06587510067,0,1410.3071165945287,-0.0088991893343749462,-0.027050051699482824,1,88.153850059509281,1.888217388587232,1
2009-09-01,141312.768778856,0,1410.3071165945287,-0.022057409295575203,-0.048510806933256045,1,88.199000053405769,1.574696181959377,1
2009-09-02,140776.85594807428,0,1410.3071165945287,-0.0037923878741656925,-0.052119223011442117,1,88.265000038146979,1.5076539077546389,1
2009-09-03,141947.41343719719,0,1410.3071165945287,0.0083149853094792725,-0.044237608275644491,1,88.340900039672846,1.5962645325825437,1
2009-09-04,143935.94087650499,0,1410.3071165945287,0.014008902248772603,-0.030848426356924974,1,88.415800018310549,1.7557615918576031,1
2009-09-08,145177.0180253734,0,1410.3071165945287,0.0086224270415771187,-0.022491987620957943,1,88.523000030517579,1.8429780051161355,1
2009-09-09,146291.16193865781,0,1410.3071165945287,0.0076743821331946016,-0.014990217595701627,1,88.664400062561029,1.9214726200707748,1
2009-09-10,147786.08403911538,0,1410.3071165945287,0.010218813499371926,-0.0049245863342550766,1,88.790750083923342,2.0263262267715647,1
2009-09-11,147757.87187130144,0,1410.3071165945287,-0.00019089867626831403,-0.0051145449135109322,1,88.889450073242188,1.9922690734450004,1
2009-09-14,148477.13151350568,0,1410.3071165945287,0.0048678262152470619,-0.00027161541407294543,1,88.987550048828126,2.0236384484099315,1
2009-09-15,149097.67008793988,0,1410.3071165945287,0.0041793545450987679,0,1,89.071300048828121,2.0460217111587542,1
2009-09-16,151354.15932253323,0,1410.3071165945287,0.015134302455983573,0,1,89.157450065612792,2.2047222048982009,1
2009-09-17,151128.51577896861,0,1410.3071165945287,-0.0014908314682240409,-0.0014908314682240409,1,89.282700080871578,2.1487292276297851,1
2009-09-18,151224.41321976442,716.43601523002053,1410.3071165945287,0.00063454233174686792,-0.00085723513215330005,0.99526243150840421,89.389950103759759,2.0617907856486717,1
2009-09-21,150843.62427280183,716.43601523002053,1410.3071165945287,-0.002518038846077153,-0.0033731154268675789,0.995250472012431,89.48560009002685,1.9982414297748763,1
2009-09-22,151718.01855861463,716.43601523002053,1410.3071165945287,0.0057966936953957049,0,0.99527784489913285,89.594450073242186,2.0380984570006593,1
2009-09-23,150462.84608562864,716.43601523002053,1410.3071165945287,-0.0082730613338524162,-0.0082730613338524162,0.99523845232315822,89.685700073242188,1.9061968504592934,1
2009-09-24,148812.78934156251,716.43601523002053,1410.3071165945287,-0.010966539494587701,-0.019148873974581426,0.99518565562543404,89.755750083923346,1.7493817315718687,1
2009-09-25,148023.01003961277,716.43601523002053,1410.3071165945287,-0.0053072004459039368,-0.024354447507988874,0.99515996860867584,89.830500068664549,1.6648733543090843,1
2009-09-28,150660.28822116874,716.43601523002053,1410.3071165945287,0.01781667715614077,-0.0069716856804140637,0.99524469238915636,89.91155006408691,1.8524238854839521,1
2009-09-29,150208.99037425008,716.43601523002053,1410.3071165945287,-0.0029954665044591433,-0.0099462687339378908,0.99523040522777628,90.001850051879885,1.7916994469935481,1
2009-09-30,149630.75929174738,716.43601523002053,1410.3071165945287,-0.003849510479113194,-0.013757490947331696,0.99521197367024561,90.084850044250487,1.7235321390340255,1
2009-10-01,145935.76153253493,716.43601523002053,1410.3071165945287,-0.024694105521499199,-0.038111867535666422,0.99509074398415842,90.160950050354003,1.4168773449953478,1
2009-10-02,145258.80938226223,716.43601523002053,1410.3071165945287,-0.0046386995426188626,-0.042573777575779181,0.99506786529314961,90.214000053405755,1.3517873518119652,1
2009-10-05,147416.57754908554,716.43601523002053,1410.3071165945287,0.014854645828363822,-0.028351550134879111,0.99514005801015515,90.279150047302252,1.50448887942493,1
2009-10-06,149517.94289985977,716.43601523002053,1410.3071165945287,0.014254606813636883,-0.014501083520972013,0.99520836094093501,90.360250053405764,1.647448490062396,1
2009-10-07,149926.93325484692,716.43601523002053,1410.3071165945287,0.0027353931378060192,-0.011805356547520018,0.99522143220249681,90.448300056457526,1.658069944789182,1
2009-10-08,151069.27857615586,716.43601523002053,1410.3071165945287,0.0076193469479375331,-0.0042759587069621796,0.99525756644909869,90.546050071716309,1.7225923991356069,1
2009-10-09,151985.9803539002,716.43601523002053,1410.3071165945287,0.006068088670207139,0,0.99528617038517764,90.651550064086919,1.7679224106458369,1
2009-10-12,152578.30676052044,716.43601523002053,1410.3071165945287,0.0038972437144597638,0,0.99530447000991762,90.756650047302244,1.7877292166147707,1
2009-10-13,152268.03747330335,716.43601523002053,1410.3071165945287,-0.0020335085229650218,-0.0020335085229650218,0.99529490215334504,90.858150024414059,1.7409909960475893,1
2009-10-14,154877.10348704533,716.43601523002053,1410.3071165945287,0.017134692592327028,0,0.99537416442392368,90.970149993896484,1.9064277714226543,1
2009-10-15,155441.22848564104,716.43601523002053,1410.3071165945287,0.0036424041119991202,0,0.99539095243771702,91.073849983215325,1.9194206554296702,1
2009-10-16,154284.77708042509,716.43601523002053,1410.3071165945287,-0.0074397984143748097,-0.0074397984143748097,0.99535640502720135,91.167099990844733,1.8103018215090612,1
2009-10-19,155554.05563731806,716.43601523002053,1410.3071165945287,0.0082268554352016299,0,0.99539429549236291,91.251249999999999,1.8769582425389304,1
2009-10-20,154736.07492734378,716.43601523002053,1410.3071165945287,-0.0052584981254454322,-0.0052584981254454322,0.99536994837456994,91.333050003051753,1.7953540435383246,1
2009-10-21,153353.97997856321,716.43601523002053,1410.3071165945287,-0.0089319504157614471,-0.014143479896689071,0.99532822026966516,91.406850013732907,1.6777258291439721,1
2009-10-22,154905.3156548593,716.43601523002053,1410.3071165945287,0.010116044438578831,-0.0041705115292611783,0.99537500690533887,91.50015003204345,1.7641853162041767,1
2009-10-23,153142.43175911612,716.43601523002053,1410.3071165945287,-0.011380396394343295,-0.015503445849234243,0.99532176675660389,91.585350036621094,1.6212670876385717,1
2009-10-26,151492.37501505,716.43601523002053,1410.3071165945287,-0.010774654190300215,-0.026111055771750991,0.99527081138467299,91.674450073242184,1.4893652713989098,1
2009-10-27,150801.31678087031,716.43601523002053,1410.3071165945287,-0.0045616700781873076,-0.030553615828114333,0.99524913952660587,91.771800079345709,1.4253833253803561,1
2009-10-28,147966.60722356368,716.43601523002053,1410.3071165945287,-0.018797644595012097,-0.048776924411697009,0.99515812365591683,91.858300094604488,1.2174507496512357,1
2009-10-29,151125.69215199439,716.43601523002053,1410.3071165945287,0.021349985565713547,-0.028468325478113066,0.99525933674792066,91.969700088500971,1.4185775138414205,1
2009-10-30,146767.83756662681,716.43601523002053,1410.3071165945287,-0.028835961134819343,-0.05648337508587209,0.99511857620096922,92.065500068664548,1.108784228814772,1
2009-11-02,147839.67398797968,716.43601523002053,1410.3071165945287,0.0073029380218694318,-0.049592931651520789,0.99515396648339283,92.16180007934571,1.1701082011472206,1
2009-11-03,148305.07791880533,716.43601523002053,1410.3071165945287,0.0031480313658125425,-0.046601020390069969,0.99516917407492778,92.282200088500971,1.1897656503922909,1
2009-11-04,148685.85610597851,716.43601523002053,1410.3071165945287,0.0025675330374166361,-0.044153137012082122,0.99518154561574868,92.386550064086919,1.2032044068055503,1
2009-11-05,151407.74927139754,716.43601523002053,1410.3071165945287,0.018306335496221848,-0.026655083655213963,0.9952681681176978,92.507050056457516,1.3733312813249519,1
2009-11-06,151802.63354247771,716.43601523002053,1410.3071165945287,0.0026080849426823871,-0.024116517434858653,0.99528047703448075,92.627150039672856,1.3847545286439982,1
2009-11-09,155243.78635010094,716.43601523002053,1410.3071165945287,0.022668597555393077,-0.0019946075076340275,0.99538509055934554,92.756600036621094,1.5979694987609847,1
2009-11-10,155271.9877581255,716.43601523002053,1410.3071165945287,0.00018165885210352783,-0.0018133109936407932,0.995385928746233,92.881900024414065,1.5803939275863843,1
2009-11-11,156061.76706007525,716.43601523002053,1410.3071165945287,0.0050864248816084867,0,0.99540927910322696,92.995700035095211,1.6130511673881174,1
2009-11-12,154482.21921596519,716.43601523002053,1410.3071165945287,-0.010121299238538106,-0.010121299238538106,0.99536233995817702,93.118100013732914,1.4902170677332038,1
2009-11-13,155314.30600984645,716.43601523002053,1410.3071165945287,0.0053862949283374206,-0.0047895206129574541,0.99538718593517972,93.252050018310541,1.5274826369718806,1
2009-11-16,157556.68916053284,716.43601523002053,1410.3071165945287,0.014437711555973731,0,0.99545283656919159,93.395200004577632,1.6551515695081904,1
2009-11-17,157740.02521216593,716.43601523002053,1410.3071165945287,0.0011636196000939236,0,0.99545812158793312,93.533199996948241,1.6464336255177097,1
2009-11-18,157641.30414439589,716.43601523002053,1410.3071165945287,-0.00062584665900267122,-0.00062584665900267122,0.99545527728840799,93.672899971008306,1.6199079899297228,1
2009-11-19,155596.3631292496,716.43601523002053,1410.3071165945287,-0.01297211429609324,-0.013589842400703489,0.99539554780830641,93.799149971008305,1.4693783039821606,1
2009-11-20,155046.34421456087,716.43601523002053,1410.3071165945287,-0.0035349085520195445,-0.0170767121026002,0.99537921375147953,93.911399955749516,1.4175036404374342,1
2009-11-23,157006.67024584411,716.43601523002053,1410.3071165945287,0.012643484380195691,-0.0046491368651389031,0.99543690714472055,94.029999961853022,1.526120078594982,1
2009-11-24,157246.41987331572,716.43601523002053,1410.3071165945287,0.0015270028152065684,-0.0031292332950136892,0.99544386437664389,94.169399948120116,1.5237326315511817,1
2009-11-25,157796.43878800445,716.43601523002053,1410.3071165945287,0.0034978151816229541,0,0.99545974534829307,94.308299942016603,1.5407798769918439,1
2009-11-27,155243.78635010094,716.43601523002053,1410.3071165945287,-0.016176869753904533,-0.016176869753904533,0.99538509055934554,94.437849922180177,1.3625093027040809,1
2009-11-30,155765.60385676511,716.43601523002053,1410.3071165945287,0.0033612778902942786,-0.012869966818248146,0.99540055058696508,94.57374992370606,1.3807852819652335,1
2009-12-01,157683.62239611681,716.43601523002053,1410.3071165945287,0.012313492143717575,-0.00071494890983692105,0.99545649697575911,94.734149932861328,1.4874122927067499,1
2009-12-02,157613.10273637134,716.43601523002053,1410.3071165945287,-0.00044722247417883221,-0.001161851642795475,0.99545446410995186,94.895249938964838,1.4678377911691975,1
2009-12-03,156386.13167140991,716.43601523002053,1410.3071165945287,-0.0077847021831281005,-0.0089375091569035003,0.9954188008388406,95.056249923706048,1.3765479726114866,1
2009-12-04,157274.63204112969,716.43601523002053,1410.3071165945287,0.0056814524422577062,-0.0033068347478728555,0.99544468166332978,95.224199943542487,1.4198363566463836,1
2009-12-07,157034.87165386867,716.43601523002053,1410.3071165945287,-0.0015244695482633519,-0.004826263127261865,0.99543772661648577,95.405149917602543,1.3935218911053044,1
2009-12-08,155300.19992593947,716.43601523002053,1410.3071165945287,-0.01104641096375536,-0.015819361205094196,0.9953867669483254,95.565799903869632,1.2712029237863187,1
2009-12-09,155878.42024865272,716.43601523002053,1410.3071165945287,0.0037232426164872656,-0.012155017908411336,0.99540387942033803,95.731549873352051,1.2971984339983467,1
2009-12-10,156752.81453446552,716.43601523002053,1410.3071165945287,0.0056094633523871007,-0.0066137376835292416,0.99542951737512508,95.906649856567384,1.3428111159114902,1
2009-12-11,157415.66060083127,716.43601523002053,1410.3071165945287,0.0042286071119954638,-0.0024130974697391672,0.99544876276924743,96.092549858093264,1.3761185396763973,1
2009-12-14,158487.49702218414,716.43601523002053,1410.3071165945287,0.0068089567280780194,0,0.99547954236964353,96.298899879455561,1.4392771179579733,1
2009-12-15,157754.13129607291,716.43601523002053,1410.3071165945287,-0.0046272781127243423,-0.0046272781127243423,0.99545852771433663,96.505299873352044,1.3861176138554918,1
2009-12-16,157993.88092354452,716.43601523002053,1410.3071165945287,0.0015197676631468759,-0.0031145428372215678,0.99546541922356657,96.704249839782719,1.3955212197581255,1
2009-12-17,156104.07455200676,716.43601523002053,1410.3071165945287,-0.011961263059626193,-0.015038552030661179,0.99541052328527568,96.911149826049808,1.2669506679514191,1
2009-12-18,156978.46324272908,1548.5172140207924,1410.3071165945287,0.0056013188203554165,-0.0095214689348259718,0.99013547984842742,97.117599830627441,1.2680080780886227,1
2009-12-21,158558.01108683913,1548.5172140207924,1410.3071165945287,0.010062194593328799,0,0.99023374975880152,97.333699836730958,1.3766582207503857,1
2009-12-22,159122.13608543482,1548.5172140207924,1410.3071165945287,0.0035578460825087532,0,0.99026837338841789,97.531499862670898,1.4114330861591229,1
2009-12-23,159432.39461286252,1548.5172140207924,1410.3071165945287,0.0019498137409437177,0,0.99028731132226333,97.728049850463862,1.4286440101039826,1
2009-12-24,160179.86642288073,1548.5172140207924,1410.3071165945287,0.004688330824066389,0,0.99033263512698499,97.912949867248528,1.4738828613821846,1
2009-12-28,160518.33711812238,1548.5172140207924,1410.3071165945287,0.0021130664096575824,0,0.99035301983672264,98.096099891662604,1.4897228712281598,1
2009-12-29,160292.68281476834,1548.5172140207924,1410.3071165945287,-0.0014057852043906083,-0.0014057852043906083,0.99033943916323219,98.279599876403807,1.46587652389135,1
2009-12-30,160236.26923892982,1548.5172140207924,1410.3071165945287,-0.0003519410546251045,-0.0017572315054883436,0.99033603801826042,98.451299858093265,1.4520891604477342,1
2009-12-31,158713.14573044769,1548.5172140207924,1410.3071165945287,-0.0095054853418421459,-0.011246013509012887,0.9902432958095938,98.608849868774413,1.3307267547636319,1
2010-01-04,161378.62532002819,1548.5172140207924,1410.3071165945287,0.016794321461609973,0,0.99040444661769822,98.780799865722656,1.5161015142021523,1
2010-01-05,161801.71099913292,1548.5172140207924,1410.3071165945287,0.0026216958922886668,0,0.9904295374600266,98.965399856567387,1.5395973719553546,1
2010-01-06,161914.53815080994,1548.5172140207924,1410.3071165945287,0.00069731742007128616,0,0.99043620645986408,99.122849845886236,1.534342486128814,1
2010-01-07,162591.49030108264,1548.5172140207924,1410.3071165945287,0.0041809225904234637,0,0.99047602546016833,99.290799865722661,1.572468587737937,1
2010-01-08,163127.40313186438,1548.5172140207924,1410.3071165945287,0.0032960693686328035,0,0.99050731401168046,99.45639987945556,1.59912347877349,1
2010-01-11,163353.05743521842,1548.5172140207924,1410.3071165945287,0.0013833010212982444,0,0.99052042711453436,99.61449989318848,1.6010699098599521,1
2010-01-12,161844.02925085384,1548.5172140207924,1410.3071165945287,-0.0092378325086631685,-0.0092378325086631685,0.9904320399016967,99.774749908447262,1.4762357014653642,1
2010-01-13,163197.92279160986,1548.5172140207924,1410.3071165945287,0.0083654216162496464,-0.00094968925616889521,0.99051141590816616,99.953899917602541,1.569325255166794,1
2010-01-14,163635.11455462157,1548.5172140207924,1410.3071165945287,0.0026789051939708486,0,0.99053676701216897,100.13094993591308,1.5926736900553768,1
2010-01-15,161815.81708303987,1548.5172140207924,1410.3071165945287,-0.011118013859882203,-0.011118013859882203,0.99043037175268134,100.29384994506836,1.4441327813371305,1
2010-01-19,163818.45060625466,1548.5172140207924,1410.3071165945287,0.012376006000619055,0,0.99054735771037938,100.45199993133545,1.5839840094035413,1
2010-01-20,162168.39386218853,1548.5172140207924,1410.3071165945287,-0.010072471922177528,-0.010072471922177528,0.99045117746349054,100.60014991760254,1.4447100030810101,1
2010-01-21,159079.8178337139,1548.5172140207924,1410.3071165945287,-0.019045486946730916,-0.028926123736393361,0.99026578459098147,100.74064990997314,1.1973861674647892,1
2010-01-22,155568.15612613456,1548.5172140207924,1410.3071165945287,-0.022074841142011303,-0.050362425292069579,0.99004605278753022,100.87844989776612,0.91844426325193895,1
2010-01-25,156357.92466829487,1548.5172140207924,1410.3071165945287,0.0050766722562423094,-0.045541426563064702,0.99009633047185874,101.01464988708496,0.97291719686590117,1
2010-01-26,155709.18468583611,1548.5172140207924,1410.3071165945287,-0.0041490700508786116,-0.049501542044916191,0.99005506825339085,101.13214988708496,0.91341217020534493,1
2010-01-27,156442.55041194733,1548.5172140207924,1410.3071165945287,0.0047098424385876303,-0.045024844069827319,0.99010168774452212,101.25214988708495,0.96294911522750692,1
2010-01-28,154665.56043229721,1548.5172140207924,1410.3071165945287,-0.011358738239506616,-0.055872156891270119,0.98998796364431341,101.37324989318847,0.81395724274047443,1
2010-01-29,153001.3976043241,1548.5172140207924,1410.3071165945287,-0.010759750414518265,-0.06603073684251759,0.9898790649087702,101.48394989013671,0.67286341444962172,1
2010-02-01,155356.60790668748,1548.5172140207924,1410.3071165945287,0.015393390774469662,-0.051653783003390852,0.99003249855358011,101.59674987792968,0.85499181773766708,1
2010-02-02,157218.21287020069,1548.5172140207924,1410.3071165945287,0.011982785853765332,-0.040289953369892051,0.99015052273047233,101.71324985504151,0.99733538315873305,1
2010-02-03,156442.55041194733,1548.5172140207924,1410.3071165945287,-0.0049336679516497339,-0.045024844069827319,0.99010168774452212,101.8452498626709,0.92723793598451965,1
2010-02-04,151661.61014747503,1548.5172140207924,1410.3071165945287,-0.030560357472331212,-0.074209226212248569,0.98978965598139812,101.95214988708496,0.52583849567414953,1
2010-02-05,151971.87943469215,1548.5172140207924,1410.3071165945287,0.0020457997703928754,-0.072315243659801798,0.98981050165477324,102.06274990081788,0.54397528656896854,1
2010-02-08,150885.9369294323,1548.5172140207924,1410.3071165945287,-0.0071456805647160948,-0.078944182593365331,0.98973716672651191,102.1653498840332,0.44488672853296174,1
2010-02-09,152761.64797685246,1548.5172140207924,1410.3071165945287,0.012431317892120042,-0.06749424493079681,0.98986318074903568,102.26814987182617,0.59609975857457453,1
2010-02-10,152465.48477354235,1548.5172140207924,1410.3071165945287,-0.0019387274700976009,-0.069302119454173639,0.98984349004418393,102.37399990081786,0.5631948366559073,1
2010-02-11,154045.021857863,1548.5172140207924,1410.3071165945287,0.010359964989234971,-0.059660121996163662,0.98994763222241866,102.48679988861085,0.69201054067658008,1
2010-02-12,153918.09938206841,1548.5172140207924,1410.3071165945287,-0.00082393104472866519,-0.06043489721424733,0.98993934293473218,102.59004989624023,0.67337514033666301,1
2010-02-16,156315.61717636333,1548.5172140207924,1410.3071165945287,0.015576581337218842,-0.045799684969092591,0.99009365000124283,102.70164989471435,0.87571865609040656,1
2010-02-17,157048.98290247456,1548.5172140207924,1410.3071165945287,0.0046915704224472776,-0.041322986994003719,0.99013990931108153,102.81349990844727,0.93246649189433573,1
2010-02-18,157965.6846802189,1548.5172140207924,1410.3071165945287,0.0058370437095640604,-0.035727147365733347,0.9901971290970214,102.91364994049073,1.0044300171692517,1
2010-02-19,158290.04929155356,1548.5172140207924,1410.3071165945287,0.0020533865439908983,-0.03374712246539846,0.99021721693213582,103.01649993896484,1.0239130141177044,1
2010-02-22,158318.26145936752,1548.5172140207924,1410.3071165945287,0.00017823083598900169,-0.033574906407258687,0.99021896021503353,103.11159996032715,1.0166219418646258,1
2010-02-23,156414.3382441334,1548.5172140207924,1410.3071165945287,-0.01202592295850069,-0.04519706012796687,0.99009990240406309,103.20634994506835,0.83771373866949894,1
2010-02-24,157838.75144463489,1548.5172140207924,1410.3071165945287,0.0091066664123735652,-0.036501988264998619,0.9901892456709912,103.29554992675781,0.9563796464327281,1
2010-02-25,157627.20322518784,1548.5172140207924,1410.3071165945287,-0.0013402806187380323,-0.03779334597631967,0.99017607885988701,103.39269992828369,0.92845391054675264,1
2010-02-26,157725.92429295788,1548.5172140207924,1410.3071165945287,0.0006262946100046296,-0.03719072113519406,0.99018222767777475,103.49154991149902,0.92864687826193282,1
2010-03-01,159347.77962899947,1548.5172140207924,1410.3071165945287,0.010282744217933404,-0.027290399589974479,0.99028215380455176,103.60759990692139,1.0677739715104042,1
2010-03-02,159784.97139201115,1548.5172140207924,1410.3071165945287,0.0027436326005267908,-0.024621641819444151,0.9903087430530515,103.72139987945556,1.0989966905663997,1
2010-03-03,159926.01071150214,1548.5172140207924,1410.3071165945287,0.00088268200859120682,-0.023760692891108937,0.99031728980713307,103.83934989929199,1.1038592231636342,1
2010-03-04,160405.50996644536,1548.5172140207924,1410.3071165945287,0.0029982568364579354,-0.02083367671455072,0.99034623427621205,103.94639987945557,1.1383201527732414,1
2010-03-05,162676.10528494569,1548.5172140207924,1410.3071165945287,0.014155344906638945,-0.0069732396874796487,0.99048097929743029,104.06204986572266,1.3374901315379915,1
2010-03-08,162704.30669297025,1548.5172140207924,1410.3071165945287,0.00017335925257833118,-0.0068010893105215908,0.99048262922171493,104.18084983825683,1.3292398050380478,1
2010-03-09,162972.26848825582,1548.5172140207924,1410.3071165945287,0.0016469250306399008,-0.0051653651641027087,0.99049827784576494,104.30709983825683,1.344757129448199,1
2010-03-10,163691.52813046006,1548.5172140207924,1410.3071165945287,0.0044133866999345184,-0.00077477521808366756,0.99054002835878807,104.43684986114502,1.4027318985725619,1
2010-03-11,164368.46952094338,1548.5172140207924,1410.3071165945287,0.0041354699184175114,0,0.99057898866775362,104.55759983062744,1.4540724662085631,1
2010-03-12,164382.57560485037,1548.5172140207924,1410.3071165945287,8.581988959366349e-05,0,0.99057979710852573,104.68654983520508,1.4450407161672867,1
2010-03-15,164424.88309678188,1548.5172140207924,1410.3071165945287,0.00025737211973853036,0,0.99058222098227477,104.80939983367919,1.4374972003103337,1
2010-03-16,165722.37382148879,1548.5172140207924,1410.3071165945287,0.0078910849761297808,0,0.99065595563041586,104.92879985809326,1.5465859726362945,1
2010-03-17,166695.47841528224,1548.5172140207924,1410.3071165945287,0.005871896300747359,0,0.99071050259585902,105.04044986724854,1.6213736046722864,1
2010-03-18,166610.86343141916,1548.5172140207924,1410.3071165945287,-0.00050760215374456852,-0.00050760215374456852,0.99070578483222249,105.15139987945557,1.5956752749594514,1
2010-03-19,165778.78266301999,2225.4646299861661,1410.3071165945287,-0.0049941567510193297,-0.0054992238600408694,0.98657569687605984,105.26299987792969,1.4382311829941841,1
2010-03-22,166653.16618904338,2225.4646299861661,1410.3071165945287,0.0052743994857336052,-0.00025382947780649978,0.98664613051838623,105.37329986572266,1.5059719222472485,1
2010-03-23,167809.62835404871,2225.4646299861661,1410.3071165945287,0.00693933509606115,0,0.98673815887792304,105.48759986877441,1.5989119176755786,1
2010-03-24,167005.742968192,2225.4646299861661,1410.3071165945287,-0.0047904604386623806,-0.0047904604386623806,0.98667432274823008,105.60099983215332,1.5073964632770287,1
2010-03-25,166737.79193269584,2225.4646299861661,1410.3071165945287,-0.0016044420433326545,-0.0063872164658602681,0.98665290811285011,105.71104984283447,1.4671858785404688,1
2010-03-26,166639.0708649258,2225.4646299861661,1410.3071165945287,-0.00059207373820735487,-0.0069755085009379769,0.98664500096864982,105.82194984436035,1.4437193326981854,1
2010-03-29,167682.6951184647,2225.4646299861661,1410.3071165945287,0.0062627824802554688,-0.00075641211311305856,0.98672811986702669,105.93444984436036,1.5273354879973697,1
2010-03-30,167795.52227014172,2225.4646299861661,1410.3071165945287,0.00067286103433228384,-8.4060039017730404e-05,0.98673704399332363,106.04604984283448,1.5223333246328756,1
2010-03-31,167231.39727154604,2225.4646299861661,1410.3071165945287,-0.0033619788595280475,-0.0034457562904716132,0.98669230380003026,106.16654983520507,1.4561968301129733,1
2010-04-01,168359.6472687374,2225.4646299861661,1410.3071165945287,0.0067466397793671806,0,0.98678148436344804,106.29734985351563,1.5517033185293891,1
2010-04-05,169713.54080949342,2225.4646299861661,1410.3071165945287,0.0080416748473874922,0,0.98688693536549155,106.433399848938,1.6678592551413118,1
2010-04-06,170108.42508057359,2225.4646299861661,1410.3071165945287,0.0023267693856168226,0,0.98691737561539317,106.56749984741211,1.6912181873995202,1
2010-04-07,169149.41581089774,2225.4646299861661,1410.3071165945287,-0.0056376353447609162,-0.0056376353447609162,0.98684320238815271,106.69909984588622,1.5866808900549862,1
2010-04-08,169727.636133611,2225.4646299861661,1410.3071165945287,0.0034183997617802664,-0.0022385072743000833,0.9868880243625483,106.84654983520508,1.6347143091816874,1
2010-04-09,170827.68472277783,2225.4646299861661,1410.3071165945287,0.0064812579390480796,0,0.98697245921468935,106.99754985809327,1.73315506770006,1
2010-04-12,171095.635758274,2225.4646299861661,1410.3071165945287,0.0015685457303422634,0,0.98699286150623766,107.1456498336792,1.7495506157342171,1
2010-04-13,171222.568993858,2225.4646299861661,1410.3071165945287,0.00074188470688607566,0,0.98700250414963686,107.2843998336792,1.7486886613419004,1
2010-04-14,173140.58753320971,2225.4646299861661,1410.3071165945287,0.011201902591594148,0,0.98714648793969628,107.43114986419678,1.9224244387171929,1
2010-04-15,173281.61609291128,2225.4646299861661,1410.3071165945287,0.00081453206155090996,0,0.98715694901649054,107.5740998840332,1.9191438124866889,1
2010-04-16,170559.72292749229,2225.4646299861661,1410.3071165945287,-0.015707916551052636,-0.015707916551052636,0.98695199199559991,107.71114990234375,1.6386825749842131,1
2010-04-19,171194.35682604404,2225.4646299861661,1410.3071165945287,0.0037208895960831878,-0.012045474378240328,0.98700036221259591,107.84854988098145,1.6905344374795594,1
2010-04-20,172703.38501040862,2225.4646299861661,1410.3071165945287,0.0088147075192317459,-0.0033369441925831245,0.98711394898338534,108.00389987945556,1.8345572811520041,1
2010-04-21,172393.12648298091,2225.4646299861661,1410.3071165945287,-0.0017964820284732674,-0.0051274314607845373,0.98709075776170296,108.15819988250732,1.7973519179895654,1
2010-04-22,172900.82714594872,2225.4646299861661,1410.3071165945287,0.0029450168537776822,-0.0021975149790753878,0.98712866406296818,108.32299987792969,1.8488684738052352,1
2010-04-23,174014.9710592331,2225.4646299861661,1410.3071165945287,0.0064438321763720108,0,0.98721107375739159,108.49204986572266,1.9641035206439306,1
2010-04-26,173366.23107677436,2225.4646299861661,1410.3071165945287,-0.0037280699385221494,-0.0037280699385221494,0.98716321733382639,108.65794986724853,1.8981081723358442,1
2010-04-27,169318.65653841328,2225.4646299861661,1410.3071165945287,-0.023346960438729414,-0.026987991275884138,0.98685635313033981,108.81054988861084,1.4740844819327148,1
2010-04-28,170587.92433551681,2225.4646299861661,1410.3071165945287,0.0074963257035740583,-0.019693976344999364,0.986954149077932,108.95694988250733,1.6118554089734616,1
2010-04-29,172675.18360238406,2225.4646299861661,1410.3071165945287,0.012235680075231903,-0.0076992654637341174,0.98711184442629163,109.10819988250732,1.8394104992895861,1
2010-04-30,169784.04970944952,2225.4646299861661,1410.3071165945287,-0.016743192812187169,-0.024313547989749718,0.98689238103464605,109.23594985961914,1.5134785277775311,1
2010-05-03,171955.92396017982,2225.4646299861661,1410.3071165945287,0.012791980486076326,-0.0118325859351055,0.98705793566901756,109.37214984893799,1.7507999021617671,1
2010-05-04,167964.75223786786,2225.4646299861661,1410.3071165945287,-0.023210434571804606,-0.034768381045248153,0.98675040685420401,109.48909984588623,1.2947682918198327,1
2010-05-05,166977.54156016745,2225.4646299861661,1410.3071165945287,-0.0058774871783953131,-0.040441517509836378,0.98667207212902774,109.59754985809326,1.1763203414900181,1
2010-05-06,161505.55382130484,2225.4646299861661,1410.3071165945287,-0.032770800718076587,-0.071887017316861535,0.98622050711365317,109.68439987182617,0.53694444825140852,1
2010-05-07,159136.23743503448,2225.4646299861661,1410.3071165945287,-0.014670185205468922,-0.085502606664423331,0.9860153497037738,109.76294986724854,0.25031045612734693,1
2010-05-10,166046.74445830553,2225.4646299861661,1410.3071165945287,0.043425099993910532,-0.045790465914655409,0.98659736065740822,109.85544986724854,1.0621285076349583,1
2010-05-11,165581.34052747989,2225.4646299861661,1410.3071165945287,-0.0028028488745379665,-0.04846497103333991,0.98655968949824491,109.94429988861084,0.99903675305665396,1
2010-05-12,167866.03117009782,2225.4646299861661,1410.3071165945287,0.013797995808825902,-0.035335694691706943,0.98674261484307613,110.03979988098145,1.265107360118924,1
2010-05-13,165806.98407104451,2225.4646299861661,1410.3071165945287,-0.012266014063124442,-0.047168280626812664,0.98657798015895026,110.13029987335204,1.0088021810672219,1
2010-05-14,162845.34127815391,2225.4646299861661,1410.3071165945287,-0.017861990612057732,-0.064187751853127306,0.98633387598000188,110.21149986267091,0.64010430575804456,1
2010-05-17,162929.95626201696,2225.4646299861661,1410.3071165945287,0.00051960334387790574,-0.063701500679748446,0.98634097325597214,110.28789985656738,0.64313870940323847,1
2010-05-18,160743.98668716909,2225.4646299861661,1410.3071165945287,-0.013416621626857195,-0.076263463374922402,0.98615522312310666,110.35584987640381,0.36259689643398368,1
2010-05-19,159841.39099333173,2225.4646299861661,1410.3071165945287,-0.0056151132769521883,-0.081450348666131767,0.98607704414885244,110.41244987487794,0.24087716431429596,1
2010-05-20,153889.89323973653,2225.4646299861661,1410.3071165945287,-0.03723377103145642,-0.11565141606492113,0.98553859137117439,110.44664989471435,-0.52318807098878861,0
2010-05-21,151515.41369727001,151515.41369727001,0,-0.015429730260241636,-0.12929667617106599,0,110.49014987945557,-0.25044575900483523,0
2010-05-24,151515.41369727001,151515.41369727001,0,0,-0.12929667617106599,0,110.52924987792969,-0.51606680015017081,0
2010-05-25,151515.41369727001,151515.41369727001,0,0,-0.12929667617106599,0,110.56234989166259,-0.50538468149235727,0
2010-05-26,151515.41369727001,151515.41369727001,0,0,-0.12929667617106599,0,110.59324989318847,-0.63521368821540036,0
2010-05-27,151515.41369727001,151515.41369727001,0,0,-0.12929667617106599,0,110.64839988708496,0.020923447343177675,1
2010-05-28,149700.38420443374,0,1368.7517641496272,-0.011979173923933106,-0.13972698272335948,1,110.69124988555909,-0.24982078017110937,0
2010-06-01,148229.09943128415,148229.09943128415,0,-0.0098281963735000755,-0.14818191487197774,0,110.72104988098144,-0.60735902802683761,0
2010-06-02,148229.09943128415,148229.09943128415,0,0,-0.14818191487197774,0,110.76874988555909,-0.084266172243434925,0
2010-06-03,148229.09943128415,148229.09943128415,0,0,-0.14818191487197774,0,110.83074989318848,-0.023532438953214246,0
2010-06-04,148229.09943128415,148229.09943128415,0,0,-0.14818191487197774,0,110.86939990997314,-0.7984726460435444,0
2010-06-07,148229.09943128415,148229.09943128415,0,0,-0.14818191487197774,0,110.89704990386963,-1.075654302314504,0
2010-06-08,148229.09943128415,148229.09943128415,0,0,-0.14818191487197774,0,110.92519992828369,-0.86331808554227929,0
2010-06-09,148229.09943128415,148229.09943128415,0,0,-0.14818191487197774,0,110.94059993743896,-0.98463203601215432,0
2010-06-10,148229.09943128415,148229.09943128415,0,0,-0.14818191487197774,0,110.97154994964599,-0.36901130720060155,0
2010-06-11,148229.09943128415,148229.09943128415,0,0,-0.14818191487197774,0,111.00414993286132,-0.26990220445186519,0
2010-06-14,148229.09943128415,148229.09943128415,0,0,-0.14818191487197774,0,111.03584995269776,-0.31294938536384292,0
2010-06-15,148229.09943128415,148229.09943128415,0,0,-0.14818191487197774,0,111.07884994506836,0.19008454419940363,1
2010-06-16,148872.05606807856,0,1329.6896863651825,0.0043375871489557127,-0.14448707969267838,1,111.12174995422363,0.17407172123692941,1
2010-06-17,149111.4006174134,0,1329.6896863651825,0.0016077197807047305,-0.14311165464805187,1,111.17014995574951,0.20303637265287297,1
2010-06-18,149272.29834472173,706.06522345991198,1329.6896863651825,0.0010790437662184793,-0.14218703462065452,0.99526995141570496,111.22779998779296,0.10655397975584993,1
2010-06-21,148846.79805087397,706.06522345991198,1329.6896863651825,-0.0028504973700151925,-0.14463222822243327,0.99525642988155794,111.28575000762939,0.026760063691762238,1
2010-06-22,146400.16375270387,706.06522345991198,1329.6896863651825,-0.016437265229809483,-0.15869213515617231,0.9951771555074721,111.33034999847412,-0.38407682920178721,0
2010-06-23,146419.34803675962,146419.34803675962,0,0.00013104004506558908,-0.15858189013564916,0,111.36620002746582,-0.47068348857666875,0
2010-06-24,146419.34803675962,146419.34803675962,0,0,-0.15858189013564916,0,111.38860000610352,-0.88038396751067693,0
2010-06-25,146419.34803675962,146419.34803675962,0,0,-0.15858189013564916,0,111.40930000305175,-0.78966501064130556,0
2010-06-28,146419.34803675962,146419.34803675962,0,0,-0.15858189013564916,0,111.42299999237061,-0.87171149002119142,0
2010-06-29,146419.34803675962,146419.34803675962,0,0,-0.15858189013564916,0,111.42020000457764,-1.6129220853208586,0
2010-06-30,146419.34803675962,146419.34803675962,0,0,-0.15858189013564916,0,111.40990001678466,-1.8253517625086861,0
2010-07-01,146419.34803675962,146419.34803675962,0,0,-0.15858189013564916,0,111.39510002136231,-1.9145220002577026,0
2010-07-02,146419.34803675962,146419.34803675962,0,0,-0.15858189013564916,0,111.3695000076294,-2.0162736183740102,0
2010-07-06,146419.34803675962,146419.34803675962,0,0,-0.15858189013564916,0,111.34805000305175,-1.8520843693596518,0
2010-07-07,146419.34803675962,146419.34803675962,0,0,-0.15858189013564916,0,111.345,-1.1427995225642089,0
2010-07-08,146419.34803675962,146419.34803675962,0,0,-0.15858189013564916,0,111.34855003356934,-0.91506236529725471,0
2010-07-09,146419.34803675962,146419.34803675962,0,0,-0.15858189013564916,0,111.35300003051758,-0.74186596464804577,0
2010-07-12,146419.34803675962,146419.34803675962,0,0,-0.15858189013564916,0,111.36225002288819,-0.72995729081392413,0
2010-07-13,146419.34803675962,146419.34803675962,0,0,-0.15858189013564916,0,111.38550003051758,-0.37969914198425314,0
2010-07-14,146419.34803675962,146419.34803675962,0,0,-0.15858189013564916,0,111.41150005340576,-0.38976121274276465,0
2010-07-15,146419.34803675962,146419.34803675962,0,0,-0.15858189013564916,0,111.42830005645752,-0.38793352140469944,0
2010-07-16,146419.34803675962,146419.34803675962,0,0,-0.15858189013564916,0,111.43160007476807,-1.0596569425301161,0
2010-07-19,146419.34803675962,146419.34803675962,0,0,-0.15858189013564916,0,111.44010009765626,-0.92357357946496699,0
2010-07-20,146419.34803675962,146419.34803675962,0,0,-0.15858189013564916,0,111.46765010833741,-0.6701372907749974,0
2010-07-21,146419.34803675962,146419.34803675962,0,0,-0.15858189013564916,0,111.49055011749267,-0.99928424642822822,0
2010-07-22,146419.34803675962,146419.34803675962,0,0,-0.15858189013564916,0,111.51775012969971,-0.46827457076259638,0
2010-07-23,146419.34803675962,146419.34803675962,0,0,-0.15858189013564916,0,111.54225013732911,-0.25883608297897631,0
2010-07-26,146419.34803675962,146419.34803675962,0,0,-0.15858189013564916,0,111.57105010986328,-0.0025376684775652593,0
2010-07-27,146419.34803675962,146419.34803675962,0,0,-0.15858189013564916,0,111.59575012207031,-0.010537944790582118,0
2010-07-28,146419.34803675962,146419.34803675962,0,0,-0.15858189013564916,0,111.61360012054443,-0.18094291604137935,0
2010-07-29,146419.34803675962,146419.34803675962,0,0,-0.15858189013564916,0,111.62665012359619,-0.30921698651865137,0
2010-07-30,146419.34803675962,146419.34803675962,0,0,-0.15858189013564916,0,111.64070011138917,-0.31775721000627888,0
2010-08-02,146419.34803675962,146419.34803675962,0,0,-0.15858189013564916,0,111.65795013427734,0.25562390227165427,1
2010-08-03,146006.8925800079,0,1301.077267793431,-0.0028169464096245989,-0.16095211985922464,1,111.6705001449585,0.12751845991711711,1
2010-08-04,146982.70053085298,0,1301.077267793431,0.0066833005867197315,-0.15534451066959398,1,111.69090015411376,0.2970761858996484,1
2010-08-05,146826.56768520235,0,1301.077267793431,-0.0010622532113421235,-0.15624174867561291,1,111.70620014190673,0.26573463500434602,1
2010-08-06,146228.07333318918,0,1301.077267793431,-0.004076199297230354,-0.15968107546669363,1,111.72210014343261,0.15529255806048514,1
2010-08-09,147008.71770857886,0,1301.077267793431,0.0053385397044172223,-0.15519499952369942,1,111.74590011596679,0.28968310841007472,1
2010-08-10,146215.05978111032,0,1301.077267793431,-0.0053987133541415488,-0.15975585956141636,1,111.76115009307861,0.14420321822820723,1
2010-08-11,142207.74934039472,0,1301.077267793431,-0.027406960997825469,-0.18278439794706802,1,111.76725009918214,-0.57550201696497083,0
2010-08-12,139989.93937831759,139989.93937831759,0,-0.015595563338594687,-0.19552933563017227,0,111.77585006713868,-0.73516919509860135,0
2010-08-13,139989.93937831759,139989.93937831759,0,0,-0.19552933563017227,0,111.78530006408691,-0.81401699516593129,0
2010-08-16,139989.93937831759,139989.93937831759,0,0,-0.19552933563017227,0,111.80455005645751,-0.83506550528728363,0
2010-08-17,139989.93937831759,139989.93937831759,0,0,-0.19552933563017227,0,111.81925003051758,-0.52678249123316423,0
2010-08-18,139989.93937831759,139989.93937831759,0,0,-0.19552933563017227,0,111.85040004730224,-0.49131092177584323,0
2010-08-19,139989.93937831759,139989.93937831759,0,0,-0.19552933563017227,0,111.86820003509521,-0.95659630660944461,0
2010-08-20,139989.93937831759,139989.93937831759,0,0,-0.19552933563017227,0,111.88260002136231,-1.049039690963147,0
2010-08-23,139989.93937831759,139989.93937831759,0,0,-0.19552933563017227,0,111.89360004425049,-1.1548440879290862,0
2010-08-24,139989.93937831759,139989.93937831759,0,0,-0.19552933563017227,0,111.88700004577636,-1.5345311278937188,0
2010-08-25,139989.93937831759,139989.93937831759,0,0,-0.19552933563017227,0,111.8810500717163,-1.4314708600160744,0
2010-08-26,139989.93937831759,139989.93937831759,0,0,-0.19552933563017227,0,111.85935009002685,-1.5883936684243327,0
2010-08-27,139989.93937831759,139989.93937831759,0,0,-0.19552933563017227,0,111.84570011138916,-1.1911939465931936,0
2010-08-30,139989.93937831759,139989.93937831759,0,0,-0.19552933563017227,0,111.82150009155274,-1.5469971084265524,0
2010-08-31,139989.93937831759,139989.93937831759,0,0,-0.19552933563017227,0,111.80290008544922,-1.5351146776673035,0
2010-09-01,139989.93937831759,139989.93937831759,0,0,-0.19552933563017227,0,111.79710006713867,-0.78828455226110217,0
2010-09-02,139989.93937831759,139989.93937831759,0,0,-0.19552933563017227,0,111.78840007781983,-0.54726258193328259,0
2010-09-03,139989.93937831759,139989.93937831759,0,0,-0.19552933563017227,0,111.78615009307862,-0.21152029828113122,0
2010-09-07,139989.93937831759,139989.93937831759,0,0,-0.19552933563017227,0,111.77800010681152,-0.50433292190362311,0
2010-09-08,139989.93937831759,139989.93937831759,0,0,-0.19552933563017227,0,111.78095012664795,-0.32348091360027453,0
2010-09-09,139989.93937831759,139989.93937831759,0,0,-0.19552933563017227,0,111.78840011596679,-0.20504024169599105,0
2010-09-10,139989.93937831759,139989.93937831759,0,0,-0.19552933563017227,0,111.79170013427735,-0.073604060476415781,0
2010-09-13,139989.93937831759,139989.93937831759,0,0,-0.19552933563017227,0,111.80035015106201,0.21716017760211331,1
2010-09-14,140105.5404259972,0,1243.7242656744304,0.00082578111107833863,-0.19486501895111907,1,111.80670017242431,0.19911656386647431,1
2010-09-15,140640.34223979173,0,1243.7242656744304,0.0038171353692968424,-0.19179170973789916,1,111.82425018310546,0.29664488396766181,1
2010-09-16,140603.03203003961,0,1243.7242656744304,-0.00026528810409531811,-0.19200611778293697,1,111.83980018615722,0.28596858777021256,1
2010-09-17,140655.26199677101,748.72200793600712,1243.7242656744304,0.00037147112674085214,-0.19170597138511003,0.99467690012227772,111.84575016021728,0.15223184036781873,1
2010-09-20,142794.46925194914,748.72200793600712,1243.7242656744304,0.015208867587387154,-0.1794127345322305,0.99475664560498522,111.86055015563964,0.55475876191986728,1
2010-09-21,142508.41798460737,748.72200793600712,1243.7242656744304,-0.0020032377223031528,-0.18105656589685715,0.99474612083605563,111.87855018615723,0.49604675306198726,1
2010-09-22,141811.92594340275,748.72200793600712,1243.7242656744304,-0.0048873747323463501,-0.18505904934391382,0.99472031704699626,111.89060016632079,0.36093341054481548,1
2010-09-23,140667.70189630945,748.72200793600712,1243.7242656744304,-0.0080686024075997675,-0.19163448386042914,0.99467737086877328,111.89890018463134,0.14187252133581663,1
2010-09-24,143553.14181311958,748.72200793600712,1243.7242656744304,0.020512455083236514,-0.175052922519779,0.9947843565213591,111.92495018005371,0.68299380906311358,1
2010-09-27,142869.0896714534,748.72200793600712,1243.7242656744304,-0.0047651492194903389,-0.17898391844215478,0.99475938420509435,111.94620018005371,0.54808928947841806,1
2010-09-28,143366.58127549579,748.72200793600712,1243.7242656744304,0.0034821500240984626,-0.17612501727397278,0.994777569491615,111.96635017395019,0.63718199020593735,1
2010-09-29,143117.84021790617,748.72200793600712,1243.7242656744304,-0.0017350002725644575,-0.17755444059356151,0.99476849282524082,111.98315017700196,0.58564304530808819,1
2010-09-30,142694.96903336802,748.72200793600712,1243.7242656744304,-0.0029547063028222409,-0.17998452567166789,0.99475298945009805,111.99445014953614,0.50259404229582849,1
2010-10-01,143291.96085599152,748.72200793600712,1243.7242656744304,0.0041836921558453533,-0.17655383336404862,0.99477484986971132,112.01075016021728,0.6111860254721897,1
2010-10-04,142222.35722840246,748.72200793600712,1243.7242656744304,-0.0074645054837655378,-0.18270045179048833,0.99473555337904007,112.02190017700195,0.40618935180564547,1
2010-10-05,145070.4869354605,748.72200793600712,1243.7242656744304,0.020025892992928673,-0.16633329849487577,0.99483890883836967,112.05120018005371,0.93594147854458576,1
2010-10-06,145058.04703592206,748.72200793600712,1243.7242656744304,-8.5750725741906564e-05,-0.16640478601955666,0.99483846623310324,112.08030017852784,0.92520504020424765,1
2010-10-07,144883.92639783671,748.72200793600712,1243.7242656744304,-0.0012003514568360574,-0.16740539324906967,0.99483226313262596,112.1031001663208,0.88538956728292861,1
2010-10-08,145692.34906829771,748.72200793600712,1243.7242656744304,0.0055797954304548369,-0.16275968566689947,0.99486093804702791,112.12715015411376,1.0290102224786812,1
2010-10-11,145829.15949663095,748.72200793600712,1243.7242656744304,0.00093903646422166531,-0.16197348648242427,0.99486575928627419,112.15065017700195,1.0462954958243058,1
2010-10-12,146276.90099138278,748.72200793600712,1243.7242656744304,0.0030703152668323241,-0.15940048088396108,0.99488147477242417,112.17330017089844,1.1212025901539442,1
2010-10-13,147408.6851389377,748.72200793600712,1243.7242656744304,0.0077372718445929412,-0.15289653389212621,0.99492077412378843,112.19930015563965,1.3203547045545205,1
2010-10-14,146836.57311539105,748.72200793600712,1243.7242656744304,-0.0038811283270548946,-0.15618425115038392,0.99490098418908457,112.22380016326905,1.204140938956209,1
2010-10-15,147135.06428227123,748.72200793600712,1243.7242656744304,0.0020328121294794776,-0.1544689322610765,0.99491132850222819,112.24970016479492,1.2484722133076731,1
2010-10-18,147856.42663368955,748.72200793600712,1243.7242656744304,0.0049027222364508294,-0.1503235282936628,0.99493615512708855,112.28390014648437,1.3671490227013863,1
2010-10-19,145928.65971521204,748.72200793600712,1243.7242656744304,-0.013038100286661969,-0.16140169534298709,0.9948692600247464,112.30090015411378,1.0074295270495892,1
2010-10-20,147346.50461897184,748.72200793600712,1243.7242656744304,0.0097160140203220724,-0.15325386245752126,0.99491863068029907,112.32210018157959,1.2571756096007831,1
2010-10-21,147669.86609606576,748.72200793600712,1243.7242656744304,0.0021945649673205114,-0.1513956230478567,0.99492975765652192,112.34420017242432,1.3057791056671806,1
2010-10-22,147943.48695273223,748.72200793600712,1243.7242656744304,0.0018529227654915381,-0.1498232246789063,0.99493913504840381,112.3650001525879,1.3451678306292449,1
2010-10-25,148378.78854794565,748.72200793600712,1243.7242656744304,0.0029423505162649022,-0.14732170660512378,0.99495398220147835,112.38565013885498,1.4129266834388976,1
2010-10-26,148403.6683470225,748.72200793600712,1243.7242656744304,0.00016767759947589056,-0.14717873155576222,0.99495482816378078,112.40560012817383,1.4068677257906854,1
2010-10-27,147980.79716248435,748.72200793600712,1243.7242656744304,-0.0028494658470928913,-0.1496088166338686,0.99494041103783282,112.42920009613037,1.3202949960524628,1
2010-10-28,148005.6769615612,748.72200793600712,1243.7242656744304,0.00016812856501591256,-0.14946584158450693,0.99494126155626816,112.44810009002686,1.3155662443925045,1
2010-10-29,148117.60759081761,748.72200793600712,1243.7242656744304,0.00075625902704712367,-0.14882261744939329,0.99494508438183527,112.46590007781982,1.3266264898460398,1
2010-11-01,148167.35770010814,748.72200793600712,1243.7242656744304,0.00033588247946836347,-0.1485367218796747,0.99494678166933748,112.49035007476806,1.3243989299102119,1
2010-11-02,149336.4615462783,748.72200793600712,1243.7242656744304,0.0078904278534577266,-0.14181831231379771,0.99498634157938726,112.51240009307861,1.5180432239282067,1
2010-11-03,149933.44388003869,748.72200793600712,1243.7242656744304,0.0039975658160038563,-0.13838767453518286,0.99500630420698488,112.54270008087158,1.6060167302232675,1
2010-11-04,152806.45338617355,748.72200793600712,1243.7242656744304,0.01916189898521603,-0.12187754619020885,0.99510019379846582,112.59550010681153,2.0728428132797658,1
2010-11-05,153378.56540972021,748.72200793600712,1243.7242656744304,0.0037440305096330118,-0.11858982893195114,0.9951184703942435,112.66305011749267,2.1349985433978937,1
2010-11-08,153092.50465351532,748.72200793600712,1243.7242656744304,-0.0018650634489945084,-0.12023371482558221,0.99510934901985859,112.72665012359619,2.0525580398532992,1
2010-11-09,151998.03071571255,748.72200793600712,1243.7242656744304,-0.0071491020431067032,-0.12652325377237905,0.99507413349758211,112.78815013885497,1.8411504057073862,1
2010-11-10,152607.45294901135,748.72200793600712,1243.7242656744304,0.004009408743187004,-0.12302112846908342,0.9950938044409523,112.84950012207031,1.9145813301176795,1
2010-11-11,152035.34092546467,748.72200793600712,1243.7242656744304,-0.0037489127332321903,-0.12630884572734125,0.99507534232910311,112.91485012054443,1.7947163336747431,1
2010-11-12,150244.3749464573,748.72200793600712,1243.7242656744304,-0.011779932008607052,-0.13660086812119454,0.99501663867147883,112.9789001083374,1.4819386601895665,1
2010-11-15,150032.9440986198,748.72200793600712,1243.7242656744304,-0.0014072463472449837,-0.13781588339574546,0.99500961597178372,113.03375011444092,1.43071806890177,1
2010-11-16,147707.18579468099,748.72200793600712,1243.7242656744304,-0.015501650773513065,-0.15118116047381447,0.99493103870398858,113.07265014648438,1.0382998006722932,1
2010-11-17,147781.80621418529,748.72200793600712,1243.7242656744304,0.00050519153217098989,-0.15075234438373852,0.99493359820727278,113.11460014343261,1.0402915143207274,1
2010-11-18,149945.8837795771,748.72200793600712,1243.7242656744304,0.014643734711533796,-0.13831618701050208,0.99500671849694355,113.18220012664796,1.3808642440070102,1
2010-11-19,150356.3150645768,748.72200793600712,1243.7242656744304,0.0027371960780400162,-0.1359575894570767,0.99502034877873646,113.25035011291504,1.4331637167725471,1
2010-11-22,150231.94453578201,748.72200793600712,1243.7242656744304,-0.00082717196641446389,-0.1366723011168709,0.99501622634087861,113.32185012817382,1.3992701432664862,1
2010-11-23,148067.85748152705,748.72200793600712,1243.7242656744304,-0.014404972663716764,-0.14910851301911188,0.99494338595377174,113.37800010681153,1.0345761151135358,1
2010-11-24,150244.3749464573,748.72200793600712,1243.7242656744304,0.014699459436709805,-0.13660086812119454,0.99501663867147883,113.44395008087159,1.3773522780921594,1
2010-11-26,148503.16856560358,748.72200793600712,1243.7242656744304,-0.011589161866953357,-0.14660694041632505,0.9949582085340809,113.49730010986327,1.0810731805544955,1
2010-11-29,148950.91006035544,748.72200793600712,1243.7242656744304,0.0030150299086315613,-0.14403393481786164,0.99497336399198477,113.55290012359619,1.1429341499659809,1
2010-11-30,148117.60759081761,748.72200793600712,1243.7242656744304,-0.0055944771952058936,-0.14882261744939329,0.99494508438183527,113.59665012359619,0.99646637780708025,1
2010-12-01,151251.79805408051,748.72200793600712,1243.7242656744304,0.021160147765289627,-0.13081157826014989,0.99504983069577591,113.65040012359619,1.4920125119750989,1
2010-12-02,153179.564972558,748.72200793600712,1243.7242656744304,0.012745414886163653,-0.1197334112108257,0.9951121286441168,113.70865009307862,1.7814502615307302,1
2010-12-03,153589.99625755771,748.72200793600712,1243.7242656744304,0.0026794127863807304,-0.11737481365740032,0.99512519027163415,113.76740009307861,1.8218902768978797,1
2010-12-06,153428.31551901076,748.72200793600712,1243.7242656744304,-0.0010526775342569739,-0.11830393336223255,0.99512005326133401,113.82540008544922,1.7714280634220987,1
2010-12-07,153515.37583805344,748.72200793600712,1243.7242656744304,0.00056743319346352905,-0.11780362974747605,0.99512282073473957,113.89050010681153,1.7613369515149226,1
2010-12-08,154075.04796206168,748.72200793600712,1243.7242656744304,0.0036457072847129179,-0.11458740001389911,0.99514053691470938,113.95280010223388,1.8239760796211244,1
2010-12-09,154672.03978468518,748.72200793600712,1243.7242656744304,0.0038746820495587642,-0.11115670770627983,0.99515929311478479,114.01825012207031,1.8898294456985736,1
2010-12-10,155567.52277418887,748.72200793600712,1243.7242656744304,0.005789559578772252,-0.10601069650935313,0.99518715735402685,114.08695014953614,1.9978857288357958,1
2010-12-13,155667.01350390687,748.72200793600712,1243.7242656744304,0.00063953406176175953,-0.10543895989892016,0.99519023336362,114.15030014038086,1.9821218238843279,1
2010-12-14,155803.82393224011,748.72200793600712,1243.7242656744304,0.00087886588978469682,-0.10465276071444496,0.99519445679162766,114.21265014648438,1.972320584604164,1
2010-12-15,155094.90148036019,748.72200793600712,1243.7242656744304,-0.0045500966150113786,-0.10872667715717799,0.99517249115999584,114.27165012359619,1.8384787557402269,1
2010-12-16,155990.3844698639,748.72200793600712,1243.7242656744304,0.0057737745145485242,-0.10358066596025117,0.9952002040992427,114.33255012512207,1.9435168111614198,1
2010-12-17,156155.80397229834,1560.8739534214101,1243.7242656744304,0.0010604467896955239,-0.10263006095524774,0.99000438079331143,114.38280014038087,1.8224395235347657,1
2010-12-20,156528.91555868281,1560.8739534214101,1243.7242656744304,0.0023893545862097021,-0.10048592597586437,0.99002820694278548,114.43445014953613,1.8519116089670538,1
2010-12-21,157511.45886722917,1560.8739534214101,1243.7242656744304,0.0062770722268117307,-0.09483961116418127,0.99009041015398691,114.48910015106202,1.9664845913295059,1
2010-12-22,157996.51057173315,1560.8739534214101,1243.7242656744304,0.0030794693160249853,-0.092052197520680057,0.99012083274641227,114.54315013885498,2.0065161487639642,1
2010-12-23,157772.63982435723,1560.8739534214101,1243.7242656744304,-0.001416934757393129,-0.093338700319911649,0.99010681474836792,114.59390014648437,1.9466384195382831,1
2010-12-27,157834.8298331862,1560.8739534214101,1243.7242656744304,0.00039417486389403678,-0.092981317225512283,0.99011071285678154,114.64485015869141,1.9283135873523614,1
2010-12-28,158058.70058056212,1560.8739534214101,1243.7242656744304,0.0014183862181276208,-0.091694814426280691,0.99012471981809169,114.69655017852783,1.9325089716968817,1
2010-12-29,158170.63120981853,1560.8739534214101,1243.7242656744304,0.000708158607183762,-0.091051590291166939,0.99013170813391493,114.74410015106201,1.922210420532066,1
2010-12-30,157921.89015222888,1560.8739534214101,1243.7242656744304,-0.0015726121574345386,-0.09248101361075578,0.99011616469435115,114.78720016479492,1.8646682760482258,1
2010-12-31,157959.20036198103,1560.8739534214101,1243.7242656744304,0.00023625736568999578,-0.092266605565717863,0.99011849927168227,114.83075016021729,1.8470101236166643,1
2011-01-03,159576.04570290304,1560.8739534214101,1243.7242656744304,0.010235841516143651,-0.082975190401377463,0.99021861992790938,114.88615016937256,2.0361803788618085,1
2011-01-04,159488.98538386033,1560.8739534214101,1243.7242656744304,-0.00054557260558263376,-0.083475494016134077,0.9902132805618854,114.93810020446777,1.9958965640887307,1
2011-01-05,160309.83846499663,1560.8739534214101,1243.7242656744304,0.0051467697230669351,-0.078758353438287521,0.99026339263786223,114.98925018310547,2.074880593760636,1
2011-01-06,159998.90739857804,1560.8739534214101,1243.7242656744304,-0.0019395632195492452,-0.080545159852275616,0.9902444711729621,115.04200019836426,2.0051271595971758,1
2011-01-07,159687.97633215942,1560.8739534214101,1243.7242656744304,-0.0019433324356650239,-0.082331966266263934,0.99022547602347533,115.09445018768311,1.9378032333026272,1
2011-01-10,159488.98538386033,1560.8739534214101,1243.7242656744304,-0.0012461235521276093,-0.083475494016134077,0.9902132805618854,115.1464501953125,1.8868634611340551,1
2011-01-11,160048.6575078686,1560.8739534214101,1243.7242656744304,0.0035091584704813883,-0.08025926428255703,0.99024750361717551,115.19700019836426,1.9327447393880823,1
2011-01-12,161478.94231116681,1560.8739534214101,1243.7242656744304,0.0089365623277901651,-0.072039943872410417,0.99033388545229861,115.25290019989014,2.0831560309363386,1
2011-01-13,161217.75186517564,1560.8739534214101,1243.7242656744304,-0.0016174892048020917,-0.073540909245684349,0.99031822528621583,115.30975017547607,2.0207685048780624,1
2011-01-14,162374.4253006705,1560.8739534214101,1243.7242656744304,0.0071746034299136063,-0.066893932675483825,0.99038719336169412,115.36725017547607,2.1318061316165795,1
2011-01-18,162648.04615733697,1560.8739534214101,1243.7242656744304,0.00168512286439082,-0.065321534306533535,0.99040336487097125,115.42105018615723,2.1338584869115853,1
2011-01-19,161068.51102616711,1560.8739534214101,1243.7242656744304,-0.009711368617621785,-0.074398541425835907,0.99030925446893947,115.4671001815796,1.9181532153473315,1
2011-01-20,160857.08017832958,1560.8739534214101,1243.7242656744304,-0.001312676490832998,-0.075613556700386941,0.99029651693484066,115.51570018768311,1.8696052174177682,1
2011-01-21,161217.75186517564,1560.8739534214101,1243.7242656744304,0.0022421872039839474,-0.073540909245684349,0.99031822528621583,115.56370018005371,1.889555702819915,1
2011-01-24,162125.68424308085,1560.8739534214101,1243.7242656744304,0.0056317146679014662,-0.068323355995072665,0.9903724449293233,115.6114501953125,1.9723880296832166,1
2011-01-25,162212.73507326041,1560.8739534214101,1243.7242656744304,0.00053693423460932088,-0.067823106909320585,0.99037761151911741,115.65860019683838,1.9583907508142251,1
2011-01-26,162834.59720609765,1560.8739534214101,1243.7242656744304,0.0038336209087184159,-0.064249494081344061,0.99041435923198917,115.70780017852783,2.0050280983874007,1
2011-01-27,163232.59808042203,1560.8739534214101,1243.7242656744304,0.0024442033889189307,-0.06196232952359515,0.99043773136140134,115.75180019378662,2.0266123820034885,1
2011-01-28,160409.33868357775,1560.8739534214101,1243.7242656744304,-0.017295928815966644,-0.078186562298850237,0.99026943215257335,115.7839501953125,1.689345749234779,1
2011-01-31,161603.30335109853,1560.8739534214101,1243.7242656744304,0.0074432366426993024,-0.071325286741620419,0.99034132396396468,115.83055015563964,1.8048369260969057,1
2011-02-01,164165.39127967786,1560.8739534214101,1243.7242656744304,0.015854180424845321,-0.05660191028163053,0.99049206448902349,115.88520019531251,2.0656427257495782,1
2011-02-02,163854.46021325927,1560.8739534214101,1243.7242656744304,-0.0018940110579633851,-0.058388716695618625,0.99047402218169778,115.93325023651123,2.006058524158473,1
2011-02-03,164215.13190010531,1560.8739534214101,1243.7242656744304,0.0022011710049065769,-0.056316069240916145,0.99049494443440878,115.98385021209717,2.020187020708994,1
2011-02-04,164675.30380553246,1560.8739534214101,1243.7242656744304,0.0028022503170237467,-0.05367163064677638,0.99052150554849039,116.03450019836426,2.0444304255416128,1
2011-02-07,165695.16681269408,1560.8739534214101,1243.7242656744304,0.0061931751974539928,-0.047810853261050945,0.9905798462112908,116.08530021667481,2.1271663601886801,1
2011-02-08,166441.40896318923,1560.8739534214101,1243.7242656744304,0.0045037049954432806,-0.043522474244275799,0.990622081589284,116.14140026092529,2.1763819279241563,1
2011-02-09,166068.28788794164,1560.8739534214101,1243.7242656744304,-0.0022417562887256937,-0.045666663752663483,0.99060101134736434,116.21035026550292,2.1042109450503341,1
2011-02-10,166130.47789677061,1560.8739534214101,1243.7242656744304,0.00037448455463651165,-0.045309280658264006,0.99060452980583558,116.27505031585693,2.0802042452897638,1
2011-02-11,167113.01171645388,1560.8739534214101,1243.7242656744304,0.0059142297796421772,-0.039663020375585112,0.99065977007182549,116.33630031585693,2.151161859568107,1
2011-02-14,167510.99361305207,1560.8739534214101,1243.7242656744304,0.0023815135189679815,-0.037375964875844714,0.99068196110741846,116.40940029144286,2.1576857730292875,1
2011-02-15,166988.63169879594,1560.8739534214101,1243.7242656744304,-0.0031183739227454987,-0.040377786564383844,0.99065281308348696,116.47270027160644,2.0749182785609666,1
2011-02-16,168033.37450503439,1560.8739534214101,1243.7242656744304,0.0062563708415965813,-0.03437403412929696,0.99071092895670776,116.55435031890869,2.1449303750856625,1
2011-02-17,168530.85662021369,1560.8739534214101,1243.7242656744304,0.0029606149173919682,-0.031515187490119279,0.9907383491384083,116.64150032043457,2.158030169586731,1
2011-02-18,168879.09789638442,1560.8739534214101,1243.7242656744304,0.0020663354067884665,-0.029513973031093266,0.99075744735219351,116.74945030212402,2.1546613696713726,1
2011-02-22,165521.04617460869,1560.8739534214101,1243.7242656744304,-0.0198843537394785,-0.048811460490564063,0.99056993663648774,116.85230030059815,1.8021433056791756,1
2011-02-23,164513.6325558486,1560.8739534214101,1243.7242656744304,-0.0060863173719756247,-0.054600695822604406,0.99051219081864528,116.92660030364991,1.6836514855284321,1
2011-02-24,164401.68294886599,1560.8739534214101,1243.7242656744304,-0.0006804883294070363,-0.05524402901572667,0.99050573007876763,117.00210025787354,1.6524945465948773,1
2011-02-25,166142.9083074459,1560.8739534214101,1243.7242656744304,0.01059128670307774,-0.045237847662587649,0.99060523275219781,117.0765002822876,1.7950739594780452,1
2011-02-28,167162.75233688133,1560.8739534214101,1243.7242656744304,0.0061383542627544418,-0.039377179334870727,0.99066254933230713,117.16230026245117,1.8650364779477635,1
2011-03-01,164401.68294886599,1560.8739534214101,1243.7242656744304,-0.016517252494449131,-0.05524402901572667,0.99050573007876763,117.24750022888183,1.5865782293749575,1
2011-03-02,164749.94320276295,1560.8739534214101,1243.7242656744304,0.0021183496887029474,-0.053242705498691922,0.99052579974792232,117.33380027770995,1.59925487107676,1
2011-03-03,167560.75321120571,1560.8739534214101,1243.7242656744304,0.017061068148493508,-0.037090014777121816,0.99068472823433806,117.43915027618408,1.8334007225913014,1
2011-03-04,166317.02894553129,1560.8739534214101,1243.7242656744304,-0.0074225273033162731,-0.044237240433074532,0.99061506832272372,117.54270027160645,1.696598403490466,1
2011-03-07,165023.5450817032,1560.8739534214101,1243.7242656744304,-0.0077772184365541008,-0.051670416187750257,0.99054150756094472,117.66215023040772,1.5602914044314677,1
2011-03-08,166453.83937386452,1560.8739534214101,1243.7242656744304,0.0086672134661340827,-0.043451041248599442,0.99062278191183328,117.77950023651123,1.6694786986418459,1
2011-03-09,166217.5287269502,1560.8739534214101,1243.7242656744304,-0.001419676757251298,-0.044809031572511704,0.99060945036678116,117.90290023803711,1.6284894243630859,1
2011-03-10,163170.40807159309,1560.8739534214101,1243.7242656744304,-0.018332125851556191,-0.062319712617994294,0.99043408684290024,118.01350025177003,1.3389299093319031,1
2011-03-11,164289.75231960957,1560.8739534214101,1243.7242656744304,0.0068599708810272997,-0.055887253150840421,0.99049926163145663,118.13185024261475,1.4247013254492513,1
2011-03-14,163307.21849992633,1560.8739534214101,1243.7242656744304,-0.0059804936449829871,-0.061533513433519205,0.99044210067528582,118.22830024719238,1.3217626246667455,1
2011-03-15,161454.06251208996,1560.8739534214101,1243.7242656744304,-0.01134766732823389,-0.072182918921772088,0.99033239592032862,118.32425022125244,1.1434956282241415,1
2011-03-16,158494.00217577556,1560.8739534214101,1243.7242656744304,-0.018333761877888599,-0.089193296352497953,0.9901518421391724,118.41750022888183,0.86872855409614369,1
2011-03-17,160571.01942212469,1560.8739534214101,1243.7242656744304,0.013104705653439463,-0.077257442594018011,0.99027922996915141,118.50510021209716,1.0450996304762017,1
2011-03-18,161146.86831178627,2248.6534723393702,1243.7242656744304,0.0035862566715587629,-0.073948250941389682,0.98604593749852665,118.59035022735596,1.0247500397222953,1
2011-03-21,163609.4465329214,2248.6534723393702,1243.7242656744304,0.015281576656957174,-0.059796720149841276,0.98625596797745485,118.70495025634766,1.2338667170217663,1
2011-03-22,163049.75543118693,2248.6534723393702,1243.7242656744304,-0.0034208972256491998,-0.063013058941426947,0.98620878966427905,118.82395023345947,1.1726439029240834,1
2011-03-23,163509.94631434028,2248.6534723393702,1243.7242656744304,0.0028223954211790137,-0.06036851128927867,0.98624760436275583,118.93915023803712,1.2024837900691883,1
2011-03-24,165052.1522580318,2248.6534723393702,1243.7242656744304,0.0094318784786748822,-0.051506021273022728,0.98637610330082848,119.06340019226074,1.3287221515433649,1
2011-03-25,165549.65335093733,2248.6534723393702,1243.7242656744304,0.0030142054259780782,-0.048647065575836312,0.98641704511713724,119.17415019989014,1.3590964539305035,1
2011-03-28,165151.65247661292,2248.6534723393702,1243.7242656744304,-0.0024041178357572246,-0.050934230133585445,0.98638431139732141,119.28065017700196,1.3093623180587288,1
2011-03-29,166246.1359032788,2248.6534723393702,1243.7242656744304,0.0066271418435905893,-0.044644636657784176,0.98647395044629727,119.39240016937256,1.392717258278287,1
2011-03-30,167377.92953969681,2248.6534723393702,1243.7242656744304,0.0068079395064946091,-0.038140635136945211,0.98656541230660855,119.49625019073487,1.4771517813620856,1
2011-03-31,167154.04930345778,2248.6534723393702,1243.7242656744304,-0.0013375732204043977,-0.039427192465181116,0.98654741849384053,119.59940017700195,1.440630877452127,1
2011-04-01,167850.53185579929,2248.6534723393702,1243.7242656744304,0.0041667106195979464,-0.035424763547128868,0.98660323892049873,119.70445014953613,1.4853510391171176,1
2011-04-04,167987.34228413252,2248.6534723393702,1243.7242656744304,0.00081507295103944166,-0.034638564362653779,0.9866141493652778,119.81210010528565,1.4802980011343818,1
2011-04-05,167962.4814627819,2248.6534723393702,1243.7242656744304,-0.00014799222972750048,-0.034781430354006604,0.98661216807017926,119.92125011444092,1.461339305356667,1
2011-04-06,168484.84337703802,2248.6534723393702,1243.7242656744304,0.0031099916463896982,-0.031779608665467474,0.98665367502934798,120.04170013427735,1.4906790690640577,1
2011-04-07,168061.98168136302,2248.6534723393702,1243.7242656744304,-0.0025097907158848631,-0.034209639214569321,0.98662009426615782,120.16215015411377,1.4378457340548563,1
2011-04-08,167489.86016895322,2248.6534723393702,1243.7242656744304,-0.0034042292414147024,-0.03749741100183146,0.98657439041341932,120.2893501663208,1.373856743905713,1
2011-04-11,166992.37805377395,2248.6534723393702,1243.7242656744304,-0.0029702222849636861,-0.04035625764100903,0.9865343945720968,120.41230018615722,1.3170632364371651,1
2011-04-12,165761.08419877483,2248.6534723393702,1243.7242656744304,-0.0073733536185862647,-0.047432050301285389,0.98643437038790815,120.53200019836426,1.1974158979688261,1
2011-04-13,165748.6537880995,2248.6534723393702,1243.7242656744304,-7.498992140053673e-05,-0.047503483296961968,0.9864333530261179,120.66825023651123,1.1867766061015956,1
2011-04-14,165873.01482803121,2248.6534723393702,1243.7242656744304,0.00075029894415123977,-0.04678882616617186,0.98644352443542038,120.80995021820068,1.1890336274864883,1
2011-04-15,166469.9971617916,2248.6534723393702,1243.7242656744304,0.0035990322740520053,-0.043358188387556895,0.98649213966073479,120.9563501739502,1.2336520618136411,1
2011-04-18,164629.29056235679,2248.6534723393702,1243.7242656744304,-0.011057287384019343,-0.053936051822124575,0.98634110938182273,121.09815017700195,1.0618443375555551,1
2011-04-19,165562.08376161262,2248.6534723393702,1243.7242656744304,0.0056660221037794223,-0.048575632580159955,0.98641806492616313,121.24035015106202,1.1384011444500337,1
2011-04-20,167788.36082469655,2248.6534723393702,1243.7242656744304,0.01344678088425999,-0.03578203758351961,0.98659827498589892,121.37530017852784,1.3294202918657592,1
2011-04-21,168634.08421604655,2248.6534723393702,1243.7242656744304,0.0050404175068712309,-0.030921976485315916,0.98666548650118391,121.50840015411377,1.3937501622147741,1
2011-04-25,168459.9635779612,2248.6534723393702,1243.7242656744304,-0.0010325352605602411,-0.031922583714828923,0.98665170391480761,121.63680015563965,1.3650144743506849,1
2011-04-26,169890.2388923963,2248.6534723393702,1243.7242656744304,0.0084902981340915229,-0.023703317833686732,0.98676408081476896,121.77060012817383,1.48132997351113,1
2011-04-27,170984.72231906219,2248.6534723393702,1243.7242656744304,0.0064422972961919456,-0.017413724357885463,0.98684880472453373,121.90065010070801,1.5644759081697273,1
2011-04-28,171531.96403239513,2248.6534723393702,1243.7242656744304,0.0032005298830837248,-0.014268927619984884,0.98689076123494579,122.03295009613038,1.5969483190515861,1
2011-04-29,171929.94592899331,2248.6534723393702,1243.7242656744304,0.0023201617193808755,-0.011981872120244486,0.98692110638324726,122.16670005798341,1.6154224867046618,1
2011-05-02,171668.77446072837,2248.6534723393702,1243.7242656744304,-0.0015190574675851831,-0.013482728435509794,0.98690120856630359,122.31450004577637,1.5772958587868631,1
2011-05-03,171059.34273856645,2248.6534723393702,1243.7242656744304,-0.0035500441130097427,-0.01698490826780974,0.98685454160913022,122.45670001983643,1.5080027661985871,1
2011-05-04,169939.99849054994,2248.6534723393702,1243.7242656744304,-0.0065436019459470529,-0.023417367734963834,0.98676795638276771,122.58845001220703,1.3928409893969365,1
2011-05-05,168422.65336820905,2248.6534723393702,1243.7242656744304,-0.0089287109322016001,-0.03213699175986684,0.98664874690328441,122.72115001678466,1.243887297124662,1
2011-05-06,169156.44613030268,2248.6534723393702,1243.7242656744304,0.0043568531157704982,-0.027920154796776786,0.98670666401558704,122.84485000610351,1.2991547603196902,1
2011-05-09,169803.18806221671,2248.6534723393702,1243.7242656744304,0.0038233360105937031,-0.024203566919439035,0.9867572953252477,122.96639999389649,1.3454717352187304,1
2011-05-10,171233.46337665181,2248.6534723393702,1243.7242656744304,0.0084231358124504663,-0.015984301038296844,0.98686790871365415,123.08794998168945,1.4616005461856079,1
2011-05-11,169454.94678604597,2248.6534723393702,1243.7242656744304,-0.010386501303741968,-0.026204781378465047,0.98673008067932944,123.2023999786377,1.2852855815891602,1
2011-05-12,170250.92955696856,2248.6534723393702,1243.7242656744304,0.0046973120939786117,-0.021630561320975628,0.98679212220343904,123.32364997863769,1.3452742478751649,1
2011-05-13,168957.44569314047,2248.6534723393702,1243.7242656744304,-0.0075975142526036876,-0.029063737075651352,0.98669100693897005,123.44239994049072,1.2149813042514539,1
2011-05-16,167900.29145395293,2248.6534723393702,1243.7242656744304,-0.0062569260256665205,-0.035138813448406081,0.98660720923789424,123.55699996948242,1.1073497363276188,1
2011-05-17,167875.41165487611,2248.6534723393702,1243.7242656744304,-0.00014818198861576981,-0.035281788497767419,0.98660522437340492,123.65904994964599,1.0942684332269674,1
2011-05-18,169355.44656746488,2248.6534723393702,1243.7242656744304,0.0088162697443237015,-0.02677657251790222,0.98672228429663422,123.76974994659423,1.21920448157562,1
2011-05-19,169753.42846406306,2248.6534723393702,1243.7242656744304,0.0023499799071395877,-0.024489517018161822,0.98675341350872692,123.87829990386963,1.2435450526569922,1
2011-05-20,168422.65336820905,2248.6534723393702,1243.7242656744304,-0.0078394593139881064,-0.03213699175986684,0.98664874690328441,123.98209991455079,1.1094814939976119,1
2011-05-23,166494.87696086845,2248.6534723393702,1243.7242656744304,-0.011446063630918157,-0.043215213338195335,0.98649415817840536,124.08044990539551,0.9217086770755637,1
2011-05-24,166358.06653253522,2248.6534723393702,1243.7242656744304,-0.00082170953743754271,-0.044001412522670424,0.98648305117263679,124.17524990081787,0.89994148854953337,1
2011-05-25,166905.30824586816,2248.6534723393702,1243.7242656744304,0.0032895411971256561,-0.040856615784769845,0.98652736994423884,124.27529991149902,0.94161739061624494,1
2011-05-26,167663.98080703861,2248.6534723393702,1243.7242656744304,0.0045455268567782259,-0.036496803772318342,0.98658833303661508,124.39379989624024,1.0037637708268881,1
2011-05-27,168298.27335055111,2248.6534723393702,1243.7242656744304,0.0037831175214819712,-0.032851757948665683,0.98663887972483477,124.51819988250732,1.0547979898249977,1
2011-05-31,170027.04932072954,2248.6534723393702,1243.7242656744304,0.010272095701050477,-0.022917118649211532,0.98677473095414592,124.65114986419678,1.2088663478125594,1
2011-06-01,166258.5663139541,2248.6534723393702,1243.7242656744304,-0.022164020500448633,-0.044573203662107819,0.98647496172862992,124.76919982910157,0.84401316678272109,1
2011-06-02,166084.44567586874,2248.6534723393702,1243.7242656744304,-0.0010472882206655765,-0.045573810891620825,0.98646078226537937,124.87989982604981,0.81957018983296182,1
2011-06-03,164455.16992427141,2248.6534723393702,1243.7242656744304,-0.0098099237708089149,-0.054936659051637693,0.9863266477218392,124.98304981231689,0.65518205199019652,1
2011-06-06,162738.82436476831,2248.6534723393702,1243.7242656744304,-0.010436555812100345,-0.064799865355415265,0.98618243998556143,125.08884979248047,0.48101905067931477,1
2011-06-07,162639.34312391345,2248.6534723393702,1243.7242656744304,-0.00061129383994984465,-0.065371547436843702,0.98617398822973523,125.19599983215332,0.46334007644337827,1
2011-06-08,161967.72139292257,2248.6534723393702,1243.7242656744304,-0.0041295157622419643,-0.069231110363543125,0.98611665674493076,125.30249980926514,0.38847396848210936,1
2011-06-09,163186.56585952017,2248.6534723393702,1243.7242656744304,0.0075252306824813431,-0.062226859756951858,0.98622035177653578,125.42184978485108,0.50313805849513848,1
2011-06-10,160947.86787462406,2248.6534723393702,1243.7242656744304,-0.013718641440272128,-0.075091833220264248,0.98602868430608215,125.53014976501464,0.26582518924710297,1
2011-06-13,161072.23840341889,2248.6534723393702,1243.7242656744304,0.00077273797060617433,-0.074377121560469717,0.98603947213605225,125.64249973297119,0.26882168827052538,1
2011-06-14,163087.08461866528,2248.6534723393702,1243.7242656744304,0.012508960173509553,-0.062798541838380517,0.98621194635002996,125.75479976654053,0.47275783706931135,1
2011-06-15,160226.50552320573,2248.6534723393702,1243.7242656744304,-0.017540193953115457,-0.079237237187677945,0.98596578347011576,125.86334976196289,0.1562787475187295,1
2011-06-16,160574.75628823959,2248.6534723393702,1243.7242656744304,0.0021734903591430488,-0.077235968199647509,0.98599622054974245,125.97329978942871,0.18281804498034307,1
2011-06-17,161044.88406066454,3029.7123111829123,1243.7242656744304,0.002927781323118106,-0.074534316901697206,0.98118715581153371,126.06624980926513,0.13758174575413565,1
2011-06-20,161853.29724226243,3029.7123111829123,1243.7242656744304,0.0050198004507449046,-0.069888663848531429,0.98128112084953067,126.15739978790283,0.21869283862999422,1
2011-06-21,164029.81470719268,3029.7123111829123,1243.7242656744304,0.013447470654072813,-0.057381018950614093,0.9815295023249816,126.2501997756958,0.45882580345252144,1
2011-06-22,163059.7112981847,3029.7123111829123,1243.7242656744304,-0.0059141895071923578,-0.062955846237616631,0.98141961440344694,126.34534976959229,0.33809441267256424,1
2011-06-23,162599.53939275755,3029.7123111829123,1243.7242656744304,-0.0028221067102568442,-0.065600284831756395,0.98136703017426974,126.43479976654052,0.27495784867312939,1
2011-06-24,160746.38340492122,3029.7123111829123,1243.7242656744304,-0.011397055580582238,-0.076249690320009167,0.98115222098931432,126.51424976348876,0.044181815438873263,1
2011-06-27,162151.79789800572,3029.7123111829123,1243.7242656744304,0.0087430551363900655,-0.068173290430219691,0.98131557990440166,126.59654975891114,0.20327064911254961,1
2011-06-28,164228.81514435488,3029.7123111829123,1243.7242656744304,0.012809091686147189,-0.056237436671739527,0.9815518835198328,126.68099975585938,0.44793715051726091,1
2011-06-29,165609.34983836254,3029.7123111829123,1243.7242656744304,0.0084061660725871512,-0.048304011831311722,0.98170566870686982,126.7713497543335,0.61041154452100943,1
2011-06-30,167164.00517045558,3029.7123111829123,1243.7242656744304,0.0093874852694633137,-0.039369979761370688,0.98187580928027218,126.86579975128174,0.79680456904098362,1
2011-07-01,169589.26369297548,3029.7123111829123,1243.7242656744304,0.014508258043033129,-0.025432911543864511,0.98213499932007553,126.97014972686767,1.0945212348187012,1
2011-07-05,169452.45326464224,3029.7123111829123,1243.7242656744304,-0.00080671632952500349,-0.026219110728339601,0.98212057569652744,127.0767497253418,1.0714387754115851,1
2011-07-06,169651.45370180445,3029.7123111829123,1243.7242656744304,0.0011743733025300074,-0.025075528449465145,0.98214154818556276,127.17554973602294,1.0894849333972518,1
2011-07-07,171380.22967198284,3029.7123111829123,1243.7242656744304,0.010190163022222309,-0.015140889150011216,0.98232169301568983,127.28244972229004,1.3044363642288381,1
2011-07-08,170186.24602673587,3029.7123111829123,1243.7242656744304,-0.0069668692096644946,-0.022002273765249547,0.98219766648647422,127.38734970092773,1.1432275192045325,1
2011-07-11,167164.00517045558,3029.7123111829123,1243.7242656744304,-0.017758431875896097,-0.039369979761370688,0.98187580928027218,127.48469970703125,0.74125322609763955,1
2011-07-12,166455.07322971255,3029.7123111829123,1243.7242656744304,-0.0042409365582030123,-0.043443950733108028,0.98179861837553117,127.56759967803956,0.63978133468024401,1
2011-07-13,167002.31494304552,3029.7123111829123,1243.7242656744304,0.0032876241181172272,-0.040299153995207226,0.98185826159226508,127.65544967651367,0.70649574217918498,1
2011-07-14,165870.52130662749,3029.7123111829123,1243.7242656744304,-0.0067771134597985894,-0.046803155516046413,0.9817344740505024,127.73674964904785,0.54535288869015597,1
2011-07-15,166815.76389428484,3029.7123111829123,1243.7242656744304,0.0056986773792673251,-0.041371194220396812,0.98183797357962588,127.82284965515137,0.66838115817580823,1
2011-07-18,165472.53941002931,3029.7123111829123,1243.7242656744304,-0.0080521435918177175,-0.049090211015786811,0.98169054320441962,127.90524967193603,0.47392996633068663,1
2011-07-19,168109.22878038671,3029.7123111829123,1243.7242656744304,0.015934301726184819,-0.033938127523729711,0.98197771571993331,127.99584964752198,0.83958031504188413,1
2011-07-20,168009.72856180559,3029.7123111829123,1243.7242656744304,-0.00059187838349494815,-0.034509918663167105,0.98196704240214061,128.09034961700439,0.82053055542848863,1
2011-07-21,170298.19563371848,3029.7123111829123,1243.7242656744304,0.013621039040432992,-0.021358940572127283,0.98220936927776215,128.18259963989257,1.1449127360053697,1
2011-07-22,170410.1262629749,3029.7123111829123,1243.7242656744304,0.00065726256722742349,-0.020715716437013643,0.98222105471298415,128.27534965515136,1.1547782151768335,1
2011-07-25,169477.33306371907,3029.7123111829123,1243.7242656744304,-0.0054738132041305398,-0.026076135678978263,0.98212320045156831,128.36504966735839,1.011565013675416,1
2011-07-26,168855.47093088186,3029.7123111829123,1243.7242656744304,-0.0036692938317799406,-0.029649748506954565,0.98205736364667118,128.44899967193604,0.91263572461617182,1
2011-07-27,165460.10899935401,3029.7123111829123,1243.7242656744304,-0.02010809547839687,-0.049161644011463168,0.98168916768213466,128.51874969482421,0.39384166589440156,1
2011-07-28,164987.48770552533,3029.7123111829123,1243.7242656744304,-0.0028564062763341003,-0.051877624659288024,0.98163671467868874,128.58479969024657,0.3131111198843482,1
2011-07-29,163880.57386818412,3029.7123111829123,1243.7242656744304,-0.0067090774745104387,-0.058238651130765762,0.98151268182878204,128.64184970855712,0.13316533567832317,1
2011-08-01,163196.52172651794,3029.7123111829123,1243.7242656744304,-0.0041740892499948501,-0.062169647053141541,0.98143519065767815,128.69844970703124,0.015969658044153366,1
2011-08-02,159104.6677537855,3029.7123111829123,1243.7242656744304,-0.025073169020045083,-0.085684026004706593,0.98095774087614207,128.73739971160887,-0.64281077839869949,0
2011-08-03,159236.96489259647,159236.96489259647,0,0.000831510103875166,-0.084923763034195021,0,128.77684970855714,-0.52130681622505903,0
2011-08-04,159236.96489259647,159236.96489259647,0,0,-0.084923763034195021,0,128.79449970245361,-1.7192248237438608,0
2011-08-05,159236.96489259647,159236.96489259647,0,0,-0.084923763034195021,0,128.80554969787599,-1.7655061175049089,0
2011-08-08,159236.96489259647,159236.96489259647,0,0,-0.084923763034195021,0,128.77619972229004,-3.2885544628429044,0
2011-08-09,159236.96489259647,159236.96489259647,0,0,-0.084923763034195021,0,128.77184974670411,-2.2441307039841019,0
2011-08-10,159236.96489259647,159236.96489259647,0,0,-0.084923763034195021,0,128.73979976654053,-3.2156822331762291,0
2011-08-11,159236.96489259647,159236.96489259647,0,0,-0.084923763034195021,0,128.73284976959229,-2.2227667147393153,0
2011-08-12,159236.96489259647,159236.96489259647,0,0,-0.084923763034195021,0,128.73154979705811,-2.0674475567730677,0
2011-08-15,159236.96489259647,159236.96489259647,0,0,-0.084923763034195021,0,128.74264980316161,-1.5887238446863723,0
2011-08-16,159236.96489259647,159236.96489259647,0,0,-0.084923763034195021,0,128.74814979553221,-1.7949296717479166,0
2011-08-17,159236.96489259647,159236.96489259647,0,0,-0.084923763034195021,0,128.75384979248048,-1.7841411797864213,0
2011-08-18,159236.96489259647,159236.96489259647,0,0,-0.084923763034195021,0,128.72904979705811,-2.761857324819025,0
2011-08-19,159236.96489259647,159236.96489259647,0,0,-0.084923763034195021,0,128.69249980926514,-3.0659314662559969,0
2011-08-22,159236.96489259647,159236.96489259647,0,0,-0.084923763034195021,0,128.64484981536864,-2.9822699810922368,0
2011-08-23,159236.96489259647,159236.96489259647,0,0,-0.084923763034195021,0,128.61344982147216,-2.2587467303665769,0
2011-08-24,159236.96489259647,159236.96489259647,0,0,-0.084923763034195021,0,128.5913998413086,-1.9381592859610974,0
2011-08-25,159236.96489259647,159236.96489259647,0,0,-0.084923763034195021,0,128.56474983215332,-2.2456262660307003,0
2011-08-26,159236.96489259647,159236.96489259647,0,0,-0.084923763034195021,0,128.54409984588622,-1.9216590418714858,0
2011-08-29,159236.96489259647,159236.96489259647,0,0,-0.084923763034195021,0,128.54269985198974,-1.3049061235235417,0
2011-08-30,159236.96489259647,159236.96489259647,0,0,-0.084923763034195021,0,128.55009986877442,-1.2504402545528361,0
2011-08-31,159236.96489259647,159236.96489259647,0,0,-0.084923763034195021,0,128.56104988098144,-1.1572702849029808,0
2011-09-01,159236.96489259647,159236.96489259647,0,0,-0.084923763034195021,0,128.57494987487792,-1.3992671066604967,0
2011-09-02,159236.96489259647,159236.96489259647,0,0,-0.084923763034195021,0,128.57309986114501,-1.9639515039917388,0
2011-09-06,159236.96489259647,159236.96489259647,0,0,-0.084923763034195021,0,128.55824985504151,-2.1081717847675625,0
2011-09-07,159236.96489259647,159236.96489259647,0,0,-0.084923763034195021,0,128.55824985504151,-1.5067867761585205,0
2011-09-08,159236.96489259647,159236.96489259647,0,0,-0.084923763034195021,0,128.55249984741212,-1.7305840037454427,0
2011-09-09,159236.96489259647,159236.96489259647,0,0,-0.084923763034195021,0,128.53984985351562,-2.2850528651115831,0
2011-09-12,159236.96489259647,159236.96489259647,0,0,-0.084923763034195021,0,128.52219985961915,-2.1336269703324131,0
2011-09-13,159236.96489259647,159236.96489259647,0,0,-0.084923763034195021,0,128.51689983367919,-1.9366457367461303,0
2011-09-14,159236.96489259647,159236.96489259647,0,0,-0.084923763034195021,0,128.51794982910155,-1.6444330216233709,0
2011-09-15,159236.96489259647,159236.96489259647,0,0,-0.084923763034195021,0,128.5326498413086,-1.2819973633209925,0
2011-09-16,159236.96489259647,159236.96489259647,0,0,-0.084923763034195021,0,128.53519981384278,-1.2669789888020788,0
2011-09-19,159236.96489259647,159236.96489259647,0,0,-0.084923763034195021,0,128.52394981384276,-1.4796317223610975,0
2011-09-20,159236.96489259647,159236.96489259647,0,0,-0.084923763034195021,0,128.51034980773926,-1.4977895348935564,0
2011-09-21,159236.96489259647,159236.96489259647,0,0,-0.084923763034195021,0,128.4796997833252,-2.1097384823714722,0
2011-09-22,159236.96489259647,159236.96489259647,0,0,-0.084923763034195021,0,128.42984977722168,-2.726740909534465,0
2011-09-23,159236.96489259647,159236.96489259647,0,0,-0.084923763034195021,0,128.38114978790284,-2.5611676252756137,0
2011-09-26,159236.96489259647,159236.96489259647,0,0,-0.084923763034195021,0,128.34354976654052,-2.0694466470834278,0
2011-09-27,159236.96489259647,159236.96489259647,0,0,-0.084923763034195021,0,128.30884975433349,-1.8277264758660172,0
2011-09-28,159236.96489259647,159236.96489259647,0,0,-0.084923763034195021,0,128.26174976348878,-2.2020102946706004,0
2011-09-29,159236.96489259647,159236.96489259647,0,0,-0.084923763034195021,0,128.21864978790282,-2.0228105515830719,0
2011-09-30,159236.96489259647,159236.96489259647,0,0,-0.084923763034195021,0,128.16389980316163,-2.4604253149957298,0
2011-10-03,159236.96489259647,159236.96489259647,0,0,-0.084923763034195021,0,128.08944980621337,-2.9139263187282625,0
2011-10-04,159236.96489259647,159236.96489259647,0,0,-0.084923763034195021,0,128.02964977264404,-2.4806875636679999,0
2011-10-05,159236.96489259647,159236.96489259647,0,0,-0.084923763034195021,0,127.97874977111816,-2.1209696230023707,0
2011-10-06,159236.96489259647,159236.96489259647,0,0,-0.084923763034195021,0,127.93424976348876,-1.7766795781979781,0
2011-10-07,159236.96489259647,159236.96489259647,0,0,-0.084923763034195021,0,127.88389976501465,-1.8737355325459883,0
2011-10-10,159236.96489259647,159236.96489259647,0,0,-0.084923763034195021,0,127.85379978179931,-1.2686880190625227,0
2011-10-11,159236.96489259647,159236.96489259647,0,0,-0.084923763034195021,0,127.82404975891113,-1.2412508620825176,0
2011-10-12,159236.96489259647,159236.96489259647,0,0,-0.084923763034195021,0,127.79864974975585,-1.0740675105066806,0
2011-10-13,159236.96489259647,159236.96489259647,0,0,-0.084923763034195021,0,127.77159976959229,-1.1033537732167766,0
2011-10-14,159236.96489259647,159236.96489259647,0,0,-0.084923763034195021,0,127.75584976196289,-0.78692229644675726,0
2011-10-17,159236.96489259647,159236.96489259647,0,0,-0.084923763034195021,0,127.72824977874755,-1.1343941011745986,0
2011-10-18,159236.96489259647,159236.96489259647,0,0,-0.084923763034195021,0,127.70589977264405,-0.77433774533415278,0
2011-10-19,159236.96489259647,159236.96489259647,0,0,-0.084923763034195021,0,127.67664974212647,-0.98657066416330075,0
2011-10-20,159236.96489259647,159236.96489259647,0,0,-0.084923763034195021,0,127.64674976348877,-0.90035424083818261,0
2011-10-21,159236.96489259647,159236.96489259647,0,0,-0.084923763034195021,0,127.62964977264404,-0.54996276917722131,0
2011-10-24,159236.96489259647,159236.96489259647,0,0,-0.084923763034195021,0,127.62139976501464,-0.32022353208856336,0
2011-10-25,159236.96489259647,159236.96489259647,0,0,-0.084923763034195021,0,127.60174976348877,-0.68307183865160981,0
2011-10-26,159236.96489259647,159236.96489259647,0,0,-0.084923763034195021,0,127.58609977722168,-0.4928379704817496,0
2011-10-27,159236.96489259647,159236.96489259647,0,0,-0.084923763034195021,0,127.58634979248046,0.15652305843941017,1
2011-10-28,159902.43985106749,0,1243.409271087866,0.0041791487229103641,-0.081099523347113789,1,127.5874998474121,0.15184795798420841,1
2011-10-31,156047.86352152718,0,1243.409271087866,-0.024105800593977489,-0.10325035500301916,1,127.56849983215332,-0.31019421776537187,0
2011-11-01,151656.3652171022,151656.3652171022,0,-0.0281419957013328,-0.12848667965769589,0,127.53089981079101,-0.82816672233144606,0
2011-11-02,151656.3652171022,151656.3652171022,0,0,-0.12848667965769589,0,127.50959980010987,-0.52665391190506339,0
2011-11-03,151656.3652171022,151656.3652171022,0,0,-0.12848667965769589,0,127.50044979095459,-0.18709740893915225,0
2011-11-04,151656.3652171022,151656.3652171022,0,0,-0.12848667965769589,0,127.48599983215333,-0.30009023491790171,0
2011-11-07,151656.3652171022,151656.3652171022,0,0,-0.12848667965769589,0,127.47179981231689,-0.18129238809060222,0
2011-11-08,151656.3652171022,151656.3652171022,0,0,-0.12848667965769589,0,127.46534980773926,0.06204327195426057,1
2011-11-09,149479.87153670928,0,1213.7046694705264,-0.014351482559120887,-0.14099418787463003,1,127.43279983520507,-0.63885285820159432,0
2011-11-10,151381.47771099961,151381.47771099961,0,0.012721486543580074,-0.13006635699482005,0,127.40444980621338,-0.46109866895950535,0
2011-11-11,151381.47771099961,151381.47771099961,0,0,-0.13006635699482005,0,127.39914981842041,-0.11049319883159005,0
2011-11-14,151381.47771099961,151381.47771099961,0,0,-0.13006635699482005,0,127.38304985046386,-0.28743907491221488,0
2011-11-15,151381.47771099961,151381.47771099961,0,0,-0.13006635699482005,0,127.35974983215333,-0.19138788606695284,0
2011-11-16,151381.47771099961,151381.47771099961,0,0,-0.13006635699482005,0,127.32769981384277,-0.48567678113273249,0
2011-11-17,151381.47771099961,151381.47771099961,0,0,-0.13006635699482005,0,127.28434982299805,-0.7731526046818592,0
2011-11-18,151381.47771099961,151381.47771099961,0,0,-0.13006635699482005,0,127.23849987030029,-0.78516636488751879,0
2011-11-21,151381.47771099961,151381.47771099961,0,0,-0.13006635699482005,0,127.17694988250733,-1.1202452831397738,0
2011-11-22,151381.47771099961,151381.47771099961,0,0,-0.13006635699482005,0,127.11004985809326,-1.1781095337914063,0
2011-11-23,151381.47771099961,151381.47771099961,0,0,-0.13006635699482005,0,127.03149982452392,-1.5504987878924952,0
2011-11-25,151381.47771099961,151381.47771099961,0,0,-0.13006635699482005,0,126.95159976959229,-1.5639684741182442,0
2011-11-28,151381.47771099961,151381.47771099961,0,0,-0.13006635699482005,0,126.88459976196289,-1.0566321203851181,0
2011-11-29,151381.47771099961,151381.47771099961,0,0,-0.13006635699482005,0,126.81769981384278,-0.99654503911648862,0
2011-11-30,151381.47771099961,151381.47771099961,0,0,-0.13006635699482005,0,126.77759983062744,-0.26373033302081483,0
2011-12-01,151381.47771099961,151381.47771099961,0,0,-0.13006635699482005,0,126.73319980621338,-0.26079995467800809,0
2011-12-02,151381.47771099961,151381.47771099961,0,0,-0.13006635699482005,0,126.68624980926514,-0.27091891238480209,0
2011-12-05,151381.47771099961,151381.47771099961,0,0,-0.13006635699482005,0,126.64469982147217,-0.063217633464491371,0
2011-12-06,151381.47771099961,151381.47771099961,0,0,-0.13006635699482005,0,126.61684982299805,-0.053197136149232653,0
2011-12-07,151381.47771099961,151381.47771099961,0,0,-0.13006635699482005,0,126.5953998184204,0.020087785717771766,1
2011-12-08,148961.33762262025,0,1201.7857304572751,-0.015987029093477378,-0.1439740114549386,1,126.56049983978272,-0.38984409667120368,0
2011-12-09,149558.52669459337,149558.52669459337,0,0.0040090206056422328,-0.14054218562789622,0,126.52909984588624,-0.07167967140772652,0
2011-12-12,149558.52669459337,149558.52669459337,0,0,-0.14054218562789622,0,126.48439987182617,-0.34102496735417703,0
2011-12-13,149558.52669459337,149558.52669459337,0,0,-0.14054218562789622,0,126.44499992370605,-0.50928482036713651,0
2011-12-14,149558.52669459337,149558.52669459337,0,0,-0.14054218562789622,0,126.39764987945557,-0.69873618172836338,0
2011-12-15,149558.52669459337,149558.52669459337,0,0,-0.14054218562789622,0,126.34119987487793,-0.6254165056775659,0
2011-12-16,149558.52669459337,149558.52669459337,0,0,-0.14054218562789622,0,126.28679985046386,-0.70653818846129679,0
2011-12-19,149558.52669459337,149558.52669459337,0,0,-0.14054218562789622,0,126.23109989166259,-0.89326796294152866,0
2011-12-20,149558.52669459337,149558.52669459337,0,0,-0.14054218562789622,0,126.1878498840332,-0.34015768642480898,0
2011-12-21,149558.52669459337,149558.52669459337,0,0,-0.14054218562789622,0,126.14674987792969,-0.29839739015686112,0
2011-12-22,149558.52669459337,149558.52669459337,0,0,-0.14054218562789622,0,126.12339984893799,-0.1289249880408615,0
2011-12-23,149558.52669459337,149558.52669459337,0,0,-0.14054218562789622,0,126.10114986419677,0.043692523813023403,1
2011-12-27,149861.91224473625,0,1184.7728261181442,0.0020285406445759158,-0.13879874051914398,1,126.08334983825684,0.061565821837164129,1
2011-12-28,147895.19405371178,0,1184.7728261181442,-0.0131235359376215,-0.15010074619746594,1,126.06469985961914,-0.18698083082398706,0
2011-12-29,148305.75573898252,148305.75573898252,0,0.0027760312828126743,-0.14774139928167096,0,126.06439987182617,0.0084204215035926441,1
2011-12-30,147618.99593797172,0,1176.246979585432,-0.004630702278470511,-0.15168795512586342,1,126.05264987945557,-0.083706430571949778,0
2012-01-03,150201.17796625715,150201.17796625715,0,0.017492206960752155,-0.13684910526962624,0,126.05134986877441,0.21942832770259116,1
2012-01-04,150715.22987007146,0,1180.2289230371518,0.0034224225853261014,-0.13389503815295645,1,126.0411498260498,0.25142442446632451,1
2012-01-05,151116.50338177668,0,1180.2289230371518,0.002662461597617849,-0.13158906695253236,1,126.03489982604981,0.30401820190740042,1
2012-01-06,150727.0346805428,0,1180.2289230371518,-0.0025772744373917522,-0.13382720025142725,1,126.02514980316163,0.25561399556038544,1
2012-01-09,151092.91176969814,0,1180.2289230371518,0.0024274151609948724,-0.13172463926527622,1,126.01074985504151,0.30517891935268698,1
2012-01-10,152402.96659462395,0,1180.2289230371518,0.0086705247094758242,-0.12419623629539678,1,125.99989986419678,0.47592290570741064,1
2012-01-11,152485.57325462718,0,1180.2289230371518,0.00054202790043422766,-0.12372152622016364,1,125.9909998703003,0.48832977559397406,1
2012-01-12,152851.44133935042,0,1180.2289230371518,0.0023993619652942222,-0.12161901697917021,1,125.97924983978271,0.53798020542840042,1
2012-01-13,152060.69012197925,0,1180.2289230371518,-0.0051733317686917246,-0.12616317322364645,1,125.95959980010986,0.43985795584981058,1
2012-01-17,152650.80458349781,0,1180.2289230371518,0.0038807824760309639,-0.12277200257938226,1,125.94334980010986,0.51968141736604345,1
2012-01-18,154338.54130805031,0,1180.2289230371518,0.011056192786912833,-0.11307320072182248,1,125.93144985198974,0.74153607449678094,1
2012-01-19,155152.90214636421,0,1180.2289230371518,0.0052764580474329303,-0.10839336867428728,1,125.92244991302491,0.8498185874361962,1
2012-01-20,155731.20279297934,0,1180.2289230371518,0.003727295065802716,-0.10507008767670989,1,125.9159998703003,0.92694505577066688,1
2012-01-23,155329.92928127412,0,1180.2289230371518,-0.0025767059170450635,-0.10737605887713397,1,125.90574985504151,0.87771807824105497,1
2012-01-24,155152.90214636421,0,1180.2289230371518,-0.0011396846424190921,-0.10839336867428728,1,125.89644985198974,0.85729515374497089,1
2012-01-25,156451.14315638659,0,1180.2289230371518,0.0083674942077311965,-0.10093285535109475,1,125.89494983673096,1.0272745536648529,1
2012-01-26,155648.59613297612,0,1180.2289230371518,-0.0051296974072491119,-0.10554479775194303,1,125.89204982757569,0.92331452669140224,1
2012-01-27,155577.78527901217,0,1180.2289230371518,-0.00045494052450978373,-0.10595172167080424,1,125.89379985809326,0.91357471111405619,1
2012-01-30,155046.66785655409,0,1180.2289230371518,-0.0034138384314030823,-0.10900385804289425,1,125.89334980010986,0.84432078826698498,1
2012-01-31,154987.67081749358,0,1180.2289230371518,-0.00038051149293383268,-0.10934289231506866,1,125.89214984893799,0.83693170743585688,1
2012-02-01,156344.92687544064,0,1180.2289230371518,0.0087571872703686715,-0.10154324122938674,1,125.89429988861085,1.013590379362509,1
2012-02-02,156592.76486431449,0,1180.2289230371518,0.0015852000690199652,-0.10011900751337222,1,125.90489986419678,1.0428236301841096,1
2012-02-03,158787.99138151816,0,1180.2289230371518,0.01401869696282465,-0.087503848577096366,1,125.92104984283448,1.3230845156247022,1
2012-02-06,158681.77510057224,0,1180.2289230371518,-0.00066891885224951153,-0.088114234455388241,1,125.9277997970581,1.3066025189648347,1
2012-02-07,159083.04861227746,0,1180.2289230371518,0.0025287939427882655,-0.085808263254964157,1,125.93284976959228,1.3566109278450349,1
2012-02-08,159555.15098681083,0,1180.2289230371518,0.0029676472675852494,-0.083095264645363653,1,125.94059978485107,1.4145128460838929,1
2012-02-09,159755.78774266344,0,1180.2289230371518,0.001257475892264992,-0.081942279045151611,1,125.94344982147217,1.439198974571281,1
2012-02-10,158575.55881962628,0,1180.2289230371518,-0.0073877068224800224,-0.088724620333680226,1,125.93689983367921,1.2891540830653403,1
2012-02-13,159755.78774266344,0,1180.2289230371518,0.0074426912433562809,-0.081942279045151611,1,125.9331498336792,1.4440214483911422,1
2012-02-14,159555.15098681083,0,1180.2289230371518,-0.0012558966325263432,-0.083095264645363653,1,125.92694988250733,1.4209744328356553,1
2012-02-15,158811.60100246087,0,1180.2289230371518,-0.0046601440301442532,-0.087368172774037633,1,125.91864986419678,1.32806143689595,1
2012-02-16,160570.14858097734,0,1180.2289230371518,0.011073168253553645,-0.077262446997616419,1,125.92024990081786,1.5562234808859405,1
2012-02-17,160995.0317136253,0,1180.2289230371518,0.0026460904246699002,-0.07482079999413338,1,125.92814990997314,1.6074130240194946,1
2012-02-21,161065.84256758925,0,1180.2289230371518,0.00043983254147805795,-0.074413876075272167,1,125.9424499130249,1.6095003450008731,1
2012-02-22,160546.53896003464,0,1180.2289230371518,-0.0032241696890927818,-0.077398122800675151,1,125.95159992218018,1.537819528005187,1
2012-02-23,161254.68351740259,0,1180.2289230371518,0.0044108366455923864,-0.073328676631432055,1,125.96114994049073,1.6244082652947074,1
2012-02-24,161608.7377872224,0,1180.2289230371518,0.0021956216222496217,-0.071294057037125436,1,125.96644992828369,1.6671402408014171,1
2012-02-27,161880.20340590316,0,1180.2289230371518,0.0016797706757549768,-0.069734044027736974,1,125.98004993438721,1.6948188447959938,1
2012-02-28,162352.28777157233,0,1180.2289230371518,0.0029162575517986955,-0.067021148908451678,1,125.9924499130249,1.7484348189817311,1
2012-02-29,161714.97207703252,0,1180.2289230371518,-0.0039255110185850706,-0.070683567668518354,1,126.00734996795654,1.6591887286018325,1
2012-03-01,162552.92452742494,0,1180.2289230371518,0.0051816627714176278,-0.065868163308239636,1,126.03004993438721,1.7542241684433431,1
2012-03-02,162057.23054081306,0,1180.2289230371518,-0.0030494313655258232,-0.068716734230583665,1,126.05074993133545,1.6809675358969938,1
2012-03-05,161396.30522533052,0,1180.2289230371518,-0.0040783451208991073,-0.072514828793709296,1,126.06269992828369,1.591556221176851,1
2012-03-06,159035.84737925621,0,1180.2289230371518,-0.014625228519195677,-0.086079511370766637,1,126.06304996490479,1.293576559297497,1
2012-03-07,160145.26544832942,0,1180.2289230371518,0.0069758993796382729,-0.079704094001099235,1,126.07344997406005,1.4291783218077128,1
2012-03-08,161738.56368911106,0,1180.2289230371518,0.0099490811440550164,-0.070547995355774606,1,126.09834995269776,1.6185916988680495,1
2012-03-09,162364.10158647579,0,1180.2289230371518,0.0038675865736454984,-0.066953259261764653,1,126.12645000457763,1.6839089740628661,1
2012-03-12,162375.89739251506,0,1180.2289230371518,7.26503329493422e-05,-0.066885473105392723,1,126.15240001678467,1.6732651449648765,1
2012-03-13,165302.86007916523,0,1180.2289230371518,0.018025844559766968,-0.050065295687129918,1,126.18770000457764,2.01548391719514,1
2012-03-14,165125.83294425532,0,1180.2289230371518,-0.0010709260252673714,-0.051082605484283228,1,126.21970005035401,1.9750749937368834,1
2012-03-15,166081.81549049713,0,1180.2289230371518,0.0057894184646718472,-0.045588925599025609,1,126.24880008697509,2.0732485806570149,1
2012-03-16,166310.78206263005,724.66055874481117,1180.2289230371518,0.0013786372183897111,-0.044273138970213122,0.99564273254110547,126.29095012664794,1.990209072426435,1
2012-03-19,166959.9115720733,724.66055874481117,1180.2289230371518,0.0039031114001903955,-0.040542830563459531,0.99565967331965211,126.33655017852783,2.043193357326909,1
2012-03-20,166476.01339150066,724.66055874481117,1180.2289230371518,-0.0028982896314230233,-0.043323615329431853,0.99564705723075786,126.38665019989014,1.9608432356663084,1
2012-03-21,166204.5657816841,724.66055874481117,1180.2289230371518,-0.0016305508780907196,-0.044883524848505219,0.99563994794404942,126.44250026702881,1.9040370825536004,1
2012-03-22,165012.52304374351,724.66055874481117,1180.2289230371518,-0.0071721419464876313,-0.051733755783720636,0.99560845113220464,126.49370021820069,1.7443180288212916,1
2012-03-23,165543.62245733739,724.66055874481117,1180.2289230371518,0.0032185400465216674,-0.048681722901945834,0.99562254016199536,126.54985019683838,1.784255663118087,1
2012-03-26,167856.87907039045,724.66055874481117,1180.2289230371518,0.01397369816314864,-0.035388288440691085,0.99568286648269622,126.61090023040771,2.0225554763383742,1
2012-03-27,167337.57546283581,724.66055874481117,1180.2289230371518,-0.0030937284812549981,-0.038372535166094179,0.99566946899558884,126.67875022888184,1.9356771390371807,1
2012-03-28,166511.41881848266,724.66055874481117,1180.2289230371518,-0.0049370659403191741,-0.04312015337000108,0.99564798279969757,126.74260025024414,1.8184325777363928,1
2012-03-29,166228.15739376264,724.66055874481117,1180.2289230371518,-0.0017011531505164434,-0.044747952535761359,0.99564056673606616,126.79715019226074,1.76593327993954,1
2012-03-30,166912.69233018789,724.66055874481117,1180.2289230371518,0.0041180444225445978,-0.040814182169576996,0.99565844545056359,126.86610019683837,1.81783820229821,1
2012-04-02,168128.32668020701,724.66055874481117,1180.2289230371518,0.0072830551892024697,-0.033828378921617719,0.99568983660841903,126.93880016326904,1.9244922865681307,1
2012-04-03,167443.79174378177,724.66055874481117,1180.2289230371518,-0.0040715027023808803,-0.037762149287802194,0.99567221602426648,127.00985012054443,1.8249444445045806,1
2012-04-04,165791.47845507541,724.66055874481117,1180.2289230371518,-0.0098678683246415932,-0.047257385695616327,0.99562908440471409,127.07065013885499,1.6269701805205332,1
2012-04-05,165708.85378620803,724.66055874481117,1180.2289230371518,-0.00049836499220179409,-0.047732199261164343,0.99562690500726214,127.12235012054444,1.6014384618202466,1
2012-04-09,163855.90374164906,724.66055874481117,1180.2289230371518,-0.011181961628613846,-0.05838042126919063,0.99557745224799854,127.17010013580322,1.3902574033527806,1
2012-04-10,161117.76399594807,724.66055874481117,1180.2289230371518,-0.016710656639007615,-0.074115502733928196,0.99550229260404199,127.20810009002686,1.0903654597403025,1
2012-04-11,162416.02301483462,724.66055874481117,1180.2289230371518,0.0080578266895461326,-0.066654885920420681,0.99553824465534035,127.25905010223389,1.2174143013338281,1
2012-04-12,164528.62486317087,724.66055874481117,1180.2289230371518,0.013007348715485367,-0.054514540549693069,0.99559553506663379,127.31330005645752,1.427014049340767,1
2012-04-13,162581.25434370522,724.66055874481117,1180.2289230371518,-0.011836059051032466,-0.065705362279639412,0.99554277913729938,127.350950050354,1.2129131929323689,1
2012-04-16,162475.0380627593,724.66055874481117,1180.2289230371518,-0.000653311978522364,-0.066315748157931287,0.99553986527785954,127.38260005950927,1.1940646636853511,1
2012-04-17,164870.90133581558,724.66055874481117,1180.2289230371518,0.014746039155447477,-0.052547603621443395,0.99560467885555626,127.41815006256104,1.4341027528466423,1
2012-04-18,164316.19230127899,724.66055874481117,1180.2289230371518,-0.0033645053799198354,-0.05573531230627693,0.99558984085137447,127.44160007476806,1.3691381408418326,1
2012-04-19,163265.7892801305,724.66055874481117,1180.2289230371518,-0.0063925715806665284,-0.061771591913454826,0.99556146721281924,127.46115009307861,1.254575482716761,1
2012-04-20,163537.23688994706,724.66055874481117,1180.2289230371518,0.0016626116898919019,-0.060211682394381572,0.99556883452034561,127.48105007171631,1.2770462636487063,1
2012-04-23,162168.16701709657,724.66055874481117,1180.2289230371518,-0.0083716094198890145,-0.068079223126750299,0.99553142535878569,127.48820003509522,1.1336363298322716,1
2012-04-24,162781.89109955786,724.66055874481117,1180.2289230371518,0.0037844917023486246,-0.064552376679427148,0.99554827288312064,127.50275005340576,1.193084027802723,1
2012-04-25,165000.72723770424,724.66055874481117,1180.2289230371518,0.013630730808928515,-0.051801541940092566,0.99560813718292984,127.53885005950927,1.4113373267436606,1
2012-04-26,166145.55073375942,724.66055874481117,1180.2289230371518,0.0069382936379784876,-0.045222662610994502,0.99563839924966735,127.5826501083374,1.5155460427327379,1
2012-04-27,166416.99834357598,724.66055874481117,1180.2289230371518,0.001633794035517333,-0.043662753091921247,0.9956455135836022,127.62540012359619,1.5300468801950418,1
2012-04-30,165803.27426111468,724.66055874481117,1180.2289230371518,-0.0036878689591205438,-0.047189599539244398,0.99562939536644146,127.67010013580322,1.4551308458760364,1
2012-05-01,166830.08567018466,724.66055874481117,1180.2289230371518,0.0061929501310866719,-0.041288892244810138,0.99565629571049064,127.71535015106201,1.5450501249230635,1
2012-05-02,166334.39168357276,724.66055874481117,1180.2289230371518,-0.0029712505668304523,-0.044137463167154389,0.99564335101472368,127.76390018463135,1.4816689935903518,1
2012-05-03,165071.53809166819,724.66055874481117,1180.2289230371518,-0.0075922578555309705,-0.051394618021231353,0.99561002116341601,127.79650020599365,1.3465480061032811,1
2012-05-04,162416.02301483462,724.66055874481117,1180.2289230371518,-0.016087055997254351,-0.066654885920420681,0.99553824465534035,127.81825023651123,1.0771961322181023,1
2012-05-07,162534.05311068398,724.66055874481117,1180.2289230371518,0.00072671460400552945,-0.065976610395441893,0.99554148472350401,127.83130023956299,1.0858443797555017,1
2012-05-08,161884.92360124073,724.66055874481117,1180.2289230371518,-0.0039938062025758336,-0.069706918802195483,0.99552360687688368,127.8411502456665,1.0191923348878584,1
2012-05-09,160928.9410549989,724.66055874481117,1180.2289230371518,-0.0059053216629155747,-0.075200598687453324,0.99549701530380952,127.85070026397705,0.92244429057188138,1
2012-05-10,161259.40371274017,724.66055874481117,1180.2289230371518,0.0020534694106284501,-0.073301551405890564,0.99550624309615043,127.86415027618408,0.95241688232782273,1
2012-05-11,160775.50553216753,724.66055874481117,1180.2289230371518,-0.0030007439531068991,-0.076082336171862885,0.99549271789663374,127.88920024871827,0.90000659223084745,1
2012-05-14,159005.16214761179,724.66055874481117,1180.2289230371518,-0.011011275496823347,-0.086255848104655919,0.99544253438720398,127.90865024566651,0.72207202999545261,1
2012-05-15,158096.38083439122,724.66055874481117,1180.2289230371518,-0.005715420184766673,-0.091478279874111168,0.99541633682618014,127.92870021820069,0.62949547397643857,1
2012-05-16,157494.47056683339,724.66055874481117,1180.2289230371518,-0.0038072362212284716,-0.094937236674747294,0.99539881904338168,127.94895023345947,0.56736673259445591,1
2012-05-17,155169.41814774106,724.66055874481117,1180.2289230371518,-0.014762755865169841,-0.10829845729237386,0.99532987513006699,127.97580024719238,0.33522963086992502,1
2012-05-18,153847.56751677598,724.66055874481117,1180.2289230371518,-0.0085187574120212384,-0.11589464641862524,0.99528974964998529,127.99365028381348,0.20297972908990269,1
2012-05-21,156479.47297266687,724.66055874481117,1180.2289230371518,0.017107228267381647,-0.10077005432249442,0.99536897367444876,128.05220027923585,0.45605671087540339,1
2012-05-22,156750.92058248344,724.66055874481117,1180.2289230371518,0.0017347170504848908,-0.099210144803421163,0.9953769932830252,128.11280025482176,0.47653617137879362,1
2012-05-23,156833.54525135085,724.66055874481117,1180.2289230371518,0.00052710802947997237,-0.098735331237872925,0.9953794288231933,128.21285026550294,0.47687407925512754,1
2012-05-24,157140.39828814939,724.66055874481117,1180.2289230371518,0.0019565523198927792,-0.096971959759369009,0.99538845155899391,128.28810024261475,0.50027959388600529,1
2012-05-25,156632.90849549824,724.66055874481117,1180.2289230371518,-0.0032295310319918613,-0.099888316838084967,0.99537351016650744,128.38715026855468,0.44163898134669849,1
2012-05-29,158521.26396703915,724.66055874481117,1180.2289230371518,0.012055930581121643,-0.089036632870628241,0.99542862237778096,128.46900024414063,0.62432948358592699,1
2012-05-30,156231.61697492882,724.66055874481117,1180.2289230371518,-0.014443784605366328,-0.10219439152882415,0.9953616267131058,128.5372002029419,0.38598510657740909,1
2012-05-31,155889.35851114828,724.66055874481117,1180.2289230371518,-0.0021907119084318971,-0.10416122496675884,0.9953514430640692,128.59145019531249,0.34543392381083421,1
2012-06-01,151982.80365731358,724.66055874481117,1180.2289230371518,-0.025059791708330947,-0.12661075807333821,0.99523195689705302,128.63430023193359,-0.057084008792389625,0
2012-06-04,152177.48647177598,152177.48647177598,0,0.0012809529089972127,-0.12549198758320534,0,128.67645027160646,-0.069580949449288637,0
2012-06-05,152177.48647177598,152177.48647177598,0,0,-0.12549198758320534,0,128.74925029754638,0.039005155977733325,1
2012-06-06,154440.98306945423,0,1170.2734079025372,0.014874056932843827,-0.11248450561828993,1,128.84590030670165,0.38347641871341509,1
2012-06-07,154534.60708492107,0,1170.2734079025372,0.00060621224759183079,-0.11194648285566822,1,128.94250030517577,0.38510209316127514,1
2012-06-08,155763.39773460972,0,1170.2734079025372,0.0079515564368919378,-0.1048850751951147,1,129.02580032348632,0.50764649277286766,1
2012-06-11,153785.63281814163,0,1170.2734079025372,-0.012697237895630709,-0.11625056233929199,1,129.09245033264159,0.29006517238185403,1
2012-06-12,155552.73923557063,0,1170.2734079025372,0.011490712006359427,-0.10609565206535077,1,129.17565032958984,0.47143707348848246,1
2012-06-13,154558.01755302653,0,1170.2734079025372,-0.0063947551642770106,-0.11181195151067547,1,129.24615036010744,0.3572185002924434,1
2012-06-14,156196.39318130806,0,1170.2734079025372,0.010600392358936839,-0.10239680970817022,1,129.30670036315917,0.52761089750570633,1
2012-06-15,157785.62232640511,805.1481046369455,1170.2734079025372,0.010174557252754957,-0.093264094658290442,0.99489720233842738,129.36900035858153,0.60548951611695134,1
2012-06-18,158089.88698395592,805.1481046369455,1170.2734079025372,0.0019283420952094232,-0.091515597642782276,0.99490702333971137,129.42990032196045,0.63143180581113001,1
2012-06-19,159611.24598562025,805.1481046369455,1170.2734079025372,0.0096233796524805015,-0.082772907330541989,0.9949555678256562,129.50370029449462,0.78829391098008239,1
2012-06-20,159353.78440732526,805.1481046369455,1170.2734079025372,-0.0016130541222526551,-0.084252444273414273,0.9949474177370089,129.59185028076172,0.75219091695587814,1
2012-06-21,155796.16110436179,805.1481046369455,1170.2734079025372,-0.022325314181869782,-0.10469679616628957,0.99483204143844328,129.66910030364991,0.35618757750599483,1
2012-06-22,156989.84498036982,805.1481046369455,1170.2734079025372,0.0076618311230944869,-0.097837134214550314,0.99487133639288816,129.7349503326416,0.48031980095914056,1
2012-06-25,154485.46060173659,805.1481046369455,1170.2734079025372,-0.015952524693214287,-0.11222890960829368,0.99478819494403659,129.79635036468505,0.19739105585574759,1
2012-06-26,155257.82747966639,805.1481046369455,1170.2734079025372,0.0049996088623573964,-0.10779040139702667,0.99481412230412403,129.87665035247804,0.2746779970861884,1
2012-06-27,156650.45569218323,805.1481046369455,1170.2734079025372,0.0089697777891373232,-0.099787479556222469,0.99486022494426019,129.95915035247802,0.42228782954214139,1
2012-06-28,156205.74608295463,805.1481046369455,1170.2734079025372,-0.0028388657234578174,-0.10234306202433796,0.99484559227283886,130.03440032958986,0.36466604720037465,1
2012-06-29,160079.3660629543,805.1481046369455,1170.2734079025372,0.02479819134145389,-0.080082793517433859,0.99497031925825896,130.1180503463745,0.79436140677990752,1
2012-07-02,160559.16458890849,805.1481046369455,1170.2734079025372,0.0029972540356357769,-0.077325567957853281,0.99498534943988759,130.19345031738283,0.84011794023477326,1
2012-07-03,161612.42137019383,805.1481046369455,1170.2734079025372,0.0065599293816835935,-0.071272888841371951,0.99501803080598206,130.27290035247802,0.95028109320655629,1
2012-07-05,160886.83971456479,805.1481046369455,1170.2734079025372,-0.0044896403969284515,-0.075442539597352254,0.99499556268203537,130.35530033111573,0.85897395907584395,1
2012-07-06,159365.49856985555,805.1481046369455,1170.2734079025372,-0.0094559700930685331,-0.084185127292243145,0.99494778912711757,130.43190036773683,0.67758705100660077,1
2012-07-09,159166.55423334672,805.1481046369455,1170.2734079025372,-0.0012483526126680911,-0.085328387181308196,0.99494147430334789,130.52535041809082,0.64720200899937896,1
2012-07-10,157785.62232640511,805.1481046369455,1170.2734079025372,-0.0086760181094144295,-0.093264094658290442,0.99489720233842738,130.6317504119873,0.48019306937595108,1
2012-07-11,157809.03279451057,805.1481046369455,1170.2734079025372,0.00014836882955671093,-0.093129563313297803,0.99489795932223113,130.73485042572023,0.47513250688191505,1
2012-07-12,157048.34436520087,805.1481046369455,1170.2734079025372,-0.0048203098126848865,-0.097500959778092589,0.99487324678339384,130.82120040893554,0.37669897569834082,1
2012-07-13,159669.76322740639,805.1481046369455,1170.2734079025372,0.016691795591997183,-0.082436630276734757,0.99495741655550496,130.91225040435791,0.68293895471724608,1
2012-07-16,159295.26716553915,805.1481046369455,1170.2734079025372,-0.0023454413302653743,-0.084588721327221283,0.99494556166693737,131.01370037078857,0.63072480854738244,1
2012-07-17,160383.63072050514,805.1481046369455,1170.2734079025372,0.0068323659223030742,-0.078334296501925471,0.99497986109293124,131.11525035858153,0.75669852120498515,1
2012-07-18,161565.60043398288,805.1481046369455,1170.2734079025372,0.0073696405809486887,-0.071541951531357451,0.9950165870552008,131.23635032653809,0.89844543474539451,1
2012-07-19,161986.89957510598,805.1481046369455,1170.2734079025372,0.0026076042176765846,-0.06912090040823482,0.99502954802673005,131.3753503036499,0.95229136409958426,1
2012-07-20,160512.3615096526,805.1481046369455,1170.2734079025372,-0.009102822940133537,-0.077594528030489607,0.99498388724043196,131.49600032806396,0.76000973319918186,1
2012-07-23,158897.3784925215,805.1481046369455,1170.2734079025372,-0.010061424565322219,-0.086875241105351275,0.99493290504679499,131.59935031890871,0.54232104291125804,1
2012-07-24,157539.85705368532,805.1481046369455,1170.2734079025372,-0.0085433847412408337,-0.094676417237340993,0.99488924187380345,131.68655029296875,0.35336793048509363,1
2012-07-25,157574.98168432107,805.1481046369455,1170.2734079025372,0.00022295710617403763,-0.094474568911177226,0.99489038109964711,131.77780033111571,0.34921868878629564,1
2012-07-26,160161.27591589084,805.1481046369455,1170.2734079025372,0.016413101901868066,-0.079612087735983272,0.99497289154302326,131.86075031280518,0.69546114851116037,1
2012-07-27,163098.65574122238,805.1481046369455,1170.2734079025372,0.018340137517848687,-0.062732046855295653,0.99506342893521804,131.95565029144288,1.092594309496542,1
2012-07-30,163098.65574122238,805.1481046369455,1170.2734079025372,0,-0.062732046855295653,0.99506342893521804,132.04530025482177,1.0839068573845485,1
2012-07-31,161963.50696395559,805.1481046369455,1170.2734079025372,-0.0069598904546942508,-0.069255329135878174,0.99502883013754362,132.13130027770995,0.91768586745087788,1
2012-08-01,161823.06201227783,805.1481046369455,1170.2734079025372,-0.00086713948290217946,-0.070062414588485278,0.99502451569865935,132.20640026092531,0.88937397088061942,1
2012-08-02,160711.30584616144,805.1481046369455,1170.2734079025372,-0.0068701960789250283,-0.076451268141424555,0.99499009668051808,132.28845024108887,0.72509583986724946,1
2012-08-03,163882.75463863756,805.1481046369455,1170.2734079025372,0.019733825045961328,-0.058226119045508007,0.99508704801544057,132.37230026245118,1.1664042674401025,1
2012-08-06,164198.71560176357,805.1481046369455,1170.2734079025372,0.0019279695647214101,-0.056410407666178108,0.99509650181071019,132.46475025177003,1.2024466602621506,1
2012-08-07,165017.92127285941,805.1481046369455,1170.2734079025372,0.0049891113221780525,-0.05170273414757609,0.99512084446085325,132.55805027008057,1.3096659580412562,1
2012-08-08,165216.86560936825,805.1481046369455,1170.2734079025372,0.0012055923076372821,-0.050559474258511039,0.99512671965015598,132.64065029144288,1.3255643606969312,1
2012-08-09,165357.29270409091,805.1481046369455,1170.2734079025372,0.00084995617248107003,-0.049752491423253442,0.99513085820727731,132.71625030517578,1.3319950123296147,1
2012-08-10,165626.45058796107,805.1481046369455,1170.2734079025372,0.0016277351876570201,-0.048205740116559648,0.99513877100077464,132.80520027160645,1.3586049083501264,1
2012-08-13,165544.54073502455,805.1481046369455,1170.2734079025372,-0.00049454572410223552,-0.048676445898010012,0.99513636571123354,132.88755027770995,1.3338235849088924,1
2012-08-14,165567.93334617495,805.1481046369455,1170.2734079025372,0.00014130705275161581,-0.048542017170366658,0.99513705287995879,132.94835021972656,1.3227973469780421,1
2012-08-15,165755.18137710856,805.1481046369455,1170.2734079025372,0.0011309438195505894,-0.04746597164512345,0.99514254638710109,133.01010017395021,1.3351652252632811,1
2012-08-16,166972.27572122205,805.1481046369455,1170.2734079025372,0.0073427227674076612,-0.040471778348391552,0.99517795333890491,133.092550201416,1.4937734037607087,1
2012-08-17,167194.61266888125,805.1481046369455,1170.2734079025372,0.0013315800284738888,-0.039194089731683257,0.99518436574130831,133.19345016479491,1.5132687020797606,1
2012-08-20,167206.32683141154,805.1481046369455,1170.2734079025372,7.0063038176249037e-05,-0.039126772750512129,0.99518470311563767,133.28445018768309,1.5002072472723766,1
2012-08-21,166703.0999803968,805.1481046369455,1170.2734079025372,-0.0030096160866097676,-0.042018632272434742,0.99517016717306617,133.36200016021729,1.4125874686161717,1
2012-08-22,166773.33138471321,805.1481046369455,1170.2734079025372,0.00042129633057008675,-0.041615038237456603,0.99517220110702442,133.44370018005372,1.4081353140867245,1
2012-08-23,165415.80994587706,805.1481046369455,1170.2734079025372,-0.0081399191799114146,-0.04941621436944621,0.99513258070736765,133.51570018768311,1.2010721519389977,1
2012-08-24,166410.53162842116,805.1481046369455,1170.2734079025372,0.0060134619711957882,-0.043699914924121397,0.99516167578603276,133.5838501739502,1.3295825421835048,1
2012-08-27,166445.63840210185,805.1481046369455,1170.2734079025372,0.00021096485503147022,-0.043498169215306914,0.99516269628710929,133.67575012207033,1.3235865457192995,1
2012-08-28,166281.8008392737,805.1481046369455,1170.2734079025372,-0.00098433076649540041,-0.044439683395557372,0.99515793008872211,133.76115009307861,1.2883290508561853,1
2012-08-29,166410.53162842116,805.1481046369455,1170.2734079025372,0.00077417245000788171,-0.043699914924121397,0.99516167578603276,133.83540004730224,1.2935754739740073,1
2012-08-30,165216.86560936825,805.1481046369455,1170.2734079025372,-0.0071730196843445837,-0.050559474258511039,0.99512671965015598,133.91055007934571,1.1111188372161676,1
2012-08-31,166000.94664982831,805.1481046369455,1170.2734079025372,0.0047457687662100234,-0.04605364906607301,0.99514973787266781,133.98595008850097,1.2123888732926857,1
2012-09-04,165848.80539257536,805.1481046369455,1170.2734079025372,-0.00091650837132806195,-0.046927948882501846,0.99514528848892747,134.07070007324219,1.180312722299893,1
2012-09-05,165708.3782978527,805.1481046369455,1170.2734079025372,-0.00084671755331766629,-0.047734931717759554,0.995141174436034,134.16470008850098,1.152171428719529,1
2012-09-06,169055.36095873214,805.1481046369455,1170.2734079025372,0.020198029183916111,-0.028501054077771037,0.99523737017228631,134.2736500930786,1.6290564559551337,1
2012-09-07,169710.71121004477,805.1481046369455,1170.2734079025372,0.003876542261635807,-0.024734997356768762,0.99525576141366556,134.39700008392333,1.7186239544952686,1
2012-09-10,168751.07844422624,805.1481046369455,1170.2734079025372,-0.0056545209137143226,-0.030249653710628599,0.99522878246432622,134.51860004425049,1.573610049852904,1
2012-09-11,169219.19852156032,805.1481046369455,1170.2734079025372,0.0027740271745213541,-0.027559539897520358,0.99524198133739317,134.65535007476808,1.6500410266574388,1
2012-09-12,169780.92475740612,805.1481046369455,1170.2734079025372,0.0033195183569803,-0.024331505939139908,0.99525772341158225,134.79560009002685,1.7448727325624382,1
2012-09-13,172355.52268340066,805.1481046369455,1170.2734079025372,0.015164235497440615,-0.0095362391277677983,0.99532856219457533,134.93000007629394,2.1368617263369232,1
2012-09-14,173116.21111271036,805.1481046369455,1170.2734079025372,0.0044134845084540242,-0.0051648426629730126,0.99534908891858342,135.06595008850098,2.2449822772932153,1
2012-09-17,172531.0744087591,805.1481046369455,1170.2734079025372,-0.0033800225882386625,-0.0085274079663461011,0.99533331541928838,135.17470012664796,2.1268752312631709,1
2012-09-18,172390.62945708135,805.1481046369455,1170.2734079025372,-0.00081402699287091984,-0.0093344934189532047,0.99532951351722154,135.28295009613038,2.0805897653073115,1
2012-09-19,172484.25347254815,805.1481046369455,1170.2734079025372,0.00054309225368953662,-0.0087964706563316009,0.99533204864544289,135.39215007781982,2.0718625477920711,1
2012-09-20,172495.96763507841,805.1481046369455,1170.2734079025372,6.7914388093059941e-05,-0.0087291536751606946,0.99533236564497396,135.49460010528566,2.0477427254744267,1
2012-09-21,172424.56738591049,1716.791089393022,1170.2734079025372,-0.00041392416383312369,-0.0091394646313577299,0.99004323388818138,135.59265007019042,1.87327891825028,1
2012-09-24,172167.10580761553,1716.791089393022,1170.2734079025372,-0.001493183843800594,-0.010619001574229903,0.99002834437310328,135.68725002288818,1.8128045268876549,1
2012-09-25,170353.19631093065,1716.791089393022,1170.2734079025372,-0.010535749486965229,-0.021042871920807338,0.98992216684763856,135.78800006866456,1.5211540358373388,1
2012-09-26,169405.25985068735,1716.791089393022,1170.2734079025372,-0.0055645358042658577,-0.026490313910845331,0.98986577458748215,135.87420001983642,1.3617131837645349,1
2012-09-27,170985.13609413779,1716.791089393022,1170.2734079025372,0.0093260164698718562,-0.017411346544798034,0.98995941326474235,135.97635002136229,1.5991334638002213,1
2012-09-28,170201.0550536777,1716.791089393022,1170.2734079025372,-0.0045856678444166077,-0.021917171737236174,0.98991315835937921,136.08095001220704,1.4694070349662951,1
2012-10-01,170645.76466290629,1716.791089393022,1170.2734079025372,0.0026128487222851771,-0.019361589269120683,0.98993944506748011,136.19400005340577,1.5378968570583353,1
2012-10-02,170821.29853130964,1716.791089393022,1170.2734079025372,0.0010286447410523536,-0.018352860725048492,0.98994978317016857,136.30560005187988,1.5632913905494101,1
2012-10-03,171511.75555630293,1716.791089393022,1170.2734079025372,0.0040419844066852395,-0.014385058295231956,0.98999024245408385,136.42310005187989,1.6752408323396395,1
2012-10-04,172728.84990041642,1716.791089393022,1170.2734079025372,0.0070962736062365472,-0.0073908649985000574,0.99006077392176928,136.5523000717163,1.8812977262735753,1
2012-10-05,172740.54620599162,1716.791089393022,1170.2734079025372,6.7714835025878273e-05,-0.0073236506346783248,0.99006144690925213,136.66335006713868,1.8741203496480585,1
2012-10-08,172155.40950204033,1716.791089393022,1170.2734079025372,-0.0033873732415637958,-0.010686215938051635,0.99002766689493615,136.77070007324218,1.7675078123794246,1
2012-10-09,170470.21293754788,1716.791089393022,1170.2734079025372,-0.0097888098280901614,-0.020370420430542158,0.98992908461948148,136.86535007476806,1.4732574914723495,1
2012-10-10,169393.56354511215,1716.791089393022,1170.2734079025372,-0.0063157625832858111,-0.026557528274667064,0.98986507483836117,136.94980007171631,1.2805764483309998,1
2012-10-11,169487.18756057895,1716.791089393022,1170.2734079025372,0.00055270113874117399,-0.02601950551204546,0.98987067332874701,137.03415008544923,1.2889264234936098,1
2012-10-12,168937.15763030836,1716.791089393022,1170.2734079025372,-0.003245259645800691,-0.029180325106604177,0.98983769400720034,137.1244500732422,1.1892020302469002,1
2012-10-15,170329.78584282519,1716.791089393022,1170.2734079025372,0.0082434689446142517,-0.021177403265800088,0.98992078172999509,137.21425006866454,1.4274597706018031,1
2012-10-16,172038.37501846807,1716.791089393022,1170.2734079025372,0.010031065131611783,-0.011358770045665878,0.99002088290354562,137.31445003509521,1.7232435186929382,1
2012-10-17,172810.75975335293,1716.791089393022,1170.2734079025372,0.0044896072449065461,-0.0069201592170495818,0.99006548497418023,137.40795001983642,1.8458017288187996,1
2012-10-18,172366.06800107943,1716.791089393022,1170.2734079025372,-0.0025732874093499225,-0.0094756390678155666,0.99003985465757527,137.49855007171629,1.7518625092819138,1
2012-10-19,169522.29433425964,1716.791089393022,1170.2734079025372,-0.016498454131946505,-0.025817759803230866,0.9898727710350127,137.57530010223388,1.2317887075102125,1
2012-10-22,169545.7048023651,1716.791089393022,1170.2734079025372,0.0001380966922219784,-0.025683228458238228,0.98987416937872741,137.65380012512207,1.2283196294071492,1
2012-10-23,167216.85429213522,1716.791089393022,1170.2734079025372,-0.0137358272387057,-0.039066275307909293,0.98973314564096682,137.7208000946045,0.79661866347960164,1
2012-10-24,166748.75207175623,1716.791089393022,1170.2734079025372,-0.0027993722424726197,-0.04175628650366825,0.98970432421194821,137.78025009155274,0.70288189343603824,1
2012-10-25,167228.55059771042,1716.791089393022,1170.2734079025372,0.0028773740132563841,-0.038999060944087671,0.98973386372568051,137.84140007019042,0.78421826384310078,1
2012-10-26,167134.94443919868,1716.791089393022,1170.2734079025372,-0.00055974986434537133,-0.03953698108935999,0.98972811403890726,137.90060012817383,0.7590581912096922,1
2012-10-31,167134.94443919868,1716.791089393022,1170.2734079025372,0,-0.03953698108935999,0.98972811403890726,137.96315017700195,0.75178157719392447,1
2012-11-01,168866.94408294701,1716.791089393022,1170.2734079025372,0.010362881619758513,-0.029583816524233142,0.98983346860028598,138.03060020446776,1.0721588689622015,1
2012-11-02,167380.69185496337,1716.791089393022,1170.2734079025372,-0.0088013212772630744,-0.038124761127658835,0.98974319516566078,138.08455017089844,0.78038169626197829,1
2012-11-05,167720.08114314996,1716.791089393022,1170.2734079025372,0.0020276489744748272,-0.03617441578598668,0.98976395028137543,138.13650016784669,0.83703287981369612,1
2012-11-06,169019.08534019996,1716.791089393022,1170.2734079025372,0.0077450725530074926,-0.028709516707804306,0.98984261992698941,138.19155021667481,1.076958983502442,1
2012-11-07,165227.39307009193,1716.791089393022,1170.2734079025372,-0.022433515496052769,-0.050498976815908314,0.98960952504609978,138.23210021972656,0.33782773786795878,1
2012-11-08,163261.32445919904,1716.791089393022,1170.2734079025372,-0.011899168620658762,-0.06179724959626387,0.98948439812625633,138.2650001525879,-0.051393645833041388,0
2012-11-09,162688.2852603739,162688.2852603739,0,-0.003509950692384245,-0.065090294989640252,0,138.29300018310548,-0.030507998816240833,0
2012-11-12,162688.2852603739,162688.2852603739,0,0,-0.065090294989640252,0,138.32495018005372,-0.012673102639381878,0
2012-11-13,162688.2852603739,162688.2852603739,0,0,-0.065090294989640252,0,138.35480010986328,-0.13100839202991579,0
2012-11-14,162688.2852603739,162688.2852603739,0,0,-0.065090294989640252,0,138.37760009765626,-0.57104208275988333,0
2012-11-15,162688.2852603739,162688.2852603739,0,0,-0.065090294989640252,0,138.39950004577636,-0.63350583818888873,0
2012-11-16,162688.2852603739,162688.2852603739,0,0,-0.065090294989640252,0,138.4190000152588,-0.48292352600286209,0
2012-11-19,162688.2852603739,162688.2852603739,0,0,-0.065090294989640252,0,138.45125007629395,0.16070364458706324,1
2012-11-20,162933.74467181257,0,1170.5851125363802,0.0015087712741321813,-0.063679730082813246,1,138.47450012207031,0.16975797164292841,1
2012-11-21,163238.09037085596,0,1170.5851125363802,0.0018679107858008415,-0.061930767351671023,1,138.49950012207032,0.22600144280684178,1
2012-11-23,165462.21280170185,0,1170.5851125363802,0.013625021131973281,-0.04914955423358347,1,138.53230018615722,0.67052597159048244,1
2012-11-26,165111.03369559869,0,1170.5851125363802,-0.0021224127258834269,-0.051167651320090157,1,138.56160018920897,0.59258207055864331,1
2012-11-27,164268.21098563558,0,1170.5851125363802,-0.0051045813904656567,-0.056011043269833416,1,138.58645019531249,0.41563227620400417,1
2012-11-28,165590.97787854931,0,1170.5851125363802,0.008052482491754942,-0.048409588723353769,1,138.62195022583009,0.67749257167478083,1
2012-11-29,166363.55047792272,0,1170.5851125363802,0.0046655476600907519,-0.043969898306657207,1,138.65575019836425,0.82681338230680435,1
2012-11-30,166398.66660236192,0,1170.5851125363802,0.00021108063838704005,-0.04376809886247468,1,138.69055015563964,0.82567264141087771,1
2012-12-03,165579.2605959287,0,1170.5851125363802,-0.0049243544023782615,-0.048476923634535707,1,138.72500015258788,0.65127948995367912,1
2012-12-04,165345.14714576371,0,1170.5851125363802,-0.0014139056384381288,-0.049822287477312877,1,138.7510001373291,0.59734386074450219,1
2012-12-05,165637.79342389779,0,1170.5851125363802,0.0017699115044247371,-0.048140557012670948,1,138.77645011901856,0.65083776373457536,1
2012-12-06,166199.66927663609,0,1170.5851125363802,0.0033921959543397051,-0.044911663261069323,1,138.80400009155272,0.75843864068010469,1
2012-12-07,166703.03016311661,0,1170.5851125363802,0.0030286515531068314,-0.042019033486650814,1,138.83590011596681,0.85288770273004533,1
2012-12-10,166773.26241199498,0,1170.5851125363802,0.00042130157328057471,-0.041615434598285872,1,138.86510009765624,0.8592381133951168,1
2012-12-11,167908.73140009219,0,1170.5851125363802,0.0068084594117501229,-0.035090312183900574,1,138.89765014648438,1.0800815570521374,1
2012-12-12,167990.66306987984,0,1170.5851125363802,0.00048795359898479163,-0.034619481029035337,1,138.92940010070799,1.0864060957252546,1
2012-12-13,166960.56031681152,0,1170.5851125363802,-0.0061319047990174846,-0.040539102466191412,1,138.95475013732911,0.87025186441129621,1
2012-12-14,166340.15163610416,0,1170.5851125363802,-0.003715899608447204,-0.044104362839657685,1,138.98015014648436,0.73811813829339656,1
2012-12-17,168295.02663063453,0,1170.5851125363802,0.011752273731281626,-0.032870415653211582,1,139.01035018920899,1.1227480569756607,1
2012-12-18,170167.95209366595,0,1170.5851125363802,0.01112882240508517,-0.022107402266312248,1,139.05065017700196,1.4830008223501112,1
2012-12-19,168903.71802872131,0,1170.5851125363802,-0.0074293311366218084,-0.029372490190927025,1,139.08835014343262,1.2170429054935235,1
2012-12-20,169875.30581553187,0,1170.5851125363802,0.0057523173447568965,-0.023789132730954066,1,139.14020011901854,1.3958612822119931,1
2012-12-21,168344.17834492892,1196.3379850121805,1170.5851125363802,-0.0090132433507763565,-0.032587958839322417,0.9928934995152553,139.17570007324218,0.84354922640236019,1
2012-12-24,167829.13589925042,1196.3379850121805,1170.5851125363802,-0.0030594609848829668,-0.035547718235559578,0.99287169073115911,139.20225013732909,0.7341258334180325,1
2012-12-26,167126.77768704409,1196.3379850121805,1170.5851125363802,-0.004184959950148226,-0.03958391240857273,0.99284173367326922,139.22315010070801,0.58901746371437558,1
2012-12-27,166904.36365778834,1196.3379850121805,1170.5851125363802,-0.0013308102527544996,-0.040862043984849827,0.9928321946844656,139.24305007934569,0.53989183967968268,1
2012-12-28,165113.3698645446,1196.3379850121805,1170.5851125363802,-0.010730658887480593,-0.051154226216883814,0.99275444510645239,139.24290008544921,0.18340982754092502,1
2012-12-31,167899.36814812879,1196.3379850121805,1170.5851125363802,0.016873244643179186,-0.035144119347194636,0.99287467250051398,139.25540008544922,0.73413456434531832,1
2013-01-02,172171.99666420207,1196.3379850121805,1170.5851125363802,0.025447555659076526,-0.010590895621295116,0.99305149496903677,139.28210006713869,1.5680252432024044,1
2013-01-03,171785.70143365971,1196.3379850121805,1170.5851125363802,-0.0022436588877794428,-0.012810792151984218,0.99303586983649983,139.30925003051757,1.4774371179994332,1
2013-01-04,172534.87519121452,1196.3379850121805,1170.5851125363802,0.0043610949648456021,-0.0085055662682882449,0.99306610919278593,139.33684997558595,1.6083081899537057,1
2013-01-07,172066.64829088451,1196.3379850121805,1170.5851125363802,-0.002713810177861653,-0.011196293953842584,0.99304724072389827,139.36449996948241,1.5021682280736117,1
2013-01-08,171575.00468702457,1196.3379850121805,1170.5851125363802,-0.0028572858758124653,-0.014021588817079267,0.99302731777746722,139.39119995117187,1.393859583000139,1
2013-01-09,172008.11546291542,1196.3379850121805,1170.5851125363802,0.0025243232642242486,-0.011532660575707343,0.99304487476191139,139.42479995727538,1.4620826138289056,1
2013-01-10,173365.99848026835,1196.3379850121805,1170.5851125363802,0.0078942962295618369,-0.0037294065850451696,0.99309935053298037,139.46194999694825,1.70231853625129,1
2013-01-11,173354.29905935904,1196.3379850121805,1170.5851125363802,-6.7483941556423233e-05,-0.0037966388515455751,0.99309888481852682,139.48925003051758,1.6828622547497643,1
2013-01-14,173237.23340342089,1196.3379850121805,1170.5851125363802,-0.00067529710294678136,-0.0044693720952748706,0.99309422136622183,139.51825004577637,1.6435335118609891,1
2013-01-15,173354.29905935904,1196.3379850121805,1170.5851125363802,0.0006757534372852092,-0.0037966388515455751,0.99309888481852682,139.55125007629394,1.6471512579101135,1
2013-01-16,173330.88235582915,1196.3379850121805,1170.5851125363802,-0.00013508002776363437,-0.0039312060292276962,0.99309795248975752,139.58535011291505,1.6245093396701478,1
2013-01-17,174442.93464039644,1196.3379850121805,1170.5851125363802,0.0064157769778403484,0,0.99314195219497792,139.62130012512208,1.8087033646107864,1
2013-01-18,174829.22987093881,1196.3379850121805,1170.5851125363802,0.0022144504237944229,0,0.99315710544572355,139.65375015258789,1.8576955182510717,1
2013-01-22,175765.70153331017,1196.3379850121805,1170.5851125363802,0.0053564936656340656,0,0.99319356407663262,139.69310020446778,2.0007304279366824,1
2013-01-23,176046.63052882368,1196.3379850121805,1170.5851125363802,0.001598315217717694,0,0.99320442554669452,139.74065017700195,2.0204873837083541,1
2013-01-24,176093.46393588345,1196.3379850121805,1170.5851125363802,0.00026602842053313758,0,0.99320623288183041,139.78875022888184,1.9984299439103657,1
2013-01-25,177076.75114360329,1196.3379850121805,1170.5851125363802,0.0055838938353660605,0,0.99324395790364373,139.84890022277833,2.136070434320211,1
2013-01-28,176866.05439696819,1196.3379850121805,1170.5851125363802,-0.0011898611493286193,-0.0011898611493286193,0.99323590957523678,139.919750289917,2.0655048431155278,1
2013-01-29,177556.69532655395,1196.3379850121805,1170.5851125363802,0.0039048811935140648,0,0.99326221980640084,139.98805030822754,2.1482436341548277,1
2013-01-30,176866.05439696819,1196.3379850121805,1170.5851125363802,-0.0038896924067862715,-0.0038896924067862715,0.99323590957523678,140.04445037841796,1.9980711660124091,1
2013-01-31,176432.92575936604,1196.3379850121805,1170.5851125363802,-0.0024489076724130143,-0.0063290745816209082,0.99321930427745753,140.10725036621093,1.8960622336212631,1
2013-02-01,178235.6368352304,1196.3379850121805,1170.5851125363802,0.010217543398464368,0,0.9932878855976589,140.17820037841796,2.1625707712499707,1
2013-02-04,176245.6278545495,1196.3379850121805,1170.5851125363802,-0.011165045419735842,-0.011165045419735842,0.9932120983676288,140.23050033569336,1.8052407890379518,1
2013-02-05,178013.22280597468,1196.3379850121805,1170.5851125363802,0.010029156314072862,-0.0012478650914312661,0.99327949931946269,140.29270034790039,2.0640535839822691,1
2013-02-06,178141.98788282211,1196.3379850121805,1170.5851125363802,0.00072334557409692302,-0.00052542215502537903,0.99328435705006779,140.35990036010742,2.0514922309471713,1
2013-02-07,177907.87443265712,1196.3379850121805,1170.5851125363802,-0.0013141957881316335,-0.0018389274355737895,0.99327551976646744,140.42495040893556,1.9823334241885529,1
2013-02-08,178891.16164037696,1196.3379850121805,1170.5851125363802,0.0055269459592810488,0,0.99331248132080907,140.50000045776366,2.1049413546489224,1
2013-02-11,178856.04551593776,1196.3379850121805,1170.5851125363802,-0.00019629882279925681,-0.00019629882279925681,0.99331116831102262,140.57230049133301,2.0652436339816305,1
2013-02-12,179148.69179407187,1196.3379850121805,1170.5851125363802,0.001636211274211874,0,0.99332209477484013,140.63645050048828,2.0769790452334087,1
2013-02-13,179300.85571273792,1196.3379850121805,1170.5851125363802,0.00084937220105940625,0,0.99332776198832606,140.69640045166017,2.0672370795695416,1
2013-02-14,179464.73691402454,1196.3379850121805,1170.5851125363802,0.0009140012223320948,0,0.99333385485313863,140.75590042114257,2.0594774207715929,1
2013-02-15,179254.04016738944,1196.3379850121805,1170.5851125363802,-0.0011740286713597392,-0.0011740286713597392,0.99332601940857213,140.81710044860839,1.9962450945174222,1
2013-02-19,180588.50648121245,1196.3379850121805,1170.5851125363802,0.0074445536210892005,0,0.99337533706699854,140.87965042114257,2.160899210434994,1
2013-02-20,178352.68462945725,1196.3379850121805,1170.5851125363802,-0.012380753876979456,-0.012380753876979456,0.99329229056743562,140.93475036621095,1.8027674088810988,1
2013-02-21,177275.74846932912,1196.3379850121805,1170.5851125363802,-0.0060382391348106079,-0.018344235059211678,0.99325154176280817,140.99060035705565,1.6231926614920642,1
2013-02-22,178996.51001369453,1196.3379850121805,1170.5851125363802,0.0097066945660821968,-0.0088156023798975358,0.99331641725908149,141.06505035400392,1.8495340748681977,1
2013-02-25,175613.51975293283,1196.3379850121805,1170.5851125363802,-0.018899755422621789,-0.027548745073636138,0.99318766580901463,141.12455032348632,1.341040558201555,1
2013-02-26,176807.5215689991,1196.3379850121805,1170.5851125363802,0.0067990312918166929,-0.020937018561625331,0.9932336702964002,141.19190032958986,1.4970547596807939,1
2013-02-27,179019.92671722441,1196.3379850121805,1170.5851125363802,0.012513071438320589,-0.0086859335322717612,0.9933172915051971,141.27275032043457,1.7930710672142003,1
2013-02-28,178668.74761112125,1196.3379850121805,1170.5851125363802,-0.0019616760689321611,-0.01063057061325734,0.99330415642910275,141.35070030212401,1.7198519290274665,1
2013-03-01,179254.04016738944,1196.3379850121805,1170.5851125363802,0.003275853019029995,-0.0073895417810647679,0.99332601940857213,141.43320030212402,1.7796863767483464,1
2013-03-04,180202.21125067008,1196.3379850121805,1170.5851125363802,0.0052895381459476809,-0.0021390908982491519,0.99336113593329878,141.52725028991699,1.8890081069047384,1
2013-03-05,181805.90713909731,1196.3379850121805,1170.5851125363802,0.0088994240264699265,0,0.99341969684133047,141.6320002746582,2.0854139848795019,1
2013-03-06,182051.73787188291,1196.3379850121805,1170.5851125363802,0.0013521603156574358,0,0.99342858245135734,141.74035026550294,2.0900340848713559,1
2013-03-07,182379.50027445619,1196.3379850121805,1170.5851125363802,0.0018003805204207524,0,0.99344039224138758,141.85995025634764,2.1094153804921292,1
2013-03-08,183152.09073554093,1196.3379850121805,1170.5851125363802,0.0042361694155432783,0,0.99346806263467879,141.98845024108886,2.1912007793228412,1
2013-03-11,183842.73166512669,1196.3379850121805,1170.5851125363802,0.0037708602004604685,0,0.99349260112610083,142.10875022888183,2.2537169522287392,1
2013-03-12,183433.01973105443,1196.3379850121805,1170.5851125363802,-0.0022286001212088458,-0.0022286001212088458,0.99347806634396452,142.22615020751954,2.1662658150608194,1
2013-03-13,183690.54988474931,1196.3379850121805,1170.5851125363802,0.0014039465417539088,-0.00082778241488801196,0.99348720995302808,142.34430015563964,2.1707310852265449,1
2013-03-14,184662.13767155987,1196.3379850121805,1170.5851125363802,0.0052892638593555752,0,0.99352147657285328,142.46530014038086,2.2686566957573482,1
2013-03-15,184421.00428306192,2008.7240531124285,1170.5851125363802,-0.0013058084972829009,-0.0013058084972829009,0.98910794320353379,142.58395011901857,2.0976037720401561,1
2013-03-18,183414.30037181219,2008.7240531124285,1170.5851125363802,-0.0054587269772404801,-0.0067574074224521219,0.98904816009961916,142.69030014038086,1.9358295811470716,1
2013-03-19,182992.88901683062,2008.7240531124285,1170.5851125363802,-0.0022975926856700912,-0.0090394743382543608,0.98902293928521079,142.80455017089844,1.8587585820553729,1
2013-03-20,184257.12308177527,2008.7240531124285,1170.5851125363802,0.006908651323759063,-0.0021932735908481993,0.98909825563584342,142.92565017700196,2.0054374233402839,1
2013-03-21,182700.24273869654,2008.7240531124285,1170.5851125363802,-0.0084494988146958105,-0.010624240342937852,0.98900535640784348,143.05665016174316,1.7859215628837306,1
2013-03-22,184151.77470845773,2008.7240531124285,1170.5851125363802,0.0079448825464190076,-0.002763766138188406,0.98909201903542565,143.19415016174315,1.9687544621158002,1
2013-03-25,183390.88366828227,2008.7240531124285,1170.5851125363802,-0.0041318691681362374,-0.0068842157862304409,0.98904676168775207,143.32355010986328,1.8526208915725497,1
2013-03-26,184842.41563804346,2008.7240531124285,1170.5851125363802,0.0079149625146401892,0,0.98913277536338895,143.44465011596679,2.0265815113222811,1
2013-03-27,184842.41563804346,2008.7240531124285,1170.5851125363802,0,0,0.98913277536338895,143.56535011291504,2.0036327288764042,1
2013-03-28,185404.29149078176,2008.7240531124285,1170.5851125363802,0.0030397560581472138,0,0.98916570896519773,143.68320007324218,2.053437723961594,1
2013-04-01,184678.53443675683,2008.7240531124285,1170.5851125363802,-0.003914456608254957,-0.003914456608254957,0.98912313193713197,143.80640007019042,1.9360139410097188,1
2013-04-02,185579.88997468899,2008.7240531124285,1170.5851125363802,0.0048806730066446313,0,0.98917596053437462,143.92590011596678,2.0327865613362941,1
2013-04-03,183718.64607085555,2008.7240531124285,1170.5851125363802,-0.010029340485584348,-0.010029340485584348,0.98906630276200858,144.04170005798341,1.7655583403361623,1
2013-04-04,184456.12040750112,2008.7240531124285,1170.5851125363802,0.0040141507267648091,-0.0060554490432187524,0.9891100167960013,144.15365005493163,1.8443947315115605,1
2013-04-05,183636.7144010679,2008.7240531124285,1170.5851125363802,-0.0044422814738973582,-0.010470830508015228,0.98906142456499557,144.25875007629395,1.7155623991669062,1
2013-04-08,184865.83234157338,2008.7240531124285,1170.5851125363802,0.0066932037229823216,-0.0038477101867718799,0.98913415189995224,144.36780014038087,1.8586713046385821,1
2013-04-09,185497.94044319002,2008.7240531124285,1170.5851125363802,0.0034192803159467378,-0.00044158627052826027,0.98917117867555182,144.47305015563964,1.9179527527457245,1
2013-04-10,187745.46171585453,2008.7240531124285,1170.5851125363802,0.012116152164788119,0,0.98930081166940498,144.58900016784668,2.184120658628073,1
2013-04-11,188354.17097565261,2008.7240531124285,1170.5851125363802,0.0032422049206140002,0,0.98933538852520497,144.72275016784667,2.2357092788894106,1
2013-04-12,187897.64349623187,2008.7240531124285,1170.5851125363802,-0.0024237715419626049,-0.0024237715419626049,0.98930947714012851,144.84945014953612,2.1471473477667384,1
2013-04-15,183589.88099400813,2008.7240531124285,1170.5851125363802,-0.022926112441160718,-0.025294316324220634,0.98905863415654161,144.96845008850099,1.5699296276296992,1
2013-04-16,186270.53090427475,2008.7240531124285,1170.5851125363802,0.014601294449088531,-0.011062351635670375,0.98921609315568693,145.09560012817383,1.9063690560367035,1
2013-04-17,183578.18157309882,2008.7240531124285,1170.5851125363802,-0.014453973573305356,-0.025356430270775165,0.98905793686428589,145.20530014038087,1.5374171535046994,1
2013-04-18,182442.71258500163,2008.7240531124285,1170.5851125363802,-0.0061852066425718277,-0.031384802152404245,0.98898983672928809,145.31205017089843,1.3766484214811201,1
2013-04-19,184011.29234898966,2008.7240531124285,1170.5851125363802,0.0085976564465803929,-0.023056981452374226,0.98908369140029317,145.40895011901856,1.5689123512718521,1
2013-04-22,184818.99893451357,2008.7240531124285,1170.5851125363802,0.004389440317565052,-0.018768748378797606,0.98913139847800935,145.50725013732909,1.6576066593496352,1
2013-04-23,186703.6416801656,2008.7240531124285,1170.5851125363802,0.010197234897478369,-0.0087629028172695467,0.98924110941256571,145.60910011291503,1.8826452733617765,1
2013-04-24,186820.70733610375,2008.7240531124285,1170.5851125363802,0.00062701324347314014,-0.008141384029913934,0.98924785115228897,145.71455017089843,1.8739088683041127,1
2013-04-25,187569.88109365859,2008.7240531124285,1170.5851125363802,0.0040101216200141288,-0.0041639103500149544,0.98929079636133355,145.82970016479493,1.9482028471747062,1
2013-04-26,187242.11869108531,2008.7240531124285,1170.5851125363802,-0.0017474148869861539,-0.0059040491580674148,0.98927205018211495,145.94430015563964,1.8830880385200535,1
2013-04-29,188482.93605250007,2008.7240531124285,1170.5851125363802,0.00662680688559103,0,0.98934267422196287,146.07010017395021,2.0219123988287748,1
2013-04-30,188927.74624930019,2008.7240531124285,1170.5851125363802,0.0023599494262771525,0,0.98936776575706453,146.19770011901855,2.0556744103285722,1
2013-05-01,187288.93423643379,2008.7240531124285,1170.5851125363802,-0.0086742791643950046,-0.0086742791643950046,0.9892747317864673,146.32155014038085,1.8252478666055396,1
2013-05-02,189009.69578079917,2008.7240531124285,1170.5851125363802,0.0091877373929261097,0,0.98937237560848712,146.44155014038085,2.0235752033509184,1
2013-05-03,190906.03794736048,2008.7240531124285,1170.5851125363802,0.01003304173750208,0,0.9894779438371335,146.57125015258788,2.2375082696548603,1
2013-05-06,191385.98213031111,2008.7240531124285,1170.5851125363802,0.0025140335429461036,0,0.98950433030280793,146.69835014343261,2.2643171353170617,1
2013-05-07,192345.87049621239,2008.7240531124285,1170.5851125363802,0.00501545805610637,0,0.98955670819482455,146.82450019836426,2.3470742767098374,1
2013-05-08,193212.09204799405,2008.7240531124285,1170.5851125363802,0.004503458013145778,0,0.98960352826875109,146.95255020141602,2.4133029704172557,1
2013-05-09,192673.63289878567,2008.7240531124285,1170.5851125363802,-0.0027868812117340935,-0.0027868812117340935,0.98957447356500694,147.08460021972655,2.3086194290571846,1
2013-05-10,193294.04157949303,2008.7240531124285,1170.5851125363802,0.0032199978345417435,0,0.98960793598861996,147.22620025634765,2.3505409963862309,1
2013-05-13,193446.20549815908,2008.7240531124285,1170.5851125363802,0.00078721473989906698,0,0.98961611033961816,147.37425025939942,2.3374673236740726,1
2013-05-14,195424.49719621937,2008.7240531124285,1170.5851125363802,0.010226572772341624,0,0.98972122696012088,147.53060020446776,2.5414859140420143,1
2013-05-15,196466.3172319083,2008.7240531124285,1170.5851125363802,0.0053310616152839607,0,0.98977573315663392,147.68035018920898,2.6193085754098222,1
2013-05-16,195553.26227306682,2008.7240531124285,1170.5851125363802,-0.0046473867465215424,-0.0046473867465215424,0.98972799517756194,147.81365020751954,2.4615128018590164,1
2013-05-17,197426.20559780954,2008.7240531124285,1170.5851125363802,0.0095776634098150293,0,0.98982544365359204,147.95495025634764,2.6305137127499147,1
2013-05-20,197414.48831518897,2008.7240531124285,1170.5851125363802,-5.9350189024254263e-05,-5.9350189024254263e-05,0.98982483975590818,148.10105018615724,2.5780329173704999,1
2013-05-21,197695.43517241377,2008.7240531124285,1170.5851125363802,0.0014231319069968329,0,0.98983929977259921,148.24895019531249,2.5609578832570734,1
2013-05-22,196243.90320265258,2008.7240531124285,1170.5851125363802,-0.0073422634594232372,-0.0073422634594232372,0.98976414543162583,148.39540016174317,2.3546583426005081,1
2013-05-23,195682.02734991428,2008.7240531124285,1170.5851125363802,-0.002863150618025001,-0.01018439207128663,0.98973475448759285,148.52590011596681,2.2518968817206719,1
2013-05-24,195518.14614862762,2008.7240531124285,1170.5851125363802,-0.00083748724145016329,-0.011013350014315137,0.98972615026952304,148.65435012817383,2.1969026929085755,1
2013-05-28,196677.03184025473,2008.7240531124285,1170.5851125363802,0.0059272538864303392,-0.0051513750495597588,0.98978668716770157,148.78425010681153,2.2867486389828011,1
2013-05-29,195412.79777531009,2008.7240531124285,1170.5851125363802,-0.0064279700233196291,-0.011546232188482053,0.9897206115669962,148.90790008544923,2.1118392546613589,1
2013-05-30,196126.85540842573,2008.7240531124285,1170.5851125363802,0.003654098611989065,-0.007934324647506652,0.98975803671083518,149.03400009155274,2.1552180685478213,1
2013-05-31,193340.85712484151,2008.7240531124285,1170.5851125363802,-0.01420508312226032,-0.022026700028630164,0.98961045232247313,149.14705009460448,1.8249691888648281,1
2013-06-03,194394.39444315105,2008.7240531124285,1170.5851125363802,0.0054491188979743921,-0.016697607238041812,0.98966675937921722,149.26495010375976,1.9124887239232533,1
2013-06-04,193469.62220168897,2008.7240531124285,1170.5851125363802,-0.0047571960298089522,-0.021375369476990702,0.98961736715948934,149.37880012512207,1.7885832007026965,1
2013-06-05,190788.99015313364,2008.7240531124285,1170.5851125363802,-0.013855570802535633,-0.034934772334307529,0.98947148862468337,149.48040016174318,1.4829250341916704,1
2013-06-06,192498.03441487841,2008.7240531124285,1170.5851125363802,0.008957771936279002,-0.026289938121245027,0.98956496330355681,149.58410011291505,1.6459043351351315,1
2013-06-07,194921.15417145015,2008.7240531124285,1170.5851125363802,0.012587763630611093,-0.014033106017567465,0.9896946841831975,149.69720016479494,1.8781406495414654,1
2013-06-10,194921.15417145015,2008.7240531124285,1170.5851125363802,0,-0.014033106017567465,0.9896946841831975,149.81025016784668,1.8520078056198208,1
2013-06-11,192931.16305248058,2008.7240531124285,1170.5851125363802,-0.010209210628925325,-0.024099049711381437,0.98958838986231568,149.91695022583008,1.6220214328536422,1
2013-06-12,191350.86600587194,2008.7240531124285,1170.5851125363802,-0.0081909890636940874,-0.032092643722444136,0.98950240416967439,150.01660018920899,1.4397145821004935,1
2013-06-13,194230.51324186439,2008.7240531124285,1170.5851125363802,0.015049042087450504,-0.017526565181070319,0.98965804074969888,150.13435020446778,1.719935189213877,1
2013-06-14,193024.79414317754,2008.7240531124285,1170.5851125363802,-0.0062076708677870629,-0.023625436900770458,0.98959344025191676,150.24270019531249,1.575349695653145,1
2013-06-17,194499.74281646861,2008.7240531124285,1170.5851125363802,0.0076412394575435805,-0.016164725063874785,0.98967235625083638,150.35720024108886,1.7070578098256346,1
2013-06-18,196021.50703510817,2008.7240531124285,1170.5851125363802,0.0078239909040676014,-0.0084672068216736784,0.98975253234456217,150.47890029907228,1.8395476729732028,1
2013-06-19,193340.85712484151,2008.7240531124285,1170.5851125363802,-0.013675284670607857,-0.022026700028630164,0.98961045232247313,150.58860031127929,1.5455040040807513,1
2013-06-20,188599.98384672691,2008.7240531124285,1170.5851125363802,-0.024520804079467662,-0.046007391712178602,0.98934928830776092,150.68315025329591,1.0484586143752845,1
2013-06-21,189195.82738731388,2990.8449625304515,1170.5851125363802,0.0031592979407208954,-0.042993444829351857,0.98419180272719375,150.77270027160645,0.99879032866187933,1
2013-06-24,186842.93987962051,2990.8449625304515,1170.5851125363802,-0.012436254753529274,-0.054895022150251438,0.98399273226776784,150.85285026550292,0.74872561866531706,1
2013-06-25,188610.53483104569,2990.8449625304515,1170.5851125363802,0.0094603250867493216,-0.045954021818687796,0.98414274703579208,150.94115028381347,0.92158764116008263,1
2013-06-26,190448.34416963792,2990.8449625304515,1170.5851125363802,0.0097439378995372028,-0.036657857053985721,0.98429576809622232,151.02300025939942,1.1000817498497411,1
2013-06-27,191548.69703329593,2990.8449625304515,1170.5851125363802,0.0057776971937224531,-0.031091957858091934,0.984385981169005,151.1067502593994,1.2010000001929186,1
2013-06-28,190776.1065722112,2990.8449625304515,1170.5851125363802,-0.0040333892793352755,-0.034999941167928816,0.98432274871172942,151.19130027770996,1.1102290870125771,1
2013-07-01,191876.45943586921,2990.8449625304515,1170.5851125363802,0.0057677708358174762,-0.02943404197203503,0.98441265295740943,151.27855026245118,1.2106782649051333,1
2013-07-02,191700.87881367328,2990.8449625304515,1170.5851125363802,-0.00091507120108513806,-0.030322178928979926,0.98439837636092709,151.36265029907227,1.1804498171510607,1
2013-07-03,191782.81048346093,2990.8449625304515,1170.5851125363802,0.00042739329258512093,-0.029907745132285557,0.98440504154157038,151.43610031127929,1.1768898088127595,1
2013-07-05,193819.6350094903,2990.8449625304515,1170.5851125363802,0.010620474905413957,-0.019604904683526492,0.98456892686654784,151.51500030517579,1.3698496931063755,1
2013-07-08,194908.27059052771,2990.8449625304515,1170.5851125363802,0.0056167455943465505,-0.014098274851188752,0.98465511518075211,151.60105026245117,1.4635883820989257,1
2013-07-09,196289.57031141053,2990.8449625304515,1170.5851125363802,0.00708692205157746,-0.0071112661745434957,0.98476309791811401,151.69360031127928,1.5837921944521651,1
2013-07-10,196359.8025602889,2990.8449625304515,1170.5851125363802,0.00035779918804124122,-0.0067560113917655151,0.98476854771937261,151.78605033874513,1.5715011219088815,1
2013-07-11,198993.61906349575,2990.8449625304515,1170.5851125363802,0.013413216294094532,0,0.98497014639662328,151.88970031738282,1.8096896891929917,1
2013-07-12,199075.55073328342,2990.8449625304515,1170.5851125363802,0.00041173013573625461,0,0.9849763320934497,151.99790031433105,1.7928170266747923,1
2013-07-15,199824.72449083824,2990.8449625304515,1170.5851125363802,0.0037632635187760943,0,0.98503265814502561,152.11040031433106,1.8404293650313617,1
2013-07-16,199087.26801590403,2990.8449625304515,1170.5851125363802,-0.0036905166606048256,-0.0036905166606048256,0.98497721631153468,152.22750030517579,1.7449382265687194,1
2013-07-17,199590.61104067325,2990.8449625304515,1170.5851125363802,0.0025282532116970291,-0.001171594009507726,0.98501510192821162,152.35080032348634,1.770491268485223,1
2013-07-18,200667.54720080135,2990.8449625304515,1170.5851125363802,0.0053957255529852866,0,0.985095522398858,152.47195030212401,1.8486699034850322,1
2013-07-19,201018.72630690451,2990.8449625304515,1170.5851125363802,0.0017500543112323186,0,0.98512156047609123,152.59795028686523,1.8563297877162439,1
2013-07-22,201405.02153744688,2990.8449625304515,1170.5851125363802,0.0019216877832197721,0,0.98515009735259074,152.72370025634766,1.8666916373216589,1
2013-07-23,200983.61018246535,2990.8449625304515,1170.5851125363802,-0.002092357736488637,-0.002092357736488637,0.98511896089529305,152.8469002532959,1.8018708758050879,1
2013-07-24,200257.85312844042,2990.8449625304515,1170.5851125363802,-0.0036110260601152078,-0.0056958282382904013,0.98506503033060988,152.96405029296875,1.7108171024383811,1
2013-07-25,200737.77944967971,2990.8449625304515,1170.5851125363802,0.0023965418271585381,-0.0033129367017450395,0.98510073703749335,153.07805023193359,1.7326306005641845,1
2013-07-26,200948.49405802615,2990.8449625304515,1170.5851125363802,0.0010497008033272248,-0.0022667134907351505,0.98511636040593165,153.19290023803711,1.7291336164809887,1
2013-07-29,200339.78479822807,2990.8449625304515,1170.5851125363802,-0.0030291805004635242,-0.0052890277068924352,0.98507113818883918,153.30765022277831,1.6515568288224434,1
2013-07-30,200339.78479822807,2990.8449625304515,1170.5851125363802,0,-0.0052890277068924352,0.98507113818883918,153.42960021972655,1.6313611200301639,1
2013-07-31,200480.26715769613,2990.8449625304515,1170.5851125363802,0.00070122047704868073,-0.0045915160043753511,0.98508159927691097,153.55675025939942,1.6246196442566641,1
2013-08-01,202762.90455479981,2990.8449625304515,1170.5851125363802,0.011385845746644918,0,0.98524954567455347,153.6932502746582,1.8094644902811261,1
2013-08-02,203102.36637828237,2990.8449625304515,1170.5851125363802,0.0016741811044180821,0,0.98527419933177962,153.83355026245118,1.8163029784926046,1
2013-08-05,202809.72010014829,2990.8449625304515,1170.5851125363802,-0.0014408806916066386,-0.0014408806916066386,0.98525295059303097,153.96665023803712,1.7664352817993609,1
2013-08-06,201674.25111205108,2990.8449625304515,1170.5851125363802,-0.0055986911649822391,-0.0070315048105908939,0.98516992156391481,154.08760025024415,1.6432986492646533,1
2013-08-07,201030.42572781382,2990.8449625304515,1170.5851125363802,-0.0031924025039742343,-0.010201459921001188,0.98512242636057534,154.20250022888183,1.56642208712683,1
2013-08-08,201756.20064355005,2990.8449625304515,1170.5851125363802,0.0036102739826999741,-0.006628016003639603,0.98517594525972219,154.32240020751954,1.6112471766967478,1
2013-08-09,201182.60750819117,2990.8449625304515,1170.5851125363802,-0.0028430012734640409,-0.0094521738191647442,0.98513368029386594,154.45200019836426,1.5424986561087162,1
2013-08-12,200948.49405802615,2990.8449625304515,1170.5851125363802,-0.0011636863298707389,-0.010604860783574477,0.98511636040593165,154.58050018310547,1.5047657716034939,1
2013-08-13,201533.78661429434,2990.8449625304515,1170.5851125363802,0.0029126496270193147,-0.0077230994003610887,0.98515958533417292,154.72145019531251,1.5399409886548352,1
2013-08-14,200515.3832821353,2990.8449625304515,1170.5851125363802,-0.0050532635210597254,-0.012737336064951421,0.98508421192641271,154.86005020141602,1.4354308056561684,1
2013-08-15,197752.80170208099,2990.8449625304515,1170.5851125363802,-0.01377740468005495,-0.026339253311493671,0.98487584025719022,154.98480026245116,1.1800670098317467,1
2013-08-16,197108.97631784374,2990.8449625304515,1170.5851125363802,-0.0032557080288915241,-0.029509208421903965,0.98482643957468674,155.10720024108886,1.1125625423019965,1
2013-08-19,195868.15895642899,2990.8449625304515,1170.5851125363802,-0.0062950829769107264,-0.035618528483215783,0.98473031564463842,155.2243002319336,0.99307046938961274,1
2013-08-20,196816.33003970963,2990.8449625304515,1170.5851125363802,0.0048408638153971673,-0.030950089113510715,0.98480387800175417,155.33805023193361,1.0669178351325903,1
2013-08-21,195622.32822364336,2990.8449625304515,1170.5851125363802,-0.0060665790070639769,-0.036828906959691876,0.98471112684482931,155.45305023193359,0.95146012892331699,1
2013-08-22,197378.20589244794,2990.8449625304515,1170.5851125363802,0.0089758550813134885,-0.028183622810051712,0.98484713674943336,155.57410018920899,1.0977907762353056,1
2013-08-23,198033.7306975945,2990.8449625304515,1170.5851125363802,0.0033211610277974479,-0.024956064131953282,0.98489729526381753,155.69240013122558,1.1452859443625267,1
2013-08-26,197307.97364356957,2990.8449625304515,1170.5851125363802,-0.0036648153396311445,-0.028529420104936754,0.98484174305122962,155.82380012512206,1.0710241469804338,1
2013-08-27,194182.51353650278,2990.8449625304515,1170.5851125363802,-0.015840515967757263,-0.043918015337970906,0.98459776368087737,155.95025016784669,0.78242578125727047,1
2013-08-28,194861.45504517923,2990.8449625304515,1170.5851125363802,0.0034964091066254088,-0.040575161580118091,0.98465142856581356,156.07900016784669,0.83631810738469115,1
2013-08-29,195165.80074422262,2990.8449625304515,1170.5851125363802,0.0015618568534903066,-0.039076677320823205,0.98467536345442952,156.20850013732911,0.85650598448237714,1
2013-08-30,194557.09148442454,2990.8449625304515,1170.5851125363802,-0.0031189340421164946,-0.042073733783790979,0.98462741738319071,156.33780014038086,0.7932730273353874,1
2013-09-03,195423.33089791753,2990.8449625304515,1170.5851125363802,0.0044523661763433697,-0.037808695276659088,0.98469555836148981,156.48010017395021,0.86724004292975421,1
2013-09-04,197015.32736543546,2990.8449625304515,1170.5851125363802,0.0081463992052694945,-0.029970300796543503,0.98481922699860369,156.630350189209,1.0105750850552031,1
2013-09-05,197261.15809822109,2990.8449625304515,1170.5851125363802,0.0012477746583119398,-0.028759922320067521,0.98483814557632665,156.77830024719239,1.027848182270735,1
2013-09-06,197354.78918891805,2990.8449625304515,1170.5851125363802,0.00047465548514291633,-0.028298917889806097,0.98484533881938152,156.912850189209,1.0291602535096849,1
2013-09-09,199216.03309275149,2990.8449625304515,1170.5851125363802,0.0094309538242407509,-0.019134849853460145,0.98498692642304564,157.05505020141601,1.2001933441011776,1
2013-09-10,200667.54720080135,2990.8449625304515,1170.5851125363802,0.007286130968053417,-0.011988137907492979,0.985095522398858,157.20215019226075,1.3317417953242603,1
2013-09-11,201287.95588150874,2990.8449625304515,1170.5851125363802,0.0030917240448780081,-0.0089334778768370704,0.98514146090146071,157.34240013122559,1.3810225058675878,1
2013-09-12,200761.1961532096,2990.8449625304515,1170.5851125363802,-0.0026169460859805094,-0.011527045532853553,0.98510247488141078,157.481900100708,1.3193410184599332,1
2013-09-13,201206.02421172106,2990.8449625304515,1170.5851125363802,0.002215707352988705,-0.0093368787394103592,0.98513541046174991,157.62690010070801,1.3534721389054041,1
2013-09-16,202353.19262072755,2990.8449625304515,1170.5851125363802,0.0057014615417247949,-0.0036886510527379679,0.98521967988844028,157.77115005493164,1.4552288328003988,1
2013-09-17,203242.84873775044,2990.8449625304515,1170.5851125363802,0.0043965509290992966,0,0.98528437787058565,157.91590011596679,1.5303642265834565,1
2013-09-18,205560.60225929329,2990.8449625304515,1170.5851125363802,0.011403862600516401,0,0.98545030064293249,158.07040016174315,1.7441791123112036,1
2013-09-19,205221.12257409943,2990.8449625304515,1170.5851125363802,-0.0016514822464163137,-0.0016514822464163137,0.98542623232435278,158.22695014953612,1.6959441320549611,1
2013-09-20,203814.08712798366,3971.795286835938,1170.5851125363802,-0.0068561921329892694,-0.0084963514998198653,0.98051265571087898,158.37430015563965,1.4474317476795022,1
2013-09-23,202889.31488652158,3971.795286835938,1170.5851125363802,-0.0045373323036369539,-0.012995133033333661,0.98042383213203022,158.51645011901854,1.3453404799944304,1
2013-09-24,202421.08798619156,3971.795286835938,1170.5851125363802,-0.002307794772691163,-0.015272937705940182,0.98037854985194595,158.65420013427735,1.2889565499688509,1
2013-09-25,201847.49485083265,3971.795286835938,1170.5851125363802,-0.0028336629402863078,-0.018063322288659811,0.98032279127481303,158.78735008239747,1.2219683619406856,1
2013-09-26,202608.38589100807,3971.795286835938,1170.5851125363802,0.0037696333102261725,-0.014361781079826219,0.98039668857056816,158.92345008850097,1.2901603498977261,1
2013-09-27,201695.33093216663,3971.795286835938,1170.5851125363802,-0.0045065013218782424,-0.018803561016283776,0.9803079463045592,159.05080009460448,1.1875550611787205,1
2013-09-30,200641.79361385709,3971.795286835938,1170.5851125363802,-0.0052234095526180191,-0.023928751868666054,0.98020454654387812,159.17330009460449,1.0707908397868031,1
2013-10-01,202198.67395693582,3971.795286835938,1170.5851125363802,0.0077595017221336882,-0.016354925337865756,0.98035696669463901,159.30685005187988,1.2236070323626089,1
2013-10-02,202011.3760521193,3971.795286835938,1170.5851125363802,-0.00092630629643197793,-0.017266081963979718,0.98033875435900597,159.44224998474121,1.19661430040172,1
2013-10-03,200185.26613443636,3971.795286835938,1170.5851125363802,-0.0090396390211796573,-0.026149641836894943,0.9801594025198207,159.56149993896486,0.99712041334425916,1
2013-10-04,201671.91422863671,3971.795286835938,1170.5851125363802,0.0074263612048350858,-0.018917477317717757,0.98030565980380846,159.67909996032714,1.144858396370064,1
2013-10-07,199962.85210518062,3971.795286835938,1170.5851125363802,-0.0084744677016280745,-0.027231629468820517,0.98013733428473626,159.79479995727539,0.95565334172234895,1
2013-10-08,197680.21470807696,3971.795286835938,1170.5851125363802,-0.011415307258685115,-0.03833607930996441,0.97990797767646476,159.89659996032714,0.70396370791508467,1
2013-10-09,197820.697067545,3971.795286835938,1170.5851125363802,0.00071065462810970814,-0.037652668394039801,0.97992224602524891,160.01065002441408,0.71218998389973842,1
2013-10-10,201999.67663120999,3971.795286835938,1170.5851125363802,0.021125087645597063,-0.01732299666835746,0.98033761561862687,160.14474998474122,1.1609530863188329,1
2013-10-11,203275.61011706394,3971.795286835938,1170.5851125363802,0.0063165125169155623,-0.011115905076727994,0.98046103374355331,160.28729995727539,1.2957617732904845,1
2013-10-14,204071.61728167857,3971.795286835938,1170.5851125363802,0.0039159009984337523,-0.007243532862082791,0.98053724795372355,160.43419998168946,1.3791613375718199,1
2013-10-15,202620.08531191738,3971.795286835938,1170.5851125363802,-0.0071128557174986451,-0.014304866375448477,0.98039782047904245,160.58254997253417,1.2145549194593557,1
2013-10-16,205394.3841745923,3971.795286835938,1170.5851125363802,0.013692121678875457,-0.00080860866758558636,0.98066259064094097,160.73084999084472,1.52428163476655,1
2013-10-17,206740.54990932462,3971.795286835938,1170.5851125363802,0.0065540532675325558,0,0.98078850381031712,160.86665000915528,1.6653582827919422,1
2013-10-18,208110.13234758683,3971.795286835938,1170.5851125363802,0.0066246434909014162,0,0.98091493555824461,161.00995002746583,1.8079078019933665,1
2013-10-21,208121.83176849611,3971.795286835938,1170.5851125363802,5.6217449757589577e-05,0,0.980916008411583,161.15010002136231,1.7935136961299063,1
2013-10-22,209304.1341636531,3971.795286835938,1170.5851125363802,0.005680818706574442,0,0.98102380871401984,161.29730003356934,1.9130598315214251,1
2013-10-23,208320.84695593323,3971.795286835938,1170.5851125363802,-0.0046978871757547003,-0.0046978871757547003,0.9809342399242641,161.44240005493165,1.785771794888352,1
2013-10-24,208999.77060289838,3971.795286835938,1170.5851125363802,0.0032590288340599294,-0.0014541688914597728,0.98099617394134664,161.58855003356933,1.8496986512869087,1
2013-10-25,209936.24226526974,3971.795286835938,1170.5851125363802,0.0044807305753011839,0,0.98108094512896316,161.73290000915529,1.9398850354723394,1
2013-10-28,210264.00466784305,3971.795286835938,1170.5851125363802,0.0015612473531805282,0,0.98111043641012052,161.87869995117188,1.9590247811635793,1
2013-10-29,211364.35753150104,3971.795286835938,1170.5851125363802,0.0052331965492440347,0,0.98120877458611255,162.02969993591307,2.0660545656837486,1
2013-10-30,210334.23691672142,3971.795286835938,1170.5851125363802,-0.004873672301282328,-0.004873672301282328,0.98111674378333136,162.17579986572267,1.9282506820600203,1
2013-10-31,209748.94436045323,3971.795286835938,1170.5851125363802,-0.0027826784875727428,-0.0076427889257868475,0.98106405112575723,162.31949981689453,1.844408604127977,1
2013-11-01,210240.60582602446,3971.795286835938,1170.5851125363802,0.0023440473899420944,-0.0053166565952781353,0.98110833408593479,162.46054985046388,1.8840253890662064,1
2013-11-04,210966.36288004939,3971.795286835938,1170.5851125363802,0.0034520308347356643,-0.0018829790230471266,0.98117332435079141,162.60304985046386,1.9492029993146107,1
2013-11-05,210310.83807490283,3971.795286835938,1170.5851125363802,-0.0031072479811355969,-0.0049843761214148907,0.98111464286295436,162.73874984741212,1.853749600986389,1
2013-11-06,211364.35753150104,3971.795286835938,1170.5851125363802,0.0050093445789178848,0,0.98120877458611255,162.8777498626709,1.9556495801241649,1
2013-11-07,208742.24044920347,3971.795286835938,1170.5851125363802,-0.012405672900204001,-0.012405672900204001,0.98097272847944517,163.00534980773926,1.6346993222832493,1
2013-11-08,211504.8220292578,3971.795286835938,1170.5851125363802,0.013234415679880485,0,0.98122125420721373,163.14054977416993,1.9362617919631862,1
2013-11-11,211539.9560154083,3971.795286835938,1170.5851125363802,0.00016611435055424728,0,0.98122437310828114,163.27679977416992,1.9193439308412223,1
2013-11-12,211118.54466042673,3971.795286835938,1170.5851125363802,-0.0019921123314919909,-0.0019921123314919909,0.98118689529039549,163.40829978942872,1.8500453752999222,1
2013-11-13,212780.77337682305,3971.795286835938,1170.5851125363802,0.0078734377364619856,0,0.98133386196598649,163.54984977722168,2.0206036657236197,1
2013-11-14,213822.59341251198,3971.795286835938,1170.5851125363802,0.0048962132205616626,0,0.98142481005656201,163.69769981384277,2.1167236704911687,1
2013-11-15,214735.64837135343,3971.795286835938,1170.5851125363802,0.004270151924871346,0,0.98150379167613899,163.84174980163573,2.1922526660039696,1
2013-11-18,213998.17403470789,3971.795286835938,1170.5851125363802,-0.0034343358554522752,-0.0034343358554522752,0.98144005057635797,163.99114982604979,2.0836271760669862,1
2013-11-19,213541.64655528715,3971.795286835938,1170.5851125363802,-0.0021333241812927506,-0.0055603334850179431,0.98140037153919946,164.13104980468751,2.0070589369188014,1
2013-11-20,212886.12175014059,3971.795286835938,1170.5851125363802,-0.0030697749863835,-0.0086130394987531389,0.98134309905134387,164.26759979248047,1.9103137663636682,1
2013-11-21,214571.7671700668,3971.795286835938,1170.5851125363802,0.0079180615723959402,-0.00076317650343371568,0.98148966502341417,164.41234977722169,2.0785813184768185,1
2013-11-22,215625.28662666501,3971.795286835938,1170.5851125363802,0.0049098698794012297,0,0.98158010431442244,164.55739974975586,2.1695568269159464,1
2013-11-25,215414.5898800299,3971.795286835938,1170.5851125363802,-0.00097714303332108177,-0.00097714303332108177,0.98156208783700338,164.70169975280763,2.1177324080191462,1
2013-11-26,215473.10484628766,3971.795286835938,1170.5851125363802,0.00027163882581193732,-0.00070576963749535704,0.98156709492969296,164.84499969482422,2.0969680123967951,1
2013-11-27,215988.16515367749,3971.795286835938,1170.5851125363802,0.0023903693584275132,0,0.98161105130917725,164.98984970092772,2.1267949717037178,1
2013-11-29,215847.70065592075,3971.795286835938,1170.5851125363802,-0.00065033423315941086,-0.00065033423315941086,0.98159908456394773,165.13339973449706,2.0838279456387307,1
2013-12-02,215297.52422409173,3971.795286835938,1170.5851125363802,-0.0025489103203654162,-0.0031975869098862519,0.98155206242547455,165.2754997253418,1.9979825502341699,1
2013-12-03,214384.46926525026,3971.795286835938,1170.5851125363802,-0.0042408985525125287,-0.0074249248207011176,0.98147349339041079,165.4079997253418,1.8735405107731957,1
2013-12-04,214361.05256172037,3971.795286835938,1170.5851125363802,-0.00010922761154363858,-0.0075333414254407094,0.98147146956328579,165.54994972229005,1.8521325899189542,1
2013-12-05,213436.29818196961,3971.795286835938,1170.5851125363802,-0.004314003727353799,-0.01181484628980578,0.98139119109229633,165.69254974365234,1.7342974228547203,1
2013-12-06,215777.46840704235,3971.795286835938,1170.5851125363802,0.010968941295433909,-0.00097550134973933833,0.98159309534884553,165.83779975891113,1.9739223991406538,1
2013-12-09,216315.92755625077,3971.795286835938,1170.5851125363802,0.0024954373280192677,0,0.98163891428751537,165.99979972839355,2.0168873886781822,1
2013-12-10,215555.05437778664,3971.795286835938,1170.5851125363802,-0.0035174163412736714,-0.0035174163412736714,0.98157410273537415,166.15344970703126,1.9151319955908197,1
2013-12-11,213178.7680282747,3971.795286835938,1170.5851125363802,-0.011024034469389932,-0.014502674691674211,0.98136871076058974,166.28749969482422,1.6346183037152777,1
2013-12-12,212488.12709868894,3971.795286835938,1170.5851125363802,-0.0032397266199332142,-0.017695416610348458,0.98130815429046891,166.42009971618651,1.5448751557543974,1
2013-12-13,212464.71039515905,3971.795286835938,1170.5851125363802,-0.00011020240918691027,-0.017803668941993367,0.98130609417701009,166.55009971618654,1.5298526825761538,1
2013-12-16,213764.06058454289,3971.795286835938,1170.5851125363802,0.0061156047372159517,-0.011796944406898935,0.98141972380214448,166.68159973144532,1.6614387616749426,1
2013-12-17,213096.81849677573,3971.795286835938,1170.5851125363802,-0.0031213950836384008,-0.014881516566263686,0.98136154582290946,166.80339973449708,1.5706843794240903,1
2013-12-18,216667.10666235394,3971.795286835938,1170.5851125363802,0.016754300654339582,0,0.98166867436400751,166.93939971923828,1.9513152915023333,1
2013-12-19,216421.29379127963,3971.795286835938,1170.5851125363802,-0.0011345186394968731,-0.0011345186394968731,0.98164785351174177,167.07294975280763,1.9008983649635163,1
2013-12-20,217650.39887135298,5118.9686971215906,1170.5851125363802,0.0056792243431402767,0,0.97648077502422925,167.20354972839357,1.887081767051165,1
2013-12-23,218785.86785945017,5118.9686971215906,1170.5851125363802,0.0052169396150214542,0,0.97660283661278313,167.33604972839356,1.9880391145642302,1
2013-12-24,219254.09475978019,5118.9686971215906,1170.5851125363802,0.0021401149210917847,0,0.9766528022989488,167.47229972839355,2.0136398917826552,1
2013-12-26,220342.74820252892,5118.9686971215906,1170.5851125363802,0.004965259344148043,0,0.97676815443721121,167.6120997619629,2.1049365355042813,1
2013-12-27,220331.04878161961,5118.9686971215906,1170.5851125363802,-5.3096464507018659e-05,-5.3096464507018659e-05,0.97676692084284844,167.74769981384279,2.0737922149204646,1
2013-12-30,220295.93265718044,5118.9686971215906,1170.5851125363802,-0.00015937891928241577,-0.00021246692133225498,0.9767632173895483,167.88764984130859,2.0424100720283498,1
2013-12-31,221314.33598933945,5118.9686971215906,1170.5851125363802,0.0046228875852367679,0,0.97687014411317585,168.03624984741211,2.1252148417408554,1
2014-01-02,219242.39533887091,5118.9686971215906,1170.5851125363802,-0.0093619811893629334,-0.0093619811893629334,0.97665155642361279,168.17779983520506,1.8784311557021733,1
2014-01-03,219207.27921443171,5118.9686971215906,1170.5851125363802,-0.00016017031917991975,-0.0095206519970275627,0.97664781609686346,168.3137998199463,1.8530123740106639,1
2014-01-06,218586.87053372434,5118.9686971215906,1170.5851125363802,-0.0028302375857713891,-0.012323943875675925,0.97658153628064392,168.45379981994628,1.7679333813064149,1
2014-01-07,219897.92014401747,5118.9686971215906,1170.5851125363802,0.0059978424463094093,-0.0064000185030499424,0.97672115910069068,168.5931997680664,1.8882794153240017,1
2014-01-08,219944.75355107724,5118.9686971215906,1170.5851125363802,0.00021297794462582509,-0.0061884036212104254,0.9767261159246845,168.7360498046875,1.8727813035500642,1
2014-01-09,220085.21804883401,5118.9686971215906,1170.5851125363802,0.00063863536405817101,-0.0055537203905519084,0.97674096996379933,168.8732997894287,1.8660378109903681,1
2014-01-10,220670.5106051022,5118.9686971215906,1170.5851125363802,0.0026593905826892694,-0.0029090993195680648,0.97680266074934596,169.01304977416993,1.9063708652675646,1
2014-01-13,217802.58065173033,5118.9686971215906,1170.5851125363802,-0.012996435026627284,-0.015867726425902617,0.97649720824333619,169.13814979553223,1.5815167531517056,1
2014-01-14,220120.33417327318,5118.9686971215906,1170.5851125363802,0.010641533789946145,-0.0053950495828872791,0.97674468051146934,169.27624977111816,1.8110030795452965,1
2014-01-15,221279.21986490028,5118.9686971215906,1170.5851125363802,0.0052647825380587321,-0.00015867080766451824,0.97686647349784161,169.4154497528076,1.9121848408261031,1
2014-01-16,220998.27300767548,5118.9686971215906,1170.5851125363802,-0.0012696486249198502,-0.0014281179764116247,0.97683706470890019,169.56139976501464,1.8623341045338879,1
2014-01-17,220085.21804883401,5118.9686971215906,1170.5851125363802,-0.0041315026873977034,-0.0055537203905519084,0.97674096996379933,169.70029975891114,1.7467079004414146,1
2014-01-21,220717.32615045068,5118.9686971215906,1170.5851125363802,0.0028721061197141129,-0.0026975651451586202,0.97680758105219034,169.8453997039795,1.7966108696249619,1
2014-01-22,220857.80850991872,5118.9686971215906,1170.5851125363802,0.00063648088674406189,-0.0020628012070701418,0.9768223331941116,169.98584968566894,1.7927072793649177,1
2014-01-23,219090.21355849356,5118.9686971215906,1170.5851125363802,-0.0080033165381416804,-0.010049608494196338,0.97663533841161321,170.1160496520996,1.5881986118642251,1
2014-01-24,214524.9387642862,5118.9686971215906,1170.5851125363802,-0.020837419983565364,-0.030677620564897756,0.976138118362331,170.21714965820311,1.0892134778442819,1
2014-01-27,213494.81814950655,5118.9686971215906,1170.5851125363802,-0.0048018688210023086,-0.035332179476206926,0.97602298387618536,170.31124961853027,0.96927381642589883,1
2014-01-28,214735.65337263263,5118.9686971215906,1170.5851125363802,0.0058120156446004323,-0.029725515011479908,0.97616153341690959,170.41259963989259,1.0924768811886747,1
2014-01-29,212722.24555013314,5118.9686971215906,1170.5851125363802,-0.0093762157838112037,-0.038823017952258621,0.9759359032531687,170.52374969482423,0.8679316881132747,1
2014-01-30,214922.93341573785,5118.9686971215906,1170.5851125363802,0.010345358379953984,-0.028879297606412058,0.97618230583508891,170.63284965515138,1.0974733474282143,1
2014-01-31,213693.81547523238,5118.9686971215906,1170.5851125363802,-0.0057188775575099937,-0.034433017996964077,0.97604531190695643,170.74819961547851,0.95600741177825532,1
2014-02-03,208999.77560417759,5118.9686971215906,1170.5851125363802,-0.021966194298210007,-0.055642849931578975,0.97550730051109547,170.84834960937499,0.43207201039252541,1
2014-02-04,210427.89087040885,5118.9686971215906,1170.5851125363802,0.0068330947346850746,-0.049189968061784217,0.97567352561512821,170.94789962768556,0.58320927283250712,1
2014-02-05,210170.36071671394,5118.9686971215906,1170.5851125363802,-0.001223840397913345,-0.05035360778961151,0.97564371741255473,171.04289962768556,0.54664035842215752,1
2014-02-06,212874.40946879919,5118.9686971215906,1170.5851125363802,0.012865985207733521,-0.038135471354855288,0.97595310441543759,171.14139961242677,0.84462484116515124,1
2014-02-07,215449.69314403695,5118.9686971215906,1170.5851125363802,0.012097666796417883,-0.026499154784012657,0.9762405384643581,171.25039955139161,1.1285415909883632,1
2014-02-10,215835.98837457932,5118.9686971215906,1170.5851125363802,0.0017929718297817754,-0.024753695192271774,0.97628306226560457,171.35784950256348,1.1629123874388168,1
2014-02-11,218142.04247521289,5118.9686971215906,1170.5851125363802,0.010684289112302459,-0.014333881716001251,0.97653378212178765,171.47654945373534,1.4157149617080325,1
2014-02-12,218247.40871024175,5118.9686971215906,1170.5851125363802,0.0004830166337186359,-0.013857788585577291,0.97654511122320886,171.59039947509766,1.4149872532902545,1
2014-02-13,219347.74371218847,5118.9686971215906,1170.5851125363802,0.0050416864440649967,-0.0088859687663690456,0.97666277021824155,171.70704948425293,1.5271433966411925,1
2014-02-14,220530.04610734544,5118.9686971215906,1170.5851125363802,0.005390082319279621,-0.0035437825502266929,0.97678788542659678,171.83574951171875,1.6486259481519785,1
2014-02-18,220787.57626104035,5118.9686971215906,1170.5851125363802,0.0011677780794077108,-0.0023801428223994003,0.97681496040760296,171.95819953918456,1.6614603065755218,1
2014-02-19,219359.46099480905,5118.9686971215906,1170.5851125363802,-0.0064682772935684696,-0.008833024692194158,0.97666401679733006,172.06644958496094,1.4812409654982299,1
2014-02-20,220623.69505975372,5118.9686971215906,1170.5851125363802,0.0057632985566762329,-0.0031206334939775093,0.97679773835836092,172.17804962158203,1.609513349347222,1
2014-02-21,220377.86432696809,5118.9686971215906,1170.5851125363802,-0.0011142535379939922,-0.0042314098550600976,0.97677185631708119,172.28449958801269,1.5637178824972116,1
2014-02-24,221571.86614303436,5118.9686971215906,1170.5851125363802,0.0054179752567833361,0,0.9768970276496336,172.39234962463379,1.6807518109153128,1
2014-02-25,221489.91661153539,5118.9686971215906,1170.5851125363802,-0.00036985531117061932,-0.00036985531117061932,0.97688847973111292,172.50214958190918,1.6519954802602912,1
2014-02-26,221501.633894156,5118.9686971215906,1170.5851125363802,5.2902104077157119e-05,-0.00031697277321762751,0.97688970231448635,172.60934959411622,1.6340455560467895,1
2014-02-27,222637.10288225318,5118.9686971215906,1170.5851125363802,0.005126233012979764,0,0.97700756688417345,172.72074966430665,1.7417099496772077,1
2014-02-28,223187.26145237088,5118.9686971215906,1170.5851125363802,0.0024711001131230148,0,0.97706424343481624,172.82604965209961,1.7803285143984084,1
2014-03-03,221653.79781282204,5118.9686971215906,1170.5851125363802,-0.0068707489377751729,-0.0068707489377751729,0.97690556738646828,172.92034965515137,1.5876474809544747,1
2014-03-04,224697.32625010115,5118.9686971215906,1170.5851125363802,0.013731000629410683,0,0.97721838180030729,173.0315496826172,1.9025651878540417,1
2014-03-05,224896.32357582697,5118.9686971215906,1170.5851125363802,0.00088562391483160141,0,0.9772385398937139,173.13559967041016,1.8968597125164377,1
2014-03-06,225399.66660059619,5118.9686971215906,1170.5851125363802,0.0022381113962475219,0,0.97728936881618234,173.24184967041015,1.9239018878871279,1
2014-03-07,225493.31555300445,5118.9686971215906,1170.5851125363802,0.00041547955159226824,0,0.97729880070028796,173.34729965209962,1.9059444662975262,1
2014-03-10,225376.2677587776,5118.9686971215906,1170.5851125363802,-0.00051907434124953689,-0.00051907434124953689,0.97728701097046966,173.45844970703126,1.8666562973437861,1
2014-03-11,224287.61431602889,5118.9686971215906,1170.5851125363802,-0.0048303818923557396,-0.0053469489063064923,0.97717676603439729,173.56734970092774,1.7261996642063233,1
2014-03-12,224346.14714399798,5118.9686971215906,1170.5851125363802,0.00026097218140019862,-0.0050873721298262398,0.97718272070954726,173.67719970703126,1.7106397885538618,1
2014-03-13,221887.91126298704,5118.9686971215906,1170.5851125363802,-0.010957334958969001,-0.01598896304830788,0.97692993427183838,173.77159965515136,1.4303813619687706,1
2014-03-14,221279.21986490028,5118.9686971215906,1170.5851125363802,-0.0027432382170893277,-0.018688339730911441,0.97686647349784161,173.86879966735839,1.3506892393160812,1
2014-03-17,223234.09485943068,5118.9686971215906,1170.5851125363802,0.008834426457775546,-0.01001901403610661,0.97706905524290555,173.97129966735841,1.5415487486265294,1
2014-03-18,224790.97520250941,5118.9686971215906,1170.5851125363802,0.0069742050113763554,-0.003114683682629793,0.97722787272705214,174.09234970092774,1.6875119592271166,1
2014-03-19,223620.39008997305,5118.9686971215906,1170.5851125363802,-0.0052074382055676827,-0.0083059023653903052,0.97710866752775993,174.2038996887207,1.5456451524478643,1
2014-03-20,224896.32357582697,5118.9686971215906,1170.5851125363802,0.0057058011809234532,-0.0026474930119919637,0.9772385398937139,174.32484970092773,1.6615938768130674,1
2014-03-21,224047.64579689584,6084.7014149641045,1170.5851125363802,-0.0037736400730667974,-0.0064111423993354899,0.97284193103961458,174.44949966430664,1.4561411198556122,1
2014-03-24,223146.29025896365,6084.7014149641045,1170.5851125363802,-0.0040230529302204276,-0.010408402964340202,0.97273223136309928,174.56299964904784,1.3476574220836022,1
2014-03-25,224176.41087374327,6084.7014149641045,1170.5851125363802,0.0046163465840465268,-0.0058401051757634992,0.97285753040987433,174.67054962158204,1.4412176511273596,1
2014-03-26,222607.83110975524,6084.7014149641045,1170.5851125363802,-0.0069970776937430257,-0.012796319199852024,0.97266627420684004,174.77139961242676,1.2624892789307691,1
2014-03-27,222151.3036303345,6084.7014149641045,1170.5851125363802,-0.0020508150011832038,-0.01482089131766029,0.97261010259435976,174.87879959106445,1.2028677603228017,1
2014-03-28,223216.54036955335,6084.7014149641045,1170.5851125363802,0.00479509560291147,-0.010096863305537385,0.97274081300207238,174.99749961853027,1.3041235855554938,1
2014-03-31,224995.81688017648,6084.7014149641045,1170.5851125363802,0.0079710782528812363,-0.002206267940173201,0.97295637981480976,175.11149955749511,1.4774306593042748,1
2014-04-01,226447.34884993767,6084.7014149641045,1170.5851125363802,0.0064513731405690944,0,0.97312972995326907,175.23684959411622,1.6141506501019254,1
2014-04-02,227184.82318658321,6084.7014149641045,1170.5851125363802,0.0032567143770547702,0,0.97321695468201752,175.35904960632325,1.6728602267639139,1
2014-04-03,226892.17690844912,6084.7014149641045,1170.5851125363802,-0.0012881418486908602,-0.0012881418486908602,0.97318240982182791,175.47349960327148,1.6227485160991386,1
2014-04-04,224281.75924706084,6084.7014149641045,1170.5851125363802,-0.011505102101610043,-0.012778423746810486,0.97287027961885475,175.5882495880127,1.3349539349873876,1
2014-04-07,221870.3567731097,6084.7014149641045,1170.5851125363802,-0.010751665592629966,-0.023392700000513744,0.97257541970247752,175.71294960021973,1.0729432273447674,1
2014-04-08,222760.01289013261,6084.7014149641045,1170.5851125363802,0.0040098016245257995,-0.019476698462452147,0.97268494764378943,175.84309959411621,1.1599345888444166,1
2014-04-09,225089.46583258474,6084.7014149641045,1170.5851125363802,0.010457231135109657,-0.0092231396649131714,0.97296763137067577,175.9932495880127,1.4032475733844825,1
2014-04-10,220489.07491393821,6084.7014149641045,1170.5851125363802,-0.020438055160112101,-0.029472691787804317,0.97240361493040373,176.11619956970216,0.89995969815986654,1
2014-04-11,218557.5987612264,6084.7014149641045,1170.5851125363802,-0.0087599630660417649,-0.037974475162328103,0.97215973523935162,176.22304954528809,0.68187917583236757,1
2014-04-14,220231.5447602433,6084.7014149641045,1170.5851125363802,0.0076590610827751426,-0.030606262904407489,0.9723713447971849,176.33234954833983,0.8589068654405666,1
2014-04-15,221706.47557182307,6084.7014149641045,1170.5851125363802,0.0066971823368240369,-0.02411405629090313,0.97255514797540077,176.45124954223633,1.0155966134550203,1
2014-04-16,223965.71412710816,6084.7014149641045,1170.5851125363802,0.0101902235803355,-0.014169560335600573,0.97283199601028736,176.57509956359863,1.2597635264556257,1
2014-04-17,224270.05982615156,6084.7014149641045,1170.5851125363802,0.0013588941514086628,-0.012829921116859988,0.97286886435184072,176.70099952697754,1.2854522371007353,1
2014-04-21,225030.93300461568,6084.7014149641045,1170.5851125363802,0.0033926649819149279,-0.0094807837590390465,0.97296059997742934,176.82979949951172,1.3626725215108557,1
2014-04-22,226025.93749495613,6084.7014149641045,1170.5851125363802,0.0044216342929175312,-0.0051010700247141605,0.97307963199975722,176.95414947509767,1.4641876692078375,1
2014-04-23,225510.87718756631,6084.7014149641045,1170.5851125363802,-0.0022787663800811764,-0.0073682122579206144,0.97301814665949249,177.07164947509764,1.3934030106909818,1
2014-04-24,225955.70524607773,6084.7014149641045,1170.5851125363802,0.0019725348243022633,-0.0054102114888898711,0.97307126452798554,177.18514945983887,1.4310838217499622,1
2014-04-25,224152.99417021338,6084.7014149641045,1170.5851125363802,-0.0079781613564530174,-0.013345209305112071,0.97285469490385834,177.2906494140625,1.2133336945350592,1
2014-04-28,224843.65296151044,6084.7014149641045,1170.5851125363802,0.0030811936902908066,-0.01030513478952777,0.97293807792739562,177.38784942626953,1.2801823642719716,1
2014-04-29,225862.05629366948,6084.7014149641045,1170.5851125363802,0.004529384391087854,-0.005822426315103657,0.97306009909405644,177.48904945373536,1.3833800801077443,1
2014-04-30,226517.58109881604,6084.7014149641045,1170.5851125363802,0.002902323727604017,-0.0029370011535461149,0.97313806113658918,177.5898494720459,1.4434639102105968,1
2014-05-01,226540.99780234593,6084.7014149641045,1170.5851125363802,0.00010337698034867948,-0.0028339277915079286,0.97314083775567672,177.69389945983886,1.4313828650040219,1
2014-05-02,226224.93482068196,6084.7014149641045,1170.5851125363802,-0.0013951690189858423,-0.0042251430022370862,0.97310331233032665,177.79444946289061,1.380858776532903,1
2014-05-05,226646.34617566349,6084.7014149641045,1170.5851125363802,0.0018627979949052964,-0.0023702155952445292,0.97315332226777607,177.89219947814942,1.4141314354505889,1
2014-05-06,224726.58730557229,6084.7014149641045,1170.5851125363802,-0.0084702837812495879,-0.010820422977779631,0.9729239807006439,177.98024948120118,1.1819408789567643,1
2014-05-07,226014.23807404682,6084.7014149641045,1170.5851125363802,0.0057298550381297275,-0.005152567394763885,0.97307823849145891,178.07214950561524,1.3158975378762989,1
2014-05-08,225780.1067621705,6084.7014149641045,1170.5851125363802,-0.0010359139931689354,-0.0061831437712678294,0.97305032094181121,178.16484947204589,1.2760044948179396,1
2014-05-09,226107.88702645511,6084.7014149641045,1170.5851125363802,0.0014517676910741351,-0.0047403525685499881,0.97308938889755681,178.26204948425294,1.3004599471381089,1
2014-05-12,228250.04206409073,6084.7014149641045,1170.5851125363802,0.009474039432268766,0,0.97334194833026333,178.36634948730469,1.5288723112729994,1
2014-05-13,228449.05725152785,6084.7014149641045,1170.5851125363802,0.00087191741844772075,0,0.97336517170099457,178.47059951782228,1.5344778301251816,1
2014-05-14,227395.51993321834,6084.7014149641045,1170.5851125363802,-0.0046116947514891482,-0.0046116947514891482,0.97324177091637043,178.57294952392579,1.3998321799209656,1
2014-05-15,225452.34435959722,6084.7014149641045,1170.5851125363802,-0.0085453555733718822,-0.013117641753413678,0.97301114152417512,178.66699951171876,1.1669203377618373,1
2014-05-16,226213.23539977265,6084.7014149641045,1170.5851125363802,0.0033749528856608091,-0.0097869602906415221,0.97310192127259487,178.76369949340821,1.2415736979239806,1
2014-05-19,227020.94198529658,6084.7014149641045,1170.5851125363802,0.0035705540575312611,-0.0062513511038869707,0.97319762061705217,178.85409950256349,1.319841035489878,1
2014-05-20,225627.94284350445,6084.7014149641045,1170.5851125363802,-0.0061359940171613614,-0.012348986868075729,0.97303214602641463,178.93709953308107,1.1492834430745849,1
2014-05-21,227477.46946471732,6084.7014149641045,1170.5851125363802,0.0081972409884341069,-0.0042529735009620984,0.97325141065934062,179.02924957275391,1.345762519229571,1
2014-05-22,228015.9286139257,6084.7014149641045,1170.5851125363802,0.002367087828414105,-0.0018959528343567289,0.97331457739837701,179.12854957580566,1.3923933330241713,1
2014-05-23,228905.58473094858,6084.7014149641045,1170.5851125363802,0.0039017279294080165,0,0.97341829199092744,179.23439964294434,1.4778442596542722,1
2014-05-27,230275.16716921079,6084.7014149641045,1170.5851125363802,0.0059831761635347203,0,0.97357638910976041,179.34299964904784,1.614714452419175,1
2014-05-28,230111.28596792417,6084.7014149641045,1170.5851125363802,-0.00071167552846118642,-0.00071167552846118642,0.97355757067990023,179.45334968566894,1.5786196605606071,1
2014-05-29,231270.15379783994,6084.7014149641045,1170.5851125363802,0.0050361190457963723,0,0.9736900706163627,179.56964965820313,1.6900368707494404,1
2014-05-30,231633.03232485239,6084.7014149641045,1170.5851125363802,0.0015690676944404292,0,0.97373128800373066,179.68499961853027,1.7105242074443192,1
2014-06-02,231890.5624785473,6084.7014149641045,1170.5851125363802,0.0011118023673486466,0,0.97376046118510318,179.80579956054689,1.7197184420544256,1
2014-06-03,231773.51468432046,6084.7014149641045,1170.5851125363802,-0.00050475445389319695,-0.00050475445389319695,0.9737472099724096,179.93789955139161,1.6903228026029933,1
2014-06-04,232230.04216374119,6084.7014149641045,1170.5851125363802,0.0019697137528527087,0,0.97379881879936148,180.07469955444336,1.7256225965028982,1
2014-06-05,233704.97297532097,6084.7014149641045,1170.5851125363802,0.0063511628290531252,0,0.9739641765534589,180.22309951782228,1.8744755764781307,1
2014-06-06,234793.62641806967,6084.7014149641045,1170.5851125363802,0.0046582382432387437,0,0.97408489528531839,180.37209953308104,1.9764455921951001,1
2014-06-09,235027.7398682347,6084.7014149641045,1170.5851125363802,0.00099710308894063182,0,0.97411070957676993,180.52719955444337,1.9843857868494537,1
2014-06-10,235051.15657176459,6084.7014149641045,1170.5851125363802,9.9633785965114186e-05,0,0.97411328876781611,180.67489959716798,1.9663965884351073,1
2014-06-11,234255.14940714996,6084.7014149641045,1170.5851125363802,-0.0033865273254742867,-0.0033865273254742867,0.9740253248205506,180.81639961242675,1.8580510457441708,1
2014-06-12,232639.73623610215,6084.7014149641045,1170.5851125363802,-0.0068959558632375462,-0.010259129845745729,0.97384496082479721,180.95409957885741,1.6625412458672502,1
2014-06-13,233330.39502739921,6084.7014149641045,1170.5851125363802,0.0029687911552482849,-0.0073207959044438997,0.9739223798328992,181.1080995941162,1.7308725551212887,1
2014-06-16,233517.67507050443,6084.7014149641045,1170.5851125363802,0.00080263886358755698,-0.0065240329961616661,0.97394329395782575,181.25999954223633,1.741716540676481,1
2014-06-17,234149.80103383239,6084.7014149641045,1170.5851125363802,0.002706972665504237,-0.003834720709646855,0.97401363832854626,181.41329956054688,1.8024986819443825,1
2014-06-18,235823.72917113799,6084.7014149641045,1170.5851125363802,0.0071489624587113276,0,0.97419809517748568,181.57634956359863,1.9817098661362946,1
2014-06-19,236081.25932483291,6084.7014149641045,1170.5851125363802,0.0010920451245515217,0,0.97422624128503166,181.73679954528808,1.9968886628030953,1
2014-06-20,236545.98947366283,7181.5396654106926,1170.5851125363802,0.0019685177474866311,0,0.96963998552082697,181.88774955749511,1.9084227670448575,1
2014-06-23,236475.75722478447,7181.5396654106926,1170.5851125363802,-0.0002969073753253948,-0.0002969073753253948,0.96963096873146193,182.03734954833985,1.8853889067055125,1
2014-06-24,235094.45750390165,7181.5396654106926,1170.5851125363802,-0.005841189545572778,-0.0061363626286413675,0.96945253519942498,182.1806495666504,1.7130902767869347,1
2014-06-25,236124.5781186813,7181.5396654106926,1170.5851125363802,0.0043817307550202411,-0.0017815197624749812,0.96958580202607669,182.3203995513916,1.8174558640851086,1
2014-06-26,235960.69691739464,7181.5396654106926,1170.5851125363802,-0.00069404550171092705,-0.0024743288084085879,0.96956467852811601,182.45324958801268,1.7810880352156551,1
2014-06-27,236405.5249759061,7181.5396654106926,1170.5851125363802,0.0018851786095002154,-0.00059381475065078959,0.96962194658461287,182.58534965515136,1.8146784021720326,1
2014-06-30,236288.45931996792,7181.5396654106926,1170.5851125363802,-0.00049519001702735821,-0.0010887107165415966,0.96960689622303609,182.71919967651368,1.7840380455485314,1
2014-07-01,237821.92295951679,7181.5396654106926,1170.5851125363802,0.0064897949056086368,0,0.96980286940732041,182.85769966125488,1.9428141091571156,1
2014-07-02,238056.03640968181,7181.5396654106926,1170.5851125363802,0.00098440651413311819,0,0.96983256642544591,182.9922996520996,1.9476207023576728,1
2014-07-03,239191.50539777899,7181.5396654106926,1170.5851125363802,0.0047697550762506591,0,0.96997577462683005,183.12794960021972,2.0535614176922405,1
2014-07-07,238383.79881225509,7181.5396654106926,1170.5851125363802,-0.0033768196917389748,-0.0033768196917389748,0.96987404470776684,183.25024955749512,1.9337275343124891,1
2014-07-08,236897.16857976603,7181.5396654106926,1170.5851125363802,-0.0062362888748991319,-0.0095920497435619811,0.9696849915578768,183.36764961242676,1.7411159304462505,1
2014-07-09,237927.27133283435,7181.5396654106926,1170.5851125363802,0.0043483117980849251,-0.0052854471685447324,0.96981623995777888,183.49964958190918,1.8401290710747769,1
2014-07-10,237014.21637399288,7181.5396654106926,1170.5851125363802,-0.0038375380582758023,-0.0091027021221562476,0.96969996241036149,183.63169960021972,1.7186949121030826,1
2014-07-11,237330.27935565685,7181.5396654106926,1170.5851125363802,0.0013335190880079395,-0.007781321661180618,0.96974031427886775,183.76709960937501,1.7396127427063781,1
2014-07-14,238489.16504728395,7181.5396654106926,1170.5851125363802,0.0048830081638695511,-0.002936309754508426,0.96988735457232678,183.90989967346192,1.8568937604686171,1
2014-07-15,238056.03640968181,7181.5396654106926,1170.5851125363802,-0.0018161354941063079,-0.0047471125122477975,0.96983256642544591,184.04759963989258,1.7903835502838867,1
2014-07-16,238910.57640226549,7181.5396654106926,1170.5851125363802,0.0035896589957209457,-0.0011744940316601449,0.96994046988811922,184.19284965515138,1.8732458473339311,1
2014-07-17,236276.75989905864,7181.5396654106926,1170.5851125363802,-0.011024277547144523,-0.01218582363062215,0.9696053912857161,184.33134971618654,1.5578769290443237,1
2014-07-18,238617.93012413141,7181.5396654106926,1170.5851125363802,0.0099085928978921434,-0.0023979750982114911,0.96990360421920185,184.47319976806639,1.816522576812313,1
2014-07-21,238184.80148652924,7181.5396654106926,1170.5851125363802,-0.0018151554553208493,-0.0042087778559509736,0.96984887524061081,184.61399978637695,1.752397488337698,1
2014-07-22,239191.50539777899,7181.5396654106926,1170.5851125363802,0.004226566535592724,0,0.96997577462683005,184.76689979553223,1.859389897111926,1
2014-07-23,239706.56570516882,7181.5396654106926,1170.5851125363802,0.0021533386251877396,0,0.97004028803181075,184.91564979553223,1.9055587233684133,1
2014-07-24,239718.2651260781,7181.5396654106926,1170.5851125363802,4.8807260972782984e-05,0,0.9700417502119264,185.07174980163575,1.8964554334950403,1
2014-07-25,238629.62954504069,7181.5396654106926,1170.5851125363802,-0.0045413126132247683,-0.0045413126132247683,0.96990507977109686,185.23294982910156,1.7638648319895496,1
2014-07-28,238723.27849744895,7181.5396654106926,1170.5851125363802,0.00039244477974853531,-0.0041506500479044917,0.96991688573224988,185.39394981384277,1.7731267538662916,1
2014-07-29,237728.27400710853,7181.5396654106926,1170.5851125363802,-0.0041680245705533192,-0.0083013746070744743,0.96979097376866519,185.53284980773927,1.6430308362380217,1
2014-07-30,237763.3901315477,7181.5396654106926,1170.5851125363802,0.00014771538886493296,-0.0081548854589876818,0.96979543544766345,185.66644981384277,1.6371134528867777,1
2014-07-31,233209.81475824965,7181.5396654106926,1170.5851125363802,-0.019151709482181811,-0.027150414943998502,0.96920567141286385,185.77719978332519,1.0674050809031195,1
2014-08-01,232519.17382866389,7181.5396654106926,1170.5851125363802,-0.0029614573910694553,-0.030031467538061407,0.96911420444533936,185.89119979858398,0.9759340521435298,1
2014-08-04,234146.28642062101,7181.5396654106926,1170.5851125363802,0.00699775663729163,-0.023243863802061782,0.96932883380217372,186.00029975891113,1.1733957149096867,1
2014-08-05,231945.58069330498,7181.5396654106926,1170.5851125363802,-0.0093988495865472421,-0.032424247808923279,0.96903782497625313,186.0942497253418,0.88616257961846301,1
2014-08-06,232015.83080389467,7181.5396654106926,1170.5851125363802,0.00030287324457622944,-0.03213119500148387,0.96904719975129316,186.18264976501465,0.88704269468683994,1
2014-08-07,230798.41228429851,7181.5396654106926,1170.5851125363802,-0.0052471355742321757,-0.037209733839381198,0.96888392951089952,186.26579978942871,0.72262005209029723,1
2014-08-08,233385.41324215688,7181.5396654106926,1170.5851125363802,0.011208920079881945,-0.026417894692298494,0.96922884097319628,186.35494979858399,1.048584037576314,1
2014-08-11,234040.93804730344,7181.5396654106926,1170.5851125363802,0.0028087651067822961,-0.023683331246322492,0.96931502785226742,186.45109977722169,1.1248051365551506,1
2014-08-12,233724.87506563944,7181.5396654106926,1170.5851125363802,-0.0013504602412767186,-0.025001808090370115,0.96927353298020236,186.54299980163574,1.07441409915613,1
2014-08-13,235258.3387051883,7181.5396654106926,1170.5851125363802,0.0065609774702766188,-0.018604866919690655,0.96947381459489868,186.63744979858399,1.2647134484853042,1
2014-08-14,236335.2748653164,7181.5396654106926,1170.5851125363802,0.0045776747640713378,-0.014112359185406431,0.96961291677891359,186.73509979248047,1.3937460236161945,1
2014-08-15,236288.45931996792,7181.5396654106926,1170.5851125363802,-0.0001980895377347025,-0.014307653212433769,0.96960689622303609,186.82784980773926,1.3742692658227575,1
2014-08-18,238208.21819005915,7181.5396654106926,1170.5851125363802,0.0081246408547257509,-0.0062992569015328792,0.96985183920195073,186.93319984436036,1.6116723329485894,1
2014-08-19,239413.91942703471,7181.5396654106926,1170.5851125363802,0.0050615434099487988,-0.0012695974538415866,0.97000366694385376,187.04619987487794,1.7529383871169346,1
2014-08-20,240034.3281077421,7181.5396654106926,1170.5851125363802,0.0025913642873904852,0,0.97008119746027666,187.15974983215332,1.8150191500529229,1
2014-08-21,240713.26961641855,7181.5396654106926,1170.5851125363802,0.0028285183791365576,0,0.97016558465241809,187.27309982299803,1.8822255377797796,1
2014-08-22,240350.39108940607,7181.5396654106926,1170.5851125363802,-0.0015075135973631193,-0.0015075135973631193,0.97012054096163591,187.38769981384277,1.8148938951768909,1
2014-08-25,241532.67562285176,7181.5396654106926,1170.5851125363802,0.0049190039928244111,0,0.97026679869756205,187.50284980773927,1.9459404514168246,1
2014-08-26,241684.85740322911,7181.5396654106926,1170.5851125363802,0.0006300670498717853,0,0.97028552081180264,187.62984985351562,1.9460315301984761,1
2014-08-27,241591.20845082082,7181.5396654106926,1170.5851125363802,-0.00038748373983577,-0.00038748373983577,0.97027400247110973,187.74464988708496,1.9106143351523148,1
2014-08-28,241462.44337397336,7181.5396654106926,1170.5851125363802,-0.00053298742811525024,-0.00092026464398908825,0.97025815043920494,187.8587498474121,1.8717532746530756,1
2014-08-29,242129.68546174053,7181.5396654106926,1170.5851125363802,0.0027633369332462632,0,0.9703401107067251,187.9774998474121,1.9356390566525334,1
2014-09-02,242012.61980580239,7181.5396654106926,1170.5851125363802,-0.00048348328588831979,-0.00048348328588831979,0.97032576370945711,188.08864982604982,1.8964298590565265,1
2014-09-03,241883.85472895493,7181.5396654106926,1170.5851125363802,-0.00053205934860245385,-0.0010152853926886918,0.97030996684975923,188.19479980468751,1.855831630063524,1
2014-09-04,241544.39290547234,7181.5396654106926,1170.5851125363802,-0.0014034083583750467,-0.0024172688910574225,0.97026824105074061,188.29559982299804,1.7891782492171535,1
2014-09-05,242597.91236207058,7181.5396654106926,1170.5851125363802,0.0043615976505426701,0,0.97039735587381126,188.40404983520509,1.8991692129147739,1
2014-09-08,241989.2031022725,7181.5396654106926,1170.5851125363802,-0.0025091281861057135,-0.0025091281861057135,0.97032289220616363,188.51184982299804,1.7994806488167703,1
2014-09-09,240502.57286978341,7181.5396654106926,1170.5851125363802,-0.0061433742226126853,-0.0086370878952987118,0.97013944765863669,188.61609985351564,1.5935174087845234,1
2014-09-10,241380.51170418572,7181.5396654106926,1170.5851125363802,0.003650434271560421,-0.0050181827453977812,0.97024805517766177,188.71689987182617,1.6851900800983208,1
2014-09-11,241649.74127878991,7181.5396654106926,1170.5851125363802,0.0011153741149332319,-0.0039084057816027862,0.97028120275483598,188.81434989929198,1.6983519057937109,1
2014-09-12,240280.1588405277,7181.5396654106926,1170.5851125363802,-0.0056676346145230205,-0.0095538889802303517,0.97011180739989,188.90684989929198,1.5085627237206698,1
2014-09-15,240104.56035662047,7181.5396654106926,1170.5851125363802,-0.0007308072574722102,-0.010277714186298748,0.97008994891748757,188.99834991455077,1.4703567013193983,1
2014-09-16,241860.43802542504,7181.5396654106926,1170.5851125363802,0.0073129709248196395,-0.0030399038864971084,0.97030709228825696,189.09514991760253,1.6709144472182418,1
2014-09-17,242176.50100708901,7181.5396654106926,1170.5851125363802,0.001306799012870119,-0.0017370774170250014,0.97034584430964055,189.19389991760255,1.6898400815855681,1
2014-09-18,243429.03565112437,7181.5396654106926,1170.5851125363802,0.0051719908365457368,0,0.97049842617910587,189.30034996032714,1.8227590617376246,1
2014-09-19,243217.14759979158,8280.7190860823539,1170.5851125363802,-0.00087043047583057476,-0.00087043047583057476,0.96595339116587253,189.40509994506837,1.641268330918614,1
2014-09-22,241402.73710301795,8280.7190860823539,1170.5851125363802,-0.0074600434824571016,-0.0083239805090895569,0.96569749297188545,189.5021999359131,1.4019660404848382,1
2014-09-23,240068.27078919494,8280.7190860823539,1170.5851125363802,-0.0055279667904243324,-0.013805932611695493,0.96550681579510478,189.59754989624022,1.2251059048604345,1
2014-09-24,241882.68128596857,8280.7190860823539,1170.5851125363802,0.0075578938058284972,-0.0063523825784365107,0.96576555608670311,189.69064987182617,1.4355585908998769,1
2014-09-25,238113.39579466454,8280.7190860823539,1170.5851125363802,-0.015583114389441377,-0.021836507063512589,0.96522363196557337,189.76534988403321,0.95762307435302263,1
2014-09-26,239939.50571234748,8280.7190860823539,1170.5851125363802,0.0076690767925449155,-0.014334896120518636,0.96548830480625503,189.85109985351562,1.173384982799123,1
2014-09-29,239518.09435736592,8280.7190860823539,1170.5851125363802,-0.0017563233437963843,-0.016066042751627707,0.9654275844658009,189.94519981384278,1.1111211766146081,1
2014-09-30,238909.40295927916,8280.7190860823539,1170.5851125363802,-0.0025413169711453465,-0.018566530815669058,0.96533950115184974,190.03964981079102,1.0262561755712509,1
2014-10-01,235783.94285221238,8280.7190860823539,1170.5851125363802,-0.013082197972758336,-0.031405837756629529,0.96488005507960883,190.12084983825685,0.62601811560065512,1
2014-10-02,235819.05897665155,8280.7190860823539,1170.5851125363802,0.00014893348552225127,-0.031261581651990111,0.96488528483653124,190.19664985656738,0.62272197892031789,1
2014-10-03,238324.11040301097,8280.7190860823539,1170.5851125363802,0.010622769157125012,-0.02097089706024069,0.96525437954187898,190.28599990844725,0.93289483251451155,1
2014-10-06,238054.86296669545,8280.7190860823539,1170.5851125363802,-0.0011297532417522405,-0.022076958363056676,0.96521508116706334,190.35894989013673,0.88948894944046586,1
2014-10-07,234507.99150464713,8280.7190860823539,1170.5851125363802,-0.014899386712148521,-0.036647411935126106,0.96468896845283725,190.41779983520507,0.42795927182541593,1
2014-10-08,238464.57490076771,8280.7190860823539,1170.5851125363802,0.016871848889815633,-0.020393872641682687,0.96527484600373781,190.49319984436036,0.92769746011451637,1
2014-10-09,233899.30010656035,8280.7190860823539,1170.5851125363802,-0.019144456974823698,-0.039147899999167679,0.96459707625328583,190.5442498779297,0.33250831982358586,1
2014-10-10,231323.99856961126,8280.7190860823539,1170.5851125363802,-0.011010300312039534,-0.049727170175630664,0.96420293987097716,190.58229988098145,-0.0064280931458212363,0
2014-10-13,231117.8926547179,231117.8926547179,0,-0.000890983711883786,-0.050573847788849879,0,190.60004989624022,-0.48568521358741951,0
2014-10-14,231117.8926547179,231117.8926547179,0,0,-0.050573847788849879,0,190.61929985046388,-0.44542644593509867,0
2014-10-15,231117.8926547179,231117.8926547179,0,0,-0.050573847788849879,0,190.63234977722169,-0.64226876884251638,0
2014-10-16,231117.8926547179,231117.8926547179,0,0,-0.050573847788849879,0,190.64024978637696,-0.66856450361394837,0
2014-10-17,231117.8926547179,231117.8926547179,0,0,-0.050573847788849879,0,190.66799980163574,-0.3373402174241103,0
2014-10-20,231117.8926547179,231117.8926547179,0,0,-0.050573847788849879,0,190.70504981994628,-0.062388161648618226,0
2014-10-21,231117.8926547179,231117.8926547179,0,0,-0.050573847788849879,0,190.76359985351561,0.51106782869648348,1
2014-10-22,228957.65620096496,0,1188.2176205306089,-0.0093469026951550349,-0.059448041649802996,1,190.80964988708496,0.29151182758923155,1
2014-10-23,231619.25206726583,0,1188.2176205306089,0.011624838891452827,-0.048514276664941458,1,190.86669982910155,0.63133196457754437,1
2014-10-24,233401.57849806172,0,1188.2176205306089,0.0076950703142684151,-0.041192527120855527,1,190.93064979553222,0.85559906951223741,1
2014-10-27,233080.77279466714,0,1188.2176205306089,-0.0013744795791826858,-0.04251038841269561,1,190.99074981689452,0.80519332657360243,1
2014-10-28,235754.262440861,0,1188.2176205306089,0.011470228170854302,-0.031527764096566657,1,191.07434982299804,1.1449286126944409,1
2014-10-29,235397.7935285494,0,1188.2176205306089,-0.0015120359166401753,-0.032992128901521478,1,191.14654983520506,1.0872578276382856,1
2014-10-30,236906.83498323665,0,1188.2176205306089,0.0064106015271729877,-0.026793026766269379,1,191.2201498413086,1.2721534160565855,1
2014-10-31,239615.96970758546,0,1188.2176205306089,0.01143544349212422,-0.01566397341771375,1,191.30634986877442,1.6081996431382266,1
2014-11-03,239746.67437107433,0,1188.2176205306089,0.00054547559433704151,-0.015127042138586511,1,191.39699989318848,1.6064575199214906,1
2014-11-04,238914.9256628553,0,1188.2176205306089,-0.0034692815255976672,-0.018543843696355755,1,191.48144996643066,1.4814171776221021,1
2014-11-05,240423.94898678051,0,1188.2176205306089,0.0063161534162778921,-0.012344816041791606,1,191.57164993286133,1.6573055509007029,1
2014-11-06,241386.40235848838,0,1188.2176205306089,0.0040031509995737125,-0.0083910832048952333,1,191.67344993591308,1.7605898042163719,1
2014-11-07,241612.16660731111,0,1188.2176205306089,0.00093528155114319667,-0.0074636496790676521,1,191.7956999206543,1.7741488578680957,1
2014-11-10,242372.62515922022,0,1188.2176205306089,0.0031474348439790578,-0.0043397061861518704,1,191.92554992675781,1.8574872385865089,1
2014-11-11,242610.26505717394,0,1188.2176205306089,0.00098047334263773323,-0.003363487809744603,1,192.05109985351564,1.8709864545164099,1
2014-11-12,242348.87386095829,0,1188.2176205306089,-0.0010774119394908466,-0.0044372758873109097,1,192.18414985656739,1.824998251920344,1
2014-11-13,242622.15883706696,0,1188.2176205306089,0.0011276511079043594,-0.0033146284784769664,1,192.30894989013672,1.8442697826375749,1
2014-11-14,242681.5733442459,0,1188.2176205306089,0.00024488491679286462,-0.0030705552642031897,1,192.43924995422364,1.8385374299287718,1
2014-11-17,242836.02930599669,0,1188.2176205306089,0.00063645525130873182,-0.0024360542839169108,1,192.59024993896483,1.8574877174169111,1
2014-11-18,244238.13552621906,0,1188.2176205306089,0.0057738805243581215,0,1,192.74104995727538,2.036614756643063,1
2014-11-19,243846.02153575252,0,1188.2176205306089,-0.0016054576801518561,-0.0016054576801518561,1,192.89129997253417,1.9800684704529303,1
2014-11-20,244273.78060437401,0,1188.2176205306089,0.0017542179524909773,0,1,193.03180000305176,2.025859456899044,1
2014-11-21,245580.80910850046,0,1188.2176205306089,0.005350670468572849,0,1,193.16680000305175,2.1810343677270154,1
2014-11-24,246269.97750409966,0,1188.2176205306089,0.0028062795220074044,0,1,193.30305000305177,2.2494641590087907,1
2014-11-25,246091.75211332488,0,1188.2176205306089,-0.00072369922059145608,-0.00072369922059145608,1,193.42870002746582,2.1966006035884162,1
2014-11-26,246721.50600174515,0,1188.2176205306089,0.0025590207026942036,0,1,193.55654998779298,2.2510828305351969,1
2014-11-28,246198.68734778976,0,1188.2176205306089,-0.0021190639698498437,-0.0021190639698498437,1,193.67750000000001,2.1515507118657222,1
2014-12-01,244487.65107330374,0,1188.2176205306089,-0.0069498188350165524,-0.0090541556941761137,1,193.78619995117188,1.8990954312720973,1
2014-12-02,246067.98268430089,0,1188.2176205306089,0.0064638504401326458,-0.0026488299623124156,1,193.9004499053955,2.0810519704728443,1
2014-12-03,247018.5604068778,0,1188.2176205306089,0.0038630695152097605,0,1,194.02479988098145,2.1776195846118838,1
2014-12-04,246745.27543076914,0,1188.2176205306089,-0.0011063337736991752,-0.0011063337736991752,1,194.14259986877443,2.112000833976964,1
2014-12-05,247149.26507036664,0,1188.2176205306089,0.0016372740628658455,0,1,194.26314987182616,2.1353680777882476,1
2014-12-08,245497.64330305959,0,1188.2176205306089,-0.0066826893733097359,-0.0066826893733097359,1,194.37164985656739,1.8952742569609429,1
2014-12-09,245331.29356141578,0,1188.2176205306089,-0.00067760219367341001,-0.007355763362004164,1,194.47979988098143,1.8509527510992754,1
2014-12-10,241398.29613838138,0,1188.2176205306089,-0.016031372785509812,-0.023269213162935731,1,194.5713498687744,1.327357035341139,1
2014-12-11,242622.15883706696,0,1188.2176205306089,0.0050698895487812923,-0.018317295954777602,1,194.66319984436035,1.4710950070290651,1
2014-12-12,238701.03706316353,0,1188.2176205306089,-0.01616143303933204,-0.034182695242074845,1,194.73619987487794,0.95208868956509451,1
2014-12-15,237061.29094498744,0,1188.2176205306089,-0.006869455358680332,-0.040817334101750258,1,194.80884986877442,0.73055853801784432,1
2014-12-16,235160.15363059568,0,1188.2176205306089,-0.0080196024699491497,-0.048509597778320312,1,194.8604998779297,0.47513335211066127,1
2014-12-17,239770.42566933628,0,1188.2176205306089,0.019604818110396049,-0.02985580150897682,1,194.93069984436036,1.0689532261309953,1
2014-12-18,245699.63812285833,0,1188.2176205306089,0.024728706373900122,-0.0058653904841496907,1,195.02369987487793,1.8218336253718914,1
2014-12-19,246739.33506789696,1348.6269993022411,1188.2176205306089,0.0042315770303200662,-0.0016586333054762203,0.99453420347861787,195.11499992370605,1.7584700567927225,1
2014-12-22,247868.13818124862,1348.6269993022411,1188.2176205306089,0.0045748810705072973,0,0.99455909497203676,195.21154991149902,1.878658316903151,1
2014-12-23,248200.83766453623,1348.6269993022411,1188.2176205306089,0.0013422438467840525,0,0.99456638820403576,195.31414993286134,1.8956986012758648,1
2014-12-24,248224.60709356022,1348.6269993022411,1188.2176205306089,9.5766917016293363e-05,0,0.99456690851445717,195.41659996032715,1.8735228907935215,1
2014-12-26,249020.71072362427,1348.6269993022411,1188.2176205306089,0.0032071906141197815,0,0.99458427776796843,195.53290000915527,1.9505424606985708,1
2014-12-29,249353.41020691188,1348.6269993022411,1188.2176205306089,0.0013360313779557931,0,0.99459150368874782,195.65319999694825,1.9687519985793394,1
2014-12-30,248022.61227376145,1348.6269993022411,1188.2176205306089,-0.0053369951188801945,-0.0053369951188801945,0.99456248369074651,195.75955001831053,1.7785844442546546,1
2014-12-31,245574.86874562831,1348.6269993022411,1188.2176205306089,-0.0098690337372601133,-0.015153357871256601,0.99450828577781225,195.84894996643067,1.4533847085876717,1
2015-01-02,245444.16408213944,1348.6269993022411,1188.2176205306089,-0.00053223957384762599,-0.015677532228368429,0.99450536131365941,195.94279991149904,1.4223651886200623,1
2015-01-05,241035.88686319764,1348.6269993022411,1188.2176205306089,-0.017960407555123403,-0.033356364915211767,0.99440487050765325,196.01264991760254,0.85734776777646637,1
2015-01-06,238778.28063649428,1348.6269993022411,1188.2176205306089,-0.0093662659784129465,-0.042410206307755827,0.99435196955222516,196.08074996948241,0.56434403175777081,1
2015-01-07,241736.9309079278,1348.6269993022411,1188.2176205306089,0.012390784721067805,-0.030544917323023446,0.99442109654392896,196.16514999389648,0.93144865914667019,1
2015-01-08,246002.6278142498,1348.6269993022411,1188.2176205306089,0.017646029054396717,-0.013437884767172892,0.99451783498702884,196.26309997558593,1.4611391538022196,1
2015-01-09,244042.07599267911,1348.6269993022411,1188.2176205306089,-0.0079696377188744894,-0.021300427412745071,0.99447379312023765,196.35949996948241,1.2008883078142174,1
2015-01-12,242140.92054752531,1348.6269993022411,1188.2176205306089,-0.0077902773012422655,-0.028924768477807006,0.9944304044262624,196.44984992980957,0.94918371016623782,1
2015-01-13,241463.64593181913,1348.6269993022411,1188.2176205306089,-0.0027970266825397827,-0.031640891811128169,0.99441478242367365,196.53279991149901,0.85372801925513586,1
2015-01-14,240014.01898431082,1348.6269993022411,1188.2176205306089,-0.0060034997894368169,-0.037454435513239237,0.99438104905284552,196.60204994201661,0.65815706565162002,1
2015-01-15,237827.7029139174,1348.6269993022411,1188.2176205306089,-0.0091091182075341282,-0.046222376840286739,0.99432939484013605,196.65589996337891,0.36683854088107659,1
2015-01-16,240928.95162873276,1348.6269993022411,1188.2176205306089,0.013039896853134447,-0.033785215013456438,0.99440238713452567,196.71964996337891,0.76362200151945581,1
2015-01-20,241439.87650279514,1348.6269993022411,1188.2176205306089,0.0021206454044166989,-0.031736216069995327,0.99441423256656347,196.78679992675782,0.82193044363436407,1
2015-01-21,242651.86355234974,1348.6269993022411,1188.2176205306089,0.0050198296450030266,-0.026875696823240758,0.99444213211652799,196.87019996643068,0.97204063940661489,1
2015-01-22,246240.28584296556,1348.6269993022411,1188.2176205306089,0.014788356611329601,-0.012484787600711256,0.99452312608115512,196.97900001525878,1.4342735891240517,1
2015-01-23,244897.5941299221,1348.6269993022411,1188.2176205306089,-0.0054527702826812074,-0.017869481204577764,0.99449309821072895,197.07834999084471,1.2470811285057475,1
2015-01-26,245467.93351116343,1348.6269993022411,1188.2176205306089,0.0023288892782620252,-0.015582207969501272,0.99450589337673745,197.17014999389647,1.3109957669362413,1
2015-01-27,242247.87391275223,1348.6269993022411,1188.2176205306089,-0.013118045817030355,-0.028495845668457198,0.99443286342406467,197.26805000305177,0.87562955413366028,1
2015-01-28,239158.50084706783,1348.6269993022411,1188.2176205306089,-0.012752941917653637,-0.040885381721406544,0.99436094893334093,197.36120002746583,0.45171446149418715,1
2015-01-29,241356.71069735425,1348.6269993022411,1188.2176205306089,0.0091914351465687272,-0.03206974190937284,0.99441230784341716,197.45645004272461,0.7463082598380355,1
2015-01-30,238338.62778797979,1348.6269993022411,1188.2176205306089,-0.012504657113756257,-0.044173377896825627,0.99434155087734266,197.5327000427246,0.31938688692140071,1
2015-02-02,241273.52676115136,1348.6269993022411,1188.2176205306089,0.012313987876872323,-0.032403340459855268,0.99441038137334758,197.61165000915528,0.72333587822945655,1
2015-02-03,244743.12003740927,1348.6269993022411,1188.2176205306089,0.014380331414032943,-0.01848897982055675,0.9944896224290346,197.70389999389647,1.2045065567652622,1
2015-02-04,243816.31174385638,1348.6269993022411,1188.2176205306089,-0.0037868614791346511,-0.022205826094220504,0.99446867607152123,197.78900001525878,1.0641681889322894,1
2015-02-05,246264.03714122748,1348.6269993022411,1188.2176205306089,0.010039219196878779,-0.012389536052949346,0.99452365430633771,197.88014999389648,1.4013300597603837,1
2015-02-06,245586.76252552131,1348.6269993022411,1188.2176205306089,-0.0027501969981827967,-0.015105659386270398,0.9945085517418224,197.97065002441406,1.2938381872528841,1
2015-02-09,244493.60449032459,1348.6269993022411,1188.2176205306089,-0.0044512091122301811,-0.019489630049794204,0.99448399886731753,198.05465003967285,1.1273802147048928,1
2015-02-10,247083.91020031553,1348.6269993022411,1188.2176205306089,0.0105945745099989,-0.0091015398775301515,0.99454182589951368,198.15725006103514,1.4905721273360766,1
2015-02-11,247226.49051293536,1348.6269993022411,1188.2176205306089,0.00057705219455295165,-0.0085297397465373681,0.99454497373439166,198.25749999999999,1.499795843879284,1
2015-02-12,249591.0501048656,1348.6269993022411,1188.2176205306089,0.0095643455805418665,0,0.99459665321037904,198.36334999084474,1.8254942499576465,1
2015-02-13,250612.91798375241,1348.6269993022411,1188.2176205306089,0.0040941687550795081,0,0.99461868522120767,198.47069999694824,1.9517149968232854,1
2015-02-17,251005.03197421896,1348.6269993022411,1188.2176205306089,0.0015646200268573107,0,0.9946270917810095,198.57959999084471,1.9854025787615908,1
2015-02-18,251028.80140324295,1348.6269993022411,1188.2176205306089,9.4697021956191563e-05,0,0.99462760053124,198.68995002746581,1.9668866670122169,1
2015-02-19,250850.55788170613,1348.6269993022411,1188.2176205306089,-0.00071005207585916885,-0.00071005207585916885,0.99462378313729638,198.7977500152588,1.9197731501562671,1
2015-02-20,252347.72368726239,1348.6269993022411,1188.2176205306089,0.0059683574882152257,0,0.99465567994988691,198.92005004882813,2.1139445835516688,1
2015-02-23,252312.07860910744,1348.6269993022411,1188.2176205306089,-0.00014125381292973138,-0.00014125381292973138,0.99465492493765395,199.03670005798341,2.0847285087216969,1
2015-02-24,253024.9983029686,1348.6269993022411,1188.2176205306089,0.0028255472262412873,0,0.99466998514633953,199.15735008239747,2.1618665468339446,1
2015-02-25,252811.12783403884,1348.6269993022411,1188.2176205306089,-0.00084525430437376592,-0.00084525430437376592,0.99466547611706568,199.27570007324218,2.1066844151248523,1
2015-02-26,252514.07342890621,1348.6269993022411,1188.2176205306089,-0.0011750052605581374,-0.0020192663866778204,0.99465920064973357,199.38365013122558,2.0376326053832456,1
2015-02-27,251658.55529166319,1348.6269993022411,1188.2176205306089,-0.0033880018076849483,-0.0054004269161944674,0.99464104449880819,199.48715011596678,1.8928205350816143,1
2015-03-02,253238.88690266036,1348.6269993022411,1188.2176205306089,0.0062796657525336919,0,0.99467448694078087,199.60180015563964,2.0919774693437874,1
2015-03-03,252205.12524388055,1348.6269993022411,1188.2176205306089,-0.0040821600166690564,-0.0040821600166690564,0.99465265823603655,199.72040016174316,1.9276490896945937,1
2015-03-04,251147.61228683879,1348.6269993022411,1188.2176205306089,-0.0041930668776820612,-0.0082581101243958122,0.99463014206258127,199.83130012512208,1.7619552667342664,1
2015-03-05,251420.9153937095,1348.6269993022411,1188.2176205306089,0.0010882170225794408,-0.0071788797178280461,0.99463597928123693,199.93990013122558,1.7841165263651513,1
2015-03-06,247903.7832594036,1348.6269993022411,1188.2176205306089,-0.013989019683578352,-0.021067473911727697,0.99455987729767292,200.03965011596679,1.2742516327356694,1
2015-03-09,248925.65113829038,1348.6269993022411,1188.2176205306089,0.0041220342241308217,-0.017032280536076971,0.99458220961505883,200.13580009460449,1.4100405928809214,1
2015-03-10,244909.46977905309,1348.6269993022411,1188.2176205306089,-0.01613405987238381,-0.032891540574528477,0.99449336524014809,200.21275009155272,0.82273972547813168,1
2015-03-11,244339.13039781176,1348.6269993022411,1188.2176205306089,-0.002328776350525974,-0.035143719883232172,0.99448051158606265,200.28350006103517,0.73205912382179539,1
2015-03-12,247428.50346349616,1348.6269993022411,1188.2176205306089,0.012643791686802519,-0.022944278069732538,0.99454942748945974,200.36140007019043,1.1727327875629845,1
2015-03-13,245919.46200880891,1348.6269993022411,1188.2176205306089,-0.0060988990094663631,-0.028903242244406435,0.99451598101148275,200.43365005493163,0.94284321469569887,1
2015-03-16,249187.06046526809,1348.6269993022411,1188.2176205306089,0.013287270677023955,-0.016000016770527425,0.99458789314026108,200.51470008850097,1.4091556381224779,1
2015-03-17,248450.37134238295,1348.6269993022411,1188.2176205306089,-0.0029563698913965819,-0.018909084694081812,0.99457184550775435,200.5911001586914,1.2881825698952332,1
2015-03-18,251420.9153937095,1348.6269993022411,1188.2176205306089,0.011956287427853818,-0.0071788797178280461,0.99463597928123693,200.67890022277831,1.7050929044991048,1
2015-03-19,250280.21850046481,1348.6269993022411,1188.2176205306089,-0.0045370007958901448,-0.011683309930724861,0.99461153179670991,200.76240020751953,1.5215266665553009,1
2015-03-20,252467.73149124454,2454.8576040162379,1188.2176205306089,0.0087402552382527254,-0.0030451698032941676,0.99027654904840234,200.84850021362305,1.6606910008878379,1
2015-03-23,251980.55791544411,2454.8576040162379,1188.2176205306089,-0.0019296469014985496,-0.0049689406023172289,0.99025774994577165,200.92625022888183,1.5710542374676619,1
2015-03-24,250578.46982598375,2454.8576040162379,1188.2176205306089,-0.0055642709146268565,-0.010505562985274164,0.9902032381085214,200.99345024108888,1.3520099562299184,1
2015-03-25,246942.50867731997,2454.8576040162379,1188.2176205306089,-0.014510269582174384,-0.024863394016419682,0.99005899139372555,201.04435020446778,0.81504286616803368,1
2015-03-26,246360.29364694768,2454.8576040162379,1188.2176205306089,-0.0023576946451656644,-0.027162468370652171,0.99003549814105096,201.09270019531249,0.7226587375137411,1
2015-03-27,246918.75737905802,2454.8576040162379,1188.2176205306089,0.002266857714135817,-0.024957184107477381,0.99005803516074053,201.14680023193358,0.79562616172461753,1
2015-03-30,249901.17707951553,2454.8576040162379,1188.2176205306089,0.012078546531315348,-0.013180084085694821,0.99017668650982338,201.22035026550293,1.218438580178224,1
2015-03-31,247738.61230738406,2454.8576040162379,1188.2176205306089,-0.0086536798161753747,-0.021719707674242361,0.9900909366482995,201.28185020446779,0.89392511836128463,1
2015-04-01,246871.21852101007,2454.8576040162379,1188.2176205306089,-0.0035012458425243143,-0.02514490748057141,0.99005612068217941,201.33890022277831,0.7589814616764301,1
2015-04-02,247750.50608727706,2454.8576040162379,1188.2176205306089,0.0035617257108169209,-0.021672741033224141,0.99009141235355769,201.39695022583007,0.8787984568602879,1
2015-04-06,249402.12785458411,2454.8576040162379,1188.2176205306089,0.0066664718203450768,-0.015150749930246787,0.99015703023413038,201.45480026245116,1.1097314968701679,1
2015-04-07,248748.60453713988,2454.8576040162379,1188.2176205306089,-0.0026203598303911058,-0.01773140934412043,0.99013117034934084,201.50880027770995,1.0039387764155479,1
2015-04-08,249580.35324535889,2454.8576040162379,1188.2176205306089,0.0033437321578815293,-0.014446966269867301,0.99016405910122707,201.56900024414062,1.1143812271410878,1
2015-04-09,250673.5112805556,2454.8576040162379,1188.2176205306089,0.0043799843256173698,-0.010130259430064736,0.99020695249579549,201.63410018920899,1.2610284120350872,1
2015-04-10,252028.07864273002,2454.8576040162379,1188.2176205306089,0.0054037116058041068,-0.0047812888247126262,0.99025958687922155,201.71080017089844,1.4432448239117455,1
2015-04-13,250899.27552937836,2454.8576040162379,1188.2176205306089,-0.0044788783830385093,-0.00923875239659111,0.99021576447824866,201.77835014343262,1.2654145213638621,1
2015-04-14,251374.57345604783,2454.8576040162379,1188.2176205306089,0.0018943774375856925,-0.007361876643096843,0.99023426446730323,201.8486001586914,1.3206760753210609,1
2015-04-15,252491.4827895065,2454.8576040162379,1188.2176205306089,0.0044432072747164764,-0.0029513797122364682,0.99027746371127001,201.92165008544922,1.4665478435422117,1
2015-04-16,252420.19263319657,2454.8576040162379,1188.2176205306089,-0.00028234677670047059,-0.0032328931763884183,0.99027471780919085,201.99490005493163,1.4401785315138669,1
2015-04-17,249544.70816720393,2454.8576040162379,1188.2176205306089,-0.011391657838448532,-0.01458772300194322,0.9901626541310129,202.04950004577637,1.0138819951348697,1
2015-04-20,251802.33252466933,2454.8576040162379,1188.2176205306089,0.0090469734824139003,-0.0056727242626967156,0.99025085439279747,202.11260009765624,1.3259188489351468,1
2015-04-21,251505.27811953667,2454.8576040162379,1188.2176205306089,-0.0011797126823817061,-0.006845744760322181,0.9902393396179564,202.1696001434326,1.2695775153573738,1
2015-04-22,252729.14081822222,2454.8576040162379,1188.2176205306089,0.0048661511513243827,-0.0020129060377448438,0.99028660645911859,202.2352001953125,1.4292541743565939,1
2015-04-23,253358.89470664249,2454.8576040162379,1188.2176205306089,0.0024918135137934616,0,0.99031075026255289,202.30980018615722,1.5021581306696905,1
2015-04-24,253941.10973701478,2454.8576040162379,1188.2176205306089,0.0022979853580684662,0,0.99033296496751344,202.38245018005372,1.5663241849387213,1
2015-04-27,252895.49055986604,2454.8576040162379,1188.2176205306089,-0.0041175655971243952,-0.0041175655971243952,0.99029299574072438,202.45460021972656,1.4021210922721365,1
2015-04-28,253691.5941899301,2454.8576040162379,1188.2176205306089,0.0031479550240363086,-0.00098257248439637124,0.99032345706267921,202.52875022888185,1.4977575779450765,1
2015-04-29,252657.85066191232,2454.8576040162379,1188.2176205306089,-0.0040748040206797231,-0.0050533727147661356,0.9902838657196481,202.59360023498536,1.3369066947941344,1
2015-04-30,250150.71075736225,2454.8576040162379,1188.2176205306089,-0.0099230635342693052,-0.014926291310524364,0.99018648559268996,202.64975028991699,0.97350043810719078,1
2015-05-01,252836.0760526871,2454.8576040162379,1188.2176205306089,0.010734989667606998,-0.0043515352259114737,0.99029071467038321,202.71355026245118,1.3375030871679263,1
2015-05-04,253549.01387731027,2454.8576040162379,1188.2176205306089,0.0028197630486663794,-0.001544042475480123,0.99031801557231014,202.79160026550292,1.4223374378233535,1
2015-05-05,250673.5112805556,2454.8576040162379,1188.2176205306089,-0.011341012740621825,-0.012867544210715454,0.99020695249579549,202.84755020141603,1.0086433955764262,1
2015-05-06,249651.64340166881,2454.8576040162379,1188.2176205306089,-0.0040764892695147603,-0.016891579074330254,0.99016686783805152,202.90105018615722,0.85664258969982399,1
2015-05-07,250637.86620240065,2454.8576040162379,1188.2176205306089,0.0039503957886832808,-0.013007911708486364,0.99020555975355362,202.95440017700196,0.98522098870829788,1
2015-05-08,253905.46465885983,2454.8576040162379,1188.2176205306089,0.013037130047302892,-0.00014036749777091018,0.99033160783949847,203.01930015563966,1.4269201674542309,1
2015-05-11,252705.37138919823,2454.8576040162379,1188.2176205306089,-0.004726535804473575,-0.0048662398502404836,0.99028569281879075,203.07910018920899,1.2461947740404142,1
2015-05-12,251956.78848642012,2454.8576040162379,1188.2176205306089,-0.0029622753907561084,-0.0078141000984427444,0.99025683086864502,203.14040016174317,1.1303956489219495,1
2015-05-13,252004.32734446807,2454.8576040162379,1188.2176205306089,0.00018867861562110733,-0.0076268958364105188,0.99025866884952074,203.20150016784669,1.1255224080224306,1
2015-05-14,254606.52683435203,2454.8576040162379,1188.2176205306089,0.010326011133638069,0,0.99035822987517763,203.27780021667479,1.4703372224293763,1
2015-05-15,254879.8118104607,2454.8576040162379,1188.2176205306089,0.001073362020630686,0,0.99036856788861027,203.35510025024413,1.4911264694080868,1
2015-05-18,255664.03979139379,2454.8576040162379,1188.2176205306089,0.0030768540488261831,0,0.99039811149812373,203.45515029907227,1.5843578581145037,1
2015-05-19,255580.85585519086,2454.8576040162379,1188.2176205306089,-0.00032536424078566384,-0.00032536424078566384,0.99039498637015633,203.55780029296875,1.5592011650279536,1
2015-05-20,255402.63046441608,2454.8576040162379,1188.2176205306089,-0.00069733466608223882,-0.0010224720191036596,0.99038828378724053,203.65275032043456,1.5197428911575415,1
2015-05-21,256139.31958730123,2454.8576040162379,1188.2176205306089,0.0028844226136026663,0,0.99041592830038139,203.76020034790039,1.6086272962686894,1
2015-05-22,255533.33512790495,2454.8576040162379,1188.2176205306089,-0.0023658392642436077,-0.0023658392642436077,0.99039320015610699,203.86480033874511,1.5126662051399637,1
2015-05-26,252812.30662366311,2454.8576040162379,1188.2176205306089,-0.010648428718233016,-0.012989075511712467,0.99028980180276371,203.96315032958984,1.1260704134881832,1
2015-05-27,255188.74186472435,2454.8576040162379,1188.2176205306089,0.0093999982548269578,-0.0037111745440273625,0.99038022764610223,204.06045028686523,1.4482159336126679,1
2015-05-28,254903.58123948469,2454.8576040162379,1188.2176205306089,-0.0011174498653659937,-0.0048244773578988154,0.99036946600718856,204.15375030517578,1.3959280308759703,1
2015-05-29,253335.1252776185,2454.8576040162379,1188.2176205306089,-0.0061531342723373239,-0.010947925973259109,0.9903098411587179,204.24180030822754,1.1647014582062805,1
2015-06-01,253846.06828244292,2454.8576040162379,1188.2176205306089,0.002016866015971841,-0.0089531404571280282,0.99032934557298391,204.32545036315918,1.2263393794662745,1
2015-06-02,253596.53460459621,2454.8576040162379,1188.2176205306089,-0.00098301178952697743,-0.0099273512040323197,0.99031982985160338,204.40345039367676,1.1797094062022402,1
2015-06-03,254261.93357117142,2454.8576040162379,1188.2176205306089,0.0026238488140726268,-0.0073295502586432359,0.99034516268504236,204.48445037841796,1.2627757339633736,1
2015-06-04,252135.03200795694,2454.8576040162379,1188.2176205306089,-0.0083650019227874406,-0.015633240479423938,0.99026371867302132,204.54830039978026,0.9492878148848819,1
2015-06-05,251707.27293933544,2454.8576040162379,1188.2176205306089,-0.0016965475412714648,-0.017303265484997832,0.99024717253756955,204.60520042419432,0.87910397654124683,1
2015-06-08,250174.4620556242,2454.8576040162379,1188.2176205306089,-0.0060896567103989607,-0.02328755124862425,0.99018741727734616,204.65300041198731,0.65223462983549152,1
2015-06-09,250138.81697746925,2454.8576040162379,1188.2176205306089,-0.0001424808825891688,-0.023426714100358126,0.99018601897266767,204.69775039672851,0.64007817314246596,1
2015-06-10,253109.36102879577,2454.8576040162379,1188.2176205306089,0.011875582075668412,-0.011829337890751801,0.99030119789312354,204.7565503692627,1.0558918219499664,1
2015-06-11,253917.35843875282,2454.8576040162379,1188.2176205306089,0.003192285764038294,-0.008674814753660165,0.9903320607180609,204.81370040893555,1.1599050726542643,1
2015-06-12,251992.43356457507,2454.8576040162379,1188.2176205306089,-0.0075809109153207599,-0.016189962671126601,0.9902582090688562,204.86210037231444,0.87559048228017133,1
2015-06-15,250923.04495840234,2454.8576040162379,1188.2176205306089,-0.0042437330004143625,-0.020364989792677979,0.99021669131895318,204.90640037536622,0.71516548202525432,1
2015-06-16,252277.61232057674,2454.8576040162379,1188.2176205306089,0.0053983378146831296,-0.015076589072488322,0.9902692213493095,204.95695037841796,0.90016855871721912,1
2015-06-17,252681.60196017427,2454.8576040162379,1188.2176205306089,0.0016013693640171134,-0.013499362896325806,0.99028477900657308,205.0063503265381,0.94868368243405088,1
2015-06-18,255283.80145005824,2454.8576040162379,1188.2176205306089,0.010298333830787154,-0.0033400500111478992,0.99038380974400964,205.0672003173828,1.3066347177597044,1
2015-06-19,254166.87543629849,3678.7217531627648,1188.2176205306089,-0.0043752326133322805,-0.0077006691287413442,0.98552635253178478,205.11875030517578,0.96336051852525761,1
2015-06-22,255450.15264216301,3678.7217531627648,1188.2176205306089,0.0050489553513284324,-0.0026905941120193289,0.9855990622236348,205.1771502685547,1.1345763717050776,1
2015-06-23,255628.37803293779,3678.7217531627648,1188.2176205306089,0.0006976914632126352,-0.0019947798533496153,0.985609102629878,205.23180023193359,1.1482368584547444,1
2015-06-24,253798.53087485593,3678.7217531627648,1188.2176205306089,-0.0071582316961933401,-0.0091387324531697622,0.98550534654207012,205.28135025024415,0.87979461124845337,1
2015-06-25,253038.07232294683,3678.7217531627648,1188.2176205306089,-0.0029963079348322985,-0.012107657931438309,0.98546178557482966,205.3340502166748,0.76383630108163125,1
2015-06-26,252990.55159566089,3678.7217531627648,1188.2176205306089,-0.00018780070069968069,-0.012293184805494572,0.98545905477512752,205.38280021667481,0.74928950873498079,1
2015-06-29,247762.383186869,3678.7217531627648,1188.2176205306089,-0.020665469029640837,-0.032704609405261875,0.98515221840440492,205.40840019226073,0.001962128935031989,1
2015-06-30,248273.32619169343,3678.7217531627648,1188.2176205306089,0.0020622299408503686,-0.030709823889130794,0.9851827749295855,205.44200019836427,0.069221518522424932,1
2015-07-01,250233.87801326413,3678.7217531627648,1188.2176205306089,0.0078967477160916122,-0.023055583904697308,0.98529886607532902,205.48460021972656,0.34286495205526435,1
2015-07-02,250008.11376444137,3678.7217531627648,1188.2176205306089,-0.00090221296418857566,-0.023936995822190221,0.98528559054435783,205.51875022888183,0.30521662708259345,1
2015-07-06,249307.0697197112,3678.7217531627648,1188.2176205306089,-0.0028040851721744531,-0.026673959619313181,0.98524421406381035,205.54860023498534,0.19991080693134242,1
2015-07-07,250851.7562525534,3678.7217531627648,1188.2176205306089,0.0061959194922904803,-0.020643309833364487,0.98533507674764254,205.57960021972656,0.41672075089663507,1
2015-07-08,246704.87022982724,3678.7217531627648,1188.2176205306089,-0.016531221804766405,-0.036833272504491088,0.98508857263443683,205.59875022888184,-0.18280268003416322,0
2015-07-09,249563.28564619619,249563.28564619619,0,0.01158637611696145,-0.02567366053638509,0,205.62750022888184,-0.12481227172453117,0
2015-07-10,249563.28564619619,249563.28564619619,0,0,-0.02567366053638509,0,205.67485023498534,0.31095596542061826,1
2015-07-13,250368.52524617952,2.9103830456733704e-11,1193.5382568853215,0.0032265948009873036,-0.022529904235006892,0.99999999999999989,205.72590026855468,0.6977361607088195,1
2015-07-14,251454.63121886429,2.9103830456733704e-11,1193.5382568853215,0.0043380291976271579,-0.018289610419770952,0.99999999999999989,205.79760025024413,0.84644527763607658,1
2015-07-15,251371.09301109554,2.9103830456733704e-11,1193.5382568853215,-0.00033221980189357403,-0.018615754050914091,0.99999999999999989,205.86115028381349,0.82578049984446267,1
2015-07-16,253388.17557914348,2.9103830456733704e-11,1193.5382568853215,0.0080243219054583204,-0.010740810948473123,0.99999999999999989,205.93495033264159,1.1092465980468407,1
2015-07-17,253603.00372364756,2.9103830456733704e-11,1193.5382568853215,0.00084782229483693072,-0.0099020949526228419,0.99999999999999989,206.01225028991701,1.1303948196618681,1
2015-07-20,253734.29366038289,2.9103830456733704e-11,1193.5382568853215,0.00051769866605511083,-0.0093895225879158106,0.99999999999999989,206.10345024108886,1.1419430942667086,1
2015-07-21,252731.72589546687,2.9103830456733704e-11,1193.5382568853215,-0.0039512505402913289,-0.013303672772008501,0.99999999999999989,206.19030021667481,0.98699564629985526,1
2015-07-22,252278.17553002693,2.9103830456733704e-11,1193.5382568853215,-0.0017945921266233622,-0.015074390232220014,0.99999999999999989,206.26455017089845,0.91123318503130479,1
2015-07-23,250857.86209042164,2.9103830456733704e-11,1193.5382568853215,-0.005629949703819026,-0.020619471877216022,0.99999999999999989,206.33400016784668,0.69114436793303102,1
2015-07-24,248255.95743214691,2.9103830456733704e-11,1193.5382568853215,-0.010372027556134089,-0.030777633702846585,0.99999999999999989,206.40770019531249,0.29013611413404489,1
2015-07-27,246811.76812805832,2.9103830456733704e-11,1193.5382568853215,-0.0058173399705153672,-0.036415929714624484,0.99999999999999989,206.45845016479493,0.06089719027733146,1
2015-07-28,249843.36549923819,2.9103830456733704e-11,1193.5382568853215,0.012283034128287351,-0.024580193693835239,0.99999999999999989,206.54140014648436,0.52022284781886852,1
2015-07-29,251562.06350306483,2.9103830456733704e-11,1193.5382568853215,0.006879102034157869,-0.017870181320116751,0.99999999999999989,206.64255020141601,0.78660537053310942,1
2015-07-30,251621.74405829879,2.9103830456733704e-11,1193.5382568853215,0.00023723988586721312,-0.017637180954026443,0.99999999999999989,206.75960021972656,0.80006010304452546,1
2015-07-31,251239.80307436021,2.9103830456733704e-11,1193.5382568853215,-0.0015179172426771359,-0.019128326415621233,0.99999999999999989,206.87360023498536,0.74027377492322,1
2015-08-03,250392.38289871428,2.9103830456733704e-11,1193.5382568853215,-0.0033729535100579522,-0.022436760969954062,0.99999999999999989,206.9904002380371,0.59773560067224452,1
2015-08-04,249903.04605447216,2.9103830456733704e-11,1193.5382568853215,-0.0019542800726493059,-0.024347193327744932,0.99999999999999989,207.10595024108886,0.51098817864098156,1
2015-08-05,250726.59036563479,2.9103830456733704e-11,1193.5382568853215,0.0032954552742150423,-0.021131973140194105,0.99999999999999989,207.21395027160645,0.6712981858033582,1
2015-08-06,248673.70310683615,2.9103830456733704e-11,1193.5382568853215,-0.0081877524669597967,-0.02914670224194349,0.99999999999999989,207.30420028686524,0.25615182302699829,1
2015-08-07,248196.27687691295,2.9103830456733704e-11,1193.5382568853215,-0.0019198902978417864,-0.031010634068936893,0.99999999999999989,207.37360023498536,0.14505212956164579,1
2015-08-10,251323.35949407745,2.9103830456733704e-11,1193.5382568853215,0.012599232577188424,-0.018802111682749034,0.99999999999999989,207.46300025939942,0.80884461088019644,1
2015-08-11,249055.62587882625,2.9103830456733704e-11,1193.5382568853215,-0.009023170865677721,-0.02765562788207776,0.99999999999999989,207.53170028686523,0.30452000853415734,1
2015-08-12,249354.01044304759,2.9103830456733704e-11,1193.5382568853215,0.0011980639392041859,-0.026490697153355169,0.99999999999999989,207.59415031433105,0.36270607234293106,1
2015-08-13,249043.69705255885,2.9103830456733704e-11,1193.5382568853215,-0.0012444692184311323,-0.027702199514604176,0.99999999999999989,207.65665031433105,0.28143399120463958,1
2015-08-14,249950.77957149025,2.9103830456733704e-11,1193.5382568853215,0.0036422625011864884,-0.024160835695910099,0.99999999999999989,207.71170028686524,0.48718549906078795,1
2015-08-17,251347.21714661224,2.9103830456733704e-11,1193.5382568853215,0.0055868502491411842,-0.018708968417696092,0.99999999999999989,207.77410026550294,0.81725475466357744,1
2015-08-18,250619.15808143426,2.9103830456733704e-11,1193.5382568853215,-0.0028966267199739271,-0.021551402239848305,0.99999999999999989,207.82710021972656,0.63372379082054175,1
2015-08-19,248637.89841608549,2.9103830456733704e-11,1193.5382568853215,-0.0079054597442427266,-0.029286488241251796,0.99999999999999989,207.8604002380371,0.13641733228325989,1
2015-08-20,243445.99971385495,2.9103830456733704e-11,1193.5382568853215,-0.020881364970122607,-0.049556311361715566,0.99999999999999989,207.87140022277833,-1.1636330438468592,0
2015-08-21,240651.0812283993,240651.0812283993,0,-0.011480650693545091,-0.060468023354856237,0,207.85520019531251,-2.9545120508736291,0
2015-08-24,240651.0812283993,240651.0812283993,0,0,-0.060468023354856237,0,207.79100021362305,-5.0648269386701665,0
2015-08-25,240651.0812283993,240651.0812283993,0,0,-0.060468023354856237,0,207.71160026550294,-5.2720955678505996,0
2015-08-26,240651.0812283993,240651.0812283993,0,0,-0.060468023354856237,0,207.66720031738282,-3.3211485842381538,0
2015-08-27,240651.0812283993,240651.0812283993,0,0,-0.060468023354856237,0,207.64365036010742,-2.0870211699055927,0
2015-08-28,240651.0812283993,240651.0812283993,0,0,-0.060468023354856237,0,207.61915039062501,-2.0600044398461899,0
2015-08-31,240651.0812283993,240651.0812283993,0,0,-0.060468023354856237,0,207.58770034790038,-2.4186429138333487,0
2015-09-01,240651.0812283993,240651.0812283993,0,0,-0.060468023354856237,0,207.52560035705565,-3.7132466916794877,0
2015-09-02,240651.0812283993,240651.0812283993,0,0,-0.060468023354856237,0,207.48145034790039,-2.7928706371952612,0
2015-09-03,240651.0812283993,240651.0812283993,0,0,-0.060468023354856237,0,207.43735038757325,-2.7028447302063507,0
2015-09-04,240651.0812283993,240651.0812283993,0,0,-0.060468023354856237,0,207.37255035400392,-3.2710383424989478,0
2015-09-08,240651.0812283993,240651.0812283993,0,0,-0.060468023354856237,0,207.3336003112793,-2.1666727846931244,0
2015-09-09,240651.0812283993,240651.0812283993,0,0,-0.060468023354856237,0,207.27965026855469,-2.6835352261005521,0
2015-09-10,240651.0812283993,240651.0812283993,0,0,-0.060468023354856237,0,207.22550033569337,-2.4083630907566045,0
2015-09-11,240651.0812283993,240651.0812283993,0,0,-0.060468023354856237,0,207.17290039062499,-2.1822127095525974,0
2015-09-14,240651.0812283993,240651.0812283993,0,0,-0.060468023354856237,0,207.11740036010741,-2.2924168688065678,0
2015-09-15,240651.0812283993,240651.0812283993,0,0,-0.060468023354856237,0,207.07150039672851,-1.7634054398861145,0
2015-09-16,240651.0812283993,240651.0812283993,0,0,-0.060468023354856237,0,207.03640037536621,-1.3971101487832869,0
2015-09-17,240651.0812283993,240651.0812283993,0,0,-0.060468023354856237,0,207.00625038146973,-1.4747870882143097,0
2015-09-18,240651.0812283993,240651.0812283993,0,0,-0.060468023354856237,0,206.94805038452148,-2.2993181705734287,0
2015-09-21,240651.0812283993,240651.0812283993,0,0,-0.060468023354856237,0,206.89090042114259,-2.0636569567988117,0
2015-09-22,240651.0812283993,240651.0812283993,0,0,-0.060468023354856237,0,206.82215042114257,-2.5138093938009862,0
2015-09-23,240651.0812283993,240651.0812283993,0,0,-0.060468023354856237,0,206.75015045166015,-2.5193191181527066,0
2015-09-24,240651.0812283993,240651.0812283993,0,0,-0.060468023354856237,0,206.68160041809082,-2.5952344641320635,0
2015-09-25,240651.0812283993,240651.0812283993,0,0,-0.060468023354856237,0,206.61350044250489,-2.5491653371666247,0
2015-09-28,240651.0812283993,240651.0812283993,0,0,-0.060468023354856237,0,206.53775039672851,-3.337569797461319,0
2015-09-29,240651.0812283993,240651.0812283993,0,0,-0.060468023354856237,0,206.45740036010741,-3.2176498506224158,0
2015-09-30,240651.0812283993,240651.0812283993,0,0,-0.060468023354856237,0,206.41110038757324,-2.5568084203492512,0
2015-10-01,240651.0812283993,240651.0812283993,0,0,-0.060468023354856237,0,206.37420043945312,-2.435668203880752,0
2015-10-02,240651.0812283993,240651.0812283993,0,0,-0.060468023354856237,0,206.35965042114259,-1.934289689876546,0
2015-10-05,240651.0812283993,240651.0812283993,0,0,-0.060468023354856237,0,206.34305046081542,-1.3366046244379521,0
2015-10-06,240651.0812283993,240651.0812283993,0,0,-0.060468023354856237,0,206.29810043334962,-1.4369251096016677,0
2015-10-07,240651.0812283993,240651.0812283993,0,0,-0.060468023354856237,0,206.26255043029786,-1.1534481608379121,0
2015-10-08,240651.0812283993,240651.0812283993,0,0,-0.060468023354856237,0,206.23125045776368,-0.8437702141480945,0
2015-10-09,240651.0812283993,240651.0812283993,0,0,-0.060468023354856237,0,206.19915046691895,-0.81697255736496166,0
2015-10-12,240651.0812283993,240651.0812283993,0,0,-0.060468023354856237,0,206.16790046691895,-0.77879620674891814,0
2015-10-13,240651.0812283993,240651.0812283993,0,0,-0.060468023354856237,0,206.1269504547119,-0.98270082889910104,0
2015-10-14,240651.0812283993,240651.0812283993,0,0,-0.060468023354856237,0,206.07980041503907,-1.1322143086295942,0
2015-10-15,240651.0812283993,240651.0812283993,0,0,-0.060468023354856237,0,206.05355041503907,-0.61708212335150137,0
2015-10-16,240651.0812283993,240651.0812283993,0,0,-0.060468023354856237,0,206.04220046997071,-0.46166258648273539,0
2015-10-19,240651.0812283993,240651.0812283993,0,0,-0.060468023354856237,0,206.03190048217775,-0.44308835315093203,0
2015-10-20,240651.0812283993,240651.0812283993,0,0,-0.060468023354856237,0,206.03885047912598,-0.48786292836945927,0
2015-10-21,240651.0812283993,240651.0812283993,0,0,-0.060468023354856237,0,206.04900047302246,-0.70046110341550116,0
2015-10-22,240651.0812283993,240651.0812283993,0,0,-0.060468023354856237,0,206.06375045776366,-0.13420484864227655,0
2015-10-23,240651.0812283993,240651.0812283993,0,0,-0.060468023354856237,0,206.07180046081544,0.24010399777971389,1
2015-10-26,240181.72332519569,0,1160.2981803149551,-0.0019503668996946333,-0.062300455423309753,1,206.08555046081543,0.15269231226427205,1
2015-10-27,239717.6111349678,0,1160.2981803149551,-0.0019323376641756651,-0.064112407570975583,1,206.10530052185058,0.08267156744663956,1
2015-10-28,242444.30123586082,0,1160.2981803149551,0.011374592329630007,-0.053467067740736507,1,206.13965049743652,0.46991840080655567,1
2015-10-29,242305.07111974148,0,1160.2981803149551,-0.00057427671184528961,-0.054010639560727602,1,206.17950050354003,0.44384123274168963,1
2015-10-30,241260.79213461091,0,1160.2981803149551,-0.0043097694171432277,-0.058087635575291729,1,206.22405044555663,0.28664764893043637,1
2015-11-02,244115.13344827358,0,1160.2981803149551,0.011830937337178771,-0.046943929414669072,1,206.26785041809083,0.69284247284916134,1
2015-11-03,244822.91604645553,0,1160.2981803149551,0.0028993802562917725,-0.044180657460475059,1,206.31255043029785,0.78761858996108502,1
2015-11-04,244080.32591924374,0,1160.2981803149551,-0.0030331724627888912,-0.047079822369666902,1,206.34895042419433,0.67369571570560316,1
2015-11-05,243836.65551128972,0,1160.2981803149551,-0.00099832056121818002,-0.048031142176194974,1,206.36920036315917,0.63438217851869327,1
2015-11-06,243709.02200326527,0,1160.2981803149551,-0.00052343856077263773,-0.048529439385034623,1,206.39455032348633,0.61118189741625573,1
2015-11-09,241434.84748450527,0,1160.2981803149551,-0.009331515510039412,-0.057408101678759094,1,206.4077003479004,0.28033436903808634,1
2015-11-10,241991.7856537278,0,1160.2981803149551,0.0023067845218915917,-0.055233745277251223,1,206.43680030822753,0.35614474773448351,1
2015-11-11,241040.35035233703,0,1160.2981803149551,-0.0039316842876320202,-0.058948267916429486,1,206.47480033874513,0.21279847185606246,1
2015-11-12,237675.47500657654,0,1160.2981803149551,-0.013959801090738244,-0.07208516291241085,1,206.48905029296876,-0.27770264139382705,0
2015-11-13,236987.38675914452,236987.38675914452,0,-0.0028950746702535168,-0.074771545653415594,0,206.5045002746582,-0.66924289023339356,0
2015-11-16,236987.38675914452,236987.38675914452,0,0,-0.074771545653415594,0,206.52300025939942,-0.15265600778583205,0
2015-11-17,236987.38675914452,236987.38675914452,0,0,-0.074771545653415594,0,206.52615028381348,-0.17856751238887392,0
2015-11-18,236987.38675914452,236987.38675914452,0,0,-0.074771545653415594,0,206.54950027465821,0.3687005823615977,1
2015-11-19,236822.53771981798,2.9103830456733704e-11,1135.5671745592997,-0.00069560258704437494,-0.075415136959866125,0.99999999999999989,206.56165031433105,0.33612012075418918,1
2015-11-20,237685.56253462625,2.9103830456733704e-11,1135.5671745592997,0.0036441836284573093,-0.072045779938855858,0.99999999999999989,206.58045028686524,0.46120221610091355,1
2015-11-23,237413.0375022552,2.9103830456733704e-11,1135.5671745592997,-0.0011465779808622623,-0.073109751814826152,0.99999999999999989,206.60265029907225,0.41683255591023338,1
2015-11-24,237730.99492494142,2.9103830456733704e-11,1135.5671745592997,0.001339258475572036,-0.071868406194019019,0.99999999999999989,206.61535034179687,0.46174357868850019,1
2015-11-25,237696.92929589504,2.9103830456733704e-11,1135.5671745592997,-0.00014329485752218041,-0.072001402678515292,0.99999999999999989,206.62730041503906,0.45442781978836361,1
2015-11-27,237969.45432826609,2.9103830456733704e-11,1135.5671745592997,0.0011465231510492391,-0.070937430802544998,0.99999999999999989,206.6305004119873,0.49427151243782874,1
2015-11-30,236981.51643116109,2.9103830456733704e-11,1135.5671745592997,-0.0041515323884475652,-0.074794464149462558,0.99999999999999989,206.62505043029785,0.34854447878336414,1
2015-12-01,239241.2840190109,2.9103830456733704e-11,1135.5671745592997,0.0095356280180873831,-0.06597204831931669,0.99999999999999989,206.627900390625,0.68374588122522351,1
2015-12-02,236799.82152466039,2.9103830456733704e-11,1135.5671745592997,-0.010205021697494709,-0.0755038238322846,0.99999999999999989,206.61990036010741,0.32250689745178129,1
2015-12-03,233483.96745423283,2.9103830456733704e-11,1135.5671745592997,-0.014002772675579256,-0.088449333626603455,0.99999999999999989,206.59805038452149,-0.16694874832201106,0
2015-12-04,233366.22547050574,233366.22547050574,0,-0.0005042829493213663,-0.088909013085098132,0,206.58995033264159,0.51243525207466134,1
2015-12-07,232267.59293477845,0,1114.7952298085354,-0.0047077615173843901,-0.093198212172131756,1,206.57565032958985,0.30046874148446212,1
2015-12-08,230706.86940679135,0,1114.7952298085354,-0.006719506187956914,-0.09929147239669156,1,206.55135032653808,0.067639549662450338,1
2015-12-09,228912.04840638259,0,1114.7952298085354,-0.0077796599859540905,-0.10629867848789465,1,206.51990028381348,-0.20055207229821054,0
2015-12-10,228885.73344898532,228885.73344898532,0,-0.00011495662889071667,-0.1064014153790509,0,206.49235023498534,-0.10596256075637764,0
2015-12-11,228885.73344898532,228885.73344898532,0,0,-0.1064014153790509,0,206.44845024108886,-0.77762799551613804,0
2015-12-14,228885.73344898532,228885.73344898532,0,0,-0.1064014153790509,0,206.40300018310546,-0.5970738950299932,0
2015-12-15,228885.73344898532,228885.73344898532,0,0,-0.1064014153790509,0,206.372550201416,-0.22917502025737135,0
2015-12-16,228885.73344898532,228885.73344898532,0,0,-0.1064014153790509,0,206.3615502166748,0.28505858404881973,1
2015-12-17,224884.33330038737,0,1097.7464250238022,-0.017482086315745882,-0.12202338296702264,1,206.33355018615723,-0.25203010976491008,0
2015-12-18,223808.22093563786,223808.22093563786,0,-0.00478518155958918,-0.12622466048459924,0,206.29615020751953,-1.0704592860814013,0
2015-12-21,223808.22093563786,223808.22093563786,0,0,-0.12622466048459924,0,206.2627001953125,-0.78236910711631991,0
2015-12-22,223808.22093563786,223808.22093563786,0,0,-0.12622466048459924,0,206.25530021667481,-0.46916341318250165,0
2015-12-23,223808.22093563786,223808.22093563786,0,0,-0.12622466048459924,0,206.2629002380371,-0.041368630734253779,0
2015-12-24,223808.22093563786,223808.22093563786,0,0,-0.12622466048459924,0,206.25580017089842,-0.098070828602437876,0
2015-12-28,223808.22093563786,223808.22093563786,0,0,-0.12622466048459924,0,206.25270019531251,-0.17757855431085767,0
2015-12-29,223808.22093563786,223808.22093563786,0,0,-0.12622466048459924,0,206.24680015563965,0.19645609541947368,1
2015-12-30,222420.87025745038,0,1080.0800182984156,-0.0061988369881481598,-0.13164105137851911,1,206.23665008544921,-0.052252453159692562,0
2015-12-31,221445.04101766853,221445.04101766853,0,-0.0043873096919921917,-0.13545081100993428,0,206.20370002746583,-0.3980082463733785,0
2016-01-04,221445.04101766853,221445.04101766853,0,0,-0.13545081100993428,0,206.16130004882814,-0.87584083391758205,0
2016-01-05,221445.04101766853,221445.04101766853,0,0,-0.13545081100993428,0,206.11605003356934,-0.80994277517847502,0
2016-01-06,221445.04101766853,221445.04101766853,0,0,-0.13545081100993428,0,206.06015007019042,-1.2296367145183529,0
2016-01-07,221445.04101766853,221445.04101766853,0,0,-0.13545081100993428,0,205.98630004882813,-2.0076853241764407,0
2016-01-08,221445.04101766853,221445.04101766853,0,0,-0.13545081100993428,0,205.91710006713868,-2.3222027905959863,0
2016-01-11,221445.04101766853,221445.04101766853,0,0,-0.13545081100993428,0,205.85130004882814,-2.2506273675089457,0
2016-01-12,221445.04101766853,221445.04101766853,0,0,-0.13545081100993428,0,205.79090003967286,-1.9674494271799234,0
2016-01-13,221445.04101766853,221445.04101766853,0,0,-0.13545081100993428,0,205.69380004882814,-2.6860891150522632,0
2016-01-14,221445.04101766853,221445.04101766853,0,0,-0.13545081100993428,0,205.62130004882812,-2.1552427181178917,0
2016-01-15,221445.04101766853,221445.04101766853,0,0,-0.13545081100993428,0,205.53185005187987,-2.7367187079291653,0
2016-01-19,221445.04101766853,221445.04101766853,0,0,-0.13545081100993428,0,205.43995002746581,-2.6367498981230746,0
2016-01-20,221445.04101766853,221445.04101766853,0,0,-0.13545081100993428,0,205.32904998779296,-2.9217775730425828,0
2016-01-21,221445.04101766853,221445.04101766853,0,0,-0.13545081100993428,0,205.22610000610351,-2.7017065256675403,0
2016-01-22,221445.04101766853,221445.04101766853,0,0,-0.13545081100993428,0,205.13880004882813,-2.1076815403280169,0
2016-01-25,221445.04101766853,221445.04101766853,0,0,-0.13545081100993428,0,205.03250007629396,-2.4706514228419976,0
2016-01-26,221445.04101766853,221445.04101766853,0,0,-0.13545081100993428,0,204.9333000946045,-2.0728249634851328,0
2016-01-27,221445.04101766853,221445.04101766853,0,0,-0.13545081100993428,0,204.82850013732912,-2.3193308649411253,0
2016-01-28,221445.04101766853,221445.04101766853,0,0,-0.13545081100993428,0,204.72660011291504,-2.1460757425728514,0
2016-01-29,221445.04101766853,221445.04101766853,0,0,-0.13545081100993428,0,204.64305015563966,-1.4949318585836036,0
2016-02-01,221445.04101766853,221445.04101766853,0,0,-0.13545081100993428,0,204.55945014953613,-1.4870498656018665,0
2016-02-02,221445.04101766853,221445.04101766853,0,0,-0.13545081100993428,0,204.47050018310546,-1.9332728842237183,0
2016-02-03,221445.04101766853,221445.04101766853,0,0,-0.13545081100993428,0,204.37775016784667,-1.755334927924205,0
2016-02-04,221445.04101766853,221445.04101766853,0,0,-0.13545081100993428,0,204.28775016784667,-1.692773077726111,0
2016-02-05,221445.04101766853,221445.04101766853,0,0,-0.13545081100993428,0,204.17435012817384,-2.1433485000467662,0
2016-02-08,221445.04101766853,221445.04101766853,0,0,-0.13545081100993428,0,204.045650100708,-2.4290284184306241,0
2016-02-09,221445.04101766853,221445.04101766853,0,0,-0.13545081100993428,0,203.91455009460449,-2.381908988046761,0
2016-02-10,221445.04101766853,221445.04101766853,0,0,-0.13545081100993428,0,203.7870500946045,-2.3571749126627934,0
2016-02-11,221445.04101766853,221445.04101766853,0,0,-0.13545081100993428,0,203.64415008544921,-2.6064411187018703,0
2016-02-12,221445.04101766853,221445.04101766853,0,0,-0.13545081100993428,0,203.52445007324218,-2.0990485794336626,0
2016-02-16,221445.04101766853,221445.04101766853,0,0,-0.13545081100993428,0,203.43105003356933,-1.6855164205404836,0
2016-02-17,221445.04101766853,221445.04101766853,0,0,-0.13545081100993428,0,203.34185005187987,-1.2889624381338607,0
2016-02-18,221445.04101766853,221445.04101766853,0,0,-0.13545081100993428,0,203.24569999694825,-1.371273869779825,0
2016-02-19,221445.04101766853,221445.04101766853,0,0,-0.13545081100993428,0,203.16120002746581,-1.3671516699983215,0
2016-02-22,221445.04101766853,221445.04101766853,0,0,-0.13545081100993428,0,203.09490005493163,-1.0167681313856114,0
2016-02-23,221445.04101766853,221445.04101766853,0,0,-0.13545081100993428,0,203.01215011596679,-1.3035041537138992,0
2016-02-24,221445.04101766853,221445.04101766853,0,0,-0.13545081100993428,0,202.92005012512206,-1.1840934190023917,0
2016-02-25,221445.04101766853,221445.04101766853,0,0,-0.13545081100993428,0,202.84470008850099,-0.89004851055796641,0
2016-02-26,221445.04101766853,221445.04101766853,0,0,-0.13545081100993428,0,202.77025009155273,-0.93552564858337128,0
2016-02-29,221445.04101766853,221445.04101766853,0,0,-0.13545081100993428,0,202.68795005798339,-1.1105958352108842,0
2016-03-01,221445.04101766853,221445.04101766853,0,0,-0.13545081100993428,0,202.61745002746582,-0.54986104535868818,0
2016-03-02,221445.04101766853,221445.04101766853,0,0,-0.13545081100993428,0,202.5502500152588,-0.43445757613146063,0
2016-03-03,221445.04101766853,221445.04101766853,0,0,-0.13545081100993428,0,202.48364997863769,-0.33215824897419677,0
2016-03-04,221445.04101766853,221445.04101766853,0,0,-0.13545081100993428,0,202.42064994812011,-0.245564002455335,0
2016-03-07,221445.04101766853,221445.04101766853,0,0,-0.13545081100993428,0,202.35919990539551,-0.21913805326810881,0
2016-03-08,221445.04101766853,221445.04101766853,0,0,-0.13545081100993428,0,202.28369987487793,-0.48308037339476034,0
2016-03-09,221445.04101766853,221445.04101766853,0,0,-0.13545081100993428,0,202.21564987182617,-0.35418637855791035,0
2016-03-10,221445.04101766853,221445.04101766853,0,0,-0.13545081100993428,0,202.15984985351562,-0.32807184569148096,0
2016-03-11,221445.04101766853,221445.04101766853,0,0,-0.13545081100993428,0,202.11014984130858,0.081734058579304325,1
2016-03-14,221705.61678876483,0,1094.8425520432831,0.001176706282962181,-0.13443349054731979,1,202.06034980773927,0.055533418931586934,1
2016-03-15,221344.31674187398,0,1094.8425520432831,-0.0016296386718749334,-0.13584405120420373,1,202.01549980163574,0.019579908365696071,1
2016-03-16,222625.28052304802,0,1094.8425520432831,0.0057871997800957864,-0.13084300808736415,1,201.97434974670409,0.17369926385740161,1
2016-03-17,224037.63677052793,0,1094.8425520432831,0.0063440964303858038,-0.12532899231752637,1,201.94069976806639,0.34318779719978482,1
2016-03-18,224913.51081216257,1149.5846796454473,1094.8425520432831,0.0039094950931470862,-0.12190947030487376,0.99488877001877607,201.90299980163573,0.31731138178189006,1
2016-03-21,225231.00780162762,1149.5846796454473,1094.8425520432831,0.0014116403604149674,-0.12066992227305806,0.99489597506637295,201.8756997680664,0.35884456378757229,1
2016-03-22,225110.574452664,1149.5846796454473,1094.8425520432831,-0.0005347103409033549,-0.121140109158686,0.99489324443136196,201.84964973449706,0.348859194598587,1
2016-03-23,223632.5470309885,1149.5846796454473,1094.8425520432831,-0.006565784060874047,-0.12691051342171344,0.9948594929722544,201.82329978942872,0.17880149153356373,1
2016-03-24,223533.99850476623,1149.5846796454473,1094.8425520432831,-0.00044067166220040921,-0.12729525921701357,0.99485722669779497,201.79664978027344,0.17093298472182783,1
2016-03-28,223665.39097107208,1149.5846796454473,1094.8425520432831,0.00058779634053318652,-0.12678228656401547,0.99486024782531446,201.75809982299805,0.19207184441312983,1
2016-03-29,225723.68360885279,1149.5846796454473,1094.8425520432831,0.009202553103295763,-0.11874645418538221,0.99490711536660226,201.72554977416993,0.44156326660502049,1
2016-03-30,226709.05192927469,1149.5846796454473,1094.8425520432831,0.0043653740921993922,-0.11489945278782421,0.99492925108255459,201.70559982299804,0.56243264963564021,1
2016-03-31,226161.63065325306,1149.5846796454473,1094.8425520432831,-0.0024146423416406826,-0.11703665404573205,0.99491697740096341,201.6876498413086,0.50045027576128376,1
2016-04-01,227694.40354372503,1149.5846796454473,1094.8425520432831,0.0067773339184222792,-0.11105251661247262,0.99495119483942562,201.67099983215331,0.6867914747739986,1
2016-04-04,226960.86103857262,1149.5846796454473,1094.8425520432831,-0.0032216097266156707,-0.11391635847140436,0.99493487698986971,201.64929985046388,0.60348401051552758,1
2016-04-05,224705.48805431891,1149.5846796454473,1094.8425520432831,-0.0099372771760432022,-0.12272161721843167,0.99488403826003768,201.6063498687744,0.3406339716345787,1
2016-04-06,227146.98226770337,1149.5846796454473,1094.8425520432831,0.010865307449875239,-0.11318971787038057,0.99493902728458605,201.58439987182618,0.63924943039630711,1
2016-04-07,224442.71982767875,1149.5846796454473,1094.8425520432831,-0.011905341700016558,-0.12374749730222179,0.99487804870423924,201.54469985961913,0.31938338586680637,1
2016-04-08,225044.88657249685,1149.5846796454473,1094.8425520432831,0.0026829417558316138,-0.12139656287408196,0.99489175383118456,201.50699989318846,0.39921420746692043,1
2016-04-11,224519.36682518813,1149.5846796454473,1094.8425520432831,-0.0023351774630943067,-0.12344825781945556,0.99487979724911424,201.47459991455079,0.34064743032862305,1
2016-04-12,226599.56099168173,1149.5846796454473,1094.8425520432831,0.0092650990242335585,-0.11532691912828841,0.99492680094076769,201.45489990234375,0.59891631401138423,1
2016-04-13,228876.83550464836,1149.5846796454473,1094.8425520432831,0.01004977460238865,-0.10643615406872686,0.99497727816311887,201.44579986572265,0.88020916254045289,1
2016-04-14,228887.77791601903,1149.5846796454473,1094.8425520432831,4.780916927016321e-05,-0.10639343352356301,0.99497751828379732,201.45874984741212,0.87873280235022699,1
2016-04-15,228635.9688067211,1149.5846796454473,1094.8425520432831,-0.0011001422251140092,-0.10737652783998297,0.99497198675411713,201.46839981079103,0.84580313169565513,1
2016-04-18,230234.44628333178,1149.5846796454473,1094.8425520432831,0.0069913648537163198,-0.10113587146912117,0.99500689537033593,201.47709983825683,1.0391702604236939,1
2016-04-19,230957.02967114197,1149.5846796454473,1094.8425520432831,0.0031384677639458847,-0.098314815377559595,0.99502251704015099,201.49004981994628,1.1239292902976719,1
2016-04-20,231176.01154632788,1149.5846796454473,1094.8425520432831,0.00094814985929514428,-0.097459882696631417,0.99502723196945941,201.50694984436035,1.1460126335600185,1
2016-04-21,229938.83411660805,1149.5846796454473,1094.8425520432831,-0.0053516687196235591,-0.10228997841060927,0.99500047617418785,201.51169982910156,0.99408957370361983,1
2016-04-22,229938.83411660805,1149.5846796454473,1094.8425520432831,0,-0.10228997841060927,0.99500047617418785,201.5338998413086,0.98909364881168305,1
2016-04-25,229544.69012963361,1149.5846796454473,1094.8425520432831,-0.0017141253607233509,-0.10382876592519108,0.99499189164865354,201.55244987487794,0.93714012847361061,1
2016-04-26,229884.08864781159,1149.5846796454473,1094.8425520432831,0.0014785727258004311,-0.10250371158084126,0.99499928556862127,201.55964988708496,0.97652393613454302,1
2016-04-27,230354.8796322954,1149.5846796454473,1094.8425520432831,0.0020479494133458509,-0.10066568458349323,0.99500950584819181,201.55754989624023,1.0341591696081138,1
2016-04-28,228274.66875983024,1149.5846796454473,1094.8425520432831,-0.0090304615026419732,-0.1087870884968668,0.99496402870326828,201.54139991760255,0.78582853041094602,1
2016-04-29,227048.45044745266,1149.5846796454473,1094.8425520432831,-0.0053716792977485106,-0.11357439844347439,0.99493683098307906,201.51999992370605,0.64140516457327135,1
2016-05-02,228843.99156456479,1149.5846796454473,1094.8425520432831,0.0079081848547020162,-0.10656438092642484,0.99497655729658463,201.49834991455077,0.86586323035653601,1
2016-05-03,226862.32921832189,1149.5846796454473,1094.8425520432831,-0.0086594466942069293,-0.11430103904449829,0.99493267708391042,201.46674995422364,0.63072809361795401,1
2016-05-04,225603.25025988917,1149.5846796454473,1094.8425520432831,-0.0055499692821237012,-0.11921664107101015,0.99490439664179853,201.42884994506835,0.48371182200570645,1
2016-05-05,225559.46390843493,1149.5846796454473,1094.8425520432831,-0.00019408564107037396,-0.11938758847387199,0.9949034074663694,201.39494995117187,0.48497737915272965,1
2016-05-06,226380.59582246738,1149.5846796454473,1094.8425520432831,0.0036404232383075996,-0.11618178658701028,0.99492189392174324,201.36669998168946,0.59276355233870215,1
2016-05-09,226566.71705159816,1149.5846796454473,1094.8425520432831,0.00082216070001317476,-0.11545514598598638,0.99492606551127427,201.34525001525878,0.62048226016133956,1
2016-05-10,229369.51131187353,1149.5846796454473,1094.8425520432831,0.012370723717716636,-0.10451268598105112,0.99498806675276752,201.3475,0.96940495724218401,1
2016-05-11,227234.57167658344,1149.5846796454473,1094.8425520432831,-0.0093078614637113199,-0.11284775784245049,0.99494097807757165,201.34605003356933,0.7035525481854783,1
2016-05-12,227300.25955675056,1149.5846796454473,1094.8425520432831,0.00028907520401699749,-0.11259130412705465,0.99494244009273369,201.33220001220704,0.71485307111187069,1
2016-05-13,225329.53962187836,1149.5846796454473,1094.8425520432831,-0.0086701173976450052,-0.12028524169996413,0.99489820694803466,201.30214996337889,0.47455069931773036,1
2016-05-16,227541.12625467783,1149.5846796454473,1094.8425520432831,0.0098148988211252952,-0.11165093035579854,0.9949477938403154,201.28194992065428,0.75671065651726821,1
2016-05-17,225428.08814810062,1149.5846796454473,1094.8425520432831,-0.0092864008425983524,-0.1199004959046639,0.99490043725655786,201.25369995117188,0.49667476852295306,1
2016-05-18,225493.77602826778,1149.5846796454473,1094.8425520432831,0.00029139172809733438,-0.11964404218926794,0.99490192279408485,201.22930000305175,0.50978194880361727,1
2016-05-19,224716.43046568957,1149.5846796454473,1094.8425520432831,-0.0034473038514409859,-0.12267889667326781,0.99488428737826107,201.2033999633789,0.41618642473131207,1
2016-05-20,226128.78671316948,1149.5846796454473,1094.8425520432831,0.0062850599956265629,-0.11716488090343002,0.99491623912039273,201.18049995422362,0.60028094853878655,1
2016-05-23,225822.23213507509,1149.5846796454473,1094.8425520432831,-0.0013556636576449455,-0.11836170839008187,0.99490933789478342,201.16479995727539,0.56443108923244101,1
2016-05-24,228734.50062697183,1149.5846796454473,1094.8425520432831,0.012896287776283932,-0.10699184726688904,0.9949741526682927,201.16439994812012,0.93568646830398883,1
2016-05-25,230278.23263478602,1149.5846796454473,1094.8425520432831,0.0067490125170568405,-0.10096492406625934,0.99500784478631699,201.1579499053955,1.1345852738002999,1
2016-05-26,230343.92051495318,1149.5846796454473,1094.8425520432831,0.00028525440470672514,-0.10070847035086339,0.99500926841448445,201.16129989624022,1.1419129926513516,1
2016-05-27,231329.28883537507,1149.5846796454473,1094.8425520432831,0.0042778134461678441,-0.096861468953305385,0.99503052689336047,201.16789993286133,1.2652819303517264,1
2016-05-31,230891.34179097481,1149.5846796454473,1094.8425520432831,-0.0018931759424200001,-0.098571269092955549,0.995021100961481,201.17379989624024,1.2075508702683464,1
2016-06-01,231362.13277545865,1149.5846796454473,1094.8425520432831,0.0020390153257026089,-0.096733242095607408,0.99503123235485924,201.17804992675781,1.2659708380842394,1
2016-06-02,232062.83134052748,1149.5846796454473,1094.8425520432831,0.0030285792954236612,-0.093997627094373648,0.99504623522429336,201.17964996337889,1.3544599685841421,1
2016-06-03,231373.07518682932,1149.5846796454473,1094.8425520432831,-0.0029722819019044611,-0.096690521550443664,0.99503146734460268,201.18114997863771,1.266225500413565,1
2016-06-06,232544.56473638199,1149.5846796454473,1094.8425520432831,0.0050632060303763549,-0.092116879551861763,0.99505649731719747,201.19629997253418,1.4094518764040924,1
2016-06-07,232905.84807730129,1149.5846796454473,1094.8425520432831,0.0015536090526513391,-0.090706384117184236,0.99506416567408862,201.23484992980957,1.4428403058943462,1
2016-06-08,233661.29211116661,1149.5846796454473,1094.8425520432831,0.0032435597478626121,-0.087757035945718265,0.99508012358718567,201.30754989624023,1.5200591826374963,1
2016-06-09,233343.79512170152,1149.5846796454473,1094.8425520432831,-0.0013587915507804471,-0.088996583977534183,0.99507342940468635,201.42044990539551,1.466494195836765,1
2016-06-10,231143.1676062443,1149.5846796454473,1094.8425520432831,-0.0094308379372568529,-0.097588109554329394,0.99502652537147973,201.53444992065431,1.181462996134482,1
2016-06-13,229369.51131187353,1149.5846796454473,1094.8425520432831,-0.0076734100027227026,-0.10451268598105112,0.99498806675276752,201.60439987182616,0.94768973884702634,1
2016-06-14,228920.6218561026,1149.5846796454473,1094.8425520432831,-0.0019570580815362337,-0.10626520666586503,0.99497823887457337,201.64824981689452,0.88335449936996546,1
2016-06-15,228603.12486663752,1149.5846796454473,1094.8425520432831,-0.0013869304866062082,-0.10750475469768095,0.99497126436781602,201.69059982299805,0.83617649123359739,1
2016-06-16,229281.92190299346,1149.5846796454473,1094.8425520432831,0.0029693252738864917,-0.1048546460089812,0.99498615211306618,201.74409980773925,0.91313981919744758,1
2016-06-17,228436.71347639896,2329.8249507481069,1094.8425520432831,-0.0036863282529187025,-0.10815444561786713,0.9898010047715522,201.81784980773926,0.65042775545871412,1
2016-06-20,229892.85607533311,2329.8249507481069,1094.8425520432831,0.0063743807935872088,-0.10246948244516751,0.98986560526272016,201.88004981994629,0.82601231047137569,1
2016-06-21,230538.80917160548,2329.8249507481069,1094.8425520432831,0.0028098006493106897,-0.099947600614165744,0.98989400110497727,201.94449981689453,0.89863598777982878,1
2016-06-22,230166.56671334393,2329.8249507481069,1094.8425520432831,-0.0016146628830049359,-0.10140088181621365,0.98987765693333851,202.02204986572266,0.84292175910491962,1
2016-06-23,233133.58067403716,2329.8249507481069,1094.8425520432831,0.012890725195499053,-0.089817287522788614,0.99000648064507868,202.08894989013672,1.2062789080688816,1
2016-06-24,224845.63124217471,2329.8249507481069,1094.8425520432831,-0.035550217209808554,-0.12217448065196623,0.98963811332300822,202.13119995117188,0.1537530421857316,1
2016-06-27,220860.40502097603,2329.8249507481069,1094.8425520432831,-0.017724276870233258,-0.13773330320064703,0.98945114245114774,202.14994995117186,-0.35415340111947607,0
2016-06-28,222807.40322240273,222807.40322240273,0,0.0088155149459305804,-0.13013197824763412,0,202.18224990844726,0.14154538024907551,1
2016-06-29,224673.70556605241,0,1087.1658839868965,0.0083763031059913562,-0.12284570003522732,1,202.23549995422363,0.61590207506708972,1
2016-06-30,227739.50473270129,0,1087.1658839868965,0.013645562834888825,-0.11087643591916507,1,202.290599899292,0.99896308161163827,1
2016-07-01,228217.86037586912,0,1087.1658839868965,0.0021004508801811816,-0.1090088755464016,1,202.3392999267578,1.0506359853194009,1
2016-07-05,226576.24586302947,0,1087.1658839868965,-0.0071931903582653778,-0.11541794431212127,1,202.38269996643066,0.83415793386500814,1
2016-07-06,227935.20321801308,0,1087.1658839868965,0.005997792706853966,-0.11011240450990267,1,202.45375000000001,0.9971349395595146,1
2016-07-07,227793.86634466762,0,1087.1658839868965,-0.0006200747903353232,-0.11066420137409827,1,202.51909996032714,0.96948680728135717,1
2016-07-08,231185.81859427958,0,1087.1658839868965,0.014890445928336327,-0.097421594752525431,1,202.61279991149902,1.3861990552949297,1
2016-07-11,232001.19300726976,0,1087.1658839868965,0.003526922273814348,-0.094238270871194185,1,202.71179985046388,1.4737768503735427,1
2016-07-12,233686.30344521641,0,1087.1658839868965,0.0072633697098869465,-0.087659388563465113,1,202.82204986572265,1.6682570647656534,1
2016-07-13,233653.6897958036,0,1087.1658839868965,-0.00013956166421391636,-0.087786716337527215,1,202.93239982604982,1.6454926060573096,1
2016-07-14,234958.2855388209,0,1087.1658839868965,0.0055834587682197512,-0.082693411080375312,1,203.07294982910156,1.7953827668759952,1
2016-07-15,234643.01473155204,0,1087.1658839868965,-0.0013418160868251539,-0.083924267817938381,1,203.21149986267091,1.7417536251794952,1
2016-07-18,235273.57293492462,0,1087.1658839868965,0.002687308650947795,-0.081462489577922126,1,203.33539985656739,1.8015380133359316,1
2016-07-19,235034.39511334072,0,1087.1658839868965,-0.0010165945057079018,-0.082396269764303809,1,203.45569984436034,1.7515925807599526,1
2016-07-20,236012.83777339497,0,1087.1658839868965,0.0041629764851327522,-0.078576307012662494,1,203.56614982604981,1.8504207268550843,1
2016-07-21,235121.37037471987,0,1087.1658839868965,-0.0037771987620903724,-0.082056707445175014,1,203.6551498413086,1.7153352941979896,1
2016-07-22,236175.92260929395,0,1087.1658839868965,0.0044851398785801244,-0.077939603377462197,1,203.75239990234374,1.8215688059126089,1
2016-07-25,235534.48213022714,0,1087.1658839868965,-0.0027159435728253412,-0.08044386738542586,1,203.83859985351563,1.7188372191907908,1
2016-07-26,235643.20535415981,0,1087.1658839868965,0.00046160215247192937,-0.080019398295292254,1,203.91629981994629,1.709672074005032,1
2016-07-27,235393.16184571659,0,1087.1658839868965,-0.0010611106230176137,-0.08099559948473134,1,203.99224983215333,1.6578443154945464,1
2016-07-28,235664.9533167133,0,1087.1658839868965,0.0011546277252303394,-0.079934491524287554,1,204.06849983215332,1.6694741354508431,1
2016-07-29,236045.45142280779,0,1087.1658839868965,0.0016145723016487423,-0.078448979238600502,1,204.15284980773924,1.6931407372554821,1
2016-08-01,235849.7695263309,0,1087.1658839868965,-0.00082900092036253259,-0.079212945882972674,1,204.24109985351564,1.6484269578291191,1
2016-08-02,234338.60961114251,0,1087.1658839868965,-0.0064072986724699188,-0.085112703552444158,1,204.30709983825685,1.451895141052582,1
2016-08-03,235023.51283764653,0,1087.1658839868965,0.0029227075625333221,-0.082438755532251218,1,204.37164978027343,1.5161507041762492,1
2016-08-04,235273.57293492462,0,1087.1658839868965,0.001063979064302556,-0.081462489577922126,1,204.43684982299806,1.5283265740472562,1
2016-08-05,237197.84460562031,0,1087.1658839868965,0.0081788687385979664,-0.073949891848701488,1,204.5121997833252,1.7315722939685094,1
2016-08-08,237056.52432110975,0,1087.1658839868965,-0.00059579076169735679,-0.074501623948006857,1,204.5931997680664,1.6930037484845732,1
2016-08-09,237197.84460562031,0,1087.1658839868965,0.0005961459399410618,-0.073949891848701488,1,204.65779975891112,1.6890221529096554,1
2016-08-10,236610.78232735474,0,1087.1658839868965,-0.0024749899361086181,-0.076241856546708342,1,204.70844978332519,1.6052663149279842,1
2016-08-11,237708.81389820096,0,1087.1658839868965,0.0046406658227733377,-0.071955003701876019,1,204.76669975280763,1.7110354642401486,1
2016-08-12,237502.26631486477,0,1087.1658839868965,-0.00086891007509981577,-0.072761391349305482,1,204.82599975585939,1.6687284003756893,1
2016-08-15,238187.16954136876,0,1087.1658839868965,0.0028837755408868126,-0.070087443329112764,1,204.87669975280761,1.7276412005321089,1
2016-08-16,236958.68337287131,0,1087.1658839868965,-0.0051576504765681319,-0.074883607270193053,1,204.92234977722168,1.5757378737362226,1
2016-08-17,237404.40877779142,0,1087.1658839868965,0.0018810258335995034,-0.073143439436381796,1,204.97454978942872,1.6089497841202112,1
2016-08-18,237937.12603292556,0,1087.1658839868965,0.0022439231768132117,-0.071063644518551627,1,205.01689979553223,1.6530217388344548,1
2016-08-19,237589.22498740899,0,1087.1658839868965,-0.0014621553656507524,-0.072421893795066916,1,205.05459976196289,1.6019466308529404,1
2016-08-22,237578.3593005497,0,1087.1658839868965,-4.5733079266807586e-05,-0.072464314798124208,1,205.09544975280761,1.5873559763257052,1
2016-08-23,238056.7149437175,0,1087.1658839868965,0.0020134647136049733,-0.070596754425360841,1,205.13954978942871,1.6247159445384618,1
2016-08-24,236839.09446207935,0,1087.1658839868965,-0.0051148335888194785,-0.075350497363383839,1,205.17859985351564,1.4815602827088088,1
2016-08-25,236676.00962618037,0,1087.1658839868965,-0.00068858917177239132,-0.075987200998584248,1,205.22669982910156,1.4510804726296518,1
2016-08-26,236230.26763242538,0,1087.1658839868965,-0.0018833425257549496,-0.077727433597285511,1,205.27034980773925,1.392006359149087,1
2016-08-29,237393.5430909321,0,1087.1658839868965,0.0049243285806066517,-0.073185860439439199,1,205.3234497833252,1.5015073283709695,1
2016-08-30,237002.16270914342,0,1087.1658839868965,-0.0016486563901140228,-0.07471385849307377,1,205.38924980163574,1.4448378259199142,1
2016-08-31,236328.12516949873,0,1087.1658839868965,-0.0028440142990251438,-0.077345385510209197,1,205.46344985961915,1.3593133048180326,1
2016-09-01,236338.99085635802,0,1087.1658839868965,4.5977121222895434e-05,-0.077302964507152017,1,205.52229988098145,1.3475508118915911,1
2016-09-02,237404.40877779142,0,1087.1658839868965,0.0045080074073808873,-0.073143439436381796,1,205.58679985046388,1.4438802077114097,1
2016-09-06,238121.94224254313,0,1087.1658839868965,0.0030224100236626583,-0.070342098877236858,1,205.63829986572264,1.5044613606557515,1
2016-09-07,238100.19427998964,0,1087.1658839868965,-9.1331199253086304e-05,-0.070427005648241447,1,205.69059982299805,1.4883866676996349,1
2016-09-08,237556.61133799618,0,1087.1658839868965,-0.0022830008334820961,-0.072549221569129019,1,205.73659980773925,1.4207003629466144,1
2016-09-09,231870.7384096185,0,1087.1658839868965,-0.023934812406832151,-0.094747581967442374,1,205.75764976501466,0.83548115967397096,1
2016-09-12,235197.4633604048,0,1087.1658839868965,0.014347325469371563,-0.081759630893993629,1,205.79259971618652,1.167908227585954,1
2016-09-13,231816.37679765216,0,1087.1658839868965,-0.014375523079394936,-0.094959816512509176,1,205.81214965820311,0.82029921355197333,1
2016-09-14,231729.40153627301,0,1087.1658839868965,-0.00037519032339583536,-0.095299378831637971,1,205.83009963989258,0.80848575462710681,1
2016-09-15,234045.07017759228,0,1087.1658839868965,0.009992985896339901,-0.086258718283892644,1,205.86304962158204,1.0375495074677112,1
2016-09-16,233144.89284433075,1176.313486473822,1087.1658839868965,-0.0038461708788759541,-0.0897731233924558,0.99495458179622565,205.87649963378905,0.82479691437869007,1
2016-09-19,233188.38876943776,1176.313486473822,1087.1658839868965,0.00018656177528209028,-0.0896033098504464,0.99495552290282829,205.90089965820312,0.82527622528949784,1
2016-09-20,233199.25445629706,1176.313486473822,1087.1658839868965,4.6596174520630029e-05,-0.089560888847389108,0.99495575794521141,205.93994964599608,0.82069264397846797,1
2016-09-21,235808.46253116656,1176.313486473822,1087.1658839868965,0.011188749642244256,-0.079374213568195295,0.99501157221480829,205.97094970703125,1.0778969424159517,1
2016-09-22,237286.99220810723,1176.313486473822,1087.1658839868965,0.0062700450232793248,-0.073601848437676032,0.99504265499120936,206.01509963989258,1.2175517826047149,1
2016-09-23,235993.27874078415,1176.313486473822,1087.1658839868965,-0.0054521044549650233,-0.078652667926880304,0.99501547886130315,206.0602996826172,1.0797041939841805,1
2016-09-26,234090.73844380706,1176.313486473822,1087.1658839868965,-0.0080618410283915809,-0.086080423649986471,0.99497496785095507,206.10479972839354,0.88285921266015976,1
2016-09-27,235536.67106016984,1176.313486473822,1087.1658839868965,0.0061768040289635895,-0.08043532152863897,0.99500581594713411,206.1532997894287,1.0192626191670693,1
2016-09-28,236699.92992984166,1176.313486473822,1087.1658839868965,0.0049387590664158321,-0.075893813135682775,0.99503035980271537,206.2270997619629,1.1241105473126267,1
2016-09-29,234569.07749813999,1176.313486473822,1087.1658839868965,-0.0090023365546971768,-0.084212928042113222,0.99498521502058113,206.28599975585936,0.90459047116240343,1
2016-09-30,236330.2975106065,1176.313486473822,1087.1658839868965,0.0075083213493070122,-0.077336904418312535,0.99502258703659852,206.34234977722167,1.0700580849173702,1
2016-10-03,235764.96660605955,1176.313486473822,1087.1658839868965,-0.0023921220025612255,-0.079544027110204696,0.99501065190724747,206.38109977722169,1.0075178113215522,1
2016-10-04,234569.07749813999,1176.313486473822,1087.1658839868965,-0.0050723783314158277,-0.084212928042113222,0.99498521502058113,206.43019973754883,0.88266518556112616,1
2016-10-05,235601.89835899547,1176.313486473822,1087.1658839868965,0.0044030563272503542,-0.080180665980514876,0.99500719860634812,206.50824974060058,0.97477843959185118,1
2016-10-06,235764.96660605955,1176.313486473822,1087.1658839868965,0.00069213469076379042,-0.079544027110204696,0.99501065190724747,206.57879974365235,0.98154447741657502,1
2016-10-07,234960.45787992867,1176.313486473822,1087.1658839868965,-0.0034123336376568059,-0.08268492998847865,0.99499356829192531,206.636499710083,0.89488567502398653,1
2016-10-10,236178.09495040172,1176.313486473822,1087.1658839868965,0.005182306339798215,-0.077931122285565535,0.99501937939366969,206.68719970703125,1.0061977835270359,1
2016-10-11,233210.12014315638,1176.313486473822,1087.1658839868965,-0.012566681122009316,-0.089518467844331817,0.99495599296569237,206.72594970703125,0.71121585187313086,1
2016-10-12,233514.54185240081,1176.313486473822,1087.1658839868965,0.0013053537687710559,-0.088329967344935922,0.99496256859576082,206.76844970703124,0.73545944134123986,1
2016-10-13,232753.51246254207,1176.313486473822,1087.1658839868965,-0.0032590235444085458,-0.091301121446090372,0.99494609780953092,206.796499710083,0.65761279255537108,1
2016-10-14,232873.10137333401,1176.313486473822,1087.1658839868965,0.00051380067061801427,-0.090834231352899697,0.99494869317436541,206.83244972229005,0.66472488214565784,1
2016-10-17,232068.60923603806,1176.313486473822,1087.1658839868965,-0.0034546374508329647,-0.093975069466283312,0.9949311822467235,206.87499977111815,0.58164247932205926,1
2016-10-18,233514.54185240081,1176.313486473822,1087.1658839868965,0.0062306255943995748,-0.088329967344935922,0.99496256859576082,206.93844978332518,0.71523044801917757,1
2016-10-19,234134.2177800792,1176.313486473822,1087.1658839868965,0.002653693096638321,-0.085910674872867077,0.99497590101256062,207.00304977416991,0.76814135472525968,1
2016-10-20,233699.35806201838,1176.313486473822,1087.1658839868965,-0.0018573095474206935,-0.087608421703621042,0.99496655234216924,207.0783497619629,0.71838664225358517,1
2016-10-21,233808.06469711615,1176.313486473822,1087.1658839868965,0.00046515589943951774,-0.087184017378377554,0.99496889259146104,207.17799972534181,0.72092189576776367,1
2016-10-24,234797.38963286459,1176.313486473822,1087.1658839868965,0.0042313550519741394,-0.08332156885878883,0.9949900912939742,207.2928497314453,0.80920653530071807,1
2016-10-25,234014.62886928723,1176.313486473822,1087.1658839868965,-0.0033337711496763678,-0.086377564966057974,0.99497333353834538,207.40314971923829,0.72459312342592264,1
2016-10-26,233547.15550181363,1176.313486473822,1087.1658839868965,-0.0019976245490820332,-0.08820263957087382,0.99496327204693924,207.50354972839355,0.67070303962259981,1
2016-10-27,232927.46298530034,1176.313486473822,1087.1658839868965,-0.0026533935520720586,-0.090621996807832894,0.99494987207005281,207.62524971008301,0.60190047433346905,1
2016-10-28,232242.54316996143,1176.313486473822,1087.1658839868965,-0.0029404854479616604,-0.093296009592915841,0.99493497844788514,207.72829971313476,0.52581113771934218,1
2016-10-31,232253.42544565562,1176.313486473822,1087.1658839868965,4.6857373957598369e-05,-0.093253523824968432,0.9949352157703738,207.85199974060058,0.5192577715460327,1
2016-11-01,230579.18069456826,1176.313486473822,1087.1658839868965,-0.0072086977743159864,-0.099789985129640324,0.99489844016736273,207.9667497253418,0.34038132066112098,1
2016-11-02,229198.49196586604,1176.313486473822,1087.1658839868965,-0.0059879158410711675,-0.1051803669379735,0.99486770843741412,208.08719978332519,0.1878103284862582,1
2016-11-03,228154.80541815126,1176.313486473822,1087.1658839868965,-0.0045536361900243572,-0.10925505000262903,0.99484423094083896,208.19764976501466,0.067177617430402639,1
2016-11-04,227904.76190970806,1176.313486473822,1087.1658839868965,-0.0010959379443484796,-0.11023125119206789,0.99483857433860967,208.28779975891112,0.030567795744865591,1
2016-11-07,232905.71502274682,1176.313486473822,1087.1658839868965,0.021943170783855992,-0.090706903578837594,0.99494940050587022,208.4153497314453,0.55974177898352095,1
2016-11-08,233949.4015704616,1176.313486473822,1087.1658839868965,0.0044811547351375491,-0.086632220514182068,0.9949719320563446,208.53489974975585,0.66617527786313535,1
2016-11-09,236417.27277198562,1176.313486473822,1087.1658839868965,0.010548739107506311,-0.076997342099183852,0.9950244181709671,208.67614974975587,0.93256403076227756,1
2016-11-10,237004.33505025119,1176.313486473822,1087.1658839868965,0.002483161536305234,-0.074705377401177109,0.9950367427404887,208.81519973754882,0.99275943489048368,1
2016-11-11,236460.75210825776,1176.313486473822,1087.1658839868965,-0.0022935569591087113,-0.076827593322064458,0.99502533305850582,208.92869972229005,0.9236110178784358,1
2016-11-14,236645.56831787532,1176.313486473822,1087.1658839868965,0.00078159359627227865,-0.076106047680749578,0.99502921818973711,209.04339973449706,0.93676452841979962,1
2016-11-15,238482.88131602679,1176.313486473822,1087.1658839868965,0.0077639865018874765,-0.068932947505767506,0.99506751394488979,209.18399971008301,1.1412572325834727,1
2016-11-16,238037.13932227177,1176.313486473822,1087.1658839868965,-0.0018690733326235387,-0.07067318010446888,0.99505827750315368,209.31684967041016,1.0837729842855022,1
2016-11-17,239254.77639274482,1176.313486473822,1087.1658839868965,0.0051153239109655857,-0.065919372401555765,0.995083427364715,209.4537996673584,1.2193534239994566,1
2016-11-18,238722.05913761069,1176.313486473822,1087.1658839868965,-0.0022265689453140336,-0.067999167319385823,0.99507245584792925,209.60654968261719,1.1555079203444656,1
2016-11-21,240515.87621065511,1176.313486473822,1087.1658839868965,0.0075142493304751756,-0.060995880686413262,0.99510920648978884,209.78019966125487,1.3754694525825977,1
2016-11-22,240983.36616696362,1176.313486473822,1087.1658839868965,0.0019436968722141845,-0.059170741316707298,0.99511869426847155,209.95594970703124,1.4400868457734624,1
2016-11-23,241113.82076461488,1176.313486473822,1087.1658839868965,0.00054134274795081261,-0.05866143022045911,0.99512133529822755,210.13309967041016,1.4664315775726939,1
2016-11-25,242005.30475212488,1176.313486473822,1087.1658839868965,0.0036973574749177285,-0.055180965023056472,0.99513930701775877,210.3263996887207,1.6020936296701909,1
2016-11-28,240874.64294303098,1176.313486473822,1087.1658839868965,-0.0046720538223407049,-0.059595210406840793,0.99511649100087296,210.49564964294433,1.4642471091679223,1
2016-11-29,241342.13289933949,1176.313486473822,1087.1658839868965,0.0019408018652220527,-0.057770071037134718,0.99512595056510733,210.65129966735839,1.5315280706212626,1
2016-11-30,240765.93630793321,1176.313486473822,1087.1658839868965,-0.0023874678842197294,-0.060019614732084281,0.99511428608003194,210.7887996673584,1.4501688097693723,1
2016-12-01,239885.33459611741,1176.313486473822,1087.1658839868965,-0.0036575012450662525,-0.06345759416153951,0.99509635097762728,210.92619972229005,1.3280651077100061,1
2016-12-02,240004.90691807447,1176.313486473822,1087.1658839868965,0.00049845615680665922,-0.062990768833238731,0.99509879401392676,211.06459968566895,1.3465744392942804,1
2016-12-05,241439.97384757793,1176.313486473822,1087.1658839868965,0.0059793232893914361,-0.057388087714948632,0.99512792572113007,211.19569969177246,1.5485529007116809,1
2016-12-06,242200.98664860177,1176.313486473822,1087.1658839868965,0.0031519751634179194,-0.0544169983786843,0.99514323412653782,211.34259963989257,1.6620606019486943,1
2016-12-07,245353.7776654647,1176.313486473822,1087.1658839868965,0.013017250922421564,-0.042108107178603027,0.99520564346851959,211.49959968566895,2.1239940106810904,1
2016-12-08,245951.7056305896,1176.313486473822,1087.1658839868965,0.0024370032970926214,-0.039773721477538881,0.99521729892680399,211.64764968872069,2.1997041754815339,1
2016-12-09,247430.25189636517,1176.313486473822,1087.1658839868965,0.0060115308490533703,-0.034001291582129389,0.99524587847501156,211.80474967956542,2.4049776545212671,1
2016-12-12,247147.59473850913,1176.313486473822,1087.1658839868965,-0.0011423710548313926,-0.035104820545630466,0.99524044129291089,211.96819969177247,2.3562255443242854,1
2016-12-13,248789.20925134877,1176.313486473822,1087.1658839868965,0.00664224353296472,-0.028695751779910905,0.99527184683767622,212.11644966125488,2.5716408430214259,1
2016-12-14,246745.34866986115,1176.313486473822,1087.1658839868965,-0.0082152300239948239,-0.036675239602322329,0.99523268222556172,212.25084968566895,2.2384123463919332,1
2016-12-15,247756.40497932822,1176.313486473822,1087.1658839868965,0.0040975698829477381,-0.032727949076618912,0.99525213692630088,212.38599967956543,2.3605660041931604,1
2016-12-16,247276.96017961623,2621.1569462924072,1087.1658839868965,-0.0019351459339749244,-0.034599761653010819,0.98939991439401198,212.50904968261719,2.0488172091469257,1
2016-12-19,247809.67743475037,2621.1569462924072,1087.1658839868965,0.0021543343736802889,-0.032519966735180761,0.98942270143189803,212.63374969482422,2.1051189418994651,1
2016-12-20,248755.5064453918,2621.1569462924072,1087.1658839868965,0.0038167557475250469,-0.028827331757601438,0.98946291889676086,212.77374969482423,2.2268043652816409,1
2016-12-21,248070.60321888779,2621.1569462924072,1087.1658839868965,-0.002753318856297815,-0.031501279777794267,0.9894338268529963,212.90569969177247,2.1042518456382138,1
2016-12-22,247646.60918768629,2621.1569462924072,1087.1658839868965,-0.0017091667682501699,-0.033156605605490941,0.98941573658169535,213.03489974975585,2.0228965263847405,1
2016-12-23,248005.37592006216,2621.1569462924072,1087.1658839868965,0.0014487044000024429,-0.031755935325918361,0.9894310478691507,213.149649810791,2.0509596230112188,1
2016-12-27,248614.18616088125,2621.1569462924072,1087.1658839868965,0.0024548267897843701,-0.029379063856906806,0.9894569292815969,213.26849983215331,2.1151266780803648,1
2016-12-28,246581.17467741802,2621.1569462924072,1087.1658839868965,-0.0081773752128031507,-0.037316195441151168,0.98937000381427553,213.37964981079102,1.7930312550838079,1
2016-12-29,246526.82965428659,2621.1569462924072,1087.1658839868965,-0.00022039404752827174,-0.037528365221327853,0.98936766050994063,213.48469985961913,1.7657803116887367,1
2016-12-30,245635.34566677659,2621.1569462924072,1087.1658839868965,-0.0036161743075192598,-0.041008830418730491,0.98932907257635383,213.57919982910155,1.6149512079810135,1
2017-01-03,247494.40662748154,2621.1569462924072,1087.1658839868965,0.0075683772449708364,-0.033750823472743718,0.98940922753766447,213.68349983215333,1.8695035218490716,1
2017-01-04,248951.20493070359,2621.1569462924072,1087.1658839868965,0.005886186775181379,-0.028063300348339038,0.98947120200915673,213.79304985046386,2.0574547036686366,1
2017-01-05,248755.5064453918,2621.1569462924072,1087.1658839868965,-0.00078609173780164188,-0.028827331757601438,0.98946291889676086,213.90224983215333,2.0017039541630535,1
2017-01-06,249636.12474604251,2621.1569462924072,1087.1658839868965,0.0035400957077669215,-0.02538928756325598,0.9895000895845546,214.02224983215331,2.1041533573659126,1
2017-01-09,248820.75033305233,2621.1569462924072,1087.1658839868965,-0.0032662516846055922,-0.028572611444587226,0.98946568185015149,214.13894989013673,1.9617381968782142,1
2017-01-10,248820.75033305233,2621.1569462924072,1087.1658839868965,0,-0.028572611444587226,0.98946568185015149,214.25504989624022,1.9395288990139183,1
2017-01-11,249516.53583525054,2621.1569462924072,1087.1658839868965,0.0027963323045481214,-0.025856177656446877,0.98949505716116914,214.36494995117187,2.0137338136189107,1
2017-01-12,248896.84331873729,2621.1569462924072,1087.1658839868965,-0.0024835729401213591,-0.028275534893405729,0.98946890241217023,214.46749992370604,1.8983591777123587,1
2017-01-13,249462.17422328424,2621.1569462924072,1087.1658839868965,0.0022713462212253788,-0.026068412201513569,0.98949276797392816,214.57514991760254,1.95408692016661,1
2017-01-17,248592.43819832773,2621.1569462924072,1087.1658839868965,-0.0034864444987080523,-0.029463970627911618,0.98945600692728541,214.67179992675781,1.8052552423107291,1
2017-01-18,249136.02114032119,2621.1569462924072,1087.1658839868965,0.0021866431092316674,-0.027341754707024046,0.98947901257194726,214.77429992675781,1.8590194933888999,1
2017-01-19,248222.80577909257,2621.1569462924072,1087.1658839868965,-0.0036655292038811904,-0.030907061910541378,0.98944030570412167,214.88289993286133,1.7107754432085212,1
2017-01-20,249125.15545346186,2621.1569462924072,1087.1658839868965,0.003635240813337548,-0.027384175710081449,0.98947855369514437,214.98449996948241,1.8164833404969956,1
2017-01-23,248483.71497439509,2621.1569462924072,1087.1658839868965,-0.002574772017298721,-0.029888439718045112,0.98945139343814748,215.09549995422364,1.7081164317257622,1
2017-01-24,250060.118777244,2621.1569462924072,1087.1658839868965,0.0063440930244114124,-0.023733961735559417,0.98951789290067738,215.21099998474122,1.9096058583223814,1
2017-01-25,252201.83689580497,2621.1569462924072,1087.1658839868965,0.0085648128499404841,-0.015372425826071678,0.98960690779038485,215.33875,2.1835140633498717,1
2017-01-26,251940.91111166755,2621.1569462924072,1087.1658839868965,-0.0010345911328363266,-0.016391112783458173,0.98959614405327512,215.45580001831055,2.1157827278777521,1
2017-01-27,251549.5307298789,2621.1569462924072,1087.1658839868965,-0.0015534610082249545,-0.017919110837092633,0.98957995692265044,215.56065002441406,2.0302111346355365,1
2017-01-30,250005.75716527767,2621.1569462924072,1087.1658839868965,-0.0061370560307623112,-0.02394619628062622,0.98951561365621044,215.65835006713868,1.7917391342735105,1
2017-01-31,249984.00920272418,2621.1569462924072,1087.1658839868965,-8.6989846954210748e-05,-0.02403110305163092,0.98951470154170229,215.75710006713868,1.7661528909172637,1
2017-02-01,250081.85015096262,2621.1569462924072,1087.1658839868965,0.00039138882743139369,-0.023649119729444834,0.98951880376480683,215.84900001525878,1.7563504680171236,1
2017-02-02,250244.9349868616,2621.1569462924072,1087.1658839868965,0.00065212583720297701,-0.023012416094244426,0.989525634369263,215.93835006713869,1.7551617473716985,1
2017-02-03,251951.77679852687,2621.1569462924072,1087.1658839868965,0.0068206847493432754,-0.01634869178040077,0.98959659273056677,216.03455001831054,1.9583727660880759,1
2017-02-06,251506.03480477186,2621.1569462924072,1087.1658839868965,-0.0017691559846051419,-0.018088924379102145,0.98957815486086831,216.13434997558593,1.8717762018154243,1
2017-02-07,251516.91708046608,2621.1569462924072,1087.1658839868965,4.3268447624589257e-05,-0.018046438611154625,0.98957860577841827,216.23419998168944,1.8477277099360996,1
2017-02-08,251843.0701634291,2621.1569462924072,1087.1658839868965,0.0012967441186417794,-0.016773096105644258,0.98959210215873139,216.33735000610352,1.8656445394188028,1
2017-02-09,253321.6164292047,2621.1569462924072,1087.1658839868965,0.0058709031176285009,-0.011000666210234655,0.98965284927816277,216.44575004577638,2.0311707990514631,1
2017-02-10,254310.92477611825,2621.1569462924072,1087.1658839868965,0.0039053451531643191,-0.0071382824555360491,0.9896931012751421,216.55654998779298,2.1268747549855735,1
2017-02-13,255680.76440679608,2621.1569462924072,1087.1658839868965,0.0053864757555490694,-0.0017902568853700451,0.98974832169180293,216.68315002441406,2.2679006214867674,1
2017-02-14,256691.82071626314,2621.1569462924072,1087.1658839868965,0.0039543698635788882,0,0.98978870094505378,216.81999999999999,2.3588711321096305,1
2017-02-15,258018.16442183394,2621.1569462924072,1087.1658839868965,0.005167066491911676,0,0.98984119218053546,216.9547499847412,2.4809500842723793,1
2017-02-16,257800.73456280353,2621.1569462924072,1087.1658839868965,-0.00084269206207876479,-0.00084269206207876479,0.98983262421366813,217.09754997253418,2.4112962404406959,1
2017-02-17,258202.98063145153,2621.1569462924072,1087.1658839868965,0.0015602983805695914,0,0.98984846363941192,217.24794998168946,2.4218010119628048,1
2017-02-21,259725.02282233411,2621.1569462924072,1087.1658839868965,0.0058947506615156797,0,0.98990795373580376,217.40555000305176,2.565215132126597,1
2017-02-22,259496.71068760951,2621.1569462924072,1087.1658839868965,-0.0008790532858313771,-0.0008790532858313771,0.98989907448403902,217.55834999084473,2.4923592499583811,1
2017-02-23,259670.66121036781,2621.1569462924072,1087.1658839868965,0.0006703380643915402,-0.00020930448431799586,0.98990584098305612,217.71110000610352,2.4698323699072589,1
2017-02-24,259996.81429333086,2621.1569462924072,1087.1658839868965,0.0012560259270062435,0,0.98991850360391265,217.85255004882814,2.4617648730783279,1
2017-02-27,260399.06036197883,2621.1569462924072,1087.1658839868965,0.001547119220446147,0,0.9899340767871867,218.0056000518799,2.4653207456118786,1
2017-02-28,259703.27485978062,2621.1569462924072,1087.1658839868965,-0.0026719969773738583,-0.0026719969773738583,0.98990710861190478,218.15515007019042,2.3434736297010903,1
2017-03-01,263301.79128156364,2621.1569462924072,1087.1658839868965,0.013856261241703471,0,0.99004504704075691,218.33025009155273,2.7134495346104157,1
2017-03-02,261660.17676872399,2621.1569462924072,1087.1658839868965,-0.0062347259578047209,-0.0062347259578047209,0.98998259124234567,218.48770011901854,2.476956786109739,1
2017-03-03,261823.24501578807,2621.1569462924072,1087.1658839868965,0.00062320620996980658,-0.005615405267769269,0.98998883026549322,218.65555007934572,2.4550095912685164,1
2017-03-06,261051.36652790493,2621.1569462924072,1087.1658839868965,-0.0029480899903925328,-0.0085469405380999008,0.98995922916951207,218.81955009460449,2.331322116526743,1
2017-03-07,260279.47145118687,2621.1569462924072,1087.1658839868965,-0.0029568704695347447,-0.011478538811552697,0.9899294518631141,218.98355010986327,2.2140853054428731,1
2017-03-08,259801.11580801907,2621.1569462924072,1087.1658839868965,-0.0018378539056527199,-0.013295296839819448,0.98991090958889749,219.13890007019043,2.1311246302451012,1
2017-03-09,260127.26889098209,2621.1569462924072,1087.1658839868965,0.0012553952355001119,-0.012056592456626491,0.98992355950428668,219.29715003967286,2.1392799350120169,1
2017-03-10,261029.61856535141,2621.1569462924072,1087.1658839868965,0.0034688776698281742,-0.0086295376311453786,0.98995839261192431,219.44625007629395,2.2056506402051532,1
2017-03-13,261160.07316300267,2621.1569462924072,1087.1658839868965,0.00049976933027084947,-0.0081340810791169504,0.98996340859249021,219.58890007019042,2.1846427862621689,1
2017-03-14,260170.74822725423,2621.1569462924072,1087.1658839868965,-0.0037881936689876383,-0.0118914612736577,0.98992524346356237,219.72670005798341,2.0450373856945516,1
2017-03-15,262399.44160719431,2621.1569462924072,1087.1658839868965,0.0085662719392010089,-0.0034270548254812239,0.99001081355113485,219.87025001525879,2.2501978582125215,1
2017-03-16,261888.4723146137,2621.1569462924072,1087.1658839868965,-0.0019472956552457621,-0.0053676769917549993,0.98999132369925946,220.01345001220704,2.1598088681960408,1
2017-03-17,261435.12745875813,3744.1993044508708,1087.1658839868965,-0.0017310607521164867,-0.0070894459689010425,0.98567828531366153,220.14724998474122,1.9617956139779142,1
2017-03-20,261152.47030090209,3744.1993044508708,1087.1658839868965,-0.0010811751297675753,-0.0081629561660032657,0.98566278427258702,220.27654998779298,1.9045331864790094,1
2017-03-21,257847.47672383441,3744.1993044508708,1087.1658839868965,-0.012655417631162513,-0.020715068177780127,0.98547901514482905,220.39379997253417,1.5359535234871571,1
2017-03-22,258445.42127779417,3744.1993044508708,1087.1658839868965,0.0023189854776053398,-0.018444120642446604,0.98551261118908995,220.50844993591309,1.5804225759875374,1
2017-03-23,258173.62980679749,3744.1993044508708,1087.1658839868965,-0.0010516397220461382,-0.019476363794587059,0.98549735963640894,220.62019996643068,1.533746193956129,1
2017-03-24,257988.81359717989,3744.1993044508708,1087.1658839868965,-0.00071586013550606342,-0.020178281577667989,0.98548697033702781,220.72764999389648,1.4968856705891493,1
2017-03-27,257727.88781304244,3744.1993044508708,1087.1658839868965,-0.0010113841003387414,-0.021169257684846898,0.98547227722920339,220.83534996032714,1.4530529131454555,1
2017-03-28,259576.08308688807,3744.1993044508708,1087.1658839868965,0.0071711109322647459,-0.014149953847793828,0.98557571537437227,220.96159996032713,1.6271601450904085,1
2017-03-29,259815.24431963713,3744.1993044508708,1087.1658839868965,0.00092135311506713613,-0.013241637836782338,0.98558899300056235,221.09704994201661,1.6339976708287751,1
2017-03-30,260630.61873262731,3744.1993044508708,1087.1658839868965,0.0031382854963932783,-0.010144908380360751,0.98563407736720321,221.2382999420166,1.6998062834116363,1
2017-03-31,260032.69076750241,3744.1993044508708,1087.1658839868965,-0.0022941585606189863,-0.012415792912572332,0.98560104387875369,221.37824996948243,1.6206279794475902,1
2017-04-03,259586.94877374743,3744.1993044508708,1087.1658839868965,-0.0017141767538509933,-0.014108686802831949,0.98557631914031907,221.51305000305175,1.5580695093340968,1
2017-04-04,259750.0170208115,3744.1993044508708,1087.1658839868965,0.00062818353478233391,-0.013489366112796497,0.98558537417092495,221.65784996032716,1.5603381122825219,1
2017-04-05,258989.0042197876,3744.1993044508708,1087.1658839868965,-0.0029297892248566493,-0.016379634338165694,0.98554301826160395,221.79249992370606,1.4671504426592954,1
2017-04-06,259706.53768453933,3744.1993044508708,1087.1658839868965,0.0027705170994163364,-0.0136544972957654,0.98558296091491215,221.92749992370605,1.5262478498669747,1
2017-04-07,259445.61190040194,3744.1993044508708,1087.1658839868965,-0.0010046947083570679,-0.014645473402944198,0.98556846162467282,222.06299987792968,1.4847206002362152,1
2017-04-10,259597.81446060672,3744.1993044508708,1087.1658839868965,0.00058664534385433065,-0.014067419757870292,0.98557692285572363,222.18564987182617,1.4844721504804408,1
2017-04-11,259293.40934019716,3744.1993044508708,1087.1658839868965,-0.0011726027857439369,-0.015223527048017993,0.98555999046031129,222.34474983215333,1.444063477945422,1
2017-04-12,258173.62980679749,3744.1993044508708,1087.1658839868965,-0.0043185807778496343,-0.019476363794587059,0.98549735963640894,222.51689979553223,1.3241516605757782,1
2017-04-13,256521.13301826362,3744.1993044508708,1087.1658839868965,-0.0064007187324689463,-0.025752419800475601,0.98540393432542528,222.66344978332521,1.1430176838470931,1
2017-04-17,258760.7086738979,3744.1993044508708,1087.1658839868965,0.008730569794710874,-0.017246683304215304,0.98553026337097616,222.80299980163574,1.3714246761244235,1
2017-04-18,257999.67928403919,3744.1993044508708,1087.1658839868965,-0.0029410546669115245,-0.020137014532706332,0.98548758155498017,222.92494979858398,1.2781462443138745,1
2017-04-19,257532.20591656555,3744.1993044508708,1087.1658839868965,-0.0018119145293935546,-0.021912442512889485,0.98546123856189116,223.04254981994629,1.2167459026694405,1
2017-04-20,259597.81446060672,3744.1993044508708,1087.1658839868965,0.0080207775827090266,-0.014067419757870292,0.98557692285572363,223.17719978332519,1.4265846916439466,1
2017-04-21,258782.44004761655,3744.1993044508708,1087.1658839868965,-0.003140914012255358,-0.017164149214291879,0.98553147847372513,223.30184974670411,1.326533980256916,1
2017-04-24,261587.33001896291,3744.1993044508708,1087.1658839868965,0.010838795595366824,-0.0065113923238272475,0.98568661829233306,223.44004974365234,1.6135484517182701,1
2017-04-25,263087.624247292,3744.1993044508708,1087.1658839868965,0.005735347458228679,-0.00081338996301250077,0.98576824236729788,223.56954978942872,1.7539478839501523,1
2017-04-26,262924.53941139305,3744.1993044508708,1087.1658839868965,-0.00061988790375655523,-0.0014327736561700055,0.98575941480079043,223.69454978942872,1.7150968250188161,1
2017-04-27,263141.98585925833,3744.1993044508708,1087.1658839868965,0.00082702987082172719,-0.00060692873195999919,0.98577118245792417,223.81279983520508,1.7163119569253331,1
2017-04-28,262576.65495471138,3744.1993044508708,1087.1658839868965,-0.0021483873153154143,-0.0027540121292863873,0.98574054763133201,223.92859985351564,1.6358198167366136,1
2017-05-01,263228.94453180255,3744.1993044508708,1087.1658839868965,0.00248418724506827,-0.00027666636602252659,0.98577588300135244,224.04139984130859,1.683493159902445,1
2017-05-02,263326.80206887593,3744.1993044508708,1087.1658839868965,0.00037175827015301088,0,0.98578116896937995,224.15609985351563,1.6725510789786802,1
2017-05-03,263011.51467277214,3744.1993044508708,1087.1658839868965,-0.0011973236055983216,-0.0011973236055983216,0.98576412401902158,224.26644981384277,1.6191796663981564,1
2017-05-04,263315.9197931817,3744.1993044508708,1087.1658839868965,0.0011573832453239952,-4.1326122554696809e-05,0.98578058133594171,224.37929977416991,1.6307104553172727,1
2017-05-05,264337.85837834299,3744.1993044508708,1087.1658839868965,0.0038810360800212163,0,0.98583555406168166,224.49234977722168,1.7146433199332611,1
2017-05-08,264294.37904207082,3744.1993044508708,1087.1658839868965,-0.00016448395450774367,-0.00016448395450774367,0.98583322385431871,224.60929977416993,1.6883997115814984,1
2017-05-09,264055.20122048695,3744.1993044508708,1087.1658839868965,-0.00090496749287960476,-0.0010693025947553503,0.98582039176980851,224.72029975891112,1.642855141593619,1
2017-05-10,264522.67458796053,3744.1993044508708,1087.1658839868965,0.0017703622777087702,0,0.98584545045038918,224.83639976501465,1.669503237163751,1
2017-05-11,263989.97392166132,3744.1993044508708,1087.1658839868965,-0.0020138185398623776,-0.0020138185398623776,0.98581688823696778,224.94954978942872,1.5954771166725656,1
2017-05-12,263555.09761476563,3744.1993044508708,1087.1658839868965,-0.0016473212995002928,-0.0036578224331885734,0.9857934855431113,225.0618497467041,1.5330698642591987,1
2017-05-15,264990.16454426909,3744.1993044508708,1087.1658839868965,0.0054450357534008287,0,0.98587042160266525,225.17949974060059,1.6574500048421117,1
2017-05-16,264750.98672268516,3744.1993044508708,1087.1658839868965,-0.00090259131690895167,-0.00090259131690895167,0.98585765684653415,225.29429977416993,1.6132835702653552,1
2017-05-17,260119.66602888156,3744.1993044508708,1087.1658839868965,-0.017493119671182611,-0.018379921850170677,0.98560585840504977,225.38869979858399,1.136844913769939,1
2017-05-18,261152.47030090209,3744.1993044508708,1087.1658839868965,0.0039704966863438607,-0.014482402582628229,0.98566278427258702,225.49479980468749,1.227705371684267,1
2017-05-19,262826.69846315461,3744.1993044508708,1087.1658839868965,0.0064109221724897303,-0.0081643259659663903,0.98575411354194753,225.60544982910156,1.3802744452985813,1
2017-05-22,264142.1764818661,3744.1993044508708,1087.1658839868965,0.005005115638569313,-0.0032000737229676002,0.98582506075205323,225.72099983215332,1.4944962609947905,1
2017-05-23,264718.37307327235,3744.1993044508708,1087.1658839868965,0.0021813880656269546,-0.001025666259969249,0.98585591449138099,225.83034988403321,1.5335001419175163,1
2017-05-24,265327.18331409141,3744.1993044508708,1087.1658839868965,0.0022998412756585207,0,0.98588836900281529,225.94314987182617,1.5746306879073722,1
2017-05-25,266577.4174451424,3744.1993044508708,1087.1658839868965,0.0047120468978520957,0,0.98595455181337188,226.06104988098144,1.6764209372246273,1
2017-05-26,266523.072422011,3744.1993044508708,1087.1658839868965,-0.00020386206623290715,-0.00020386206623290715,0.98595168789543919,226.18139991760253,1.6502026383400916,1
2017-05-30,266294.76028728636,3744.1993044508708,1087.1658839868965,-0.00085663178294415054,-0.0010603192144518214,0.98593964334705075,226.29564994812011,1.6078054383812677,1
2017-05-31,266229.53298846073,3744.1993044508708,1087.1658839868965,-0.00024494398145591401,-0.0013050034770978325,0.98593619850351777,226.41054992675782,1.5820162278163563,1
2017-06-01,268316.88949505542,3744.1993044508708,1087.1658839868965,0.0078404393500746128,0,0.98604560707491395,226.53189994812013,1.7601294242282668,1
2017-06-02,269197.49120687123,3744.1993044508708,1087.1658839868965,0.0032819466321072355,0,0.98609125483426752,226.66294990539552,1.8195264978132801,1
2017-06-05,269001.80931039434,3744.1993044508708,1087.1658839868965,-0.00072690832146915518,-0.00072690832146915518,0.98608113709699796,226.79104995727539,1.776592963648798,1
2017-06-06,268153.82124799135,3744.1993044508708,1087.1658839868965,-0.0031523507762898362,-0.0038769676277474741,0.98603712120518983,226.91279998779297,1.6743711086284145,1
2017-06-07,268643.04257801845,3744.1993044508708,1087.1658839868965,0.0018244055883680499,-0.0020596352007853369,0.98606254876910315,227.03840003967287,1.6984377838176064,1
2017-06-08,268773.49717566971,3744.1993044508708,1087.1658839868965,0.00048560571827716004,-0.0015750296531392705,0.98606931359008332,227.16465003967286,1.6887988111830818,1
2017-06-09,268371.2511070217,3744.1993044508708,1087.1658839868965,-0.0014965987081125842,-0.0030692711739077616,0.98604843369397355,227.2868500518799,1.6306313206531091,1
2017-06-12,268316.88949505542,3744.1993044508708,1087.1658839868965,-0.00020256123464057474,-0.0032712106931899188,0.98604560707491395,227.41440002441405,1.6058705184971747,1
2017-06-13,269610.6195512134,3744.1993044508708,1087.1658839868965,0.0048216497239239597,0,0.98611256741042552,227.54865005493164,1.7037631102587543,1
2017-06-14,269273.60078139103,3744.1993044508708,1087.1658839868965,-0.0012500203826665279,-0.0012500203826665279,0.98609518610964542,227.6834001159668,1.6521678805199358,1
2017-06-15,268762.63148881041,3744.1993044508708,1087.1658839868965,-0.0018975840598478566,-0.0031452324237618567,0.98606875039245634,227.81045013427735,1.5859450608583572,1
2017-06-16,268820.24597223452,5030.3165452073699,1087.1658839868965,0.00021436939765373531,-0.0029315372676881335,0.98128743418482356,227.93365013122559,1.4570776569713,1
2017-06-19,271016.32570276182,5030.3165452073699,1087.1658839868965,0.0081693241615221623,0,0.98143906448379659,228.07005012512207,1.6370991090290483,1
2017-06-20,269222.49204088247,5030.3165452073699,1087.1658839868965,-0.0066189136659122738,-0.0066189136659122738,0.98131539268107115,228.19815010070801,1.4578828722318848,1
2017-06-21,269157.26474205684,5030.3165452073699,1087.1658839868965,-0.00024228027283734743,-0.0068595903065408192,0.9813108646722648,228.32105010986328,1.4357832275267544,1
2017-06-22,269037.67583126493,5030.3165452073699,1087.1658839868965,-0.00044430868662048706,-0.0073008512176014895,0.98130255723602722,228.44010009765626,1.4091806833080569,1
2017-06-23,269352.96322736866,5030.3165452073699,1087.1658839868965,0.0011719079683898403,-0.0061374991749296726,0.98132444326977342,228.56070014953613,1.4215465232258022,1
2017-06-26,269526.89716129203,5030.3165452073699,1087.1658839868965,0.00064574724495058966,-0.0054957152031620549,0.98133649517659427,228.68460014343262,1.4212550034029956,1
2017-06-27,267396.06131842523,5030.3165452073699,1087.1658839868965,-0.0079058374704311651,-0.013358104442413254,0.98118776873374713,228.82485015869142,1.219229590393311,1
2017-06-28,269744.34360915731,5030.3165452073699,1087.1658839868965,0.0087820376977643111,-0.0046933781214330006,0.98135154021062265,228.96060020446777,1.4147256081670394,1
2017-06-29,267417.80928097875,5030.3165452073699,1087.1658839868965,-0.0086249605721095968,-0.013277858492295236,0.98118929865317261,229.10120025634765,1.1954414627148591,1
2017-06-30,267907.0306110059,5030.3165452073699,1087.1658839868965,0.0018294268857506069,-0.01147272247785569,0.98122364861521216,229.24445030212402,1.2282275651705674,1
2017-07-03,268352.77260476089,5030.3165452073699,1087.1658839868965,0.0016637935657695113,-0.0098280171539266714,0.98125483669730451,229.37910034179689,1.2560812595965365,1
2017-07-05,268961.58284557995,5030.3165452073699,1087.1658839868965,0.0022686936859628304,-0.0075816202284264556,0.98129726746850898,229.52610038757325,1.2990443339737849,1
2017-07-06,266548.0732560223,5030.3165452073699,1087.1658839868965,-0.008973436146616276,-0.016487023190035033,0.98112792006425165,229.66180038452148,1.0716459510925209,1
2017-07-07,268244.04938082822,5030.3165452073699,1087.1658839868965,0.0063627401394754646,-0.010229185694791365,0.98124723900933297,229.80525039672852,1.2143928308395973,1
2017-07-10,268526.70653868426,5030.3165452073699,1087.1658839868965,0.0010537313260385872,-0.0091862331821591647,0.98126697858083378,229.93800033569335,1.2281849371049465,1
2017-07-11,268331.02464220737,5030.3165452073699,1087.1658839868965,-0.00072872415187019701,-0.009908263104044801,0.98125331742047062,230.06305038452149,1.1985107039350931,1
2017-07-12,270309.65792486939,5030.3165452073699,1087.1658839868965,0.0073738520743187319,-0.0026074730961687109,0.9813905408196496,230.20315032958985,1.3647836007037468,1
2017-07-13,270755.39991862437,5030.3165452073699,1087.1658839868965,0.0016490050602588902,-0.00096276777223969212,0.98142117739214363,230.35405029296874,1.3923443425235014,1
2017-07-14,271994.76836281607,5030.3165452073699,1087.1658839868965,0.0045774468193955364,0,0.98150583345596798,230.50400024414063,1.4900485879772258,1
2017-07-17,271962.15471340326,5030.3165452073699,1087.1658839868965,-0.0001199054290974555,-0.0001199054290974555,0.98150361563906441,230.64845024108888,1.4717248997090637,1
2017-07-18,272103.49158674869,5030.3165452073699,1087.1658839868965,0.00051969316647881847,0,0.98151322309069433,230.80335029602051,1.4705018228052995,1
2017-07-19,273549.42420311144,5030.3165452073699,1087.1658839868965,0.0053139068812786405,0,0.98161094083871181,230.95680030822754,1.5851343804946121,1
2017-07-20,273669.01311390341,5030.3165452073699,1087.1658839868965,0.00043717478528915166,0,0.98161897655868813,231.11340034484863,1.5795486346038579,1
2017-07-21,273429.83529231953,5030.3165452073699,1087.1658839868965,-0.00087396749402657292,-0.00087396749402657292,0.98160289808963419,231.2744004058838,1.5429080485023108,1
2017-07-24,273364.6079934939,5030.3165452073699,1087.1658839868965,-0.00023855223683211246,-0.0011123112439580529,0.9815985083726454,231.43035041809082,1.5218530802133063,1
2017-07-25,274016.89757058508,5030.3165452073699,1087.1658839868965,0.0023861522597201645,0,0.98164231260989454,231.58855041503907,1.565321659904976,1
2017-07-26,274027.76325744437,5030.3165452073699,1087.1658839868965,3.9653346036727655e-05,0,0.98164304052476081,231.7505004119873,1.5513648418598116,1
2017-07-27,273777.71974900115,5030.3165452073699,1087.1658839868965,-0.00091247509183334241,-0.00091247509183334241,0.98162627495831611,231.90570037841798,1.513593317543372,1
2017-07-28,273462.44894173235,5030.3165452073699,1087.1658839868965,-0.0011515575758240804,-0.0020629819000526073,0.98160509216283964,232.07310043334962,1.4727272076097864,1
2017-07-31,273310.24638152757,5030.3165452073699,1087.1658839868965,-0.00055657572289646851,-0.0026184094173067329,0.98159484830222843,232.23840042114259,1.4469445358225996,1
2017-08-01,273908.19093548734,5030.3165452073699,1087.1658839868965,0.0021877868169093428,-0.00043635112200179904,0.98163502694816407,232.4099504852295,1.4901103864699032,1
2017-08-02,274038.6455331386,5030.3165452073699,1087.1658839868965,0.00047627125426852324,0,0.98164376949309129,232.58155052185057,1.4906246778787384,1
2017-08-03,273516.81055369863,5030.3165452073699,1087.1658839868965,-0.001904238646431633,-0.001904238646431633,0.98160874816058241,232.75445053100586,1.4326185633304718,1
2017-08-04,274006.03188372578,5030.3165452073699,1087.1658839868965,0.0017886334994796638,-0.0001190111319859799,0.98164158463729745,232.92295051574706,1.4667462992857623,1
2017-08-07,274506.11890061223,5030.3165452073699,1087.1658839868965,0.0018250949201683575,0,0.98167502944796425,233.09090049743654,1.5013158239115338,1
2017-08-08,273842.94704782678,5030.3165452073699,1087.1658839868965,-0.0024158727515489753,-0.0024158727515489753,0.98163065143931283,233.25780044555665,1.4288186584208187,1
2017-08-09,273832.08136096748,5030.3165452073699,1087.1658839868965,-3.9678534636156115e-05,-0.0024554554278944929,0.98162992254155812,233.42415046691895,1.4175332040995632,1
2017-08-10,270037.86645387264,5030.3165452073699,1087.1658839868965,-0.013855991190795724,-0.016277423849911932,0.98137181051211342,233.56850044250487,1.0515882224230342,1
2017-08-11,270429.24683566135,5030.3165452073699,1087.1658839868965,0.0014493537033464232,-0.014851661891103207,0.98139877027330458,233.71825042724609,1.0810638613940664,1
2017-08-14,273060.18628424942,5030.3165452073699,1087.1658839868965,0.0097287533777250523,-0.0052673966691662022,0.9815779934319282,233.88225036621094,1.3241458584314254,1
2017-08-15,273027.5726348366,5030.3165452073699,1087.1658839868965,-0.00011943758574484153,-0.0053862051297696167,0.98157579288911168,234.04895034790039,1.3134921356185327,1
2017-08-16,273495.06259114516,5030.3165452073699,1087.1658839868965,0.0017122444879726917,-0.0036831831418414618,0.98160728571276878,234.22095039367676,1.3520925514954654,1
2017-08-17,269309.46730226162,5030.3165452073699,1087.1658839868965,-0.01530409817723366,-0.018930913522667625,0.98132142699773151,234.37365036010743,0.93712052335893048,1
2017-08-18,268896.35554675432,5030.3165452073699,1087.1658839868965,-0.0015339667024911741,-0.020435840834167274,0.98129273066948397,234.53215042114257,0.89171809460261742,1
2017-08-21,269102.90313009056,5030.3165452073699,1087.1658839868965,0.00076813083954330175,-0.019683407394200825,0.98130708927069588,234.69795036315918,0.90934906970768825,1
2017-08-22,271864.31376516481,5030.3165452073699,1087.1658839868965,0.010261541599717816,-0.0096238478982827447,0.98149695899568301,234.88125038146973,1.1914307197743239,1
2017-08-23,270907.60247882915,5030.3165452073699,1087.1658839868965,-0.0035190763844130668,-0.013109057226829868,0.98143161543205326,235.06130035400392,1.0931142065128325,1
2017-08-24,270287.9265511508,5030.3165452073699,1087.1658839868965,-0.0022874069313975065,-0.015366478409862605,0.98138904460367982,235.21550041198731,1.0235973874511308,1
2017-08-25,270907.60247882915,5030.3165452073699,1087.1658839868965,0.0022926511575465103,-0.013109057226829868,0.98143161543205326,235.36775039672852,1.0858138320914492,1
2017-08-28,270918.48475452338,5030.3165452073699,1087.1658839868965,4.0169694739633499e-05,-0.013069414118917266,0.98143236128843236,235.50870040893554,1.0809500020977212,1
2017-08-29,271222.88987493288,5030.3165452073699,1087.1658839868965,0.0011236041006406072,-0.011960494865573712,0.98145320054834995,235.6483504486084,1.1080769658905238,1
2017-08-30,272483.98969284317,5030.3165452073699,1087.1658839868965,0.00464968063164517,-0.0073664267152500074,0.9815390381252207,235.79630043029786,1.2420175110773384,1
2017-08-31,274093.00714510493,5030.3165452073699,1087.1658839868965,0.0059049981398009432,-0.0015049273114996486,0.98164741013423851,235.95080047607422,1.4156573524466103,1
2017-09-01,274473.50525119941,5030.3165452073699,1087.1658839868965,0.0013882080030340749,-0.00011880846060352557,0.98167285202772636,236.0986004638672,1.4500576032306456,1
2017-09-05,272538.3513048095,5030.3165452073699,1087.1658839868965,-0.0070504216595290714,-0.0071683924703884738,0.98154272042402801,236.23955047607421,1.2239334308168055,1
2017-09-06,273451.56666603812,5030.3165452073699,1087.1658839868965,0.0033507774478582775,-0.0038416347103574777,0.98160436011927921,236.37910041809081,1.3208989920083853,1
2017-09-07,273418.95301662531,5030.3165452073699,1087.1658839868965,-0.0001192666394653763,-0.0039604431709608923,0.98160216587142923,236.52095039367677,1.3104017301607287,1
2017-09-08,273103.68220935646,5030.3165452073699,1087.1658839868965,-0.001153068592321338,-0.0051089451006501863,0.98158092741733449,236.65310043334961,1.2656192900476992,1
2017-09-11,275962.93379266915,5030.3165452073699,1087.1658839868965,0.010469472839699234,0,0.98177176740342009,236.79625045776368,1.5894595057844658,1
2017-09-12,276876.14915389777,5030.3165452073699,1087.1658839868965,0.0033091957266795369,0,0.98183188923791587,236.94300048828126,1.6842902882240347,1
2017-09-13,277006.60375154903,5030.3165452073699,1087.1658839868965,0.0004711658915002026,0,0.98184044540064785,237.08625045776367,1.6859730844354321,1
2017-09-14,276919.62849016988,5030.3165452073699,1087.1658839868965,-0.0003139826278552027,-0.0003139826278552027,0.98183474182515051,237.23430046081543,1.6642765683753948,1
2017-09-15,277283.83569683949,6372.9664119311874,1087.1658839868965,0.0013152090686217033,0,0.97701645176713836,237.3757004547119,1.537698807537367,1
2017-09-18,277860.0322882458,6372.9664119311874,1087.1658839868965,0.0020780028159892439,0,0.97706411260573078,237.52240043640137,1.5971380997924887,1
2017-09-19,278131.82375924248,6372.9664119311874,1087.1658839868965,0.00097815964663361399,0,0.97708652564171228,237.6744004058838,1.6219698449073001,1
2017-09-20,278229.66470748093,6372.9664119311874,1087.1658839868965,0.0003517790482081562,0,0.97709458328740229,237.82630043029786,1.6262328211695078,1
2017-09-21,277501.2655558699,6372.9664119311874,1087.1658839868965,-0.002617978037592894,-0.002617978037592894,0.97703446000808192,237.96825042724609,1.5286972451648659,1
2017-09-22,277555.62716783624,6372.9664119311874,1087.1658839868965,0.00019589680738008042,-0.0024225940837521165,0.9770389580029033,238.10695045471192,1.5262119826478822,1
2017-09-25,277001.16195014858,6372.9664119311874,1087.1658839868965,-0.0019976724065924323,-0.0044154269409911739,0.97699299754894842,238.22860038757324,1.4456278460695504,1
2017-09-26,277164.24678604759,6372.9664119311874,1087.1658839868965,0.00058875145053849387,-0.0038292750794688413,0.97700653498482903,238.34825042724609,1.4534577270760349,1
2017-09-27,278218.79902062163,6372.9664119311874,1087.1658839868965,0.0038047917319872226,-3.9052941643413774e-05,0.97709368872856484,238.46595046997069,1.5693200612741163,1
2017-09-28,278544.95210358471,6372.9664119311874,1087.1658839868965,0.0011722898816011185,0,0.9771205101230438,238.58645050048827,1.5944355736950475,1
2017-09-29,279501.64680108544,6372.9664119311874,1087.1658839868965,0.0034346150963273647,0,0.97719882338844788,238.70380050659179,1.6947017699701796,1
2017-10-02,280686.67022214568,6372.9664119311874,1087.1658839868965,0.0042397725903331462,0,0.97729508705601376,238.83600051879884,1.8228311305923717,1
2017-10-03,281273.73250041122,6372.9664119311874,1087.1658839868965,0.0020915217591235269,0,0.97734247576096756,238.96625053405762,1.8740609045349497,1
2017-10-04,281599.8855833743,6372.9664119311874,1087.1658839868965,0.0011595575600455987,0,0.97736871803506342,239.10685058593751,1.8952544221391798,1
2017-10-05,283230.63440935465,6372.9664119311874,1087.1658839868965,0.0057910138088372864,0,0.9774990215121987,239.25250061035158,2.0728862827452352,1
2017-10-06,282915.34701325087,6372.9664119311874,1087.1658839868965,-0.0011131825367735049,-0.0011131825367735049,0.97747394590215453,239.39235061645508,2.0096560573569668,1
2017-10-09,282458.73933263659,6372.9664119311874,1087.1658839868965,-0.001613937474353011,-0.0027253234041146879,0.97743753148871027,239.53325057983398,1.9324502992347972,1
2017-10-10,283187.13848424761,6372.9664119311874,1087.1658839868965,0.0025787807215029712,-0.00015357069406618518,0.97749556549057148,239.67945053100587,2.0005936549589771,1
2017-10-11,283622.0147911433,6372.9664119311874,1087.1658839868965,0.0015356499211911512,0,0.97753007143460213,239.82600051879882,2.0312673471324172,1
2017-10-12,283208.88644680113,6372.9664119311874,1087.1658839868965,-0.0014566159282325408,-0.0014566159282325408,0.97749729363408122,239.96785049438478,1.9587318562579521,1
2017-10-13,283545.90521662351,6372.9664119311874,1087.1658839868965,0.0011900006883636127,-0.00026834861382618591,0.97752404004190296,240.12060050964357,1.9817173742086909,1
2017-10-16,283915.53763585864,6372.9664119311874,1087.1658839868965,0.0013036069731027222,0,0.97755330171431132,240.27530044555664,2.0085776936991047,1
2017-10-17,284111.23612117046,6372.9664119311874,1087.1658839868965,0.00068928416859947994,0,0.97756876321071229,240.43500045776366,2.0162279597215331,1
2017-10-18,284383.02759216714,6372.9664119311874,1087.1658839868965,0.0009566375293963425,0,0.97759020126520824,240.58740043640137,2.0294898765135123,1
2017-10-19,284459.12057785213,6372.9664119311874,1087.1658839868965,0.00026757217661432797,0,0.97759619589983571,240.73345039367675,2.0165125987928625,1
2017-10-20,285894.17091852066,6372.9664119311874,1087.1658839868965,0.0050448385615247116,0,0.9777086521510524,240.88700035095215,2.1671016964376397,1
2017-10-23,284807.00503453374,6372.9664119311874,1087.1658839868965,-0.0038026864293667639,-0.0038026864293667639,0.9776235615723059,241.03150024414063,2.0105873279313973,1
2017-10-24,285296.24295339576,6372.9664119311874,1087.1658839868965,0.0017177875200180548,-0.0020914311166396748,0.97766193362394804,241.18200019836425,2.0483156787106664,1
2017-10-25,283915.53763585864,6372.9664119311874,1087.1658839868965,-0.0048395495967420432,-0.0069208591287646115,0.97755330171431132,241.32615013122557,1.8617592194887682,1
2017-10-26,284274.30436823453,6372.9664119311874,1087.1658839868965,0.0012636389517928226,-0.0056659656441466755,0.97758163043932389,241.46875007629396,1.8869241100493028,1
2017-10-27,286546.47708444676,6372.9664119311874,1087.1658839868965,0.0079928881411277519,0,0.97775939709057025,241.62465003967284,2.1414159574617178,1
2017-10-30,285502.80712556688,6372.9664119311874,1087.1658839868965,-0.0036422362246397721,-0.0036422362246397721,0.97767809544118311,241.77315002441406,1.9927897931974632,1
2017-10-31,285937.6668436277,6372.9664119311874,1087.1658839868965,0.0015231364007906034,-0.0021246474464232668,0.97771204303972858,241.92764999389649,2.0262885176289762,1
2017-11-01,286307.29926286283,6372.9664119311874,1087.1658839868965,0.0012927027883922193,-0.00083469119570933614,0.97774081754695297,242.08134994506835,2.0504421013175156,1
2017-11-02,286416.0224867955,6372.9664119311874,1087.1658839868965,0.00037974310893429397,-0.00045526505500470549,0.97774926710943688,242.23974990844727,2.045027910635024,1
2017-11-03,287351.00239941251,6372.9664119311874,1087.1658839868965,0.0032644120412645972,0,0.97782166632892786,242.39829994201659,2.1368214104190719,1
2017-11-06,287785.86211747333,6372.9664119311874,1087.1658839868965,0.0015133398332689563,0,0.97785517896869523,242.56180000305176,2.1681784022709718,1
2017-11-07,287590.18022099644,6372.9664119311874,1087.1658839868965,-0.00067995660049835482,-0.00067995660049835482,0.97784011120604342,242.71715003967284,2.120649102994657,1
2017-11-08,288068.50268649444,6372.9664119311874,1087.1658839868965,0.0016632086155738968,0,0.97787690652571302,242.86484992980957,2.1508234498174592,1
2017-11-09,287046.59727900301,6372.9664119311874,1087.1658839868965,-0.0035474388833255377,-0.0035474388833255377,0.97779814680841937,243.00904998779296,2.0031685989568389,1
2017-11-10,286959.60542878893,6372.9664119311874,1087.1658839868965,-0.00030305828753485198,-0.0038494220901071907,0.97779141631307853,243.15464996337892,1.9711145175458709,1
2017-11-13,287220.51462409145,6372.9664119311874,1087.1658839868965,0.00090921924328912773,-0.0029437028154579714,0.9778115904420267,243.30854988098145,1.9840278880274909,1
2017-11-14,286568.24163583515,6372.9664119311874,1087.1658839868965,-0.0022709832865176471,-0.0052080010020811862,0.97776108624056868,243.45954994201659,1.8885942646028291,1
2017-11-15,285165.7883557445,6372.9664119311874,1087.1658839868965,-0.0048939591913079727,-0.01007647244901666,0.97765171464404088,243.60364997863769,1.7052751696004802,1
2017-11-16,287535.80202019517,6372.9664119311874,1087.1658839868965,0.0083110027963595456,-0.0018492152433582376,0.97783592037180955,243.75789993286133,1.9770058273875311,1
2017-11-17,286709.54533151083,6372.9664119311874,1087.1658839868965,-0.0028735784652872409,-0.0047174798435445364,0.97777204660360229,243.90049987792969,1.8580125842121977,1
2017-11-20,287187.90097467863,6372.9664119311874,1087.1658839868965,0.001668432917413698,-0.0030569177247891099,0.97780907068054679,244.04734985351561,1.8988051916346387,1
2017-11-21,289025.2139728301,6372.9664119311874,1087.1658839868965,0.0063975988957607477,0,0.97795013686061905,244.20259979248047,2.1013044664872509,1
2017-11-22,288775.18705322174,6372.9664119311874,1087.1658839868965,-0.00086506957705034804,-0.00086506957705034804,0.97793104567963918,244.35519981384277,2.0491584270200467,1
2017-11-24,289427.46004147804,6372.9664119311874,1087.1658839868965,0.0022587570452723416,0,0.97798078174400627,244.50399971008301,2.1033650206499499,1
2017-11-27,289286.15634580242,6372.9664119311874,1087.1658839868965,-0.00048821799996234816,-0.00048821799996234816,0.97797002631431418,244.64759979248046,2.0603470264099926,1
2017-11-28,292156.25702713954,6372.9664119311874,1087.1658839868965,0.0099213205277139949,0,0.97818644557956802,244.79809974670411,2.3702755518441299,1
2017-11-29,291982.30650438124,6372.9664119311874,1087.1658839868965,-0.00059540235259158969,-0.00059540235259158969,0.97817345000034928,244.94314971923828,2.3111162142131847,1
2017-11-30,294482.80794415297,6372.9664119311874,1087.1658839868965,0.0085638800162508577,0,0.97835878278795885,245.09359977722167,2.5587115470521482,1
2017-12-01,293884.84680135828,6372.9664119311874,1087.1658839868965,-0.0020305468661114823,-0.0020305468661114823,0.9783147498712691,245.24229972839356,2.4425781622951157,1
2017-12-04,293536.97893351153,6372.9664119311874,1087.1658839868965,-0.0011836876641750926,-0.0032118309970095016,0.9782890508886285,245.38754981994629,2.3597567689610086,1
2017-12-05,292504.15807265608,6372.9664119311874,1087.1658839868965,-0.003518537475611927,-0.006719067524893152,0.97821239036763297,245.52104980468749,2.2030791978420523,1
2017-12-06,292558.50309578748,6372.9664119311874,1087.1658839868965,0.00018579230972126659,-0.0065345235662463974,0.97821643758600785,245.65584976196288,2.1735845032658041,1
2017-12-07,293460.86935899168,6372.9664119311874,1087.1658839868965,0.0030843959538195964,-0.003470282670474556,0.97828342011712932,245.79399978637696,2.2378090269086672,1
2017-12-08,295026.3908861464,6372.9664119311874,1087.1658839868965,0.0053346857813592052,0,0.97839865649717217,245.93784980773927,2.3697883867416567,1
2017-12-11,295896.11032226804,6372.9664119311874,1087.1658839868965,0.002947937754006702,0,0.97846214874203574,246.08384979248046,2.419635014645114,1
2017-12-12,296407.07961484866,6372.9664119311874,1087.1658839868965,0.0017268536988339633,0,0.97849927734448094,246.23539978027344,2.4291061106208987,1
2017-12-13,296374.46596543584,6372.9664119311874,1087.1658839868965,-0.00011002992727160432,-0.00011002992727160432,0.97849691136120198,246.37024978637695,2.3785986245420396,1
2017-12-14,295189.45913321048,6372.9664119311874,1087.1658839868965,-0.003998343205327104,-0.0041079331951866527,0.97841058948837578,246.50719978332521,2.2127014732573191,1
2017-12-15,297582.31787939958,7841.7275211974847,1087.1658839868965,0.0081061795133723358,0,0.97364854344479079,246.64764984130861,2.2697617029785988,1
2017-12-18,299419.63087755104,7841.7275211974847,1087.1658839868965,0.0061741336355074505,0,0.97381024250743142,246.80009986877442,2.4156820570348767,1
2017-12-19,298299.85134415131,7841.7275211974847,1087.1658839868965,-0.0037398333907427972,-0.0037398333907427972,0.97371192950361085,246.95094993591309,2.259867030760935,1
2017-12-20,298147.63219511166,7841.7275211974847,1087.1658839868965,-0.00051028905429806315,-0.004248214048996557,0.97369850814020309,247.1032999420166,2.2072505985849484,1
2017-12-21,298745.56016023649,7841.7275211974847,1087.1658839868965,0.0020054761485865935,-0.0022512575923594458,0.97375114958364084,247.25689987182616,2.2300756573502722,1
2017-12-22,298669.4837633865,7841.7275211974847,1087.1658839868965,-0.00025465281160730324,-0.002505337114891204,0.97374446353746047,247.40599990844726,2.1854614340320122,1
2017-12-26,298321.5827178699,7841.7275211974847,1087.1658839868965,-0.0011648362635943155,-0.0036672550709615503,0.97371384447026887,247.55289993286132,2.1163396447001421,1
2017-12-27,298462.91959121538,7841.7275211974847,1087.1658839868965,0.00047377354349564804,-0.0031952189758958083,0.97372629225788665,247.70500000000001,2.0974196818632023,1
2017-12-28,299060.84755634028,7841.7275211974847,1087.1658839868965,0.0020033576229296912,-0.001198262519258475,0.97377882265340621,247.84959999084472,2.1211053219061364,1
2017-12-29,297962.79939665913,7841.7275211974847,1087.1658839868965,-0.0036716546771449199,-0.0048655175902200254,0.97368219275333678,247.99149993896484,1.9841104107924217,1
2018-01-02,300039.29021639453,7841.7275211974847,1087.1658839868965,0.0069689599639286559,0,0.97386433118295324,248.15019989013672,2.1501240041125484,1
2018-01-03,301887.48549024016,7841.7275211974847,1087.1658839868965,0.0061598441741168575,0,0.97402433721800974,248.31869987487792,2.2873627731209427,1
2018-01-04,303126.83734559693,7841.7275211974847,1087.1658839868965,0.0041053435962876694,0,0.97413054023897905,248.50809982299805,2.3652748819640186,1
2018-01-05,305094.63811906939,7841.7275211974847,1087.1658839868965,0.0064916745435805723,0,0.97429739319726405,248.70379989624024,2.5037651776389089,1
2018-01-08,305638.22106106282,7841.7275211974847,1087.1658839868965,0.001781686316562725,0,0.97434310573470195,248.90324996948243,2.5078060485954747,1
2018-01-09,306312.25860070757,7841.7275211974847,1087.1658839868965,0.0022053444013145906,0,0.97439956351397772,249.10665000915526,2.5229185425017278,1
2018-01-10,305855.63433125836,7841.7275211974847,1087.1658839868965,-0.0014907149701913758,-0.0014907149701913758,0.97436134358504434,249.30915000915527,2.4386169962344266,1
2018-01-11,308029.96609923214,7841.7275211974847,1087.1658839868965,0.007109013285721888,0,0.97454232255224404,249.51314994812012,2.5832222676268697,1
2018-01-12,309986.88459701044,7841.7275211974847,1087.1658839868965,0.0063530133855478343,0,0.97470303451259921,249.72505004882814,2.6993391447792945,1
2018-01-16,308954.06373615499,7841.7275211974847,1087.1658839868965,-0.0033318211581697676,-0.0033318211581697676,0.97461846778654371,249.92845008850097,2.5566886842627756,1
2018-01-17,311824.16441749205,7841.7275211974847,1087.1658839868965,0.0092897327409426911,0,0.97485208519408262,250.14779998779298,2.7447541381397129,1
2018-01-18,311313.22830258124,7841.7275211974847,1087.1658839868965,-0.0016385391936037941,-0.0016385391936037941,0.97481081172183381,250.36685005187988,2.6456962589139912,1
2018-01-19,312693.91703128349,7841.7275211974847,1087.1658839868965,0.0044350467734068921,0,0.97492203367546504,250.59150009155275,2.7037431625211443,1
2018-01-22,315172.65391966683,7841.7275211974847,1087.1658839868965,0.0079270390416177339,0,0.9751192642392249,250.83105010986327,2.8441616337411064,1
2018-01-23,315824.96008559293,7841.7275211974847,1087.1658839868965,0.0020696788183036663,0,0.97517065301275663,251.07030014038085,2.8313004331978471,1
2018-01-24,315705.35458596604,7841.7275211974847,1087.1658839868965,-0.00037870819201391015,-0.00037870819201391015,0.97516124637327883,251.31020011901856,2.759949101476459,1
2018-01-25,315835.8091836173,7841.7275211974847,1087.1658839868965,0.00041321629727297804,0,0.9751715059116729,251.55000007629394,2.711370353874702,1
2018-01-26,319401.71195598756,7841.7275211974847,1087.1658839868965,0.011290368820392915,0,0.97544869915325305,251.8076000213623,2.9197588072889809,1
2018-01-29,317336.10341194639,7841.7275211974847,1087.1658839868965,-0.0064671179480897401,-0.0064671179480897401,0.97528888948693682,252.06084999084473,2.7033697333876501,1
2018-01-30,314161.59761019977,7841.7275211974847,1087.1658839868965,-0.01000360742951989,-0.016406030868456489,0.97503919135614026,252.30710006713866,2.4207749120680595,1
2018-01-31,314313.78358156962,7841.7275211974847,1087.1658839868965,0.00048441939602894557,-0.015929558871991989,0.97505127700146688,252.54374999999999,2.3907278736569131,1
2018-02-01,313965.88253605308,7841.7275211974847,1087.1658839868965,-0.0011068590169741599,-0.017018786113092377,0.97502363168298389,252.7822999572754,2.3266803339963191,1
2018-02-02,307301.58353645599,7841.7275211974847,1087.1658839868965,-0.021226188481902386,-0.037883730633225032,0.97448198141072329,252.99235000610352,1.8105814791052992,1
2018-02-05,294777.41131921828,7841.7275211974847,1087.1658839868965,-0.040755312983123404,-0.07709508031742307,0.97339780044168456,253.13529998779296,0.87307564468241006,1
2018-02-06,300430.68718701805,7841.7275211974847,1087.1658839868965,0.019178117626108548,-0.059395501210036228,0.97389838037312082,253.30800003051758,1.2816581647188388,1
2018-02-07,298843.43428614474,7841.7275211974847,1087.1658839868965,-0.0052832582308253162,-0.064364957670219658,0.97375974633697671,253.46050010681154,1.152150865972259,1
2018-02-08,287928.27952116879,7841.7275211974847,1087.1658839868965,-0.036524659780628133,-0.098538709270148517,0.9727649971227611,253.55590011596681,0.33146925103740676,1
2018-02-09,292135.60618377087,7841.7275211974847,1087.1658839868965,0.014612412054831658,-0.085366185438523479,0.97315723467044768,253.67140014648439,0.63872666019781899,1
2018-02-12,296310.31919696019,7841.7275211974847,1087.1658839868965,0.014290325878876908,-0.072295770168599671,0.97353542211270405,253.80510009765624,0.94260380991695436,1
2018-02-13,297027.85266171192,7841.7275211974847,1087.1658839868965,0.0024215608376256803,-0.070049277936740317,0.97359935288584376,253.94470008850098,0.98681936080256394,1
2018-02-14,300930.7742039045,7841.7275211974847,1087.1658839868965,0.013139917712153615,-0.057829801972471229,0.97394175606684852,254.09925010681152,1.2678887751702161,1
2018-02-15,304670.627499033,7841.7275211974847,1087.1658839868965,0.012427619956855818,-0.046120868816709515,0.97426162283654227,254.2705500793457,1.5324128927199039,1
2018-02-16,304757.58617157728,7841.7275211974847,1087.1658839868965,0.00028541862816933161,-0.045848613943647809,0.97426896695269594,254.44370002746581,1.5222757245452367,1
2018-02-20,302898.54179970722,7841.7275211974847,1087.1658839868965,-0.0061000757855570464,-0.051669009709485847,0.97411104234901591,254.60690002441407,1.3686891376615009,1
2018-02-21,301430.86122079095,7841.7275211974847,1087.1658839868965,-0.0048454527717296525,-0.056264102734906229,0.97398498783622034,254.75864997863769,1.2460499557170022,1
2018-02-22,301811.3759157203,7841.7275211974847,1087.1658839868965,0.0012623614363449498,-0.055072766932104389,0.97401778678021989,254.91234992980958,1.2617959681401878,1
2018-02-23,306497.05822149024,7841.7275211974847,1087.1658839868965,0.015525201101360686,-0.040402581612573041,0.97441499906491558,255.08869987487793,1.5947013230665892,1
2018-02-26,309965.12004562205,7841.7275211974847,1087.1658839868965,0.01131515533707228,-0.029544587762465824,0.97470125825756371,255.27884986877442,1.830023597646429,1
2018-02-27,306192.65310108068,7841.7275211974847,1087.1658839868965,-0.01217061759718685,-0.041355629479929101,0.97438956342754335,255.45409980773925,1.5324253854522305,1
2018-02-28,303170.33327070391,7841.7275211974847,1087.1658839868965,-0.0098706477760557298,-0.05081807040383135,0.97413425173697488,255.61744979858398,1.2950356684489124,1
2018-03-01,298876.04793555755,7841.7275211974847,1087.1658839868965,-0.014164596149029984,-0.064262849108518094,0.97376260969936179,255.75444984436035,0.96636539592677295,1
2018-03-02,300376.30898621684,7841.7275211974847,1087.1658839868965,0.0050196764211187794,-0.059565751395823319,0.97389365510328152,255.8994497680664,1.0675356088445878,1
2018-03-05,303757.41213780438,7841.7275211974847,1087.1658839868965,0.011256224443928042,-0.048980012418777807,0.97418424305761486,256.08129974365232,1.3077985783482449,1
2018-03-06,304507.55925196892,7841.7275211974847,1087.1658839868965,0.002469559866490556,-0.046631411625217001,0.97424783955951411,256.26184974670412,1.351326086291593,1
2018-03-07,304398.83602803631,7841.7275211974847,1087.1658839868965,-0.00035704605888831065,-0.046971808122364123,0.97423864156801443,256.43419975280761,1.3303971891471029,1
2018-03-08,305833.90295753971,7841.7275211974847,1087.1658839868965,0.0047144297535066659,-0.042478823658645415,0.97435952180132834,256.6070997619629,1.4232895116153226,1
2018-03-09,311019.6722801961,7841.7275211974847,1087.1658839868965,0.01695616238915254,-0.026242939101548957,0.97478703689799762,256.80119972229005,1.7892763753854992,1
2018-03-12,310639.15758526674,7841.7275211974847,1087.1658839868965,-0.0012234425306273389,-0.027434274904350686,0.97475615250133107,256.99074966430663,1.739754496218191,1
2018-03-13,308682.27226515824,7841.7275211974847,1087.1658839868965,-0.0062995448974308976,-0.033560996355293193,0.97459611961628489,257.16554969787597,1.5762890749005087,1
2018-03-14,307138.48211172211,7841.7275211974847,1087.1658839868965,-0.0050012271262213082,-0.038394377316159356,0.97446843043801645,257.33349960327149,1.4463026730028148,1
2018-03-15,306812.34561759396,7841.7275211974847,1087.1658839868965,-0.00106185487369026,-0.039415462933174106,0.97444129079808517,257.50099960327151,1.4073983193484458,1
2018-03-16,307135.24715620605,9034.3484959311099,1087.1658839868965,0.001052439848735931,-0.038404505488285445,0.97058511330242614,257.66479965209959,1.329549434833067,1
2018-03-19,303101.83783869242,9034.3484959311099,1087.1658839868965,-0.013132355712538235,-0.051032519573787405,0.97019368618695367,257.80044960021974,1.021053363024657,1
2018-03-20,303601.95803324867,9034.3484959311099,1087.1658839868965,0.0016500071333200861,-0.049466716461795457,0.97024278580264711,257.93434967041014,1.0475736971919427,1
2018-03-21,303036.61053986679,9034.3484959311099,1087.1658839868965,-0.0018621338842615964,-0.05123673669719031,0.97018727050887932,258.06654960632324,0.99575368957094645,1
2018-03-22,295687.39172493084,9034.3484959311099,1087.1658839868965,-0.024251917290927794,-0.074246064887480867,0.96944628432335889,258.16884963989258,0.44444635711152641,1
2018-03-23,289577.49158768187,9034.3484959311099,1087.1658839868965,-0.020663377297239771,-0.093375267733115219,0.96880162043535212,258.24079956054686,-0.015469425901923253,0
2018-03-26,293869.6575746045,293869.6575746045,0,0.014822167162888755,-0.079937124397446158,0,258.34744949340819,0.54973523690821835,1
2018-03-27,287575.22690418473,0,1103.5119730195017,-0.02141912411907243,-0.099644065327327946,1,258.43339950561523,0.17676850720989962,1
2018-03-28,286725.50113199151,0,1103.5119730195017,-0.0029547947552392984,-0.10230443232094732,1,258.51574943542482,0.10763228723828785,1
2018-03-29,290389.1689647793,0,1103.5119730195017,0.012777614193099751,-0.090834024694288695,1,258.60874938964844,0.37301304735965596,1
2018-04-02,284121.22904039163,0,1103.5119730195017,-0.02158462020719476,-0.11045802697656626,1,258.67489936828611,-0.099314813868043153,0
2018-04-03,285522.30599778274,285522.30599778274,0,0.004931264594775886,-0.1060714601394287,0,258.75989929199221,0.16630381368711422,1
2018-04-04,292947.95527923328,0,1111.5038624710342,0.026007247509090226,-0.082822839347835187,1,258.8644992828369,0.39007845146330039,1
2018-04-05,295259.90230860037,0,1111.5038624710342,0.0078920060294100924,-0.075584471665930963,1,258.96939933776855,0.5556787478229438,1
2018-04-06,288679.78451779322,0,1111.5038624710342,-0.022285849650961809,-0.096185857145398512,1,259.05294937133789,0.055815052418723969,1
2018-04-09,290102.50810493989,0,1111.5038624710342,0.0049283796907468869,-0.091731517879544144,1,259.14319938659668,0.15607041236062622,1
2018-04-10,294715.24235011352,0,1111.5038624710342,0.015900359756645166,-0.077289722258206739,1,259.25474937438963,0.49756018824759451,1
2018-04-11,293170.26961988985,0,1111.5038624710342,-0.0052422559413750625,-0.082126805693866545,1,259.35789939880374,0.37314982064340158,1
2018-04-12,295582.2140060247,0,1111.5038624710342,0.0082271111230414196,-0.074575360927448986,1,259.47109939575193,0.54964749315853101,1
2018-04-13,294715.24235011352,0,1111.5038624710342,-0.0029330981866639849,-0.077289722258206739,1,259.5901993560791,0.47572298556375253,1
2018-04-16,297138.31262940296,0,1111.5038624710342,0.0082217338335386358,-0.069703443949143296,1,259.70939926147463,0.65448054407704681,1
2018-04-17,300317.23131468118,0,1111.5038624710342,0.010698447659434063,-0.059750714936481431,1,259.85359924316407,0.8915355749115571,1
2018-04-18,300539.5456553378,0,1111.5038624710342,0.00074026501803903244,-0.059054681282512678,1,259.99654930114747,0.90013115480243888,1
2018-04-19,298872.28986163123,0,1111.5038624710342,-0.0055475421381604439,-0.064274615087802744,1,260.1299493408203,0.76211913147305799,1
2018-04-20,296338.02849160758,0,1111.5038624710342,-0.0084794122974630737,-0.072209016423675498,1,260.24914924621584,0.55615436126405515,1
2018-04-23,296293.59275980102,0,1111.5038624710342,-0.00014994947503954581,-0.072348138194609168,1,260.37924926757813,0.54495690355683479,1
2018-04-24,292303.29796397872,0,1111.5038624710342,-0.013467367818031595,-0.084841167024624187,1,260.48359931945799,0.22116774619803903,1
2018-04-25,293025.76869050367,0,1111.5038624710342,0.0024716475371890922,-0.082579216948963641,1,260.58989936828613,0.27104569232127018,1
2018-04-26,296004.59090102866,0,1111.5038624710342,0.010165734651382374,-0.073252960704803471,1,260.71049934387207,0.50232414170600892,1
2018-04-27,296282.46686664637,0,1111.5038624710342,0.00093875559420175669,-0.072382971737255275,1,260.82324935913084,0.51721579174210619,1
2018-04-30,294003.89751674316,0,1111.5038624710342,-0.0076905305062441309,-0.0795168387912214,1,260.92369941711428,0.32504112803519891,1
2018-05-01,294526.30568892078,0,1111.5038624710342,0.0017768749890394453,-0.077881255284237505,1,261.0207994842529,0.36048191169194227,1
2018-05-02,292547.83017053857,0,1111.5038624710342,-0.0067174832270224805,-0.08407557248518871,1,261.10914955139162,0.19131188697941004,1
2018-05-03,291903.13893487805,0,1111.5038624710342,-0.0022037122452239766,-0.086094006361802866,1,261.193949508667,0.13113618801137902,1
2018-05-04,295682.24528319837,0,1111.5038624710342,0.012946439569337498,-0.074262177643110605,1,261.28909942626956,0.43671028259870304,1
2018-05-07,296682.62589574704,0,1111.5038624710342,0.003383296185371254,-0.071130132400076596,1,261.38819946289061,0.51252079624764657,1
2018-05-08,296682.62589574704,0,1111.5038624710342,0,-0.071130132400076596,1,261.48839950561523,0.50521323026053844,1
2018-05-09,299550.29093594372,0,1111.5038624710342,0.009665766680939214,-0.062151892982900803,1,261.60179946899416,0.73709099199424677,1
2018-05-10,302351.26845802454,0,1111.5038624710342,0.0093506085850532106,-0.053382442421950782,1,261.72479942321775,0.96279379674872412,1
2018-05-11,303273.83565930289,0,1111.5038624710342,0.003051309180819306,-0.050494019577788096,1,261.85189949035646,1.0304195100146867,1
2018-05-14,303418.33658868907,0,1111.5038624710342,0.00047647014808260835,-0.050041608322691,1,261.98079956054687,1.0326591858194334,1
2018-05-15,301328.70389997854,0,1111.5038624710342,-0.0068869690349110391,-0.05658394235062647,1,262.10174957275393,0.84754779116935808,1
2018-05-16,302595.80066458444,0,1111.5038624710342,0.0042050317417703376,-0.052616847882515083,1,262.22909950256349,0.94577513986525275,1
2018-05-17,302340.17648527591,0,1111.5038624710342,-0.00084477107331670798,-0.05341716976477151,1,262.35254951477049,0.91503619623885268,1
2018-05-18,301584.32807928708,0,1111.5038624710342,-0.0024999932684289794,-0.055783620468370154,1,262.47199943542478,0.84202471361239328,1
2018-05-21,303851.80545644165,0,1111.5038624710342,0.0075185517483469244,-0.048684480757224757,1,262.60404937744141,1.0263020323873528,1
2018-05-22,303007.05166643375,0,1111.5038624710342,-0.0027801506354024896,-0.051329281202515675,1,262.7300492858887,0.94471861235261056,1
2018-05-23,303840.67956328706,0,1111.5038624710342,0.0027511831565261158,-0.048719314299870642,1,262.85749923706055,1.0068062556681412,1
2018-05-24,303218.24011393572,0,1111.5038624710342,-0.0020485718049537693,-0.050668081091192918,1,262.98519920349122,0.94408995821722441,1
2018-05-25,302495.76938741078,0,1111.5038624710342,-0.0023826756802409754,-0.052930031166853464,1,263.10969917297365,0.87296371606957079,1
2018-05-29,299016.75687061145,0,1111.5038624710342,-0.011501028671722313,-0.063822310032530694,1,263.23599914550783,0.56303879925666556,1
2018-05-30,303007.05166643375,0,1111.5038624710342,0.013344719665824512,-0.051329281202515675,1,263.37844909667967,0.90469370522041348,1
2018-05-31,301150.85921153449,0,1111.5038624710342,-0.0061259051388106167,-0.057140748033836397,1,263.50044914245603,0.73312677811251592,1
2018-06-01,304107.46355615614,0,1111.5038624710342,0.0098176852371019141,-0.047884052675143174,1,263.63589920043944,0.9864767225554526,1
2018-06-04,305552.40500920609,0,1111.5038624710342,0.0047514172659663956,-0.043360152523821971,1,263.77569915771483,1.1055671732967649,1
2018-06-05,305774.71934986272,0,1111.5038624710342,0.00072758170779230191,-0.042664118869853107,1,263.93574920654299,1.1179843911680007,1
2018-06-06,308331.16466538369,0,1111.5038624710342,0.0083605515882951842,-0.034660262848338563,1,264.10919914245608,1.3402157818044498,1
2018-06-07,308297.82090632577,0,1111.5038624710342,-0.00010814268189240916,-0.034764657276451505,1,264.28154914855958,1.329304354642068,1
2018-06-08,309209.26221444947,0,1111.5038624710342,0.0029563663649787575,-0.031911067974934926,1,264.44529914855957,1.4020039503177233,1
2018-06-11,309620.51321629877,0,1111.5038624710342,0.0013300086773082587,-0.030623501294935407,1,264.61529914855959,1.429936599557015,1
2018-06-12,310020.67224539944,0,1111.5038624710342,0.0012924176920445785,-0.029370661957756727,1,264.78994918823241,1.457664448878321,1
2018-06-13,309031.41752600536,0,1111.5038624710342,-0.0031909314699215541,-0.032467873658144963,1,264.95729919433592,1.3572642714207697,1
2018-06-14,309809.48379789747,0,1111.5038624710342,0.0025177578322652661,-0.030031862069079485,1,265.12809921264648,1.4211141300655814,1
2018-06-15,309416.00464650156,1384.9338126389086,1111.5038624710342,-0.001270068128878199,-0.031263787687092925,0.99552403950719626,265.28949920654298,1.2463829296123103,1
2018-06-18,308782.43930399563,1384.9338126389086,1111.5038624710342,-0.0020476165841186722,-0.033247388021061197,0.99551485565124553,265.44224922180177,1.1784705121357566,1
2018-06-19,307604.24792340881,1384.9338126389086,1111.5038624710342,-0.0038156035791494514,-0.036936132747480088,0.995497676569851,265.58229919433592,1.0579758754316848,1
2018-06-20,308126.65609558643,1384.9338126389086,1111.5038624710342,0.0016983126068781385,-0.035300549240496193,0.99550530995861231,265.72294921874999,1.0997259337483249,1
2018-06-21,306203.74220216542,1384.9338126389086,1111.5038624710342,-0.006240660635425499,-0.041320911127867621,0.99547708397461532,265.86384918212889,0.90728527526705238,1
2018-06-22,306759.49413340096,1384.9338126389086,1111.5038624710342,0.0018149743280035935,-0.039580933192770895,0.995485278079,266.00304916381833,0.95437012720188463,1
2018-06-25,302602.48054228915,1384.9338126389086,1111.5038624710342,-0.013551377123161013,-0.052595934163350067,0.99542325690735578,266.12369918823242,0.53820909099211245,1
2018-06-26,303269.38964385301,1384.9338126389086,1111.5038624710342,0.0022039115488039496,-0.050507939401268853,0.9954333214629234,266.24879920959472,0.59711846915960942,1
2018-06-27,300768.50595329318,1384.9338126389086,1111.5038624710342,-0.0082464098783486817,-0.058337840109203842,0.99539534962861442,266.34949920654299,0.33780000200676008,1
2018-06-28,302480.23139921221,1384.9338126389086,1111.5038624710342,0.0056911724866062219,-0.052978678333155171,0.9954214071900418,266.45369926452639,0.50340382938731676,1
2018-06-29,302913.70026696485,1384.9338126389086,1111.5038624710342,0.001433048585514074,-0.051621550767688706,0.99542795914671955,266.55924926757814,0.5399389174112581,1
2018-07-02,303558.35758221941,1384.9338126389086,1111.5038624710342,0.0021281880439425471,-0.049603223090899706,0.99543766864576011,266.6680992126465,0.59865164610575028,1
2018-07-03,302491.3233719609,1384.9338126389086,1111.5038624710342,-0.0035150875724760944,-0.052943950990334221,0.99542157508122664,266.77664916992188,0.48009229942600268,1
2018-07-05,304947.73741030821,1384.9338126389086,1111.5038624710342,0.0081206099102775209,-0.045253278253158058,0.99545845519497822,266.89359909057617,0.73009193626268976,1
2018-07-06,307515.34253938979,1384.9338126389086,1111.5038624710342,0.0084198202317757875,-0.037214482489172362,0.99549637490863885,267.02084915161134,0.9939149927340305,1
2018-07-09,310271.8504092581,1384.9338126389086,1111.5038624710342,0.00896380599129043,-0.028584259898981168,0.99553638587963378,267.16004913330079,1.2786875786420731,1
2018-07-10,311383.35427172913,1384.9338126389086,1111.5038624710342,0.0035823548317546194,-0.025104304028787827,0.99555231905097163,267.30759910583498,1.3891832862981341,1
2018-07-11,309115.87689457455,1384.9338126389086,1111.5038624710342,-0.0072819479463114289,-0.032203443739933224,0.99551969369366533,267.44469902038577,1.1377947369983152,1
2018-07-12,311905.7624439068,1384.9338126389086,1111.5038624710342,0.0090253712535242059,-0.023468720521803821,0.99555976843201799,267.59689903259277,1.4335060189745088,1
2018-07-13,312150.29465046665,1384.9338126389086,1111.5038624710342,0.00078399387252048314,-0.022703125982368344,0.99556324681932562,267.74944900512696,1.4527285780303709,1
2018-07-16,311872.41868484888,1384.9338126389086,1111.5038624710342,-0.00089019927381106534,-0.023573114949916762,0.99555929370580731,267.89589897155764,1.413870256911657,1
2018-07-17,313128.42347670608,1384.9338126389086,1111.5038624710342,0.0040273032067206227,-0.019640747824626326,0.99557710604083205,268.04649894714356,1.5439886251531394,1
2018-07-18,313784.20668511529,1384.9338126389086,1111.5038624710342,0.002094294734179547,-0.017587586605191219,0.99558634952577874,268.19564895629884,1.6061049863510046,1
2018-07-19,312606.01530452847,1384.9338126389086,1111.5038624710342,-0.0037547822850406698,-0.02127633133161011,0.99556971476927669,268.33404891967774,1.4631448284795938,1
2018-07-20,312250.32592764031,1384.9338126389086,1111.5038624710342,-0.0011378200017733153,-0.022389942698029963,0.99556466815999467,268.46814888000489,1.4125549657026086,1
2018-07-23,312828.32964518509,1384.9338126389086,1111.5038624710342,0.001851090838184577,-0.020580297677641246,0.99557286319237859,268.60334892272948,1.4668910125943033,1
2018-07-24,314395.52024131198,1384.9338126389086,1111.5038624710342,0.0050097463931877417,-0.015673653356514938,0.9955949314685657,268.73809883117679,1.6300811225920468,1
2018-07-25,317063.15664756723,1384.9338126389086,1111.5038624710342,0.0084849695193103258,-0.007321674308190862,0.99563199386746049,268.88629890441894,1.9135321343433733,1
2018-07-26,316318.43413473305,1384.9338126389086,1111.5038624710342,-0.0023488144151102563,-0.0096532914691432881,0.99562171007697575,269.03324890136719,1.8115075141534707,1
2018-07-27,314184.36571421596,1384.9338126389086,1111.5038624710342,-0.0067465825264173551,-0.016334747268012539,0.99559197094517848,269.16724899291989,1.5550470814429658,1
2018-07-30,312550.45367956732,1384.9338126389086,1111.5038624710342,-0.0052004880348974769,-0.021450286645189665,0.99556892720412182,269.29189903259277,1.3574265131936374,1
2018-07-31,314084.30051663634,1384.9338126389086,1111.5038624710342,0.0049075175512032221,-0.016648036752175965,0.99559056657604073,269.42534896850589,1.5207134489610623,1
2018-08-01,313561.89234445873,1384.9338126389086,1111.5038624710342,-0.0016632737494943761,-0.018283620259159861,0.99558322026224566,269.55489891052247,1.4489896505652642,1
2018-08-02,315262.52581762912,1384.9338126389086,1111.5038624710342,0.0054235974290592903,-0.012959185825931918,0.99560704587693349,269.69039901733396,1.6305717099239185,1
2018-08-03,316607.43599350541,1384.9338126389086,1111.5038624710342,0.0042660007636121655,-0.008748468958949096,0.99562570661585048,269.83104904174803,1.7687961650146626,1
2018-08-06,317763.40950818895,1384.9338126389086,1111.5038624710342,0.0036511255999283065,-0.005129285117996929,0.99564161961006648,269.97564910888673,1.8825802314956808,1
2018-08-07,318808.19193213823,1384.9338126389086,1111.5038624710342,0.0032879255215896297,-0.0018582243038544055,0.995655902678518,270.12459907531741,1.9810449293803682,1
2018-08-08,318674.81689590664,1384.9338126389086,1111.5038624710342,-0.00041835511008447845,-0.002275802016305617,0.99565408454257842,270.26634910583493,1.9425720878640007,1
2018-08-09,318241.34802815405,1384.9338126389086,1111.5038624710342,-0.0013602231640856832,-0.0036329295817719709,0.99564816507590836,270.41114921569823,1.8730840390666152,1
2018-08-10,316118.37158038566,1384.9338126389086,1111.5038624710342,-0.0066709635970388925,-0.010279658037820161,0.99561893917865274,270.5441492462158,1.6141989774794274,1
2018-08-13,314940.18019979884,1384.9338126389086,1111.5038624710342,-0.0037270576040761005,-0.013968402764239163,0.99560254962780448,270.67819931030272,1.4676050963833978,1
2018-08-14,316940.87358408433,1384.9338126389086,1111.5038624710342,0.0063526139567717799,-0.0077045246778211229,0.99563030859043966,270.81959930419924,1.684613165174067,1
2018-08-15,314584.49082291068,1384.9338126389086,1111.5038624710342,-0.0074347708281573555,-0.015082014130659016,0.99559757758872314,270.93994934082031,1.3992542318088457,1
2018-08-16,317118.71827252838,1384.9338126389086,1111.5038624710342,0.0080557927156184039,-0.0071477189946113073,0.99563275917554406,271.07649932861329,1.6782395975079865,1
2018-08-17,318230.22213499947,1384.9338126389086,1111.5038624710342,0.0035050086873644748,-0.0036677631244178555,0.99564801292803862,271.21604934692385,1.7896331248376047,1
2018-08-20,318908.25712971785,1384.9338126389086,1111.5038624710342,0.002130642998548149,-0.0015449348196909796,0.99565726574437496,271.35694946289061,1.8489992238223496,1
2018-08-21,319652.94572214613,1384.9338126389086,1111.5038624710342,0.002335118567109884,0,0.99566738291896506,271.50069946289062,1.914518436528811,1
2018-08-22,319464.00906095339,1384.9338126389086,1111.5038624710342,-0.00059106810596065706,-0.00059106810596065706,0.99566482053264826,271.63929946899412,1.8715136542400075,1
2018-08-23,319041.63216594944,1384.9338126389086,1111.5038624710342,-0.0013221423478829708,-0.0019124289776702996,0.99565908122010061,271.77399948120114,1.8027520981635905,1
2018-08-24,320953.42016621586,1384.9338126389086,1111.5038624710342,0.0059922837884429647,0,0.99568493829440519,271.91819946289064,1.9995085236476287,1
2018-08-27,323476.52172267897,1384.9338126389086,1111.5038624710342,0.0078612701966422893,0,0.99571859557143916,272.0715495300293,2.2570446553939081,1
2018-08-28,323632.14854521974,1384.9338126389086,1111.5038624710342,0.00048110701114256749,0,0.9957206543946131,272.2302995300293,2.243723562172304,1
2018-08-29,325366.09185704211,1384.9338126389086,1111.5038624710342,0.0053577597887499717,0,0.99574345991392543,272.39724960327146,2.4045075603536978,1
2018-08-30,324054.49151981773,1384.9338126389086,1111.5038624710342,-0.0040311525080513055,-0.0040311525080513055,0.9957262317021327,272.55709960937497,2.2253225342435337,1
2018-08-31,324065.61741297238,1384.9338126389086,1111.5038624710342,3.4333402084474329e-05,-0.003996957509146748,0.99572637843010037,272.71999954223634,2.1983785836445486,1
2018-09-04,323509.86548173684,1384.9338126389086,1111.5038624710342,-0.0017149364245183651,-0.0057050394056453735,0.99571903685046326,272.88684951782227,2.11326607580822,1
2018-09-05,322642.89382582571,1384.9338126389086,1111.5038624710342,-0.0026798924806207269,-0.0083696429940612882,0.99570753350177132,273.03889953613282,1.9928078077064186,1
2018-09-06,321675.89089274086,1384.9338126389086,1111.5038624710342,-0.0029971307336676967,-0.011341688813481632,0.99569462974425804,273.19039962768557,1.8659687860176957,1
2018-09-07,321053.45144338952,1384.9338126389086,1111.5038624710342,-0.0019349894318281269,-0.013254732197316543,0.99568628274696147,273.33689971923826,1.7791742097300225,1
2018-09-10,321609.20337462507,1384.9338126389086,1111.5038624710342,0.0017310261850074227,-0.011546650300817807,0.9956937370009723,273.47744979858396,1.8214728632322872,1
2018-09-11,322665.11169172893,1384.9338126389086,1111.5038624710342,0.0032832030489933217,-0.0083013572492978138,0.9957078290696576,273.62389968872071,1.9178459186969175,1
2018-09-12,322742.92510299938,1384.9338126389086,1111.5038624710342,0.00024115842850958025,-0.0080622007630570813,0.99570886391329283,273.76769973754881,1.9042571950791829,1
2018-09-13,324643.58721011115,1384.9338126389086,1111.5038624710342,0.0058890899204224745,-0.0022205898678846481,0.99573398684834458,273.9206996154785,2.0891084514714442,1
2018-09-14,324699.18275547831,1384.9338126389086,1111.5038624710342,0.00017125101975667967,-0.00204971912640739,0.99573471728235952,274.06074966430663,2.0652900074299461,1
2018-09-17,322987.45730955922,1384.9338126389086,1111.5038624710342,-0.005271726991712633,-0.007310640558475856,0.99571211271120175,274.19389968872071,1.8527920249534022,1
2018-09-18,324732.52651453618,1384.9338126389086,1111.5038624710342,0.0054029008417637581,-0.001947238382739358,0.99573515524452116,274.32339965820313,2.0146077207481046,1
2018-09-19,325077.08999826974,1384.9338126389086,1111.5038624710342,0.0010610685890688476,-0.00088823594715381482,0.99573967574077182,274.45719970703124,2.0222848563875657,1
2018-09-20,327700.22283190652,1384.9338126389086,1111.5038624710342,0.0080692639202926131,0,0.99577377823954272,274.60439956665039,2.2682965737693328,1
2018-09-21,327403.45537107543,2855.4534226880869,1111.5038624710342,-0.00090560652741245029,-0.00090560652741245029,0.99127848721250755,274.74839950561523,2.0487726532142414,1
2018-09-24,326325.29526766227,2855.4534226880869,1111.5038624710342,-0.0032930626898582949,-0.0041956869982036071,0.99124967183329771,274.8872994995117,1.9083704845489855,1
2018-09-25,326025.20143614127,2855.4534226880869,1111.5038624710342,-0.0009196155979107612,-0.0051114441769068986,0.99124161748812734,275.0206994628906,1.8521806985333658,1
2018-09-26,325058.19850305642,2855.4534226880869,1111.5038624710342,-0.002966037376329167,-0.008062320818760349,0.9912155625182264,275.14254943847658,1.7277752740757943,1
2018-09-27,325958.51391802548,2855.4534226880869,1111.5038624710342,0.0027697052992823323,-0.0053149457721743953,0.99123982561963031,275.26444946289064,1.7985394621522097,1
2018-09-28,325991.85767708335,2855.4534226880869,1111.5038624710342,0.00010229448728638069,-0.005213194974540758,0.99124072164551857,275.38414947509767,1.778195775018681,1
2018-10-01,327114.48743270902,2855.4534226880869,1111.5038624710342,0.0034437355694254546,-0.0017874122700793915,0.99127078276141634,275.5090495300293,1.8689569983647991,1
2018-10-02,326925.51685111033,2855.4534226880869,1111.5038624710342,-0.00057768942941593959,-0.0023640691303209449,0.99126573707004795,275.63854949951173,1.8249465305921804,1
2018-10-03,327103.36153955437,2855.4534226880869,1111.5038624710342,0.00054399145761707679,-0.0018213637061159638,0.99127048585117405,275.7645994567871,1.8185870259337416,1
2018-10-04,324569.13408993668,2855.4534226880869,1111.5038624710342,-0.0077474821343627154,-0.0095547348577054159,0.99120232602926184,275.870799407959,1.5402426891812593,1
2018-10-05,322768.50325999857,2855.4534226880869,1111.5038624710342,-0.005547757444610113,-0.015049484950877434,0.9911532463860393,275.97404937744142,1.3418325650503311,1
2018-10-08,322768.50325999857,2855.4534226880869,1111.5038624710342,0,-0.015049484950877434,0.9911532463860393,276.07799942016601,1.3275829335455442,1
2018-10-09,322301.6567127821,2855.4534226880869,1111.5038624710342,-0.0014463819812071677,-0.016474099628225214,0.99114043206661917,276.17709945678712,1.2667061745075661,1
2018-10-10,312186.96478021448,2855.4534226880869,1111.5038624710342,-0.031382686752929989,-0.047339784872986068,0.99085338676873214,276.23104934692384,0.23404832142950222,1
2018-10-11,305373.47459640808,2855.4534226880869,1111.5038624710342,-0.021825030998982364,-0.06813162359963032,0.99064930761762482,276.25594940185545,-0.46319059838247895,0
2018-10-12,310331.54977154772,310331.54977154772,0,0.016236102961111554,-0.053001712694190073,0,276.29909942626955,-0.039675558558281546,0
2018-10-15,310331.54977154772,310331.54977154772,0,0,-0.053001712694190073,0,276.33174942016603,-0.2200352307430978,0
2018-10-16,310331.54977154772,310331.54977154772,0,0,-0.053001712694190073,0,276.39944946289063,0.45677803349616108,1
2018-10-17,310186.5331560981,0,1106.0314482251297,-0.00046729575370718646,-0.05344424097261613,1,276.45784957885741,0.45645346648239715,1
2018-10-18,305707.08553874562,0,1106.0314482251297,-0.014441141502098187,-0.067113586628356536,1,276.48749954223632,-0.010016968817070111,0
2018-10-19,306360.24339685077,306360.24339685077,0,0.0021365479866262138,-0.065120430040116473,0,276.51069961547853,-0.029866209278313655,0
2018-10-22,306360.24339685077,306360.24339685077,0,0,-0.065120430040116473,0,276.51864959716795,-0.17287393378943514,0
2018-10-23,306360.24339685077,306360.24339685077,0,0,-0.065120430040116473,0,276.51709945678709,-0.33310541251846121,0
2018-10-24,306360.24339685077,306360.24339685077,0,0,-0.065120430040116473,0,276.47099945068362,-1.2726662149923418,0
2018-10-25,306360.24339685077,306360.24339685077,0,0,-0.065120430040116473,0,276.45079940795898,-0.72626998304226675,0
2018-10-26,306360.24339685077,306360.24339685077,0,0,-0.065120430040116473,0,276.3968493652344,-1.2566067693912513,0
2018-10-29,306360.24339685077,306360.24339685077,0,0,-0.065120430040116473,0,276.32654922485352,-1.4085699272942993,0
2018-10-30,306360.24339685077,306360.24339685077,0,0,-0.065120430040116473,0,276.28054916381836,-0.95937609532505586,0
2018-10-31,306360.24339685077,306360.24339685077,0,0,-0.065120430040116473,0,276.23564926147463,-0.63150160331090477,0
2018-11-01,306360.24339685077,306360.24339685077,0,0,-0.065120430040116473,0,276.20749923706057,-0.30389581711223607,0
2018-11-02,306360.24339685077,306360.24339685077,0,0,-0.065120430040116473,0,276.16489929199219,-0.4815937767963317,0
2018-11-05,306360.24339685077,306360.24339685077,0,0,-0.065120430040116473,0,276.11839935302737,-0.30771535570903891,0
2018-11-06,306360.24339685077,306360.24339685077,0,0,-0.065120430040116473,0,276.07754928588867,-0.10817058937207015,0
2018-11-07,306360.24339685077,306360.24339685077,0,0,-0.065120430040116473,0,276.0666993713379,0.55888981193494591,1
2018-11-08,306632.49028354115,0,1093.1639582300932,0.00088864953125700197,-0.064289649748489941,1,276.05269943237306,0.50333736424246056,1
2018-11-09,303637.23171341995,0,1093.1639582300932,-0.009768236129679253,-0.073429889398731518,1,276.00859954833982,0.19891245131303925,1
2018-11-12,297963.70810134843,0,1093.1639582300932,-0.018685203985215892,-0.090743040921920315,1,275.94804962158202,-0.38444902759017102,0
2018-11-13,298381.87527909531,298381.87527909531,0,0.0014034164778371494,-0.089466974722962056,0,275.89954956054686,-0.43724359776243404,0
2018-11-14,298381.87527909531,298381.87527909531,0,0,-0.089466974722962056,0,275.84104965209963,-0.64248220592090999,0
2018-11-15,298381.87527909531,298381.87527909531,0,0,-0.089466974722962056,0,275.79824966430664,-0.31668853524497331,0
2018-11-16,298381.87527909531,298381.87527909531,0,0,-0.089466974722962056,0,275.78964965820313,-0.23474263371069484,0
2018-11-19,298381.87527909531,298381.87527909531,0,0,-0.089466974722962056,0,275.81549972534179,-0.76778129597208278,0
2018-11-20,298381.87527909531,298381.87527909531,0,0,-0.089466974722962056,0,275.79044967651367,-1.3302893680687127,0
2018-11-21,298381.87527909531,298381.87527909531,0,0,-0.089466974722962056,0,275.77719955444337,-1.2242029761530626,0
2018-11-23,298381.87527909531,298381.87527909531,0,0,-0.089466974722962056,0,275.80529953002929,-1.4368809269216627,0
2018-11-26,298381.87527909531,298381.87527909531,0,0,-0.089466974722962056,0,275.83529953002932,-0.95819810234425573,0
2018-11-27,298381.87527909531,298381.87527909531,0,0,-0.089466974722962056,0,275.85059951782227,-0.85805478722352535,0
2018-11-28,298381.87527909531,298381.87527909531,0,0,-0.089466974722962056,0,275.89349945068358,-0.15175449078084899,0
2018-11-29,298381.87527909531,298381.87527909531,0,0,-0.089466974722962056,0,275.91544952392576,-0.22387799526145952,0
2018-11-30,298381.87527909531,298381.87527909531,0,0,-0.089466974722962056,0,275.92854949951175,-0.032230302721592545,0
2018-12-03,298381.87527909531,298381.87527909531,0,0,-0.089466974722962056,0,275.95949951171878,0.38646973003113644,1
2018-12-04,289532.40073075076,0,1071.3502339713257,-0.029658217477409043,-0.11647176120699165,1,275.95374954223632,-0.65962107862235342,0
2018-12-06,284750.02186915959,284750.02186915959,0,-0.016517594747672115,-0.13106552260349902,0,275.95269958496095,-0.70685568115405417,0
2018-12-07,284750.02186915959,284750.02186915959,0,0,-0.13106552260349902,0,275.91854965209961,-1.4221495000080073,0
2018-12-10,284750.02186915959,284750.02186915959,0,0,-0.13106552260349902,0,275.86534973144529,-1.3522490899823312,0
2018-12-11,284750.02186915959,284750.02186915959,0,0,-0.13106552260349902,0,275.79649978637696,-1.3316869266949942,0
2018-12-12,284750.02186915959,284750.02186915959,0,0,-0.13106552260349902,0,275.75164978027345,-1.1707731877021175,0
2018-12-13,284750.02186915959,284750.02186915959,0,0,-0.13106552260349902,0,275.72024978637694,-1.1739969196039381,0
2018-12-14,284750.02186915959,284750.02186915959,0,0,-0.13106552260349902,0,275.68409973144531,-1.7164383421664771,0
2018-12-17,284750.02186915959,284750.02186915959,0,0,-0.13106552260349902,0,275.61549980163574,-2.2588693296690536,0
2018-12-18,284750.02186915959,284750.02186915959,0,0,-0.13106552260349902,0,275.52994979858397,-2.2521291213538985,0
2018-12-19,284750.02186915959,284750.02186915959,0,0,-0.13106552260349902,0,275.42184974670408,-2.6153464452600415,0
2018-12-20,284750.02186915959,284750.02186915959,0,0,-0.13106552260349902,0,275.29379974365236,-2.976284258941007,0
2018-12-21,284750.02186915959,284750.02186915959,0,0,-0.13106552260349902,0,275.12679969787598,-3.5277010766682553,0
2018-12-24,284750.02186915959,284750.02186915959,0,0,-0.13106552260349902,0,274.9041497039795,-3.9884703602211968,0
2018-12-26,284750.02186915959,284750.02186915959,0,0,-0.13106552260349902,0,274.74244972229002,-2.7551929981446048,0
2018-12-27,284750.02186915959,284750.02186915959,0,0,-0.13106552260349902,0,274.59919975280764,-2.5181872138103105,0
2018-12-28,284750.02186915959,284750.02186915959,0,0,-0.13106552260349902,0,274.46144981384276,-2.4955260414844864,0
2018-12-31,284750.02186915959,284750.02186915959,0,0,-0.13106552260349902,0,274.33604980468749,-2.2518420036415256,0
2019-01-02,284750.02186915959,284750.02186915959,0,0,-0.13106552260349902,0,274.21594970703126,-2.1899133518857088,0
2019-01-03,284750.02186915959,284750.02186915959,0,0,-0.13106552260349902,0,274.08454978942871,-2.6733187534674587,0
2019-01-04,284750.02186915959,284750.02186915959,0,0,-0.13106552260349902,0,273.99174972534178,-1.9155044176536662,0
2019-01-07,284750.02186915959,284750.02186915959,0,0,-0.13106552260349902,0,273.91149978637696,-1.7194449286821176,0
2019-01-08,284750.02186915959,284750.02186915959,0,0,-0.13106552260349902,0,273.87699966430665,-1.5005304835135542,0
2019-01-09,284750.02186915959,284750.02186915959,0,0,-0.13106552260349902,0,273.87659973144531,-1.3951689877780988,0
2019-01-10,284750.02186915959,284750.02186915959,0,0,-0.13106552260349902,0,273.84544982910154,-1.3089036773825899,0
2019-01-11,284750.02186915959,284750.02186915959,0,0,-0.13106552260349902,0,273.8373498535156,-1.2983186549934047,0
2019-01-14,284750.02186915959,284750.02186915959,0,0,-0.13106552260349902,0,273.82519989013673,-1.4333057169634227,0
2019-01-15,284750.02186915959,284750.02186915959,0,0,-0.13106552260349902,0,273.81119995117189,-1.1731500547739895,0
2019-01-16,284750.02186915959,284750.02186915959,0,0,-0.13106552260349902,0,273.82875000000001,-1.1219591468162691,0
2019-01-17,284750.02186915959,284750.02186915959,0,0,-0.13106552260349902,0,273.839700012207,-0.95097311790824346,0
2019-01-18,284750.02186915959,284750.02186915959,0,0,-0.13106552260349902,0,273.85419998168948,-0.64694632941815133,0
2019-01-22,284750.02186915959,284750.02186915959,0,0,-0.13106552260349902,0,273.84029983520509,-0.95972825289600239,0
2019-01-23,284750.02186915959,284750.02186915959,0,0,-0.13106552260349902,0,273.85874984741213,-0.91485226119196483,0
2019-01-24,284750.02186915959,284750.02186915959,0,0,-0.13106552260349902,0,273.87149978637694,-0.90473762946284364,0
2019-01-25,284750.02186915959,284750.02186915959,0,0,-0.13106552260349902,0,273.87464981079103,-0.70968538346782983,0
2019-01-28,284750.02186915959,284750.02186915959,0,0,-0.13106552260349902,0,273.87464981079103,-0.88678463977806932,0
2019-01-29,284750.02186915959,284750.02186915959,0,0,-0.13106552260349902,0,273.86204986572267,-0.91555090332857214,0
2019-01-30,284750.02186915959,284750.02186915959,0,0,-0.13106552260349902,0,273.87419982910154,-0.55173003193713099,0
2019-01-31,284750.02186915959,284750.02186915959,0,0,-0.13106552260349902,0,273.88719985961916,-0.34705784043552301,0
2019-02-01,284750.02186915959,284750.02186915959,0,0,-0.13106552260349902,0,273.88654983520507,-0.33559273744183976,0
2019-02-04,284750.02186915959,284750.02186915959,0,0,-0.13106552260349902,0,273.89439971923827,-0.1696775001656681,0
2019-02-05,284750.02186915959,284750.02186915959,0,0,-0.13106552260349902,0,273.91544967651367,-0.0715607371170109,0
2019-02-06,284750.02186915959,284750.02186915959,0,0,-0.13106552260349902,0,273.94609970092773,-0.1059508213373464,0
2019-02-07,284750.02186915959,284750.02186915959,0,0,-0.13106552260349902,0,273.96394973754883,-0.33617342128139227,0
2019-02-08,284750.02186915959,284750.02186915959,0,0,-0.13106552260349902,0,274.00139968872071,-0.31110988487876429,0
2019-02-11,284750.02186915959,284750.02186915959,0,0,-0.13106552260349902,0,274.03634963989259,-0.30153912885699197,0
2019-02-12,284750.02186915959,284750.02186915959,0,0,-0.13106552260349902,0,274.07529968261719,0.0021832257241430836,1
2019-02-13,284565.31684196624,0,1034.8206369236573,-0.0006486567620993533,-0.13162916282808357,1,274.11744964599609,0.077187988983412059,1
2019-02-14,283934.0914119482,0,1034.8206369236573,-0.0022182092920641772,-0.13355539108805581,1,274.16679962158202,0.018895190068216276,1
2019-02-15,287028.19501067966,0,1034.8206369236573,0.01089725993573043,-0.12411351896483003,1,274.2287495422363,0.27880139188575931,1
2019-02-19,287524.92028528207,0,1034.8206369236573,0.001730580072748289,-0.12259772727476093,1,274.30199951171875,0.31558534198879257,1
2019-02-20,288104.41731554177,0,1034.8206369236573,0.0020154671451946271,-0.1208293518209641,1,274.38094955444336,0.35923281469573332,1
2019-02-21,287079.95499065763,0,1034.8206369236573,-0.0035558716330340578,-0.12395556978942002,1,274.43794967651365,0.26620715934067629,1
2019-02-22,288859.8477493751,0,1034.8206369236573,0.0061999896815345679,-0.11852410336154862,1,274.49904968261717,0.41458682335823599,1
2019-02-25,289253.05306402163,0,1034.8206369236573,0.0013612321605447342,-0.11732421002229931,1,274.56204956054688,0.44319490699194075,1
2019-02-26,289046.10788476869,0,1034.8206369236573,-0.00071544682782354041,-0.11795571761623558,1,274.61114959716798,0.42095842322042343,1
2019-02-27,288921.93446117296,0,1034.8206369236573,-0.00042959728641367434,-0.11833464144644434,1,274.64704971313478,0.40690733564856257,1
2019-02-28,288383.80751863209,0,1034.8206369236573,-0.0018625340562822279,-0.1199767732029946,1,274.67619964599612,0.3577350755157454,1
2019-03-01,290184.4169014286,0,1034.8206369236573,0.0062437950254199404,-0.11448208855726538,1,274.71339965820312,0.50957711503532244,1
2019-03-04,289128.8796404259,0,1034.8206369236573,-0.0036374705171065003,-0.11770313385250808,1,274.75489959716799,0.4147170104620842,1
2019-03-05,288735.6427455598,0,1034.8206369236573,-0.0013600747713446992,-0.11890312356099175,1,274.78879959106445,0.37767574937685672,1
2019-03-06,286986.79334274121,0,1034.8206369236573,-0.0060569224713269421,-0.12423985903131118,1,274.81539947509765,0.22445819853023019,1
2019-03-07,284586.03346604528,0,1034.8206369236573,-0.0083654019362094933,-0.13156594461022575,1,274.83379959106446,0.015732768328040221,1
2019-03-08,284016.86316760548,0,1034.8206369236573,-0.0019999937857375638,-0.1333028073243282,1,274.83924957275389,-0.03386307867119117,0
2019-03-11,284701.31625596358,284701.31625596358,0,0.0024099029921127446,-0.1312141511664433,0,274.86839965820315,0.31885040909222334,1
2019-03-12,284996.50162821863,0,1019.7019985911695,0.0010368247542265063,-0.13031337249225106,1,274.8990496826172,0.40969630604987989,1
2019-03-13,286882.95654937939,0,1019.7019985911695,0.0066192213251152765,-0.12455672422128405,1,274.94174972534182,0.57056368450146255,1
2019-03-14,286699.41765815346,0,1019.7019985911695,-0.0006397692405067934,-0.12511680590093577,1,274.98679977416992,0.55016236805655805,1
2019-03-15,288109.659298438,1257.292564262912,1019.7019985911695,0.0049188856112922785,-0.12081335554592054,0.99563606243773817,275.04824981689455,0.55801332705033901,1
2019-03-18,289149.74413422024,1257.292564262912,1019.7019985911695,0.0036100311191054058,-0.11763946439993944,0.99565175972046061,275.09684982299802,0.64398269795814189,1
2019-03-19,289221.1307426421,1257.292564262912,1019.7019985911695,0.00024688456369070799,-0.11742162320408989,0.9956528329688964,275.15414978027343,0.64466198251778617,1
2019-03-20,288354.37782007252,1257.292564262912,1019.7019985911695,-0.0029968519946795835,-0.12006657997305181,0.99563976599291493,275.19389968872071,0.56507375703425267,1
2019-03-21,291597.05382590735,1257.292564262912,1019.7019985911695,0.01124545439659741,-0.11017132882609681,0.99568825354108836,275.24304977416995,0.84191502333613422,1
2019-03-22,286009.07567084703,1257.292564262912,1019.7019985911695,-0.019163356013866095,-0.1272234324431476,0.99560401165132995,275.26379974365233,0.35364206066217474,1
2019-03-25,285794.94696441677,1257.292564262912,1019.7019985911695,-0.00074867801284983493,-0.12787686106940799,0.99560071800562844,275.27199981689455,0.33422118171783055,1
2019-03-26,287915.91342919884,1257.292564262912,1019.7019985911695,0.0074212874905943416,-0.12140458452820457,0.99563312583424779,275.2907498168945,0.51675015479123032,1
2019-03-27,286416.95024651638,1257.292564262912,1019.7019985911695,-0.0052062533287208224,-0.12597877483460351,0.99561027179717965,275.2980497741699,0.38571034382849539,1
2019-03-28,287497.83187551622,1257.292564262912,1019.7019985911695,0.0037738046860338326,-0.1226803894393812,0.99562677549231982,275.30879974365234,0.4785295637237576,1
2019-03-29,289302.72432907723,1257.292564262912,1019.7019985911695,0.0062779341387955157,-0.1171726347056079,0.99565405902354109,275.3265997314453,0.63329494867179548,1
2019-04-01,292718.70112928934,1257.292564262912,1019.7019985911695,0.011807620575071009,-0.10674854414292212,0.99570477540583369,275.36559967041018,0.92455842950313138,1
2019-04-02,292861.47434613307,1257.292564262912,1019.7019985911695,0.00048774887389457788,-0.10631286175122301,0.99570686937546138,275.40179962158203,0.93189804613628935,1
2019-04-03,293320.35269303329,1257.292564262912,1019.7019985911695,0.0015668784975038097,-0.10491256259080528,0.99571358566591284,275.44824966430662,0.96527263705777688,1
2019-04-04,294095.30505115452,1257.292564262912,1019.7019985911695,0.0026419999533147109,-0.10254774162295766,0.99572488053134944,275.50134963989257,1.0247723801114792,1
2019-04-05,295512.70576623722,1257.292564262912,1019.7019985911695,0.0048195285362890861,-0.098222444853752311,0.99574538576606075,275.56669967651368,1.1372943161097713,1
2019-04-08,295737.0414506807,1257.292564262912,1019.7019985911695,0.00075914057184722772,-0.097537868924859716,0.99574861316629282,275.63079971313476,1.1471217446726829,1
2019-04-09,294227.87128998502,1257.292564262912,1019.7019985911695,-0.0051030812822524529,-0.10214320653389086,0.99572680671361768,275.69614974975588,1.0098485626275446,1
2019-04-10,295227.1904513851,1257.292564262912,1019.7019985911695,0.0033964123011827052,-0.099093714675862254,0.99574127111279753,275.76389984130861,1.0859583349373849,1
2019-04-11,295145.59686494997,1257.292564262912,1019.7019985911695,-0.00027637558149840036,-0.099342703174344238,0.99574009377873851,275.84994979858396,1.0689384795778369,1
2019-04-12,297134.02820973692,1257.292564262912,1019.7019985911695,0.0067371201397146141,-0.093274866760919117,0.9957686012206739,275.94274978637696,1.2253253136896183,1
2019-04-15,296940.28234049777,1257.292564262912,1019.7019985911695,-0.00065204874179669581,-0.093866095743203148,0.99576584034219651,276.04584976196287,1.1967092413491067,1
2019-04-16,297134.02820973692,1257.292564262912,1019.7019985911695,0.00065247418676928071,-0.093274866760919117,0.9957686012206739,276.14219970703124,1.2009768758011978,1
2019-04-17,296410.04850401112,1257.292564262912,1019.7019985911695,-0.0024365425598941171,-0.095484141138181822,0.99575826605539008,276.2330497741699,1.1292233522016681,1
2019-04-18,296991.25499289314,1257.292564262912,1019.7019985911695,0.0019608191146534004,-0.09371054915261845,0.99576656705163591,276.32384979248047,1.166564244604642,1
2019-04-22,297246.18049254094,1257.292564262912,1019.7019985911695,0.0008583602896115039,-0.092932626277117181,0.99577019774592368,276.42069976806641,1.1761326047741369,1
2019-04-23,299907.61889065831,1257.292564262912,1019.7019985911695,0.0089536504513105797,-0.084811062077014165,0.99580773383179266,276.51954986572264,1.3829718411073679,1
2019-04-24,299244.81881534116,1257.292564262912,1019.7019985911695,-0.0022100141295803288,-0.086833642561059632,0.99579844834326514,276.60359985351562,1.3151972699313867,1
2019-04-25,299061.24880527984,1257.292564262912,1019.7019985911695,-0.00061344423869402753,-0.087393819201999734,0.99579586934353514,276.67434982299807,1.2887181283191453,1
2019-04-26,300448.05970515823,1257.292564262912,1019.7019985911695,0.0046372136323864499,-0.083161869379403064,0.99581527480824217,276.74689987182614,1.389953325180727,1
2019-04-29,300917.11391123623,1257.292564262912,1019.7019985911695,0.0015611823439243278,-0.081730517877641629,0.99582179774383384,276.83194992065432,1.4140709483782128,1
2019-04-30,301070.06298725784,1257.292564262912,1019.7019985911695,0.00050827642879336388,-0.081263783144598589,0.99582392034668643,276.90519989013671,1.4134497227547629,1
2019-05-01,298816.53028364526,1257.292564262912,1019.7019985911695,-0.0074850773313451802,-0.088140594774868686,0.99579242633240717,276.96629989624023,1.2214353317148474,1
2019-05-02,298174.11304551916,1257.292564262912,1019.7019985911695,-0.0021498718210679613,-0.090100975614938017,0.9957833610992548,277.02549987792969,1.1608838670586958,1
2019-05-03,301080.26996527106,1257.292564262912,1019.7019985911695,0.0097465098162570207,-0.081232635841966272,0.99582406192073647,277.09329986572266,1.3826561039330103,1
2019-05-06,299846.43926024967,1257.292564262912,1019.7019985911695,-0.0040980124840584997,-0.084997755970231403,0.99580687845630322,277.15209991455077,1.2741835607798893,1
2019-05-07,294860.08155009785,1257.292564262912,1019.7019985911695,-0.016629704599639861,-0.10021397299645407,0.99573596887834648,277.19174987792968,0.87172993924093822,1
2019-05-08,294452.2069744285,1257.292564262912,1019.7019985911695,-0.0013832817705439204,-0.10145863060499827,0.9957300623514358,277.23099990844725,0.83469286240980556,1
2019-05-09,293565.07121466781,1257.292564262912,1019.7019985911695,-0.0030128344727866629,-0.10416578701793655,0.99571715886000778,277.26329986572267,0.76056840807717641,1
2019-05-10,295033.44458214595,1257.292564262912,1019.7019985911695,0.0050018667459399424,-0.099684943658146175,0.99573847444297836,277.29574996948242,0.87309062364927403,1
2019-05-13,287650.78095153777,1257.292564262912,1019.7019985911695,-0.025023141498633161,-0.12221365470633827,0.99562910081417522,277.27999984741211,0.28945146688061268,1
2019-05-14,290240.83274123329,1257.292564262912,1019.7019985911695,0.0090041535125602312,-0.11430993170208492,0.9956681058540654,277.28029983520508,0.49478783270195104,1
2019-05-15,291933.5417931549,1257.292564262912,1019.7019985911695,0.0058320844656298831,-0.10914451241340195,0.99569322333932508,277.29849975585938,0.62708670453769,1
2019-05-16,294625.57000647654,1257.292564262912,1019.7019985911695,0.0092213734563910688,-0.10092960126669059,0.99573257486023603,277.33724975585938,0.83587999005763824,1
2019-05-17,292728.90810730256,1257.292564262912,1019.7019985911695,-0.0064375332362778259,-0.1067173968402898,0.99570492517328679,277.3597998046875,0.68340363671204596,1
2019-05-20,290801.68751175969,1257.292564262912,1019.7019985911695,-0.0065836360611041256,-0.11259844439920896,0.99567646056313863,277.37524993896483,0.52958053518843962,1
2019-05-21,293412.12213864626,1257.292564262912,1019.7019985911695,0.0089766832139892561,-0.10463252175097937,0.99571492631218272,277.39584991455081,0.73343045663875528,1
2019-05-22,292514.77940087236,1257.292564262912,1019.7019985911695,-0.0030583015154018733,-0.10737082546654997,0.99570178106269325,277.40599990844726,0.66148474511627153,1
2019-05-23,288956.02938381647,1257.292564262912,1019.7019985911695,-0.012166052000329386,-0.11823059842093497,0.9956488446808186,277.39349990844727,0.38196343379204672,1
2019-05-24,289608.6224811204,1257.292564262912,1019.7019985911695,0.0022584512207464158,-0.11623916523952182,0.99565864940935978,277.37949996948242,0.43485901561999696,1
2019-05-28,286926.80124581198,1257.292564262912,1019.7019985911695,-0.009260156732671998,-0.12442292908360097,0.99561807206993602,277.35294998168945,0.22543475950582051,1
2019-05-29,285009.75650944695,1257.292564262912,1019.7019985911695,-0.0066813024368632679,-0.13027292430117632,0.99558859816007295,277.31894989013671,0.076724858680015773,1
2019-05-30,285784.73998640355,1257.292564262912,1019.7019985911695,0.0027191471844612014,-0.1279080083720403,0.99560056088256232,277.29829986572264,0.13977555232136538,1
2019-05-31,281950.65051367343,1257.292564262912,1019.7019985911695,-0.013416004902544909,-0.13960799880719121,0.99554073536637588,277.26414978027344,-0.1610106797300743,0
2019-06-03,281850.08022951969,281850.08022951969,0,-0.00035669463422238756,-0.13991489601734453,0,277.21749984741211,-0.21389114286299687,0
2019-06-04,281850.08022951969,281850.08022951969,0,0,-0.13991489601734453,0,277.21124984741209,0.26816511640105317,1
2019-06-05,282336.84357271029,0,997.79775268170113,0.0017270292873226012,-0.13842950385317654,1,277.20574981689452,0.46506566580981046,1
2019-06-06,284172.78778360016,0,997.79775268170113,0.0065026731462238807,-0.13282699252430386,1,277.20444976806641,0.61392202848401611,1
2019-06-07,287016.51746881718,0,997.79775268170113,0.010007044331713288,-0.12414915379522951,1,277.21434967041017,0.8429632675114318,1
2019-06-10,288333.61781044601,0,997.79775268170113,0.0045889356934725178,-0.12012993058492227,1,277.22749969482425,0.94767962472416867,1
2019-06-11,288263.76465966931,0,997.79775268170113,-0.00024226502378443815,-0.12034309232821638,1,277.24114959716798,0.94006754758652478,1
2019-06-12,287754.90851205378,0,997.79775268170113,-0.0017652449249606628,-0.12189590222019053,1,277.25414962768554,0.89715306197653477,1
2019-06-13,288942.25982340385,0,997.79775268170113,0.0041262591053259356,-0.11827261719130266,1,277.26449951171872,0.99143711317913596,1
2019-06-14,288622.98768482753,0,997.79775268170113,-0.0011049686493469491,-0.11924689830657698,1,277.26189956665041,0.96608677439442825,1
2019-06-17,288732.73082144454,0,997.79775268170113,0.00038023006239829016,-0.11891200949976255,1,277.25914947509767,0.97537962601449357,1
2019-06-18,291756.05679405521,0,997.79775268170113,0.01047101921562299,-0.10968612022057989,1,277.26374938964841,1.2185047495781991,1
2019-06-19,292414.60696486966,0,997.79775268170113,0.0022571945139746585,-0.10767650861542621,1,277.27754943847657,1.2688915878503337,1
2019-06-20,295208.42849223007,0,997.79775268170113,0.0095543158953617091,-0.099150968097885817,1,277.30529937744143,1.4875681937388647,1
2019-06-21,294781.38567026029,1428.846381840196,997.79775268170113,-0.0014465807231551775,-0.10045411894190837,0.99515286089523147,277.32624938964841,1.3341512131982591,1
2019-06-24,294422.19309547293,1428.846381840196,997.79775268170113,-0.0012185049404345172,-0.10155022004212522,0.99514694742669474,277.34929946899416,1.3008183345842503,1
2019-06-25,291548.53069569025,1428.846381840196,997.79775268170113,-0.009760345745576382,-0.11031940052955114,0.99509911307585508,277.36229949951172,1.0687393167506225,1
2019-06-26,291259.16082130873,1428.846381840196,997.79775268170113,-0.0009925272944817376,-0.11120243280789643,0.99509424397910429,277.37664947509768,1.043349745018044,1
2019-06-27,292286.89128855604,1428.846381840196,997.79775268170113,0.0035285773135831366,-0.10806624187593461,0.99511149345240535,277.39364944458009,1.122567637001773,1
2019-06-28,293783.58791757858,1428.846381840196,997.79775268170113,0.0051206423333742812,-0.10349896811551895,0.99513639821758515,277.41339950561525,1.2382564763065618,1
2019-07-01,296437.73359375645,1428.846381840196,997.79775268170113,0.0090343565309116691,-0.095399658163144219,0.99517994431910517,277.44609954833982,1.4425321232824426,1
2019-07-02,297206.02690118784,1428.846381840196,997.79775268170113,0.0025917527371339677,-0.093055157751176232,0.99519240441811352,277.47409957885742,1.4970517508656962,1
2019-07-03,299570.80270298413,1428.846381840196,997.79775268170113,0.0079566885855328895,-0.085838880077147017,0.99523035499805756,277.51369949340818,1.673939570054549,1
2019-07-05,299231.55512111686,1428.846381840196,997.79775268170113,-0.0011324454145941187,-0.086874117645603932,0.99522494751176283,277.55929946899414,1.6360842352690175,1
2019-07-08,297595.18264091172,1428.846381840196,997.79775268170113,-0.0054685826150346895,-0.091867621971185365,0.99519869115769832,277.58884948730469,1.500973781719904,1
2019-07-09,297964.36293734459,1428.846381840196,997.79775268170113,0.0012405452707826559,-0.090741042644377212,0.99520464001884468,277.6186994934082,1.5229314324831571,1
2019-07-10,299381.21869394492,1428.846381840196,997.79775268170113,0.0047551181712903734,-0.086417408853846855,0.99522733460678148,277.64384948730469,1.6269016359676731,1
2019-07-11,300079.68930097047,1428.846381840196,997.79775268170113,0.0023330475107044002,-0.084285977263750533,0.99523844354421775,277.6804495239258,1.6717661963770927,1
2019-07-12,301416.73463551945,1428.846381840196,997.79775268170113,0.0044556342272401572,-0.080205890521683143,0.99525956518781888,277.72859954833984,1.7624466259218368,1
2019-07-15,301516.52050086181,1428.846381840196,997.79775268170113,0.0003310561554024094,-0.079901387020037573,0.99526113401857164,277.77859954833986,1.756969425233281,1
2019-07-16,300548.65546274569,1428.846381840196,997.79775268170113,-0.0032099900745350407,-0.0828548944352967,0.99524587331911296,277.82809951782224,1.6707753073697778,1
2019-07-17,298513.13952117122,1428.846381840196,997.79775268170113,-0.0067726669362085934,-0.089066412767460301,0.99521345564844443,277.86334945678709,1.507794344700313,1
2019-07-18,299600.73541754973,1428.846381840196,997.79775268170113,0.0036433769653256842,-0.085747538318795669,0.99523083152700276,277.90389938354491,1.5811829557369703,1
2019-07-19,297944.41794442449,1428.846381840196,997.79775268170113,-0.0055284159126540722,-0.090801906176137148,0.99520431900789397,277.93109939575197,1.4499815839889079,1
2019-07-22,298672.79081564478,1428.846381840196,997.79775268170113,0.0024446602364476266,-0.088579225749111923,0.99521601422768324,277.9627993774414,1.4980885793225192,1
2019-07-23,300798.10490091611,1428.846381840196,997.79775268170113,0.007115861071466556,-0.082093682141894164,0.99524981587795958,278.00434936523436,1.6481128437513002,1
2019-07-24,302205.00338624185,1428.846381840196,997.79775268170113,0.0046772185808456879,-0.077800433656532553,0.99527193009437376,278.06434936523436,1.7389906365832692,1
2019-07-25,300768.17218635051,1428.846381840196,997.79775268170113,-0.0047544917648334462,-0.082185023900245513,0.99524934313543356,278.12524932861328,1.6187280655869039,1
2019-07-26,302773.75541335944,1428.846381840196,997.79775268170113,0.0066682029964471035,-0.076064847326433149,0.99528081164138726,278.19619934082033,1.7508580247224443,1
2019-07-29,302224.94837916194,1428.846381840196,997.79775268170113,-0.0018125977710592434,-0.077739570124772506,0.99527224211798826,278.26649932861329,1.6948494044378541,1
2019-07-30,301486.58778629615,1428.846381840196,997.79775268170113,-0.0024430828653478898,-0.079992728778389144,0.99526066352625608,278.37859939575196,1.6217590010972769,1
2019-07-31,298203.82465386955,1428.846381840196,997.79775268170113,-0.010888587636785796,-0.090010308577565756,0.99520849075796169,278.50489929199216,1.3679932397721448,1
2019-08-01,295619.53212846845,1428.846381840196,997.79775268170113,-0.0086661951046427266,-0.097896456786646158,0.99516660360175646,278.59934921264647,1.1700045858233321,1
2019-08-02,293404.41989950021,1428.846381840196,997.79775268170113,-0.0074931186482143364,-0.10465602566891852,0.99513011296036502,278.69044921875002,1.0012084129231411,1
2019-08-05,284623.81185604958,1428.846381840196,997.79775268170113,-0.029926638618662404,-0.13145066122812166,0.99497987757059891,278.70754928588866,0.36735542495255485,1
2019-08-06,288595.02742348542,1428.846381840196,997.79775268170113,0.013952506438373202,-0.11933222098686236,0.99504895702952123,278.74429916381837,0.65003048838897082,1
2019-08-07,288764.66643960448,1428.846381840196,997.79775268170113,0.00058780990661411181,-0.11881455574192268,0.99505186559194547,278.80214920043943,0.65741350912949981,1
2019-08-08,294402.21765218192,1428.846381840196,997.79775268170113,0.019522995254533715,-0.10161117649530793,0.99514661814290994,278.88899917602538,1.0534775348740089,1
2019-08-09,292406.6221468185,1428.846381840196,997.79775268170113,-0.0067784662808522134,-0.10770087484252899,0.99511349513444758,278.97204910278322,0.90282982884907159,1
2019-08-12,288864.45230494684,1428.846381840196,997.79775268170113,-0.01211384959706252,-0.11851005224027711,0.99505357488455592,279.04434921264647,0.64383102643960277,1
2019-08-13,293334.5667487235,1428.846381840196,997.79775268170113,0.015474782058187309,-0.10486918741221252,0.9951289532710812,279.18049911499025,0.95380854931925563,1
2019-08-14,284703.62227810093,1428.846381840196,997.79775268170113,-0.029423550610780946,-0.1312071141796588,0.99498128485192061,279.24959915161133,0.33202925887674672,1
2019-08-15,285451.97059261223,1428.846381840196,997.79775268170113,0.002628517011913134,-0.12892347729945086,0.99499444204615639,279.34619918823245,0.37948665027832595,1
2019-08-16,289642.73333402374,1428.846381840196,997.79775268170113,0.014681148400241595,-0.11613507360171782,0.99506686611677431,279.47114929199216,0.6723721121795595,1
2019-08-19,293115.05002511869,1428.846381840196,997.79775268170113,0.011988274834744628,-0.10553905794726381,0.99512530529661392,279.59394927978514,0.91275102059591573,1
2019-08-20,290879.99280323036,1428.846381840196,997.79775268170113,-0.0076251875217488996,-0.112359490361296,0.99508784922582583,279.69124923706056,0.74497787493210799,1
2019-08-21,293234.811333752,1428.846381840196,997.79775268170113,0.0080954984487866533,-0.10517359799243564,0.99512729619194529,279.78594924926756,0.90584163702536658,1
2019-08-22,293144.98273968429,1428.846381840196,997.79775268170113,-0.00030633673286994956,-0.10544771618891235,0.9951258030463751,279.88829910278321,0.89101436755303087,1
2019-08-23,285651.54232329695,1428.846381840196,997.79775268170113,-0.025562233221100628,-0.12831447029615961,0.99499793920166191,279.94559906005861,0.35046712440705619,1
2019-08-26,288794.59915417008,1428.846381840196,997.79775268170113,0.011003115212715464,-0.11872321398357133,0.995052378451588,280.00999908447267,0.57066567799187706,1
2019-08-27,287667.08282158046,1428.846381840196,997.79775268170113,-0.0039042154385571237,-0.12216390841717861,0.99503298615946822,280.03929901123047,0.48758000342341157,1
2019-08-28,289682.65377023484,1428.846381840196,997.79775268170113,0.0070066096158263313,-0.11601325361677506,0.99506754593951807,280.08124908447263,0.62815405320380324,1
2019-08-29,293364.4994632891,1428.846381840196,997.79775268170113,0.012709928071753085,-0.10477784565386117,0.99512945027617772,280.15534896850585,0.88432056897576994,1
2019-08-30,293234.811333752,1428.846381840196,997.79775268170113,-0.00044207165411758176,-0.10517359799243564,0.99512729619194529,280.25474899291993,0.86698921293037801,1
2019-09-03,291528.5552523993,1428.846381840196,997.79775268170113,-0.0058187364371643513,-0.11038035698273374,0.9950987772686517,280.34814895629881,0.73839700091583249,1
2019-09-04,294821.3061064714,1428.846381840196,997.79775268170113,0.011294779858601833,-0.10033229895696572,0.99515351722468737,280.46734893798828,0.96341921493311655,1
2019-09-05,298592.98039359343,1428.846381840196,997.79775268170113,0.01279308587609318,-0.088822772797574889,0.99521473552406781,280.59134902954099,1.2192108932233834,1
2019-09-06,298822.45438847283,1428.846381840196,997.79775268170113,0.0007685177145722033,-0.088122516957354957,0.99521841026048641,280.71294891357422,1.2229859244264671,1
2019-09-09,298972.14841167181,1428.846381840196,997.79775268170113,0.00050094636798725389,-0.087665715244175324,0.99522080438117355,280.85844894409178,1.2207760026154064,1
2019-09-10,298902.2952608951,1428.846381840196,997.79775268170113,-0.00023364434161443626,-0.087878876987469323,0.99521968748820411,281.02849899291994,1.2036928163824052,1
2019-09-11,301017.62162452092,1428.846381840196,997.79775268170113,0.0070769826701380101,-0.081423811606842866,0.99525327994378188,281.20464904785155,1.3387379866634794,1
2019-09-12,302055.33981341374,1428.846381840196,997.79775268170113,0.0034473669125829609,-0.078257142448289629,0.99526958741162197,281.39484909057614,1.3971994069735472,1
2019-09-13,301855.76808272908,1428.846381840196,997.79775268170113,-0.00066071247344257067,-0.078866149451580769,0.99526645990263607,281.56279907226565,1.3681702832301126,1
2019-09-16,300927.82348082407,1428.846381840196,997.79775268170113,-0.0030741324169452078,-0.081697836881897135,0.99525186350230843,281.72159912109373,1.2892358019597778,1
2019-09-17,301686.15951698087,1428.846381840196,997.79775268170113,0.0025199930913171187,-0.079383721775097893,0.99526379869687143,281.8532992553711,1.3280790205711954,1
2019-09-18,301865.75580437458,1428.846381840196,997.79775268170113,0.00059530834189169823,-0.078835671224989357,0.99526661651954274,281.98889923095703,1.3262774156455626,1
2019-09-19,301845.78036108357,1428.846381840196,997.79775268170113,-6.6173267112668022e-05,-0.078896627678172071,0.99526630327536492,282.11604919433591,1.3110060552776484,1
2019-09-20,300432.91092343465,2809.7984715516704,997.79775268170113,-0.00468076590621469,-0.083208096939435428,0.99064750109129107,282.21094924926757,1.1075543619216173,1
2019-09-23,300363.05777265795,2809.7984715516704,997.79775268170113,-0.00023250831795362803,-0.083421258682729427,0.99064532605178635,282.35074920654296,1.0916811935440138,1
2019-09-24,298028.21468542726,2809.7984715516704,997.79775268170113,-0.0077734029762005497,-0.090546194598407403,0.99057203870943067,282.48089920043947,0.92139756067547685,1
2019-09-25,299774.36075262021,2809.7984715516704,997.79775268170113,0.0058589958304318124,-0.085217708544589099,0.9906269553390179,282.65114913940431,1.0317521720824172,1
2019-09-26,299155.73101801693,2809.7984715516704,997.79775268170113,-0.0020636512510614491,-0.087105500164799898,0.99060757264455535,282.81579910278322,0.97935488931512671,1
2019-09-27,297559.24852365203,2809.7984715516704,997.79775268170113,-0.0053366268094952041,-0.091977277426861126,0.99055717983731784,282.97214904785159,0.86009472959403133,1
2019-09-30,298926.22657276661,2809.7984715516704,997.79775268170113,0.0045939692881229455,-0.087805848926442498,0.9906003614879616,283.12869903564456,0.94544675692831059,1
2019-10-01,295404.00172381505,2809.7984715516704,997.79775268170113,-0.011782923463539485,-0.098554162792430566,0.99048828568619507,283.26804901123046,0.69294080469648811,1
2019-10-02,290235.41667301283,2809.7984715516704,997.79775268170113,-0.017496665653278898,-0.11432645921059148,0.99031889869347933,283.40599899291993,0.32537421896999014,1
2019-10-03,292590.23520353448,2809.7984715516704,997.79775268170113,0.0081134775263305148,-0.10714056684173101,0.99039681392785683,283.58129905700685,0.4825179235058269,1
2019-10-04,296511.57306348457,2809.7984715516704,997.79775268170113,0.013402148766934463,-0.095174331890583219,0.99052381516673516,283.77764907836917,0.75257554338192301,1
2019-10-07,295244.35042934149,2809.7984715516704,997.79775268170113,-0.0042737712428909669,-0.099041349810778834,0.9904831422939484,283.9867490386963,0.65547198886440772,1
2019-10-08,290704.38283478806,2809.7984715516704,997.79775268170113,-0.015376983803251254,-0.11289537638213765,0.99033451630776226,284.19354904174804,0.31818819011636912,1
2019-10-09,293438.33893301728,2809.7984715516704,997.79775268170113,0.0094045919485945539,-0.10455251938130006,0.99042456932598344,284.44639900207517,0.5136680224481831,1
2019-10-10,295404.00172381505,2809.7984715516704,997.79775268170113,0.0066987251834411676,-0.098554162792430566,0.99048828568619507,284.74089897155761,0.6632378856173865,1
2019-10-11,298437.31541807123,2809.7984715516704,997.79775268170113,0.010268356814922663,-0.089297795286656489,0.99058496264913953,284.99139900207518,0.89983764428878854,1
2019-10-14,298108.05555784947,2809.7984715516704,997.79775268170113,-0.0011032797951573414,-0.090302554628521992,0.99057456375577069,285.23079902648925,0.87200532445071177,1
2019-10-15,301031.59566511784,2809.7984715516704,997.79775268170113,0.0098069812363761333,-0.081381168850984675,0.99066610112688158,285.48644905090333,1.1124656109511917,1
2019-10-16,300552.64178169711,2809.7984715516704,997.79775268170113,-0.0015910419049618429,-0.082842729906029811,0.99065122683701934,285.72884902954104,1.0732082344069984,1
2019-10-17,301430.70867611637,2809.7984715516704,997.79775268170113,0.0029215078237676551,-0.080163247765824952,0.99067845978967339,285.97434906005861,1.1496922245124515,1
2019-10-18,300123.59605613298,2809.7984715516704,997.79775268170113,-0.0043363618316270003,-0.084151992749540883,0.99063786217253591,286.24314903259278,1.0452689871875105,1
2019-10-21,302139.1365544165,2809.7984715516704,997.79775268170113,0.0067157015468606307,-0.078001430870559885,0.99070031607426134,286.48114898681638,1.2279568597007411,1
2019-10-22,301161.3142450258,2809.7984715516704,997.79775268170113,-0.0032363311835128528,-0.080985323590987646,0.99067012149752531,286.70429901123049,1.1395826747982731,1
2019-10-23,302029.39341779955,2809.7984715516704,997.79775268170113,0.0028824391836312913,-0.078336319677374089,0.99069693701081318,286.91984909057618,1.2194725259219559,1
2019-10-24,302518.30457249493,2809.7984715516704,997.79775268170113,0.0016187535562774968,-0.076844373317160097,0.99071197203910566,287.13184906005858,1.2644133671885782,1
2019-10-25,303745.60677042691,2809.7984715516704,997.79775268170113,0.0040569518583886133,-0.073099175381907244,0.99074950086874725,287.34544906616213,1.3804499205428127,1
2019-10-28,305441.84467976331,2809.7984715516704,997.79775268170113,0.0055844031042016073,-0.067922987539622781,0.99080087250488691,287.56704895019533,1.5440234901735637,1
2019-10-29,305352.04653606645,2809.7984715516704,997.79775268170113,-0.00029399424231146831,-0.068197012814677049,0.99079816721903058,287.79609893798829,1.5379467958163706,1
2019-10-30,306280.02158834226,2809.7984715516704,997.79775268170113,0.003039033347910447,-0.06536523246293835,0.99082604716762035,288.01504898071289,1.6291217992729288,1
2019-10-31,305471.77739432891,2809.7984715516704,997.79775268170113,-0.0026389060240425977,-0.067831645781271432,0.99080177391338986,288.22679885864255,1.5459553307224372,1
2019-11-01,308275.61709370569,2809.7984715516704,997.79775268170113,0.0091787193019712277,-0.059275534115717288,0.99088543395666095,288.44269897460936,1.8272000601983929,1
2019-11-04,309502.8888412668,2809.7984715516704,997.79775268170113,0.0039810860136502146,-0.05553042910188688,0.99092157594369745,288.64724899291991,1.939980321183435,1
2019-11-05,309163.64125939953,2809.7984715516704,997.79775268170113,-0.0010961047347162189,-0.056565666670343684,0.99091161412090445,288.86809906005857,1.8991144438041636,1
2019-11-06,309233.4944101763,2809.7984715516704,997.79775268170113,0.00022594232132933101,-0.056352504927049463,0.99091366710805051,289.0865490722656,1.9005659309918097,1
2019-11-07,310311.1025849093,2809.7984715516704,997.79775268170113,0.0034847718446167075,-0.053064108704976243,0.99094522094715309,289.30969909667971,2.007661633335013,1
2019-11-08,311069.4386210661,2809.7984715516704,997.79775268170113,0.0024437927932317027,-0.050749993598177001,0.99096729500651948,289.52549911499023,2.0760223462517899,1
2019-11-11,310480.74160102842,2809.7984715516704,997.79775268170113,-0.0018924939159800092,-0.052546443460036341,0.99095016825500148,289.74844909667968,2.0075087237479714,1
2019-11-12,311129.3040501973,2809.7984715516704,997.79775268170113,0.0020888975136572618,-0.050567310081474193,0.99096903301947303,289.97639907836913,2.0732872214150895,1
2019-11-13,311229.08991553966,2809.7984715516704,997.79775268170113,0.00032072152652729002,-0.050262806579828623,0.99097192851634086,290.1839991760254,2.0704646460314278,1
2019-11-14,311678.08063402394,2809.7984715516704,997.79775268170113,0.0014426373788070102,-0.048892680204557282,0.99098493398754284,290.38209915161133,2.1007438600229675,1
2019-11-15,313913.16830628313,2809.7984715516704,997.79775268170113,0.0071711416719215659,-0.04207215486910254,0.99104912200175632,290.59074920654297,2.3208264992393861,1
2019-11-18,314142.64230116253,2809.7984715516704,997.79775268170113,0.00073101105034090175,-0.041371899028882719,0.99105566041283255,290.79104919433593,2.3168616096756742,1
2019-11-19,314052.84415746568,2809.7984715516704,997.79775268170113,-0.00028585149421000988,-0.041645924303936876,0.99105310292893622,290.98519912719729,2.2772992889050712,1
2019-11-20,312895.3951103104,2809.7984715516704,997.79775268170113,-0.0036855232126951076,-0.04517796049589573,0.99102000695612313,291.17534912109375,2.1272748596181534,1
2019-11-21,312396.49623396958,2809.7984715516704,997.79775268170113,-0.0015944589921655927,-0.046700385082700913,0.99100566585917382,291.3759989929199,2.0564229460244823,1
2019-11-22,313084.97911934962,2809.7984715516704,997.79775268170113,0.0022038751832362813,-0.044599431719195892,0.99102544465897047,291.5784489440918,2.1133549699602892,1
2019-11-25,315489.67535735702,2809.7984715516704,997.79775268170113,0.0076806502974731128,-0.037261334060223916,0.99109384968503644,291.79219894409181,2.3509840159300945,1
2019-11-26,316198.10323565721,2809.7984715516704,997.79775268170113,0.0022454867263017597,-0.035099517164958738,0.99111380352127676,291.99209884643557,2.3941064049035083,1
2019-11-27,317595.04444970825,2809.7984715516704,997.79775268170113,0.0044179304042502032,-0.030836653984766205,0.99115288944000945,292.19454895019533,2.505260702566976,1
2019-11-29,316427.60768090747,2809.7984715516704,997.79775268170113,-0.0036758658209656847,-0.03439916840331636,0.99112024866558057,292.3941989135742,2.3468045059477105,1
2019-12-02,313763.50473345502,2809.7984715516704,997.79775268170113,-0.0084193126098497384,-0.042528863660859728,0.9910448524791351,292.56554901123047,2.0344675308228379,1
2019-12-03,311678.08063402394,2809.7984715516704,997.79775268170113,-0.0066464839535836928,-0.048892680204557282,0.99098493398754284,292.72404891967773,1.7912365646616963,1
2019-12-04,313583.87799569045,2809.7984715516704,997.79775268170113,0.0061146339126245675,-0.04307700713239071,0.99103972280236197,292.88929885864258,1.9691443322046223,1
2019-12-05,314142.64230116253,2809.7984715516704,997.79775268170113,0.001781865537997307,-0.041371899028882719,0.99105566041283255,293.06229873657225,2.0033942866273637,1
2019-12-06,316986.37198637956,2809.7984715516704,997.79775268170113,0.0090523517099942996,-0.032694060299808259,0.99113590135139185,293.240948638916,2.2683234582490135,1
2019-12-09,315998.56195534335,2809.7984715516704,997.79775268170113,-0.0031162539412850077,-0.035708431246827432,0.99110819222035329,293.4127487182617,2.1329302415458691,1
2019-12-10,315649.32665183058,2809.7984715516704,997.79775268170113,-0.0011051800405412759,-0.036774147041875649,0.99109835429919679,293.58379867553708,2.06742037156801,1
2019-12-11,316537.38126789534,2809.7984715516704,997.79775268170113,0.0028134215443593735,-0.034064186675079378,0.99112332811910875,293.75989868164061,2.128815873582655,1
2019-12-12,319241.4046515589,2809.7984715516704,997.79775268170113,0.0085425088589301534,-0.025812671432593359,0.9911985148836866,293.95214874267577,2.3687471262414572,1
2019-12-13,319430.98866059812,2809.7984715516704,997.79775268170113,0.00059385783384247048,-0.02523414265589341,0.99120373861242017,294.13664871215821,2.3475797300760011,1
2019-12-16,321606.18045335519,2809.7984715516704,997.79775268170113,0.0068095828832319683,-0.018596393758564034,0.9912632323558247,294.33714874267577,2.521148515312817,1
2019-12-17,321676.0336041319,2809.7984715516704,997.79775268170113,0.00021720089669363674,-0.018383232015270035,0.991265129577513,294.5398988342285,2.4834210832627002,1
2019-12-18,321695.97859705205,2809.7984715516704,997.79775268170113,6.2003353798800731e-05,-0.018322368483509877,0.9912656711351957,294.75119888305665,2.4451159034722085,1
2019-12-19,323003.09121703537,2809.7984715516704,997.79775268170113,0.0040631922900740136,-0.014333623499794057,0.99130101677675986,294.98064880371095,2.5341382789043538,1
2019-12-20,324400.02512299747,4376.340943261941,997.79775268170113,0.0043248313838069041,-0.01007078262074268,0.98650943093607157,295.21199890136717,2.48122688569996,1
2019-12-23,324888.93627769279,4376.340943261941,997.79775268170113,0.0015071242812325636,-0.0085788362605287993,0.98652973230359153,295.42589889526369,2.4855001204114044,1
2019-12-24,324898.92399933829,4376.340943261941,997.79775268170113,3.0741956805080406e-05,-0.0085483580339374976,0.98653014639324921,295.63459899902341,2.443590684863862,1
2019-12-26,326605.14963032014,4376.340943261941,997.79775268170113,0.0052515582691967655,-0.0033416919650618437,0.98660051457175291,295.84259902954102,2.55615047617201,1
2019-12-27,326525.30875789793,4376.340943261941,997.79775268170113,-0.00024445686944185585,-0.0035853319349473667,0.98659723817455525,296.05109893798829,2.5009568507198536,1
2019-12-30,324749.22997613932,4376.340943261941,997.79775268170113,-0.0054393296143407932,-0.0090051597471171307,0.98652393742832445,296.24994888305662,2.2963933985612668,1
2019-12-31,325527.51100521622,4376.340943261941,997.79775268170113,0.0023965600446045343,-0.0066301811085578422,0.986556156406726,296.44759887695312,2.3277477219351934,1
2020-01-02,328530.8919849068,4376.340943261941,997.79775268170113,0.0092261971051732505,0,0.98667905804284917,296.65994888305664,2.5520133296498311,1
2020-01-03,326076.31803941372,4376.340943261941,997.79775268170113,-0.0074713642015918902,-0.0074713642015918902,0.98657878324443993,296.86424896240237,2.2910876797700861,1
2020-01-06,327303.62023734569,4376.340943261941,997.79775268170113,0.0037638495347080969,-0.0037356357575576427,0.98662910926531033,297.05879898071288,2.3574544275333569,1
2020-01-07,326395.62062836083,4376.340943261941,997.79775268170113,-0.0027741813803539017,-0.0064994538067491003,0.98659191279945235,297.27619903564454,2.2428536222164297,1
2020-01-08,328111.83398098819,4376.340943261941,997.79775268170113,0.00525807714369253,-0.001275551292564181,0.9866620447968496,297.50324905395507,2.3563816825899355,1
2020-01-09,330306.97076666541,4376.340943261941,997.79775268170113,0.0066902091248692841,0,0.98675068548173794,297.73089904785155,2.5017047588464298,1
2020-01-10,329369.03844311496,4376.340943261941,997.79775268170113,-0.0028395777460386018,-0.0028395777460386018,0.98671295588696395,297.96119903564454,2.3807135441827332,1
2020-01-13,331604.12611537415,4376.340943261941,997.79775268170113,0.0067859677485904157,0,0.98680251360400961,298.1973991394043,2.5253348742250616,1
2020-01-14,331105.22723903332,4376.340943261941,997.79775268170113,-0.0015045014131315204,-0.0015045014131315204,0.98678262804923178,298.42224914550781,2.4376719383854666,1
2020-01-15,331843.58783189906,4376.340943261941,997.79775268170113,0.0022299877263269874,0,0.98681203704475728,298.63404922485353,2.4511684789800405,1
2020-01-16,334567.58665885363,4376.340943261941,997.79775268170113,0.0082086830266989708,0,0.9869194114499672,298.85879928588867,2.6199490563075254,1
2020-01-17,335595.31712610094,4376.340943261941,997.79775268170113,0.0030718171999586374,0,0.98695946957562131,299.08644927978514,2.6447695027299134,1
2020-01-21,334946.72422656114,4376.340943261941,997.79775268170113,-0.0019326637364730503,-0.0019326637364730503,0.98693421781219837,299.30704925537111,2.5385358993469516,1
2020-01-22,334986.64466277225,4376.340943261941,997.79775268170113,0.00011918443538538881,-0.0018137096445239864,0.9869357748644948,299.52089920043943,2.4896556340211831,1
2020-01-23,335365.81268085068,4376.340943261941,997.79775268170113,0.0011318899547776429,-0.00068387260947389006,0.98695054541105942,299.73554916381835,2.4683608386037927,1
2020-01-24,332422.29713029129,4376.340943261941,997.79775268170113,-0.0087770292595702459,-0.0094548994991410229,0.98683499578385192,299.94284912109373,2.2025105173729069,1
2020-01-27,327163.91393579222,4376.340943261941,997.79775268170113,-0.015818382942098697,-0.025123721220283279,0.98662339959620116,300.11889907836917,1.7757414013387902,1
2020-01-28,330546.46293356124,4376.340943261941,997.79775268170113,0.010339003947827941,-0.015044471525335945,0.98676028506122138,300.31229919433594,2.0022017749772734,1
2020-01-29,330277.03805209982,4376.340943261941,997.79775268170113,-0.0008150892890225192,-0.015847298226759121,0.98674948470813284,300.49459915161134,1.9520634257679734,1
2020-01-30,331334.70123391273,4376.340943261941,997.79775268170113,0.0032023515411510051,-0.012695695305507737,0.98679178206519225,300.68314910888671,1.99991270280761,1
2020-01-31,325397.82287567912,4376.340943261941,997.79775268170113,-0.017918069964070416,-0.030386282912851503,0.98655079832868475,300.84099914550779,1.5405464563700837,1
2020-02-03,327782.54367039556,4376.340943261941,997.79775268170113,0.0073286316842615662,-0.023280341104311986,0.98664864548838638,301.01434906005858,1.6946880583647435,1
2020-02-04,332711.66700467281,4376.340943261941,997.79775268170113,0.015037784743149096,-0.0085926411194366947,0.98684644580497849,301.20954910278323,2.0248548639510875,1
2020-02-05,336503.28628471494,4376.340943261941,997.79775268170113,0.011396111576660983,0,0.98699465615453419,301.42249908447263,2.2597278098133238,1
2020-02-06,337620.84534602996,4376.340943261941,997.79775268170113,0.0033210940483043849,0,0.98703770515479705,301.62799911499025,2.2966157707371377,1
2020-02-07,335844.76656427141,4376.340943261941,997.79775268170113,-0.0052605720477307827,-0.0052605720477307827,0.98696915545824226,301.82784912109378,2.1336523842035131,1
2020-02-10,338319.28550268465,4376.340943261941,997.79775268170113,0.0073680437653618203,0,0.98706446504591239,302.04099914550784,2.2658154979732505,1
2020-02-11,338898.02525144775,4376.340943261941,997.79775268170113,0.0017106318603836712,0,0.9870865551960214,302.25024917602536,2.2638954752265614,1
2020-02-12,341053.27205128467,4376.340943261941,997.79775268170113,0.0063595732026995311,0,0.98716816022042486,302.46799926757814,2.3651329061769601,1
2020-02-13,340694.04902612645,4376.340943261941,997.79775268170113,-0.0010532754106056252,-0.0010532754106056252,0.98715463050859942,302.68319931030271,2.2970494484949668,1
2020-02-14,341232.86833867838,4376.340943261941,997.79775268170113,0.0015815342653977549,0,0.98717491382184686,302.91214935302736,2.2901263162074303,1
2020-02-18,340364.78916590463,4376.340943261941,997.79775268170113,-0.002543949464774764,-0.002543949464774764,0.98714220423920307,303.13989944458007,2.193976714019453,1
2020-02-19,341971.22893154417,4376.340943261941,997.79775268170113,0.0047197589667729023,0,0.98720260485966793,303.36144943237304,2.257235419356673,1
2020-02-20,340584.30588950944,4376.340943261941,997.79775268170113,-0.0040556717194251135,-0.0040556717194251135,0.98715049147131961,303.58209945678709,2.1310648833643713,1
2020-02-21,337121.94646968914,4376.340943261941,997.79775268170113,-0.010165939416314607,-0.014180381422747579,0.98701852255811118,303.80984954833986,1.882686798149168,1
2020-02-24,326086.30576105916,4376.340943261941,997.79775268170113,-0.032734862930741238,-0.046451051511309571,0.98657919432388341,303.98429962158201,1.168932814957542,1
2020-02-25,316337.80222912162,4376.340943261941,997.79775268170113,-0.029895470492651732,-0.074957845964152336,0.98616560868658953,304.11424957275392,0.54246324041478955,1
2020-02-26,315190.3409036118,4376.340943261941,997.79775268170113,-0.0036273291317827638,-0.078313278317613588,0.98611524410705131,304.23124954223636,0.46290079517717558,1
2020-02-27,301231.16008771351,4376.340943261941,997.79775268170113,-0.044288098346792704,-0.11913303049241608,0.98547181857950017,304.31449966430665,-0.4355594465847093,0
2020-02-28,292295.53221092775,292295.53221092775,0,-0.029663690416967037,-0.14526279557442101,0,304.37879974365234,-0.52168763278151842,0
2020-03-02,292295.53221092775,292295.53221092775,0,0,-0.14526279557442101,0,304.49894973754886,0.29608970502485077,1
2020-03-03,283407.59344583011,0,943.93685939236445,-0.030407371258360127,-0.17125310707772246,1,304.56164962768554,-0.27948692862062119,0
2020-03-04,288812.4678147299,288812.4678147299,0,0.019071028772321474,-0.15544805123782968,0,304.6967495727539,0.5295081688303428,1
2020-03-05,286281.90639617643,0,946.51165272778064,-0.0087619535184914055,-0.16284797615683522,1,304.78929946899416,-0.15177397610232446,0
2020-03-06,277330.1502774902,277330.1502774902,0,-0.03126902510666596,-0.18902490380848336,0,304.84404937744142,-0.4825748991947072,0
2020-03-09,277330.1502774902,277330.1502774902,0,0,-0.18902490380848336,0,304.78704940795899,-1.9850230725930287,0
2020-03-10,277330.1502774902,277330.1502774902,0,0,-0.18902490380848336,0,304.81844940185545,-1.0680291791227763,0
2020-03-11,277330.1502774902,277330.1502774902,0,0,-0.18902490380848336,0,304.77634933471677,-1.9718019899419714,0
2020-03-12,277330.1502774902,277330.1502774902,0,0,-0.18902490380848336,0,304.61614936828613,-3.5670011941419539,0
2020-03-13,277330.1502774902,277330.1502774902,0,0,-0.18902490380848336,0,304.57139945983886,-2.2131539365041237,0
2020-03-16,277330.1502774902,277330.1502774902,0,0,-0.18902490380848336,0,304.37549949645995,-3.9171212259612753,0
2020-03-17,277330.1502774902,277330.1502774902,0,0,-0.18902490380848336,0,304.26314956665038,-3.0733105380043217,0
2020-03-18,277330.1502774902,277330.1502774902,0,0,-0.18902490380848336,0,304.09029953002931,-3.7213303422320974,0
2020-03-19,277330.1502774902,277330.1502774902,0,0,-0.18902490380848336,0,303.89019950866697,-3.5767039783544665,0
2020-03-20,277330.1502774902,277330.1502774902,0,0,-0.18902490380848336,0,303.61939956665037,-4.0580250785237899,0
2020-03-23,277330.1502774902,277330.1502774902,0,0,-0.18902490380848336,0,303.31014961242676,-4.1742933135062978,0
2020-03-24,277330.1502774902,277330.1502774902,0,0,-0.18902490380848336,0,303.08764961242673,-3.0451141974171394,0
2020-03-25,277330.1502774902,277330.1502774902,0,0,-0.18902490380848336,0,302.87674957275391,-2.7965348302829178,0
2020-03-26,277330.1502774902,277330.1502774902,0,0,-0.18902490380848336,0,302.73824966430664,-2.051617179622522,0
2020-03-27,277330.1502774902,277330.1502774902,0,0,-0.18902490380848336,0,302.56339958190915,-2.395029902900915,0
2020-03-30,277330.1502774902,277330.1502774902,0,0,-0.18902490380848336,0,302.42374961853028,-1.9696482247417377,0
2020-03-31,277330.1502774902,277330.1502774902,0,0,-0.18902490380848336,0,302.26619956970217,-2.1279888547767531,0
2020-04-01,277330.1502774902,277330.1502774902,0,0,-0.18902490380848336,0,302.05009956359862,-2.6279039392977426,0
2020-04-02,277330.1502774902,277330.1502774902,0,0,-0.18902490380848336,0,301.84724960327151,-2.3205158084210504,0
2020-04-03,277330.1502774902,277330.1502774902,0,0,-0.18902490380848336,0,301.62289962768557,-2.4425595175668042,0
2020-04-06,277330.1502774902,277330.1502774902,0,0,-0.18902490380848336,0,301.46789962768554,-1.6620788224877576,0
2020-04-07,277330.1502774902,277330.1502774902,0,0,-0.18902490380848336,0,301.32354965209959,-1.6326939855700768,0
2020-04-08,277330.1502774902,277330.1502774902,0,0,-0.18902490380848336,0,301.2254995727539,-1.2225448350097234,0
2020-04-09,277330.1502774902,277330.1502774902,0,0,-0.18902490380848336,0,301.16269958496093,-1.0300805317366382,0
2020-04-13,277330.1502774902,277330.1502774902,0,0,-0.18902490380848336,0,301.08864959716794,-1.1376430951131895,0
2020-04-14,277330.1502774902,277330.1502774902,0,0,-0.18902490380848336,0,301.05009963989255,-0.77139443107617578,0
2020-04-15,277330.1502774902,277330.1502774902,0,0,-0.18902490380848336,0,300.97389968872068,-1.0350241944779766,0
2020-04-16,277330.1502774902,277330.1502774902,0,0,-0.18902490380848336,0,300.89109970092773,-0.96942664248934407,0
2020-04-17,277330.1502774902,277330.1502774902,0,0,-0.18902490380848336,0,300.842149810791,-0.63124406491782137,0
2020-04-20,277330.1502774902,277330.1502774902,0,0,-0.18902490380848336,0,300.75609985351565,-0.85034667823122589,0
2020-04-21,277330.1502774902,277330.1502774902,0,0,-0.18902490380848336,0,300.62899993896485,-1.219496209966433,0
2020-04-22,277330.1502774902,277330.1502774902,0,0,-0.18902490380848336,0,300.54039993286131,-0.94564977285549578,0
2020-04-23,277330.1502774902,277330.1502774902,0,0,-0.18902490380848336,0,300.44984985351562,-0.94049349418681216,0
2020-04-24,277330.1502774902,277330.1502774902,0,0,-0.18902490380848336,0,300.37164993286132,-0.76473771538270374,0
2020-04-27,277330.1502774902,277330.1502774902,0,0,-0.18902490380848336,0,300.3103498840332,-0.58225017024899217,0
2020-04-28,277330.1502774902,277330.1502774902,0,0,-0.18902490380848336,0,300.23574996948241,-0.63628562650456655,0
2020-04-29,277330.1502774902,277330.1502774902,0,0,-0.18902490380848336,0,300.19804992675779,-0.30645508822251061,0
2020-04-30,277330.1502774902,277330.1502774902,0,0,-0.18902490380848336,0,300.15154998779298,-0.42394552188870582,0
2020-05-01,277330.1502774902,277330.1502774902,0,0,-0.18902490380848336,0,300.07680007934573,-0.7566854195761672,0
2020-05-04,277330.1502774902,277330.1502774902,0,0,-0.18902490380848336,0,300.00050018310549,-0.71827559970807153,0
2020-05-05,277330.1502774902,277330.1502774902,0,0,-0.18902490380848336,0,299.94560012817385,-0.60081731191125121,0
2020-05-06,277330.1502774902,277330.1502774902,0,0,-0.18902490380848336,0,299.8773501586914,-0.68178777539443336,0
2020-05-07,277330.1502774902,277330.1502774902,0,0,-0.18902490380848336,0,299.81560012817386,-0.5290780807463954,0
2020-05-08,277330.1502774902,277330.1502774902,0,0,-0.18902490380848336,0,299.77060012817384,-0.31951531481335171,0
2020-05-11,277330.1502774902,277330.1502774902,0,0,-0.18902490380848336,0,299.73310012817382,-0.31518711191279797,0
2020-05-12,277330.1502774902,277330.1502774902,0,0,-0.18902490380848336,0,299.65640014648437,-0.56544956766304444,0
2020-05-13,277330.1502774902,277330.1502774902,0,0,-0.18902490380848336,0,299.55710021972658,-0.78069652339185303,0
2020-05-14,277330.1502774902,277330.1502774902,0,0,-0.18902490380848336,0,299.47835021972656,-0.63013449967915847,0
2020-05-15,277330.1502774902,277330.1502774902,0,0,-0.18902490380848336,0,299.42260025024416,-0.57036119606269353,0
2020-05-18,277330.1502774902,277330.1502774902,0,0,-0.18902490380848336,0,299.4234002685547,-0.19196754853244449,0
2020-05-19,277330.1502774902,277330.1502774902,0,0,-0.18902490380848336,0,299.42015029907225,-0.32330885359178513,0
2020-05-20,277330.1502774902,277330.1502774902,0,0,-0.18902490380848336,0,299.4857002258301,-0.11103273104077961,0
2020-05-21,277330.1502774902,277330.1502774902,0,0,-0.18902490380848336,0,299.52110031127927,-0.20174249147198356,0
2020-05-22,277330.1502774902,277330.1502774902,0,0,-0.18902490380848336,0,299.55845031738284,-0.17912273970042752,0
2020-05-26,277330.1502774902,277330.1502774902,0,0,-0.18902490380848336,0,299.58575027465821,-0.022000729577895974,0
2020-05-27,277330.1502774902,277330.1502774902,0,0,-0.18902490380848336,0,299.64530029296873,0.1690233183188847,1
2020-05-28,275661.98742564145,0,909.86561809738805,-0.0060150793203682662,-0.19390298333891864,1,299.71980026245114,0.14149941183144452,1
2020-05-29,276890.31156345195,0,909.86561809738805,0.004455906849114788,-0.19031109012132752,1,299.77865036010741,0.1977396374721942,1
2020-06-01,278009.4285028989,0,909.86561809738805,0.0040417338300060557,-0.18703854306249013,1,299.88690032958982,0.24684088906765295,1
2020-06-02,280311.38740600948,0,909.86561809738805,0.0082801468838908932,-0.18030710278810547,1,300.00405029296877,0.3522922490070759,1
2020-06-03,284041.84199358779,0,909.86561809738805,0.01330825201965502,-0.16939842313328846,1,300.12070022583009,0.52600321915198212,1
2020-06-04,283295.74552269309,0,909.86561809738805,-0.00262671325343522,-0.17158017530356839,1,300.21585021972658,0.48593833732589459,1
2020-06-05,290556.48315119249,0,909.86561809738805,0.025629532893630458,-0.15034816215677571,1,300.36210021972659,0.82651168229365723,1
2020-06-08,294068.57887583383,0,909.86561809738805,0.012087480157218833,-0.14007801242630125,1,300.51585021972659,0.98580325365491606,1
2020-06-09,291875.79940419173,0,909.86561809738805,-0.0074566942174667528,-0.14649018773851452,1,300.65800033569337,0.87348925773031427,1
2020-06-10,290247.13217306678,0,909.86561809738805,-0.0055800009265911665,-0.15125277328178832,1,300.82875030517579,0.78811641454839321,1
2020-06-11,273514.69012814621,0,909.86561809738805,-0.057648948741183315,-0.20018215864908795,1,300.89180023193359,-0.012232280015227491,0
2020-06-12,280315.74075231398,280315.74075231398,0,0.024865394326649692,-0.18029437263440773,0,300.97850021362302,0.14038785734299186,1
2020-06-15,288663.93894901971,0,940.12034009150977,0.029781410684611487,-0.15588238270534605,1,301.06930007934568,0.25995914263944392,1
2020-06-16,294220.05360178405,0,940.12034009150977,0.019247692222981838,-0.13963506660766178,1,301.17120010375976,0.51225399926598281,1
2020-06-17,292997.90863574343,0,940.12034009150977,-0.004153846588902943,-0.14320889055144526,1,301.26725006103516,0.45152405237444587,1
2020-06-18,293110.71848612308,0,940.12034009150977,0.00038501930237289095,-0.14287900943620613,1,301.37245010375977,0.45217221423126863,1
2020-06-19,291442.95992170263,1284.2043845650026,940.12034009150977,-0.005689858675363979,-0.14775590674020211,0.99559363387981648,301.44545013427734,0.31258206633617036,1
2020-06-22,293304.3798333584,1284.2043845650026,940.12034009150977,0.0063869098507502997,-0.14231270054571732,0.99562159833653141,301.50945007324219,0.39569454344671029,1
2020-06-23,294648.74503404228,1284.2043845650026,940.12034009150977,0.0045835156005773481,-0.13838147742825146,0.99564157524439267,301.57945007324219,0.45455218210581122,1
2020-06-24,287165.3951601687,1284.2043845650026,940.12034009150977,-0.025397528413056647,-0.1602644583364834,0.9955279974321114,301.6088999938965,0.10771327169160361,1
2020-06-25,290230.19664972974,1284.2043845650026,940.12034009150977,0.010672600324463266,-0.15130229652206195,0.99557522132641885,301.65499999999997,0.24721679669958041,1
2020-06-26,283367.30095294415,1284.2043845650026,940.12034009150977,-0.023646387508975186,-0.17137093129647862,0.9954680572520318,301.65399993896483,-0.069629007084390321,0
2020-06-29,284503.19869679556,284503.19869679556,0,0.0040085702903316367,-0.16804931342996865,0,301.66984985351564,0.12111364084681529,1
2020-06-30,288447.82398732187,0,935.42559894229248,0.013864959369860097,-0.15651435096294786,1,301.70619979858401,0.28876549506154142,1
2020-07-01,290468.34670666809,0,935.42559894229248,0.0070048117937440146,-0.15060589274071923,1,301.75799972534179,0.38012497114854316,1
2020-07-02,292067.94503464457,0,935.42559894229248,0.0055069626212727041,-0.14592831114131311,1,301.81454971313474,0.45162809477324939,1
2020-07-06,296576.67472588434,0,935.42559894229248,0.01543726303379489,-0.13274378183068414,1,301.89429962158204,0.65646020264158966,1
2020-07-07,293517.84329423559,0,935.42559894229248,-0.010313796371464234,-0.14168848586676863,1,301.95779968261718,0.51173653548359066,1
2020-07-08,295762.85902231233,0,935.42559894229248,0.0076486516215854561,-0.13512356011236792,1,302.04729965209958,0.61121317309307133,1
2020-07-09,294079.1043629857,0,935.42559894229248,-0.0056929212305173449,-0.14004723355877846,1,302.12814971923831,0.52953356923033423,1
2020-07-10,297081.81254245184,0,935.42559894229248,0.010210545852859632,-0.13126664640573693,1,302.23674972534178,0.66296649290404175,1
2020-07-13,294509.39214536053,0,935.42559894229248,-0.0086589629135365165,-0.13878897629626197,1,302.32284973144533,0.54015879401278566,1
2020-07-14,298325.94457532238,0,935.42559894229248,0.012959017714715637,-0.12762852738397679,1,302.432449798584,0.71068695231129442,1
2020-07-15,301066.7347289616,0,935.42559894229248,0.0091872336398393095,-0.11961384684432275,1,302.56469985961917,0.83003346105412534,1
2020-07-16,300075.18587783666,0,935.42559894229248,-0.0032934520381920906,-0.12251335641482952,1,302.6847999572754,0.77817753263357436,1
2020-07-17,300945.12483359128,0,935.42559894229248,0.0028990699554503063,-0.11996946125010266,1,302.82720001220702,0.81102170531297024,1
2020-07-20,303377.23710022599,0,935.42559894229248,0.0080815805472163049,-0.11285742356718531,1,303.00850006103514,0.91385234786131408,1
2020-07-21,304022.68304725009,0,935.42559894229248,0.0021275358467678362,-0.11096999593463064,1,303.18145004272463,0.93465170860386038,1
2020-07-22,305753.19756775431,0,935.42559894229248,0.0056920572608567532,-0.1059095862448709,1,303.34399993896483,1.0047076287876289,1
2020-07-23,302105.04344126413,0,935.42559894229248,-0.011931695745166282,-0.11657760103046699,1,303.49339996337892,0.83065780873070028,1
2020-07-24,300159.37075611064,0,935.42559894229248,-0.0064403846522733676,-0.12226718109026491,1,303.65514999389649,0.7347561491209581,1
2020-07-27,302348.26323200471,0,935.42559894229248,0.0072924342504456785,-0.11586637221890728,1,303.81490005493163,0.82691509102294314,1
2020-07-28,300430.65217294253,0,935.42559894229248,-0.0063423915142212239,-0.12147389383718377,1,303.95455017089841,0.73299051932326209,1
2020-07-29,304125.56616061035,0,935.42559894229248,0.012298725050001957,-0.11066914280823836,1,304.09875015258791,0.89347370050513919,1
2020-07-30,303040.4690402064,0,935.42559894229248,-0.0035679247032815997,-0.1138422083430034,1,304.23880004882812,0.83699263027634241,1
2020-07-31,305435.15628974477,0,935.42559894229248,0.0079022028216986229,-0.10683960974130136,1,304.37699996948243,0.93781968585479591,1
2020-08-03,307558.59066937503,0,935.42559894229248,0.0069521609935954132,-0.10063021491512048,1,304.5289500427246,1.024975220883287,1
2020-08-04,308746.57090313913,0,935.42559894229248,0.0038626143759423748,-0.097156296253963381,1,304.68285003662112,1.0691757846855352,1
2020-08-05,310664.18196220131,0,935.42559894229248,0.0062109550025213345,-0.091548774635687002,1,304.85354995727539,1.1447953827846202,1
2020-08-06,312740.82793373015,0,935.42559894229248,0.0066845362037311062,-0.085476199530415409,1,305.02524993896486,1.2262951358990368,1
2020-08-07,312965.34948938451,0,935.42559894229248,0.00071791571678625488,-0.084819648520683244,1,305.20304992675779,1.2244556976333651,1
2020-08-10,313900.77508832677,0,935.42559894229248,0.0029889110742402636,-0.082084255833219655,1,305.38149993896485,1.2538832796489874,1
2020-08-11,311309.62790922541,0,935.42559894229248,-0.0082546695794945002,-0.089661347003132219,1,305.54364990234376,1.1285892924384955,1
2020-08-12,315650.01639084111,0,935.42559894229248,0.013942352219447951,-0.076969084864072168,1,305.72284988403322,1.307728352060882,1
2020-08-13,315079.39193108591,0,935.42559894229248,-0.001807775796370148,-0.078637717811756214,1,305.8904998779297,1.2705119565860508,1
2020-08-14,315088.75532209093,0,935.42559894229248,2.9717560858566472e-05,-0.07861033717206245,1,306.05864990234375,1.2590120879801994,1
2020-08-17,316089.6675642209,0,935.42559894229248,0.0031766041320859806,-0.075683446961861911,1,306.2274998474121,1.290457529659881,1
2020-08-18,316772.53852834133,0,935.42559894229248,0.0021603710408588661,-0.073686580248091937,1,306.40404998779297,1.3073951769851559,1
2020-08-19,315453.58500820189,0,935.42559894229248,-0.0041637243123000545,-0.077543493954722709,1,306.55949996948243,1.2390974766584839,1
2020-08-20,316435.77046832175,0,935.42559894229248,0.0031135656933312106,-0.07467136502391003,1,306.71404998779298,1.2700974695898319,1
2020-08-21,317558.29260582203,0,935.42559894229248,0.0035473933172567307,-0.071388860407929577,1,306.87630004882811,1.3062177734212121,1
2020-08-24,320776.15894993738,0,935.42559894229248,0.010133151673383134,-0.06197910288485009,1,307.05540008544921,1.4294651079894165,1
2020-08-25,321898.6525405139,0,935.42559894229248,0.0034993049179559144,-0.058696681746429613,1,307.23510009765624,1.4622191414037538,1
2020-08-26,325125.88227563433,0,935.42559894229248,0.010025608090155735,-0.04925954358365614,1,307.42825012207032,1.5813186327268085,1
2020-08-27,325836.78631892224,0,935.42559894229248,0.0021865501396325371,-0.047180701905924716,1,307.62815002441408,1.5931296729041473,1
2020-08-28,327941.49391654244,0,935.42559894229248,0.0064593922049063224,-0.041026068359131473,1,307.83604995727541,1.6614284099969228,1
2020-08-31,326753.51368277828,0,935.42559894229248,-0.0036225371165335973,-0.044499987020288678,1,308.03709991455077,1.593985506763304,1
2020-09-01,329831.07189643709,0,935.42559894229248,0.0094185925622412014,-0.035500521704816546,1,308.25235000610354,1.7002631601003049,1
2020-09-02,334601.74816042755,0,935.42559894229248,0.014463998908776032,-0.021550002303240112,1,308.48190002441407,1.870419591922265,1
2020-09-03,323086.66132120183,0,935.42559894229248,-0.034414305670945611,-0.055222679607712433,1,308.64875015258787,1.3895389865087697,1
2020-09-04,320448.75428092282,0,935.42559894229248,-0.0081647042607447817,-0.062936507020974308,1,308.80195022583007,1.2719409008631684,1
2020-09-08,311693.15583042259,0,935.42559894229248,-0.027322928654060497,-0.088539825983965037,1,308.91415023803711,0.91324397121342948,1
2020-09-09,317848.2722577402,0,935.42559894229248,0.019747358298320528,-0.070540895353020772,1,309.06175033569338,1.1511839867802285,1
2020-09-10,312329.26693336543,0,935.42559894229248,-0.017363647394312287,-0.086679695513544153,1,309.17640045166013,0.92387918845550987,1
2020-09-11,312488.27329890832,0,935.42559894229248,0.00050909851357872071,-0.086214725504108913,1,309.27985046386721,0.92443229248858683,1
2020-09-14,316604.14022486965,0,935.42559894229248,0.013171268420765214,-0.074179014374780916,1,309.40175048828127,1.0809281558970452,1
2020-09-15,318203.73855284613,0,935.42559894229248,0.0050523607393142544,-0.069501432775374905,1,309.52520050048827,1.1363877469086123,1
2020-09-16,316940.90828488924,0,935.42559894229248,-0.0039686217192170803,-0.073194229598962823,1,309.64775054931641,1.078699608849488,1
2020-09-17,314153.32972314866,0,935.42559894229248,-0.0087952627410119444,-0.081345729859526039,1,309.76875045776364,0.96180365372608601,1
2020-09-18,310551.00345786801,1252.5348769837296,935.42559894229248,-0.011466777285013219,-0.091879733777153194,0.9959667337634166,309.87425048828123,0.76531674675723094,1
2020-09-21,307108.64410502207,1252.5348769837296,935.42559894229248,-0.011084682755864828,-0.10194595883240487,0.99592152516372867,309.95180053710936,0.62628726527251055,1
2020-09-22,310223.59878885344,1252.5348769837296,935.42559894229248,0.010142842748399383,-0.092837137913277412,0.9959624771233595,310.04320053100588,0.74444265961634826,1
2020-09-23,303058.26382224838,1252.5348769837296,935.42559894229248,-0.023097323977219308,-0.11379017243899603,0.99586701625889873,310.0820506286621,0.46129838217506675,1
2020-09-24,303862.71613481536,1252.5348769837296,935.42559894229248,0.0026544477039531778,-0.11143777479700601,0.99587795800381107,310.13015060424806,0.49084841093340792,1
2020-09-25,308755.00229417608,1252.5348769837296,935.42559894229248,0.016100317345909998,-0.09713164098964977,0.99594327260229998,310.20615066528319,0.67930568750416764,1
2020-09-28,313862.41807126236,1252.5348769837296,935.42559894229248,0.016541969325633898,-0.08219642028981522,0.99600928685670376,310.30500061035156,0.87427773748109727,1
2020-09-29,312159.93662992568,1252.5348769837296,935.42559894229248,-0.0054242921207282579,-0.087174855015613395,0.99598752200392504,310.38120056152343,0.80368841957958881,1
2020-09-30,314517.22740929149,1252.5348769837296,935.42559894229248,0.0075515481096488646,-0.080281612017566673,0.99601759532442469,310.46905059814452,0.89094600663200207,1
2020-10-01,316528.38673763262,1252.5348769837296,935.42559894229248,0.0063944329692438018,-0.074400534435031918,0.9960428987431641,310.55675064086915,0.96418786995826689,1
2020-10-02,313535.0134022478,1252.5348769837296,935.42559894229248,-0.0094568874729898944,-0.083153824425939438,0.99600511960883675,310.62810058593749,0.84380107925616143,1
2020-10-05,319072.74550863262,1252.5348769837296,935.42559894229248,0.017662244628736889,-0.066960262986028529,0.99607445357018176,310.7289506530762,1.0526781929560431,1
2020-10-06,314554.62387946405,1252.5348769837296,935.42559894229248,-0.014160161570573093,-0.080172256413911347,0.99601806878075427,310.79910064697265,0.87361522152820315,1
2020-10-07,320008.17110757495,1252.5348769837296,935.42559894229248,0.017337361507681059,-0.064224870298564718,0.99608592845411226,310.89925064086913,1.078242406605832,1
2020-10-08,322833.14613948809,1252.5348769837296,935.42559894229248,0.0088278215588548647,-0.055964014434346288,0.99612017882314186,311.01205062866211,1.1794866482373989,1
2020-10-09,325704.90957950265,1252.5348769837296,935.42559894229248,0.0088955036815636657,-0.04756633884921857,0.99615438748344076,311.14015060424805,1.2805097486708865,1
2020-10-12,330924.57186095417,1252.5348769837296,935.42559894229248,0.016025740257309184,-0.032302884383297981,0.99621504420194573,311.28760055541994,1.467964427077507,1
2020-10-13,328773.10440215643,1252.5348769837296,935.42559894229248,-0.0065013832206504141,-0.038594254173440312,0.9961902757244655,311.42395065307619,1.3750483383573526,1
2020-10-14,326715.15666571382,1252.5348769837296,935.42559894229248,-0.0062594771557874518,-0.044612151476884354,0.99616627863314811,311.55820068359372,1.2871136684252567,1
2020-10-15,326312.93050943036,1252.5348769837296,935.42559894229248,-0.0012311218138404412,-0.04578835029787931,0.99616155303736109,311.68640075683595,1.2626949400812146,1
2020-10-16,326116.49912679114,1252.5348769837296,935.42559894229248,-0.00060197241443227245,-0.046362759388529851,0.99615924100639641,311.79850082397462,1.2471164571146252,1
2020-10-19,321177.45310625277,1252.5348769837296,935.42559894229248,-0.015145035696639497,-0.060805629439235398,0.99610017806396467,311.89650085449216,1.0555443753227398,1
2020-10-20,322458.98160929594,1252.5348769837296,935.42559894229248,0.0039900948545701365,-0.057058154813819706,0.9961156768816527,311.99520080566407,1.0972404575486079,1
2020-10-21,321850.96067936817,1252.5348769837296,935.42559894229248,-0.0018855760410000366,-0.058836143365159188,0.9961083388586448,312.09520080566404,1.0683224512824114,1
2020-10-22,323609.5368259637,1252.5348769837296,935.42559894229248,0.0054639456190639368,-0.053693675233878024,0.99612948713048177,312.19600067138674,1.1272783086993401,1
2020-10-23,324703.99733737268,1252.5348769837296,935.42559894229248,0.0033820403506759078,-0.050493229059418998,0.99614253323871982,312.2916506958008,1.1614256712713762,1
2020-10-26,318726.64260453178,1252.5348769837296,935.42559894229248,-0.018408626878191225,-0.06797234492398041,0.99607019084834447,312.36005081176756,0.93588340287312755,1
2020-10-27,317632.18209312286,1252.5348769837296,935.42559894229248,-0.0034338532306723568,-0.071172791098439214,0.99605664996308052,312.41140075683592,0.89245853698125288,1
2020-10-28,306818.66445310385,1252.5348769837296,935.42559894229248,-0.034044149962262682,-0.10279392388731379,0.99591767052628188,312.40745071411135,0.49288579469657401,1
2020-10-29,309924.28429285396,1252.5348769837296,935.42559894229248,0.01012200429620469,-0.093712400130320228,0.99595857781896113,312.41640075683591,0.60728134127256006,1
2020-10-30,306706.41794873856,1252.5348769837296,935.42559894229248,-0.010382749939900737,-0.10312215765339994,0.99591617650076991,312.39450073242188,0.4893058277168707,1
2020-11-02,310130.07906649821,1252.5348769837296,935.42559894229248,0.011162665394018223,-0.093110610399975924,0.995961259608375,312.38575073242185,0.6163318951022233,1
2020-11-03,315583.59774768533,1252.5348769837296,935.42559894229248,0.017584617066497943,-0.07716330776218927,0.99603105203843589,312.40940078735349,0.81672602425429763,1
2020-11-04,322608.65313075756,1252.5348769837296,935.42559894229248,0.0222605212476501,-0.056620481966518366,0.99611747898009395,312.47040084838869,1.0723360196358207,1
2020-11-05,328875.98751551664,1252.5348769837296,935.42559894229248,0.019427049844874533,-0.038293401047048148,0.99619146753022025,312.56300079345704,1.296319437717854,1
2020-11-06,328801.16602824774,1252.5348769837296,935.42559894229248,-0.00022750668978344102,-0.038512195731918775,0.9961906008664333,312.6699508666992,1.2855253509512325,1
2020-11-09,332917.03295420908,1252.5348769837296,935.42559894229248,0.01251779905673378,-0.026476484602590888,0.99623769662408346,312.8252508544922,1.4242560211572375,1
2020-11-10,332430.62191965163,1252.5348769837296,935.42559894229248,-0.0014610578204460323,-0.027898858748150346,0.99623219163821053,312.96100082397459,1.3958069026683573,1
2020-11-11,334890.79581237765,1252.5348769837296,935.42559894229248,0.0074005633973173168,-0.020704762623711459,0.99625987070219313,313.11125091552736,1.4727744515687877,1
2020-11-12,331654.20268625219,1252.5348769837296,935.42559894229248,-0.0096646225175407441,-0.030169281426178807,0.99622337100860248,313.23890090942382,1.346124666717923,1
2020-11-13,336228.44756760343,1252.5348769837296,935.42559894229248,0.013792211418706346,-0.016793171115252914,0.99627475043814695,313.42075088500974,1.4965004898755898,1
2020-11-16,340409.80113675242,1252.5348769837296,935.42559894229248,0.012436049356913115,-0.004565962463188189,0.99632050877265854,313.61300094604491,1.6293322871177214,1
2020-11-17,338585.70980004541,1252.5348769837296,935.42559894229248,-0.0053585159141003036,-0.0099000115947662781,0.99630068593939358,313.7708009338379,1.5507627517327973,1
2020-11-18,334525.96612626675,1252.5348769837296,935.42559894229248,-0.011990298338864225,-0.021771605841051089,0.99625579176562051,313.88790100097657,1.3977256331105601,1
2020-11-19,335929.10452468018,1252.5348769837296,935.42559894229248,0.0041944080295512887,-0.017668516809855705,0.99627143090576809,314.00690093994143,1.4373336894628461,1
2020-11-20,333637.30038850207,1252.5348769837296,935.42559894229248,-0.0068222851348973546,-0.024370262285165478,0.99624581881125041,314.12255081176755,1.3481041720821236,1
2020-11-23,335629.76148175693,1252.5348769837296,935.42559894229248,0.0059719374630315958,-0.018543862504458497,0.99626810545210898,314.23645080566405,1.408595744103551,1
2020-11-24,341017.82206668018,1252.5348769837296,935.42559894229248,0.016053584047897695,-0.0027879739118487068,0.99632706915611347,314.37625076293943,1.5835585502211995,1
2020-11-25,340493.9860150264,1252.5348769837296,935.42559894229248,-0.0015360958218522125,-0.0043197871386235764,0.99632141850244471,314.50245071411132,1.5539900118270069,1
2020-11-27,341438.77500497369,1252.5348769837296,935.42559894229248,0.0027747596984153411,-0.0015570138114662235,0.99633159743803124,314.63550079345703,1.5744994146125431,1
2020-11-30,339932.72494627623,1252.5348769837296,935.42559894229248,-0.0044108934571813752,-0.0059610394466138583,0.99631534481659079,314.75780075073243,1.5121901213139008,1
2020-12-01,343637.00232494908,1252.5348769837296,935.42559894229248,0.010897089649895442,0,0.99635506401083285,314.90425064086912,1.6252389019026032,1
2020-12-02,344357.29830616585,1252.5348769837296,935.42559894229248,0.0020960955203992437,0,0.99636268816387885,315.04650070190428,1.6363771487110459,1
2020-12-03,344263.75003688684,1252.5348769837296,935.42559894229248,-0.0002716604809572809,-0.0002716604809572809,0.99636169978149158,315.1952006530762,1.6196958023932371,1
2020-12-04,347219.69835517538,1252.5348769837296,935.42559894229248,0.0085862897791935122,0,0.99639267333357773,315.37705062866212,1.7022644723548228,1
2020-12-07,346508.76576496358,1252.5348769837296,935.42559894229248,-0.0020475007425545533,-0.0020475007425545533,0.9963852721756733,315.6104005432129,1.6598156357479812,1
2020-12-08,347519.04139809863,1252.5348769837296,935.42559894229248,0.0029155846343591474,0,0.99639578058242595,315.89800064086916,1.6725635976940254,1
2020-12-09,344413.42155834846,1252.5348769837296,935.42559894229248,-0.0089365458285566302,-0.0089365458285566302,0.99636328087530257,316.17475067138673,1.5523057330010457,1
2020-12-10,344301.17505398323,1252.5348769837296,935.42559894229248,-0.00032590630137863119,-0.0092595396533371455,0.9963620952592237,316.52085067749022,1.5302100367353633,1
2020-12-11,343898.92035077594,1252.5348769837296,935.42559894229248,-0.001168322191012594,-0.01041704371869423,0.9963578400429226,316.87105056762698,1.4993355827792028,1
2020-12-14,342364.83721291093,1252.5348769837296,935.42559894229248,-0.0044608547659883424,-0.014831429565562493,0.996341520095404,317.14890060424807,1.4338979820962316,1
2020-12-15,346976.47856443474,1252.5348769837296,935.42559894229248,0.013469962012062409,-0.0015612463463329229,0.99639014470904219,317.49565063476564,1.5635576957703248,1
2020-12-16,347519.04139809863,1252.5348769837296,935.42559894229248,0.0015636876479601103,0,0.99639578058242595,317.78220077514646,1.562763589812421,1
2020-12-17,349455.35069224704,1252.5348769837296,935.42559894229248,0.0055718077673052591,0,0.99641575132702209,318.13110076904297,1.6044726023168703,1
2020-12-18,348070.92308956641,2730.5073233125518,935.42559894229248,-0.0039616723565347733,-0.0039616723565347733,0.99215531335086571,318.4897007751465,1.4960384986742954,1
2020-12-21,346836.15444770089,2730.5073233125518,935.42559894229248,-0.0035474627725446961,-0.0074950812438776548,0.99212738554416102,318.95785064697264,1.4418998875853872,1
2020-12-22,346256.19514386443,2730.5073233125518,935.42559894229248,-0.0016721420082631555,-0.009154690411937616,0.99211419936565148,319.35195053100585,1.4078205808183919,1
2020-12-23,346564.90157779271,2730.5073233125518,935.42559894229248,0.00089155497651094429,-0.0082712973452218064,0.99212122372784584,319.81800064086912,1.4030417932330517,1
2020-12-24,347902.5533330185,2730.5073233125518,935.42559894229248,0.0038597438723191324,-0.0044434785621469963,0.99215151686254255,320.42245063781741,1.4359901685788037,1
2020-12-28,350867.86504231201,2730.5073233125518,935.42559894229248,0.0085233973734450963,0,0.99221784724291207,320.93670066833494,1.5144520705596352,1
2020-12-29,350203.69231327786,2730.5073233125518,935.42559894229248,-0.001892942600924874,-0.001892942600924874,0.99220308813628966,321.59475059509276,1.4874237336024334,1
2020-12-30,350699.46673884033,2730.5073233125518,935.42559894229248,0.0014156744673010646,-0.00047994792413197374,0.99221411042137131,322.19070053100586,1.4929945364952761,1
2020-12-31,352467.43482336472,2730.5073233125518,935.42559894229248,0.0050412625401594635,0,0.99225316425422128,322.86010055541993,1.5441370885293846,1
